2022-07-24 20:03:24,136:INFO:PyCaret Supervised Module
2022-07-24 20:03:24,137:INFO:ML Usecase: classification
2022-07-24 20:03:24,137:INFO:version 2.3.10
2022-07-24 20:03:24,137:INFO:Initializing setup()
2022-07-24 20:03:24,137:INFO:setup(target=voted, ml_usecase=classification, available_plots={'parameter': 'Hyperparameters', 'auc': 'AUC', 'confusion_matrix': 'Confusion Matrix', 'threshold': 'Threshold', 'pr': 'Precision Recall', 'error': 'Prediction Error', 'class_report': 'Class Report', 'rfe': 'Feature Selection', 'learning': 'Learning Curve', 'manifold': 'Manifold Learning', 'calibration': 'Calibration Curve', 'vc': 'Validation Curve', 'dimension': 'Dimensions', 'feature': 'Feature Importance', 'feature_all': 'Feature Importance (All)', 'boundary': 'Decision Boundary', 'lift': 'Lift Chart', 'gain': 'Gain Chart', 'tree': 'Decision Tree', 'ks': 'KS Statistic Plot'}, train_size=0.7, test_data=None, preprocess=True, imputation_type=simple, iterative_imputation_iters=5, categorical_features=None, categorical_imputation=constant, categorical_iterative_imputer=lightgbm, ordinal_features=None, high_cardinality_features=None, high_cardinality_method=frequency, numeric_features=None, numeric_imputation=mean, numeric_iterative_imputer=lightgbm, date_features=None, ignore_features=None, normalize=False, normalize_method=zscore, transformation=False, transformation_method=yeo-johnson, handle_unknown_categorical=True, unknown_categorical_method=least_frequent, pca=False, pca_method=linear, pca_components=None, ignore_low_variance=False, combine_rare_levels=False, rare_level_threshold=0.1, bin_numeric_features=None, remove_outliers=False, outliers_threshold=0.05, remove_multicollinearity=False, multicollinearity_threshold=0.9, remove_perfect_collinearity=True, create_clusters=False, cluster_iter=20, polynomial_features=False, polynomial_degree=2, trigonometry_features=False, polynomial_threshold=0.1, group_features=None, group_names=None, feature_selection=False, feature_selection_threshold=0.8, feature_selection_method=classic, feature_interaction=False, feature_ratio=False, interaction_threshold=0.01, fix_imbalance=False, fix_imbalance_method=None, transform_target=False, transform_target_method=box-cox, data_split_shuffle=True, data_split_stratify=False, fold_strategy=stratifiedkfold, fold=10, fold_shuffle=False, fold_groups=None, n_jobs=-1, use_gpu=False, custom_pipeline=None, html=True, session_id=None, log_experiment=False, experiment_name=None, experiment_custom_tags=None, log_plots=False, log_profile=False, log_data=False, silent=False, verbose=True, profile=False, profile_kwargs=None, display=None)
2022-07-24 20:03:24,137:INFO:Checking environment
2022-07-24 20:03:24,137:INFO:python_version: 3.9.12
2022-07-24 20:03:24,137:INFO:python_build: ('main', 'Jun  1 2022 11:38:51')
2022-07-24 20:03:24,137:INFO:machine: x86_64
2022-07-24 20:03:24,137:INFO:platform: Linux-5.15.0-41-generic-x86_64-with-glibc2.35
2022-07-24 20:03:24,137:INFO:Memory: svmem(total=134934683648, available=115127443456, percent=14.7, used=18377400320, free=95206498304, active=4326084608, inactive=32354324480, buffers=549900288, cached=20800884736, shared=172371968, slab=2020741120)
2022-07-24 20:03:24,140:INFO:Physical Core: 64
2022-07-24 20:03:24,140:INFO:Logical Core: 128
2022-07-24 20:03:24,140:INFO:Checking libraries
2022-07-24 20:03:24,140:INFO:pd==1.4.3
2022-07-24 20:03:24,140:INFO:numpy==1.19.5
2022-07-24 20:03:24,140:INFO:sklearn==0.23.2
2022-07-24 20:03:24,140:INFO:lightgbm==3.3.2
2022-07-24 20:03:24,140:WARNING:catboost not found
2022-07-24 20:03:24,140:WARNING:xgboost not found
2022-07-24 20:03:24,140:INFO:mlflow==1.27.0
2022-07-24 20:03:24,140:INFO:Checking Exceptions
2022-07-24 20:04:10,679:INFO:PyCaret Supervised Module
2022-07-24 20:04:10,679:INFO:ML Usecase: classification
2022-07-24 20:04:10,680:INFO:version 2.3.10
2022-07-24 20:04:10,680:INFO:Initializing setup()
2022-07-24 20:04:10,680:INFO:setup(target=voted, ml_usecase=classification, available_plots={'parameter': 'Hyperparameters', 'auc': 'AUC', 'confusion_matrix': 'Confusion Matrix', 'threshold': 'Threshold', 'pr': 'Precision Recall', 'error': 'Prediction Error', 'class_report': 'Class Report', 'rfe': 'Feature Selection', 'learning': 'Learning Curve', 'manifold': 'Manifold Learning', 'calibration': 'Calibration Curve', 'vc': 'Validation Curve', 'dimension': 'Dimensions', 'feature': 'Feature Importance', 'feature_all': 'Feature Importance (All)', 'boundary': 'Decision Boundary', 'lift': 'Lift Chart', 'gain': 'Gain Chart', 'tree': 'Decision Tree', 'ks': 'KS Statistic Plot'}, train_size=0.7, test_data=None, preprocess=True, imputation_type=simple, iterative_imputation_iters=5, categorical_features=None, categorical_imputation=constant, categorical_iterative_imputer=lightgbm, ordinal_features=None, high_cardinality_features=None, high_cardinality_method=frequency, numeric_features=None, numeric_imputation=mean, numeric_iterative_imputer=lightgbm, date_features=None, ignore_features=None, normalize=False, normalize_method=zscore, transformation=False, transformation_method=yeo-johnson, handle_unknown_categorical=True, unknown_categorical_method=least_frequent, pca=False, pca_method=linear, pca_components=None, ignore_low_variance=False, combine_rare_levels=False, rare_level_threshold=0.1, bin_numeric_features=None, remove_outliers=False, outliers_threshold=0.05, remove_multicollinearity=False, multicollinearity_threshold=0.9, remove_perfect_collinearity=True, create_clusters=False, cluster_iter=20, polynomial_features=False, polynomial_degree=2, trigonometry_features=False, polynomial_threshold=0.1, group_features=None, group_names=None, feature_selection=False, feature_selection_threshold=0.8, feature_selection_method=classic, feature_interaction=False, feature_ratio=False, interaction_threshold=0.01, fix_imbalance=False, fix_imbalance_method=None, transform_target=False, transform_target_method=box-cox, data_split_shuffle=True, data_split_stratify=False, fold_strategy=stratifiedkfold, fold=10, fold_shuffle=False, fold_groups=None, n_jobs=-1, use_gpu=False, custom_pipeline=None, html=True, session_id=None, log_experiment=False, experiment_name=None, experiment_custom_tags=None, log_plots=False, log_profile=False, log_data=False, silent=False, verbose=True, profile=False, profile_kwargs=None, display=None)
2022-07-24 20:04:10,680:INFO:Checking environment
2022-07-24 20:04:10,680:INFO:python_version: 3.9.12
2022-07-24 20:04:10,680:INFO:python_build: ('main', 'Jun  1 2022 11:38:51')
2022-07-24 20:04:10,680:INFO:machine: x86_64
2022-07-24 20:04:10,680:INFO:platform: Linux-5.15.0-41-generic-x86_64-with-glibc2.35
2022-07-24 20:04:10,680:INFO:Memory: svmem(total=134934683648, available=115660959744, percent=14.3, used=17844400128, free=95739121664, active=4326592512, inactive=31843635200, buffers=549986304, cached=20801175552, shared=172371968, slab=2020446208)
2022-07-24 20:04:10,683:INFO:Physical Core: 64
2022-07-24 20:04:10,683:INFO:Logical Core: 128
2022-07-24 20:04:10,683:INFO:Checking libraries
2022-07-24 20:04:10,683:INFO:pd==1.4.3
2022-07-24 20:04:10,683:INFO:numpy==1.19.5
2022-07-24 20:04:10,683:INFO:sklearn==0.23.2
2022-07-24 20:04:10,683:INFO:lightgbm==3.3.2
2022-07-24 20:04:10,683:WARNING:catboost not found
2022-07-24 20:04:10,683:WARNING:xgboost not found
2022-07-24 20:04:10,683:INFO:mlflow==1.27.0
2022-07-24 20:04:10,683:INFO:Checking Exceptions
2022-07-24 20:04:10,683:INFO:Declaring global variables
2022-07-24 20:04:10,683:INFO:USI: c94b
2022-07-24 20:04:10,683:INFO:pycaret_globals: {'y_train', '_gpu_n_jobs_param', 'exp_name_log', 'fold_groups_param', 'display_container', '_all_models', 'log_plots_param', 'target_param', 'pycaret_globals', '_available_plots', 'fold_generator', 'prep_pipe', 'fold_param', 'transform_target_method_param', 'fold_groups_param_full', 'gpu_param', 'y', '_internal_pipeline', 'fold_shuffle_param', 'html_param', 'n_jobs_param', 'iterative_imputation_iters_param', 'data_before_preprocess', 'master_model_container', 'X_test', 'USI', '_all_metrics', 'stratify_param', 'imputation_classifier', 'X_train', 'create_model_container', 'dashboard_logger', 'transform_target_param', '_all_models_internal', 'experiment__', 'fix_imbalance_method_param', 'logging_param', 'imputation_regressor', 'fix_imbalance_param', '_ml_usecase', 'y_test', 'seed', 'X'}
2022-07-24 20:04:10,683:INFO:Preparing display monitor
2022-07-24 20:04:10,683:INFO:Preparing display monitor
2022-07-24 20:04:10,690:INFO:Importing libraries
2022-07-24 20:04:10,690:INFO:Copying data for preprocessing
2022-07-24 20:04:10,706:INFO:Declaring preprocessing parameters
2022-07-24 20:04:10,727:INFO:Creating preprocessing pipeline
2022-07-24 20:04:11,418:INFO:Preprocessing pipeline created successfully
2022-07-24 20:04:11,418:ERROR:(Process Exit): setup has been interupted with user command 'quit'. setup must rerun.
2022-07-24 20:04:11,419:INFO:Creating global containers
2022-07-24 20:04:11,419:INFO:Internal pipeline: Pipeline(memory=None, steps=[('empty_step', 'passthrough')], verbose=False)
2022-07-24 20:04:19,366:WARNING:Couldn't import xgboost.XGBClassifier
2022-07-24 20:04:19,366:WARNING:Couldn't import catboost.CatBoostClassifier
2022-07-24 20:04:19,439:WARNING:Couldn't import xgboost.XGBClassifier
2022-07-24 20:04:19,439:WARNING:Couldn't import catboost.CatBoostClassifier
2022-07-24 20:04:19,439:INFO:Creating grid variables
2022-07-24 20:04:19,456:INFO:create_model_container: 0
2022-07-24 20:04:19,457:INFO:master_model_container: 0
2022-07-24 20:04:19,457:INFO:display_container: 1
2022-07-24 20:04:19,460:INFO:Pipeline(memory=None,
         steps=[('dtypes',
                 DataTypes_Auto_infer(categorical_features=[],
                                      display_types=True, features_todrop=[],
                                      id_columns=[],
                                      ml_usecase='classification',
                                      numerical_features=[], target='voted',
                                      time_features=[])),
                ('imputer',
                 Simple_Imputer(categorical_strategy='not_available',
                                fill_value_categorical=None,
                                fill_value_numerical=None,
                                numeric_strate...
                ('scaling', 'passthrough'), ('P_transform', 'passthrough'),
                ('binn', 'passthrough'), ('rem_outliers', 'passthrough'),
                ('cluster_all', 'passthrough'),
                ('dummy', Dummify(target='voted')),
                ('fix_perfect', Remove_100(target='voted')),
                ('clean_names', Clean_Colum_Names()),
                ('feature_select', 'passthrough'), ('fix_multi', 'passthrough'),
                ('dfs', 'passthrough'), ('pca', 'passthrough')],
         verbose=False)
2022-07-24 20:04:19,460:INFO:setup() succesfully completed......................................
2022-07-24 20:04:43,601:INFO:Initializing compare_models()
2022-07-24 20:04:43,601:INFO:compare_models(include=None, fold=None, round=4, cross_validation=True, sort=AUC, n_select=3, budget_time=None, turbo=True, errors=ignore, fit_kwargs=None, groups=None, experiment_custom_tags=None, probability_threshold=None, verbose=True, display=None, exclude=None)
2022-07-24 20:04:43,601:INFO:Checking exceptions
2022-07-24 20:04:43,602:INFO:Preparing display monitor
2022-07-24 20:04:43,602:INFO:Preparing display monitor
2022-07-24 20:04:43,625:INFO:Initializing Logistic Regression
2022-07-24 20:04:43,625:INFO:Total runtime is 3.24249267578125e-06 minutes
2022-07-24 20:04:43,632:INFO:SubProcess create_model() called ==================================
2022-07-24 20:04:43,633:INFO:Initializing create_model()
2022-07-24 20:04:43,633:INFO:create_model(estimator=lr, fold=StratifiedKFold(n_splits=10, random_state=None, shuffle=False), round=4, cross_validation=True, predict=True, fit_kwargs={}, groups=None, refit=False, verbose=False, system=False, metrics=None, experiment_custom_tags=None, add_to_model_list=True, probability_threshold=None, display=<pycaret.internal.Display.Display object at 0x7facf13194c0>, return_train_score=False, kwargs={})
2022-07-24 20:04:43,633:INFO:Checking exceptions
2022-07-24 20:04:43,633:INFO:Importing libraries
2022-07-24 20:04:43,633:INFO:Copying training dataset
2022-07-24 20:04:43,640:INFO:Defining folds
2022-07-24 20:04:43,640:INFO:Declaring metric variables
2022-07-24 20:04:43,647:INFO:Importing untrained model
2022-07-24 20:04:43,654:INFO:Logistic Regression Imported succesfully
2022-07-24 20:04:43,668:INFO:Starting cross validation
2022-07-24 20:04:43,668:INFO:Cross validating with StratifiedKFold(n_splits=10, random_state=None, shuffle=False), n_jobs=-1
2022-07-24 20:05:07,932:INFO:Calculating mean and std
2022-07-24 20:05:07,934:INFO:Creating metrics dataframe
2022-07-24 20:05:07,938:INFO:Uploading results into container
2022-07-24 20:05:07,938:INFO:Uploading model into container now
2022-07-24 20:05:07,939:INFO:create_model_container: 1
2022-07-24 20:05:07,939:INFO:master_model_container: 1
2022-07-24 20:05:07,939:INFO:display_container: 2
2022-07-24 20:05:07,939:INFO:LogisticRegression(C=1.0, class_weight=None, dual=False, fit_intercept=True,
                   intercept_scaling=1, l1_ratio=None, max_iter=1000,
                   multi_class='auto', n_jobs=None, penalty='l2',
                   random_state=8916, solver='lbfgs', tol=0.0001, verbose=0,
                   warm_start=False)
2022-07-24 20:05:07,939:INFO:create_model() succesfully completed......................................
2022-07-24 20:05:08,075:INFO:SubProcess create_model() end ==================================
2022-07-24 20:05:08,075:INFO:Creating metrics dataframe
2022-07-24 20:05:08,082:INFO:Initializing K Neighbors Classifier
2022-07-24 20:05:08,082:INFO:Total runtime is 0.407609224319458 minutes
2022-07-24 20:05:08,086:INFO:SubProcess create_model() called ==================================
2022-07-24 20:05:08,086:INFO:Initializing create_model()
2022-07-24 20:05:08,086:INFO:create_model(estimator=knn, fold=StratifiedKFold(n_splits=10, random_state=None, shuffle=False), round=4, cross_validation=True, predict=True, fit_kwargs={}, groups=None, refit=False, verbose=False, system=False, metrics=None, experiment_custom_tags=None, add_to_model_list=True, probability_threshold=None, display=<pycaret.internal.Display.Display object at 0x7facf13194c0>, return_train_score=False, kwargs={})
2022-07-24 20:05:08,086:INFO:Checking exceptions
2022-07-24 20:05:08,086:INFO:Importing libraries
2022-07-24 20:05:08,086:INFO:Copying training dataset
2022-07-24 20:05:08,092:INFO:Defining folds
2022-07-24 20:05:08,092:INFO:Declaring metric variables
2022-07-24 20:05:08,097:INFO:Importing untrained model
2022-07-24 20:05:08,101:INFO:K Neighbors Classifier Imported succesfully
2022-07-24 20:05:08,110:INFO:Starting cross validation
2022-07-24 20:05:08,111:INFO:Cross validating with StratifiedKFold(n_splits=10, random_state=None, shuffle=False), n_jobs=-1
2022-07-24 20:06:57,953:INFO:Calculating mean and std
2022-07-24 20:06:57,957:INFO:Creating metrics dataframe
2022-07-24 20:06:57,976:INFO:Uploading results into container
2022-07-24 20:06:57,976:INFO:Uploading model into container now
2022-07-24 20:06:57,976:INFO:create_model_container: 2
2022-07-24 20:06:57,977:INFO:master_model_container: 2
2022-07-24 20:06:57,977:INFO:display_container: 2
2022-07-24 20:06:57,978:INFO:KNeighborsClassifier(algorithm='auto', leaf_size=30, metric='minkowski',
                     metric_params=None, n_jobs=-1, n_neighbors=5, p=2,
                     weights='uniform')
2022-07-24 20:06:57,978:INFO:create_model() succesfully completed......................................
2022-07-24 20:06:58,346:INFO:SubProcess create_model() end ==================================
2022-07-24 20:06:58,346:INFO:Creating metrics dataframe
2022-07-24 20:06:58,391:INFO:Initializing Naive Bayes
2022-07-24 20:06:58,391:INFO:Total runtime is 2.2460994203885396 minutes
2022-07-24 20:06:58,419:INFO:SubProcess create_model() called ==================================
2022-07-24 20:06:58,420:INFO:Initializing create_model()
2022-07-24 20:06:58,420:INFO:create_model(estimator=nb, fold=StratifiedKFold(n_splits=10, random_state=None, shuffle=False), round=4, cross_validation=True, predict=True, fit_kwargs={}, groups=None, refit=False, verbose=False, system=False, metrics=None, experiment_custom_tags=None, add_to_model_list=True, probability_threshold=None, display=<pycaret.internal.Display.Display object at 0x7facf13194c0>, return_train_score=False, kwargs={})
2022-07-24 20:06:58,420:INFO:Checking exceptions
2022-07-24 20:06:58,421:INFO:Importing libraries
2022-07-24 20:06:58,421:INFO:Copying training dataset
2022-07-24 20:06:58,442:INFO:Defining folds
2022-07-24 20:06:58,443:INFO:Declaring metric variables
2022-07-24 20:06:58,468:INFO:Importing untrained model
2022-07-24 20:06:58,494:INFO:Naive Bayes Imported succesfully
2022-07-24 20:06:58,546:INFO:Starting cross validation
2022-07-24 20:06:58,548:INFO:Cross validating with StratifiedKFold(n_splits=10, random_state=None, shuffle=False), n_jobs=-1
2022-07-24 20:07:05,487:INFO:Calculating mean and std
2022-07-24 20:07:05,490:INFO:Creating metrics dataframe
2022-07-24 20:07:05,509:INFO:Uploading results into container
2022-07-24 20:07:05,509:INFO:Uploading model into container now
2022-07-24 20:07:05,510:INFO:create_model_container: 3
2022-07-24 20:07:05,510:INFO:master_model_container: 3
2022-07-24 20:07:05,510:INFO:display_container: 2
2022-07-24 20:07:05,511:INFO:GaussianNB(priors=None, var_smoothing=1e-09)
2022-07-24 20:07:05,511:INFO:create_model() succesfully completed......................................
2022-07-24 20:07:05,883:INFO:SubProcess create_model() end ==================================
2022-07-24 20:07:05,884:INFO:Creating metrics dataframe
2022-07-24 20:07:05,930:INFO:Initializing Decision Tree Classifier
2022-07-24 20:07:05,930:INFO:Total runtime is 2.3717475374539694 minutes
2022-07-24 20:07:05,958:INFO:SubProcess create_model() called ==================================
2022-07-24 20:07:05,959:INFO:Initializing create_model()
2022-07-24 20:07:05,959:INFO:create_model(estimator=dt, fold=StratifiedKFold(n_splits=10, random_state=None, shuffle=False), round=4, cross_validation=True, predict=True, fit_kwargs={}, groups=None, refit=False, verbose=False, system=False, metrics=None, experiment_custom_tags=None, add_to_model_list=True, probability_threshold=None, display=<pycaret.internal.Display.Display object at 0x7facf13194c0>, return_train_score=False, kwargs={})
2022-07-24 20:07:05,960:INFO:Checking exceptions
2022-07-24 20:07:05,960:INFO:Importing libraries
2022-07-24 20:07:05,960:INFO:Copying training dataset
2022-07-24 20:07:05,982:INFO:Defining folds
2022-07-24 20:07:05,983:INFO:Declaring metric variables
2022-07-24 20:07:06,009:INFO:Importing untrained model
2022-07-24 20:07:06,035:INFO:Decision Tree Classifier Imported succesfully
2022-07-24 20:07:06,086:INFO:Starting cross validation
2022-07-24 20:07:06,088:INFO:Cross validating with StratifiedKFold(n_splits=10, random_state=None, shuffle=False), n_jobs=-1
2022-07-24 20:07:31,712:INFO:Calculating mean and std
2022-07-24 20:07:31,713:INFO:Creating metrics dataframe
2022-07-24 20:07:31,719:INFO:Uploading results into container
2022-07-24 20:07:31,719:INFO:Uploading model into container now
2022-07-24 20:07:31,719:INFO:create_model_container: 4
2022-07-24 20:07:31,719:INFO:master_model_container: 4
2022-07-24 20:07:31,719:INFO:display_container: 2
2022-07-24 20:07:31,720:INFO:DecisionTreeClassifier(ccp_alpha=0.0, class_weight=None, criterion='gini',
                       max_depth=None, max_features=None, max_leaf_nodes=None,
                       min_impurity_decrease=0.0, min_impurity_split=None,
                       min_samples_leaf=1, min_samples_split=2,
                       min_weight_fraction_leaf=0.0, presort='deprecated',
                       random_state=8916, splitter='best')
2022-07-24 20:07:31,720:INFO:create_model() succesfully completed......................................
2022-07-24 20:07:31,871:INFO:SubProcess create_model() end ==================================
2022-07-24 20:07:31,871:INFO:Creating metrics dataframe
2022-07-24 20:07:31,882:INFO:Initializing SVM - Linear Kernel
2022-07-24 20:07:31,882:INFO:Total runtime is 2.804288597901662 minutes
2022-07-24 20:07:31,889:INFO:SubProcess create_model() called ==================================
2022-07-24 20:07:31,889:INFO:Initializing create_model()
2022-07-24 20:07:31,889:INFO:create_model(estimator=svm, fold=StratifiedKFold(n_splits=10, random_state=None, shuffle=False), round=4, cross_validation=True, predict=True, fit_kwargs={}, groups=None, refit=False, verbose=False, system=False, metrics=None, experiment_custom_tags=None, add_to_model_list=True, probability_threshold=None, display=<pycaret.internal.Display.Display object at 0x7facf13194c0>, return_train_score=False, kwargs={})
2022-07-24 20:07:31,889:INFO:Checking exceptions
2022-07-24 20:07:31,889:INFO:Importing libraries
2022-07-24 20:07:31,889:INFO:Copying training dataset
2022-07-24 20:07:31,896:INFO:Defining folds
2022-07-24 20:07:31,896:INFO:Declaring metric variables
2022-07-24 20:07:31,902:INFO:Importing untrained model
2022-07-24 20:07:31,908:INFO:SVM - Linear Kernel Imported succesfully
2022-07-24 20:07:31,919:INFO:Starting cross validation
2022-07-24 20:07:31,919:INFO:Cross validating with StratifiedKFold(n_splits=10, random_state=None, shuffle=False), n_jobs=-1
2022-07-24 20:07:38,708:INFO:Calculating mean and std
2022-07-24 20:07:38,709:INFO:Creating metrics dataframe
2022-07-24 20:07:38,714:INFO:Uploading results into container
2022-07-24 20:07:38,714:INFO:Uploading model into container now
2022-07-24 20:07:38,714:INFO:create_model_container: 5
2022-07-24 20:07:38,714:INFO:master_model_container: 5
2022-07-24 20:07:38,714:INFO:display_container: 2
2022-07-24 20:07:38,715:INFO:SGDClassifier(alpha=0.0001, average=False, class_weight=None,
              early_stopping=False, epsilon=0.1, eta0=0.001, fit_intercept=True,
              l1_ratio=0.15, learning_rate='optimal', loss='hinge',
              max_iter=1000, n_iter_no_change=5, n_jobs=-1, penalty='l2',
              power_t=0.5, random_state=8916, shuffle=True, tol=0.001,
              validation_fraction=0.1, verbose=0, warm_start=False)
2022-07-24 20:07:38,715:INFO:create_model() succesfully completed......................................
2022-07-24 20:07:38,851:INFO:SubProcess create_model() end ==================================
2022-07-24 20:07:38,851:INFO:Creating metrics dataframe
2022-07-24 20:07:38,859:INFO:Initializing Ridge Classifier
2022-07-24 20:07:38,859:INFO:Total runtime is 2.9205722928047178 minutes
2022-07-24 20:07:38,864:INFO:SubProcess create_model() called ==================================
2022-07-24 20:07:38,864:INFO:Initializing create_model()
2022-07-24 20:07:38,865:INFO:create_model(estimator=ridge, fold=StratifiedKFold(n_splits=10, random_state=None, shuffle=False), round=4, cross_validation=True, predict=True, fit_kwargs={}, groups=None, refit=False, verbose=False, system=False, metrics=None, experiment_custom_tags=None, add_to_model_list=True, probability_threshold=None, display=<pycaret.internal.Display.Display object at 0x7facf13194c0>, return_train_score=False, kwargs={})
2022-07-24 20:07:38,865:INFO:Checking exceptions
2022-07-24 20:07:38,865:INFO:Importing libraries
2022-07-24 20:07:38,865:INFO:Copying training dataset
2022-07-24 20:07:38,871:INFO:Defining folds
2022-07-24 20:07:38,871:INFO:Declaring metric variables
2022-07-24 20:07:38,876:INFO:Importing untrained model
2022-07-24 20:07:38,880:INFO:Ridge Classifier Imported succesfully
2022-07-24 20:07:38,889:INFO:Starting cross validation
2022-07-24 20:07:38,890:INFO:Cross validating with StratifiedKFold(n_splits=10, random_state=None, shuffle=False), n_jobs=-1
2022-07-24 20:07:41,784:INFO:Calculating mean and std
2022-07-24 20:07:41,785:INFO:Creating metrics dataframe
2022-07-24 20:07:41,791:INFO:Uploading results into container
2022-07-24 20:07:41,791:INFO:Uploading model into container now
2022-07-24 20:07:41,791:INFO:create_model_container: 6
2022-07-24 20:07:41,791:INFO:master_model_container: 6
2022-07-24 20:07:41,791:INFO:display_container: 2
2022-07-24 20:07:41,792:INFO:RidgeClassifier(alpha=1.0, class_weight=None, copy_X=True, fit_intercept=True,
                max_iter=None, normalize=False, random_state=8916,
                solver='auto', tol=0.001)
2022-07-24 20:07:41,792:INFO:create_model() succesfully completed......................................
2022-07-24 20:07:41,936:INFO:SubProcess create_model() end ==================================
2022-07-24 20:07:41,936:INFO:Creating metrics dataframe
2022-07-24 20:07:41,945:INFO:Initializing Random Forest Classifier
2022-07-24 20:07:41,946:INFO:Total runtime is 2.9720083435376483 minutes
2022-07-24 20:07:41,951:INFO:SubProcess create_model() called ==================================
2022-07-24 20:07:41,951:INFO:Initializing create_model()
2022-07-24 20:07:41,951:INFO:create_model(estimator=rf, fold=StratifiedKFold(n_splits=10, random_state=None, shuffle=False), round=4, cross_validation=True, predict=True, fit_kwargs={}, groups=None, refit=False, verbose=False, system=False, metrics=None, experiment_custom_tags=None, add_to_model_list=True, probability_threshold=None, display=<pycaret.internal.Display.Display object at 0x7facf13194c0>, return_train_score=False, kwargs={})
2022-07-24 20:07:41,951:INFO:Checking exceptions
2022-07-24 20:07:41,951:INFO:Importing libraries
2022-07-24 20:07:41,951:INFO:Copying training dataset
2022-07-24 20:07:41,957:INFO:Defining folds
2022-07-24 20:07:41,958:INFO:Declaring metric variables
2022-07-24 20:07:41,963:INFO:Importing untrained model
2022-07-24 20:07:41,968:INFO:Random Forest Classifier Imported succesfully
2022-07-24 20:07:41,978:INFO:Starting cross validation
2022-07-24 20:07:41,978:INFO:Cross validating with StratifiedKFold(n_splits=10, random_state=None, shuffle=False), n_jobs=-1
2022-07-24 20:07:54,569:INFO:Calculating mean and std
2022-07-24 20:07:54,573:INFO:Creating metrics dataframe
2022-07-24 20:07:54,592:INFO:Uploading results into container
2022-07-24 20:07:54,592:INFO:Uploading model into container now
2022-07-24 20:07:54,593:INFO:create_model_container: 7
2022-07-24 20:07:54,593:INFO:master_model_container: 7
2022-07-24 20:07:54,593:INFO:display_container: 2
2022-07-24 20:07:54,595:INFO:RandomForestClassifier(bootstrap=True, ccp_alpha=0.0, class_weight=None,
                       criterion='gini', max_depth=None, max_features='auto',
                       max_leaf_nodes=None, max_samples=None,
                       min_impurity_decrease=0.0, min_impurity_split=None,
                       min_samples_leaf=1, min_samples_split=2,
                       min_weight_fraction_leaf=0.0, n_estimators=100,
                       n_jobs=-1, oob_score=False, random_state=8916, verbose=0,
                       warm_start=False)
2022-07-24 20:07:54,595:INFO:create_model() succesfully completed......................................
2022-07-24 20:07:54,967:INFO:SubProcess create_model() end ==================================
2022-07-24 20:07:54,967:INFO:Creating metrics dataframe
2022-07-24 20:07:55,018:INFO:Initializing Quadratic Discriminant Analysis
2022-07-24 20:07:55,019:INFO:Total runtime is 3.1898911317189533 minutes
2022-07-24 20:07:55,047:INFO:SubProcess create_model() called ==================================
2022-07-24 20:07:55,049:INFO:Initializing create_model()
2022-07-24 20:07:55,049:INFO:create_model(estimator=qda, fold=StratifiedKFold(n_splits=10, random_state=None, shuffle=False), round=4, cross_validation=True, predict=True, fit_kwargs={}, groups=None, refit=False, verbose=False, system=False, metrics=None, experiment_custom_tags=None, add_to_model_list=True, probability_threshold=None, display=<pycaret.internal.Display.Display object at 0x7facf13194c0>, return_train_score=False, kwargs={})
2022-07-24 20:07:55,049:INFO:Checking exceptions
2022-07-24 20:07:55,049:INFO:Importing libraries
2022-07-24 20:07:55,049:INFO:Copying training dataset
2022-07-24 20:07:55,071:INFO:Defining folds
2022-07-24 20:07:55,072:INFO:Declaring metric variables
2022-07-24 20:07:55,098:INFO:Importing untrained model
2022-07-24 20:07:55,125:INFO:Quadratic Discriminant Analysis Imported succesfully
2022-07-24 20:07:55,177:INFO:Starting cross validation
2022-07-24 20:07:55,179:INFO:Cross validating with StratifiedKFold(n_splits=10, random_state=None, shuffle=False), n_jobs=-1
2022-07-24 20:08:06,310:INFO:Calculating mean and std
2022-07-24 20:08:06,312:INFO:Creating metrics dataframe
2022-07-24 20:08:06,320:INFO:Uploading results into container
2022-07-24 20:08:06,320:INFO:Uploading model into container now
2022-07-24 20:08:06,320:INFO:create_model_container: 8
2022-07-24 20:08:06,320:INFO:master_model_container: 8
2022-07-24 20:08:06,320:INFO:display_container: 2
2022-07-24 20:08:06,321:INFO:QuadraticDiscriminantAnalysis(priors=None, reg_param=0.0,
                              store_covariance=False, tol=0.0001)
2022-07-24 20:08:06,321:INFO:create_model() succesfully completed......................................
2022-07-24 20:08:06,491:INFO:SubProcess create_model() end ==================================
2022-07-24 20:08:06,492:INFO:Creating metrics dataframe
2022-07-24 20:08:06,505:INFO:Initializing Ada Boost Classifier
2022-07-24 20:08:06,505:INFO:Total runtime is 3.3813346584637958 minutes
2022-07-24 20:08:06,512:INFO:SubProcess create_model() called ==================================
2022-07-24 20:08:06,512:INFO:Initializing create_model()
2022-07-24 20:08:06,513:INFO:create_model(estimator=ada, fold=StratifiedKFold(n_splits=10, random_state=None, shuffle=False), round=4, cross_validation=True, predict=True, fit_kwargs={}, groups=None, refit=False, verbose=False, system=False, metrics=None, experiment_custom_tags=None, add_to_model_list=True, probability_threshold=None, display=<pycaret.internal.Display.Display object at 0x7facf13194c0>, return_train_score=False, kwargs={})
2022-07-24 20:08:06,513:INFO:Checking exceptions
2022-07-24 20:08:06,513:INFO:Importing libraries
2022-07-24 20:08:06,513:INFO:Copying training dataset
2022-07-24 20:08:06,520:INFO:Defining folds
2022-07-24 20:08:06,520:INFO:Declaring metric variables
2022-07-24 20:08:06,527:INFO:Importing untrained model
2022-07-24 20:08:06,533:INFO:Ada Boost Classifier Imported succesfully
2022-07-24 20:08:06,545:INFO:Starting cross validation
2022-07-24 20:08:06,546:INFO:Cross validating with StratifiedKFold(n_splits=10, random_state=None, shuffle=False), n_jobs=-1
2022-07-24 20:08:27,465:INFO:Calculating mean and std
2022-07-24 20:08:27,466:INFO:Creating metrics dataframe
2022-07-24 20:08:27,471:INFO:Uploading results into container
2022-07-24 20:08:27,471:INFO:Uploading model into container now
2022-07-24 20:08:27,471:INFO:create_model_container: 9
2022-07-24 20:08:27,471:INFO:master_model_container: 9
2022-07-24 20:08:27,471:INFO:display_container: 2
2022-07-24 20:08:27,471:INFO:AdaBoostClassifier(algorithm='SAMME.R', base_estimator=None, learning_rate=1.0,
                   n_estimators=50, random_state=8916)
2022-07-24 20:08:27,471:INFO:create_model() succesfully completed......................................
2022-07-24 20:08:27,601:INFO:SubProcess create_model() end ==================================
2022-07-24 20:08:27,601:INFO:Creating metrics dataframe
2022-07-24 20:08:27,610:INFO:Initializing Gradient Boosting Classifier
2022-07-24 20:08:27,610:INFO:Total runtime is 3.733077025413513 minutes
2022-07-24 20:08:27,614:INFO:SubProcess create_model() called ==================================
2022-07-24 20:08:27,614:INFO:Initializing create_model()
2022-07-24 20:08:27,614:INFO:create_model(estimator=gbc, fold=StratifiedKFold(n_splits=10, random_state=None, shuffle=False), round=4, cross_validation=True, predict=True, fit_kwargs={}, groups=None, refit=False, verbose=False, system=False, metrics=None, experiment_custom_tags=None, add_to_model_list=True, probability_threshold=None, display=<pycaret.internal.Display.Display object at 0x7facf13194c0>, return_train_score=False, kwargs={})
2022-07-24 20:08:27,614:INFO:Checking exceptions
2022-07-24 20:08:27,614:INFO:Importing libraries
2022-07-24 20:08:27,614:INFO:Copying training dataset
2022-07-24 20:08:27,620:INFO:Defining folds
2022-07-24 20:08:27,620:INFO:Declaring metric variables
2022-07-24 20:08:27,624:INFO:Importing untrained model
2022-07-24 20:08:27,628:INFO:Gradient Boosting Classifier Imported succesfully
2022-07-24 20:08:27,636:INFO:Starting cross validation
2022-07-24 20:08:27,637:INFO:Cross validating with StratifiedKFold(n_splits=10, random_state=None, shuffle=False), n_jobs=-1
2022-07-24 20:09:41,615:INFO:Calculating mean and std
2022-07-24 20:09:41,617:INFO:Creating metrics dataframe
2022-07-24 20:09:41,622:INFO:Uploading results into container
2022-07-24 20:09:41,622:INFO:Uploading model into container now
2022-07-24 20:09:41,622:INFO:create_model_container: 10
2022-07-24 20:09:41,622:INFO:master_model_container: 10
2022-07-24 20:09:41,622:INFO:display_container: 2
2022-07-24 20:09:41,623:INFO:GradientBoostingClassifier(ccp_alpha=0.0, criterion='friedman_mse', init=None,
                           learning_rate=0.1, loss='deviance', max_depth=3,
                           max_features=None, max_leaf_nodes=None,
                           min_impurity_decrease=0.0, min_impurity_split=None,
                           min_samples_leaf=1, min_samples_split=2,
                           min_weight_fraction_leaf=0.0, n_estimators=100,
                           n_iter_no_change=None, presort='deprecated',
                           random_state=8916, subsample=1.0, tol=0.0001,
                           validation_fraction=0.1, verbose=0,
                           warm_start=False)
2022-07-24 20:09:41,623:INFO:create_model() succesfully completed......................................
2022-07-24 20:09:41,754:INFO:SubProcess create_model() end ==================================
2022-07-24 20:09:41,754:INFO:Creating metrics dataframe
2022-07-24 20:09:41,763:INFO:Initializing Linear Discriminant Analysis
2022-07-24 20:09:41,763:INFO:Total runtime is 4.968959629535675 minutes
2022-07-24 20:09:41,767:INFO:SubProcess create_model() called ==================================
2022-07-24 20:09:41,767:INFO:Initializing create_model()
2022-07-24 20:09:41,767:INFO:create_model(estimator=lda, fold=StratifiedKFold(n_splits=10, random_state=None, shuffle=False), round=4, cross_validation=True, predict=True, fit_kwargs={}, groups=None, refit=False, verbose=False, system=False, metrics=None, experiment_custom_tags=None, add_to_model_list=True, probability_threshold=None, display=<pycaret.internal.Display.Display object at 0x7facf13194c0>, return_train_score=False, kwargs={})
2022-07-24 20:09:41,767:INFO:Checking exceptions
2022-07-24 20:09:41,767:INFO:Importing libraries
2022-07-24 20:09:41,767:INFO:Copying training dataset
2022-07-24 20:09:41,773:INFO:Defining folds
2022-07-24 20:09:41,773:INFO:Declaring metric variables
2022-07-24 20:09:41,777:INFO:Importing untrained model
2022-07-24 20:09:41,781:INFO:Linear Discriminant Analysis Imported succesfully
2022-07-24 20:09:41,789:INFO:Starting cross validation
2022-07-24 20:09:41,790:INFO:Cross validating with StratifiedKFold(n_splits=10, random_state=None, shuffle=False), n_jobs=-1
2022-07-24 20:09:45,870:INFO:Calculating mean and std
2022-07-24 20:09:45,872:INFO:Creating metrics dataframe
2022-07-24 20:09:45,877:INFO:Uploading results into container
2022-07-24 20:09:45,877:INFO:Uploading model into container now
2022-07-24 20:09:45,877:INFO:create_model_container: 11
2022-07-24 20:09:45,877:INFO:master_model_container: 11
2022-07-24 20:09:45,877:INFO:display_container: 2
2022-07-24 20:09:45,877:INFO:LinearDiscriminantAnalysis(n_components=None, priors=None, shrinkage=None,
                           solver='svd', store_covariance=False, tol=0.0001)
2022-07-24 20:09:45,877:INFO:create_model() succesfully completed......................................
2022-07-24 20:09:46,009:INFO:SubProcess create_model() end ==================================
2022-07-24 20:09:46,010:INFO:Creating metrics dataframe
2022-07-24 20:09:46,018:INFO:Initializing Extra Trees Classifier
2022-07-24 20:09:46,018:INFO:Total runtime is 5.039885036150614 minutes
2022-07-24 20:09:46,022:INFO:SubProcess create_model() called ==================================
2022-07-24 20:09:46,023:INFO:Initializing create_model()
2022-07-24 20:09:46,023:INFO:create_model(estimator=et, fold=StratifiedKFold(n_splits=10, random_state=None, shuffle=False), round=4, cross_validation=True, predict=True, fit_kwargs={}, groups=None, refit=False, verbose=False, system=False, metrics=None, experiment_custom_tags=None, add_to_model_list=True, probability_threshold=None, display=<pycaret.internal.Display.Display object at 0x7facf13194c0>, return_train_score=False, kwargs={})
2022-07-24 20:09:46,023:INFO:Checking exceptions
2022-07-24 20:09:46,023:INFO:Importing libraries
2022-07-24 20:09:46,023:INFO:Copying training dataset
2022-07-24 20:09:46,029:INFO:Defining folds
2022-07-24 20:09:46,029:INFO:Declaring metric variables
2022-07-24 20:09:46,033:INFO:Importing untrained model
2022-07-24 20:09:46,037:INFO:Extra Trees Classifier Imported succesfully
2022-07-24 20:09:46,045:INFO:Starting cross validation
2022-07-24 20:09:46,045:INFO:Cross validating with StratifiedKFold(n_splits=10, random_state=None, shuffle=False), n_jobs=-1
2022-07-24 20:10:00,772:INFO:Calculating mean and std
2022-07-24 20:10:00,777:INFO:Creating metrics dataframe
2022-07-24 20:10:00,799:INFO:Uploading results into container
2022-07-24 20:10:00,800:INFO:Uploading model into container now
2022-07-24 20:10:00,800:INFO:create_model_container: 12
2022-07-24 20:10:00,800:INFO:master_model_container: 12
2022-07-24 20:10:00,800:INFO:display_container: 2
2022-07-24 20:10:00,802:INFO:ExtraTreesClassifier(bootstrap=False, ccp_alpha=0.0, class_weight=None,
                     criterion='gini', max_depth=None, max_features='auto',
                     max_leaf_nodes=None, max_samples=None,
                     min_impurity_decrease=0.0, min_impurity_split=None,
                     min_samples_leaf=1, min_samples_split=2,
                     min_weight_fraction_leaf=0.0, n_estimators=100, n_jobs=-1,
                     oob_score=False, random_state=8916, verbose=0,
                     warm_start=False)
2022-07-24 20:10:00,803:INFO:create_model() succesfully completed......................................
2022-07-24 20:10:01,222:INFO:SubProcess create_model() end ==================================
2022-07-24 20:10:01,222:INFO:Creating metrics dataframe
2022-07-24 20:10:01,281:INFO:Initializing Light Gradient Boosting Machine
2022-07-24 20:10:01,281:INFO:Total runtime is 5.2942715048789974 minutes
2022-07-24 20:10:01,310:INFO:SubProcess create_model() called ==================================
2022-07-24 20:10:01,311:INFO:Initializing create_model()
2022-07-24 20:10:01,311:INFO:create_model(estimator=lightgbm, fold=StratifiedKFold(n_splits=10, random_state=None, shuffle=False), round=4, cross_validation=True, predict=True, fit_kwargs={}, groups=None, refit=False, verbose=False, system=False, metrics=None, experiment_custom_tags=None, add_to_model_list=True, probability_threshold=None, display=<pycaret.internal.Display.Display object at 0x7facf13194c0>, return_train_score=False, kwargs={})
2022-07-24 20:10:01,311:INFO:Checking exceptions
2022-07-24 20:10:01,311:INFO:Importing libraries
2022-07-24 20:10:01,312:INFO:Copying training dataset
2022-07-24 20:10:01,334:INFO:Defining folds
2022-07-24 20:10:01,334:INFO:Declaring metric variables
2022-07-24 20:10:01,360:INFO:Importing untrained model
2022-07-24 20:10:01,387:INFO:Light Gradient Boosting Machine Imported succesfully
2022-07-24 20:10:01,439:INFO:Starting cross validation
2022-07-24 20:10:01,441:INFO:Cross validating with StratifiedKFold(n_splits=10, random_state=None, shuffle=False), n_jobs=-1
2022-07-24 20:10:10,984:INFO:Calculating mean and std
2022-07-24 20:10:10,985:INFO:Creating metrics dataframe
2022-07-24 20:10:10,989:INFO:Uploading results into container
2022-07-24 20:10:10,989:INFO:Uploading model into container now
2022-07-24 20:10:10,989:INFO:create_model_container: 13
2022-07-24 20:10:10,989:INFO:master_model_container: 13
2022-07-24 20:10:10,989:INFO:display_container: 2
2022-07-24 20:10:10,990:INFO:LGBMClassifier(boosting_type='gbdt', class_weight=None, colsample_bytree=1.0,
               importance_type='split', learning_rate=0.1, max_depth=-1,
               min_child_samples=20, min_child_weight=0.001, min_split_gain=0.0,
               n_estimators=100, n_jobs=-1, num_leaves=31, objective=None,
               random_state=8916, reg_alpha=0.0, reg_lambda=0.0, silent='warn',
               subsample=1.0, subsample_for_bin=200000, subsample_freq=0)
2022-07-24 20:10:10,990:INFO:create_model() succesfully completed......................................
2022-07-24 20:10:11,120:INFO:SubProcess create_model() end ==================================
2022-07-24 20:10:11,120:INFO:Creating metrics dataframe
2022-07-24 20:10:11,128:INFO:Initializing Dummy Classifier
2022-07-24 20:10:11,129:INFO:Total runtime is 5.458390573660532 minutes
2022-07-24 20:10:11,132:INFO:SubProcess create_model() called ==================================
2022-07-24 20:10:11,132:INFO:Initializing create_model()
2022-07-24 20:10:11,133:INFO:create_model(estimator=dummy, fold=StratifiedKFold(n_splits=10, random_state=None, shuffle=False), round=4, cross_validation=True, predict=True, fit_kwargs={}, groups=None, refit=False, verbose=False, system=False, metrics=None, experiment_custom_tags=None, add_to_model_list=True, probability_threshold=None, display=<pycaret.internal.Display.Display object at 0x7facf13194c0>, return_train_score=False, kwargs={})
2022-07-24 20:10:11,133:INFO:Checking exceptions
2022-07-24 20:10:11,133:INFO:Importing libraries
2022-07-24 20:10:11,133:INFO:Copying training dataset
2022-07-24 20:10:11,138:INFO:Defining folds
2022-07-24 20:10:11,138:INFO:Declaring metric variables
2022-07-24 20:10:11,142:INFO:Importing untrained model
2022-07-24 20:10:11,146:INFO:Dummy Classifier Imported succesfully
2022-07-24 20:10:11,153:INFO:Starting cross validation
2022-07-24 20:10:11,153:INFO:Cross validating with StratifiedKFold(n_splits=10, random_state=None, shuffle=False), n_jobs=-1
2022-07-24 20:10:11,349:INFO:Calculating mean and std
2022-07-24 20:10:11,350:INFO:Creating metrics dataframe
2022-07-24 20:10:11,354:INFO:Uploading results into container
2022-07-24 20:10:11,355:INFO:Uploading model into container now
2022-07-24 20:10:11,355:INFO:create_model_container: 14
2022-07-24 20:10:11,355:INFO:master_model_container: 14
2022-07-24 20:10:11,355:INFO:display_container: 2
2022-07-24 20:10:11,355:INFO:DummyClassifier(constant=None, random_state=8916, strategy='prior')
2022-07-24 20:10:11,355:INFO:create_model() succesfully completed......................................
2022-07-24 20:10:11,491:INFO:SubProcess create_model() end ==================================
2022-07-24 20:10:11,491:INFO:Creating metrics dataframe
2022-07-24 20:10:11,512:INFO:Initializing create_model()
2022-07-24 20:10:11,512:INFO:create_model(estimator=GradientBoostingClassifier(ccp_alpha=0.0, criterion='friedman_mse', init=None,
                           learning_rate=0.1, loss='deviance', max_depth=3,
                           max_features=None, max_leaf_nodes=None,
                           min_impurity_decrease=0.0, min_impurity_split=None,
                           min_samples_leaf=1, min_samples_split=2,
                           min_weight_fraction_leaf=0.0, n_estimators=100,
                           n_iter_no_change=None, presort='deprecated',
                           random_state=8916, subsample=1.0, tol=0.0001,
                           validation_fraction=0.1, verbose=0,
                           warm_start=False), fold=StratifiedKFold(n_splits=10, random_state=None, shuffle=False), round=4, cross_validation=False, predict=False, fit_kwargs={}, groups=None, refit=True, verbose=False, system=False, metrics=None, experiment_custom_tags=None, add_to_model_list=True, probability_threshold=None, display=None, return_train_score=False, kwargs={})
2022-07-24 20:10:11,512:INFO:Checking exceptions
2022-07-24 20:10:11,512:INFO:Importing libraries
2022-07-24 20:10:11,512:INFO:Copying training dataset
2022-07-24 20:10:11,518:INFO:Defining folds
2022-07-24 20:10:11,518:INFO:Declaring metric variables
2022-07-24 20:10:11,518:INFO:Importing untrained model
2022-07-24 20:10:11,518:INFO:Declaring custom model
2022-07-24 20:10:11,519:INFO:Gradient Boosting Classifier Imported succesfully
2022-07-24 20:10:11,519:INFO:Cross validation set to False
2022-07-24 20:10:11,519:INFO:Fitting Model
2022-07-24 20:11:00,903:INFO:GradientBoostingClassifier(ccp_alpha=0.0, criterion='friedman_mse', init=None,
                           learning_rate=0.1, loss='deviance', max_depth=3,
                           max_features=None, max_leaf_nodes=None,
                           min_impurity_decrease=0.0, min_impurity_split=None,
                           min_samples_leaf=1, min_samples_split=2,
                           min_weight_fraction_leaf=0.0, n_estimators=100,
                           n_iter_no_change=None, presort='deprecated',
                           random_state=8916, subsample=1.0, tol=0.0001,
                           validation_fraction=0.1, verbose=0,
                           warm_start=False)
2022-07-24 20:11:00,904:INFO:create_models() succesfully completed......................................
2022-07-24 20:11:01,030:INFO:Initializing create_model()
2022-07-24 20:11:01,031:INFO:create_model(estimator=LGBMClassifier(boosting_type='gbdt', class_weight=None, colsample_bytree=1.0,
               importance_type='split', learning_rate=0.1, max_depth=-1,
               min_child_samples=20, min_child_weight=0.001, min_split_gain=0.0,
               n_estimators=100, n_jobs=-1, num_leaves=31, objective=None,
               random_state=8916, reg_alpha=0.0, reg_lambda=0.0, silent='warn',
               subsample=1.0, subsample_for_bin=200000, subsample_freq=0), fold=StratifiedKFold(n_splits=10, random_state=None, shuffle=False), round=4, cross_validation=False, predict=False, fit_kwargs={}, groups=None, refit=True, verbose=False, system=False, metrics=None, experiment_custom_tags=None, add_to_model_list=True, probability_threshold=None, display=None, return_train_score=False, kwargs={})
2022-07-24 20:11:01,031:INFO:Checking exceptions
2022-07-24 20:11:01,031:INFO:Importing libraries
2022-07-24 20:11:01,031:INFO:Copying training dataset
2022-07-24 20:11:01,037:INFO:Defining folds
2022-07-24 20:11:01,037:INFO:Declaring metric variables
2022-07-24 20:11:01,037:INFO:Importing untrained model
2022-07-24 20:11:01,037:INFO:Declaring custom model
2022-07-24 20:11:01,038:INFO:Light Gradient Boosting Machine Imported succesfully
2022-07-24 20:11:01,038:INFO:Cross validation set to False
2022-07-24 20:11:01,038:INFO:Fitting Model
2022-07-24 20:11:01,949:INFO:LGBMClassifier(boosting_type='gbdt', class_weight=None, colsample_bytree=1.0,
               importance_type='split', learning_rate=0.1, max_depth=-1,
               min_child_samples=20, min_child_weight=0.001, min_split_gain=0.0,
               n_estimators=100, n_jobs=-1, num_leaves=31, objective=None,
               random_state=8916, reg_alpha=0.0, reg_lambda=0.0, silent='warn',
               subsample=1.0, subsample_for_bin=200000, subsample_freq=0)
2022-07-24 20:11:01,950:INFO:create_models() succesfully completed......................................
2022-07-24 20:11:02,080:INFO:Initializing create_model()
2022-07-24 20:11:02,080:INFO:create_model(estimator=LinearDiscriminantAnalysis(n_components=None, priors=None, shrinkage=None,
                           solver='svd', store_covariance=False, tol=0.0001), fold=StratifiedKFold(n_splits=10, random_state=None, shuffle=False), round=4, cross_validation=False, predict=False, fit_kwargs={}, groups=None, refit=True, verbose=False, system=False, metrics=None, experiment_custom_tags=None, add_to_model_list=True, probability_threshold=None, display=None, return_train_score=False, kwargs={})
2022-07-24 20:11:02,080:INFO:Checking exceptions
2022-07-24 20:11:02,081:INFO:Importing libraries
2022-07-24 20:11:02,081:INFO:Copying training dataset
2022-07-24 20:11:02,086:INFO:Defining folds
2022-07-24 20:11:02,086:INFO:Declaring metric variables
2022-07-24 20:11:02,086:INFO:Importing untrained model
2022-07-24 20:11:02,086:INFO:Declaring custom model
2022-07-24 20:11:02,086:INFO:Linear Discriminant Analysis Imported succesfully
2022-07-24 20:11:02,087:INFO:Cross validation set to False
2022-07-24 20:11:02,087:INFO:Fitting Model
2022-07-24 20:11:03,498:INFO:LinearDiscriminantAnalysis(n_components=None, priors=None, shrinkage=None,
                           solver='svd', store_covariance=False, tol=0.0001)
2022-07-24 20:11:03,498:INFO:create_models() succesfully completed......................................
2022-07-24 20:11:03,697:INFO:create_model_container: 14
2022-07-24 20:11:03,697:INFO:master_model_container: 14
2022-07-24 20:11:03,697:INFO:display_container: 2
2022-07-24 20:11:03,698:INFO:[GradientBoostingClassifier(ccp_alpha=0.0, criterion='friedman_mse', init=None,
                           learning_rate=0.1, loss='deviance', max_depth=3,
                           max_features=None, max_leaf_nodes=None,
                           min_impurity_decrease=0.0, min_impurity_split=None,
                           min_samples_leaf=1, min_samples_split=2,
                           min_weight_fraction_leaf=0.0, n_estimators=100,
                           n_iter_no_change=None, presort='deprecated',
                           random_state=8916, subsample=1.0, tol=0.0001,
                           validation_fraction=0.1, verbose=0,
                           warm_start=False), LGBMClassifier(boosting_type='gbdt', class_weight=None, colsample_bytree=1.0,
               importance_type='split', learning_rate=0.1, max_depth=-1,
               min_child_samples=20, min_child_weight=0.001, min_split_gain=0.0,
               n_estimators=100, n_jobs=-1, num_leaves=31, objective=None,
               random_state=8916, reg_alpha=0.0, reg_lambda=0.0, silent='warn',
               subsample=1.0, subsample_for_bin=200000, subsample_freq=0), LinearDiscriminantAnalysis(n_components=None, priors=None, shrinkage=None,
                           solver='svd', store_covariance=False, tol=0.0001)]
2022-07-24 20:11:03,698:INFO:compare_models() succesfully completed......................................
2022-07-24 20:11:16,291:INFO:Initializing blend_models()
2022-07-24 20:11:16,291:INFO:blend_models(estimator_list=[GradientBoostingClassifier(ccp_alpha=0.0, criterion='friedman_mse', init=None,
                           learning_rate=0.1, loss='deviance', max_depth=3,
                           max_features=None, max_leaf_nodes=None,
                           min_impurity_decrease=0.0, min_impurity_split=None,
                           min_samples_leaf=1, min_samples_split=2,
                           min_weight_fraction_leaf=0.0, n_estimators=100,
                           n_iter_no_change=None, presort='deprecated',
                           random_state=8916, subsample=1.0, tol=0.0001,
                           validation_fraction=0.1, verbose=0,
                           warm_start=False), LGBMClassifier(boosting_type='gbdt', class_weight=None, colsample_bytree=1.0,
               importance_type='split', learning_rate=0.1, max_depth=-1,
               min_child_samples=20, min_child_weight=0.001, min_split_gain=0.0,
               n_estimators=100, n_jobs=-1, num_leaves=31, objective=None,
               random_state=8916, reg_alpha=0.0, reg_lambda=0.0, silent='warn',
               subsample=1.0, subsample_for_bin=200000, subsample_freq=0), LinearDiscriminantAnalysis(n_components=None, priors=None, shrinkage=None,
                           solver='svd', store_covariance=False, tol=0.0001)], fold=5, round=4, choose_better=False, optimize=Accuracy, method=soft, weights=None, fit_kwargs=None, groups=None, probability_threshold=None, verbose=True, display=None, return_train_score=False)
2022-07-24 20:11:16,291:INFO:Checking exceptions
2022-07-24 20:11:16,293:INFO:Preparing display monitor
2022-07-24 20:11:16,305:INFO:Importing libraries
2022-07-24 20:11:16,306:INFO:Copying training dataset
2022-07-24 20:11:16,320:INFO:Getting model names
2022-07-24 20:11:16,327:INFO:SubProcess create_model() called ==================================
2022-07-24 20:11:16,332:INFO:Initializing create_model()
2022-07-24 20:11:16,332:INFO:create_model(estimator=VotingClassifier(estimators=[('gbc',
                              GradientBoostingClassifier(ccp_alpha=0.0,
                                                         criterion='friedman_mse',
                                                         init=None,
                                                         learning_rate=0.1,
                                                         loss='deviance',
                                                         max_depth=3,
                                                         max_features=None,
                                                         max_leaf_nodes=None,
                                                         min_impurity_decrease=0.0,
                                                         min_impurity_split=None,
                                                         min_samples_leaf=1,
                                                         min_samples_split=2,
                                                         min_weight_fraction_leaf=0.0,
                                                         n_estimators=100,
                                                         n_iter_no_change=No...
                                             num_leaves=31, objective=None,
                                             random_state=8916, reg_alpha=0.0,
                                             reg_lambda=0.0, silent='warn',
                                             subsample=1.0,
                                             subsample_for_bin=200000,
                                             subsample_freq=0)),
                             ('lda',
                              LinearDiscriminantAnalysis(n_components=None,
                                                         priors=None,
                                                         shrinkage=None,
                                                         solver='svd',
                                                         store_covariance=False,
                                                         tol=0.0001))],
                 flatten_transform=True, n_jobs=-1, verbose=False,
                 voting='soft', weights=None), fold=StratifiedKFold(n_splits=5, random_state=None, shuffle=False), round=4, cross_validation=True, predict=True, fit_kwargs={}, groups=None, refit=True, verbose=True, system=False, metrics=None, experiment_custom_tags=None, add_to_model_list=True, probability_threshold=None, display=<pycaret.internal.Display.Display object at 0x7facda88be80>, return_train_score=False, kwargs={})
2022-07-24 20:11:16,332:INFO:Checking exceptions
2022-07-24 20:11:16,332:INFO:Importing libraries
2022-07-24 20:11:16,332:INFO:Copying training dataset
2022-07-24 20:11:16,339:INFO:Defining folds
2022-07-24 20:11:16,340:INFO:Declaring metric variables
2022-07-24 20:11:16,345:INFO:Importing untrained model
2022-07-24 20:11:16,345:INFO:Declaring custom model
2022-07-24 20:11:16,352:INFO:Voting Classifier Imported succesfully
2022-07-24 20:11:16,363:INFO:Starting cross validation
2022-07-24 20:11:16,363:INFO:Cross validating with StratifiedKFold(n_splits=5, random_state=None, shuffle=False), n_jobs=-1
2022-07-24 20:11:59,152:INFO:Calculating mean and std
2022-07-24 20:11:59,153:INFO:Creating metrics dataframe
2022-07-24 20:11:59,162:INFO:Finalizing model
2022-07-24 20:12:48,407:INFO:Uploading results into container
2022-07-24 20:12:48,408:INFO:Uploading model into container now
2022-07-24 20:12:48,408:INFO:create_model_container: 15
2022-07-24 20:12:48,408:INFO:master_model_container: 15
2022-07-24 20:12:48,408:INFO:display_container: 3
2022-07-24 20:12:48,413:INFO:VotingClassifier(estimators=[('gbc',
                              GradientBoostingClassifier(ccp_alpha=0.0,
                                                         criterion='friedman_mse',
                                                         init=None,
                                                         learning_rate=0.1,
                                                         loss='deviance',
                                                         max_depth=3,
                                                         max_features=None,
                                                         max_leaf_nodes=None,
                                                         min_impurity_decrease=0.0,
                                                         min_impurity_split=None,
                                                         min_samples_leaf=1,
                                                         min_samples_split=2,
                                                         min_weight_fraction_leaf=0.0,
                                                         n_estimators=100,
                                                         n_iter_no_change=No...
                                             num_leaves=31, objective=None,
                                             random_state=8916, reg_alpha=0.0,
                                             reg_lambda=0.0, silent='warn',
                                             subsample=1.0,
                                             subsample_for_bin=200000,
                                             subsample_freq=0)),
                             ('lda',
                              LinearDiscriminantAnalysis(n_components=None,
                                                         priors=None,
                                                         shrinkage=None,
                                                         solver='svd',
                                                         store_covariance=False,
                                                         tol=0.0001))],
                 flatten_transform=True, n_jobs=-1, verbose=False,
                 voting='soft', weights=None)
2022-07-24 20:12:48,413:INFO:create_model() succesfully completed......................................
2022-07-24 20:12:48,542:INFO:SubProcess create_model() end ==================================
2022-07-24 20:12:48,546:INFO:create_model_container: 15
2022-07-24 20:12:48,547:INFO:master_model_container: 15
2022-07-24 20:12:48,547:INFO:display_container: 3
2022-07-24 20:12:48,549:INFO:VotingClassifier(estimators=[('gbc',
                              GradientBoostingClassifier(ccp_alpha=0.0,
                                                         criterion='friedman_mse',
                                                         init=None,
                                                         learning_rate=0.1,
                                                         loss='deviance',
                                                         max_depth=3,
                                                         max_features=None,
                                                         max_leaf_nodes=None,
                                                         min_impurity_decrease=0.0,
                                                         min_impurity_split=None,
                                                         min_samples_leaf=1,
                                                         min_samples_split=2,
                                                         min_weight_fraction_leaf=0.0,
                                                         n_estimators=100,
                                                         n_iter_no_change=No...
                                             num_leaves=31, objective=None,
                                             random_state=8916, reg_alpha=0.0,
                                             reg_lambda=0.0, silent='warn',
                                             subsample=1.0,
                                             subsample_for_bin=200000,
                                             subsample_freq=0)),
                             ('lda',
                              LinearDiscriminantAnalysis(n_components=None,
                                                         priors=None,
                                                         shrinkage=None,
                                                         solver='svd',
                                                         store_covariance=False,
                                                         tol=0.0001))],
                 flatten_transform=True, n_jobs=-1, verbose=False,
                 voting='soft', weights=None)
2022-07-24 20:12:48,549:INFO:blend_models() succesfully completed......................................
2022-07-24 20:12:48,674:INFO:Initializing predict_model()
2022-07-24 20:12:48,674:INFO:predict_model(estimator=VotingClassifier(estimators=[('gbc',
                              GradientBoostingClassifier(ccp_alpha=0.0,
                                                         criterion='friedman_mse',
                                                         init=None,
                                                         learning_rate=0.1,
                                                         loss='deviance',
                                                         max_depth=3,
                                                         max_features=None,
                                                         max_leaf_nodes=None,
                                                         min_impurity_decrease=0.0,
                                                         min_impurity_split=None,
                                                         min_samples_leaf=1,
                                                         min_samples_split=2,
                                                         min_weight_fraction_leaf=0.0,
                                                         n_estimators=100,
                                                         n_iter_no_change=No...
                                             num_leaves=31, objective=None,
                                             random_state=8916, reg_alpha=0.0,
                                             reg_lambda=0.0, silent='warn',
                                             subsample=1.0,
                                             subsample_for_bin=200000,
                                             subsample_freq=0)),
                             ('lda',
                              LinearDiscriminantAnalysis(n_components=None,
                                                         priors=None,
                                                         shrinkage=None,
                                                         solver='svd',
                                                         store_covariance=False,
                                                         tol=0.0001))],
                 flatten_transform=True, n_jobs=-1, verbose=False,
                 voting='soft', weights=None), probability_threshold=None, encoded_labels=False, drift_report=False, raw_score=False, round=4, verbose=True, ml_usecase=MLUsecase.CLASSIFICATION, display=None, drift_kwargs=None)
2022-07-24 20:12:48,674:INFO:Checking exceptions
2022-07-24 20:12:48,674:INFO:Preloading libraries
2022-07-24 20:12:48,674:INFO:Preparing display monitor
2022-07-24 20:14:13,917:INFO:Initializing predict_model()
2022-07-24 20:14:13,917:INFO:predict_model(estimator=VotingClassifier(estimators=[('gbc',
                              GradientBoostingClassifier(ccp_alpha=0.0,
                                                         criterion='friedman_mse',
                                                         init=None,
                                                         learning_rate=0.1,
                                                         loss='deviance',
                                                         max_depth=3,
                                                         max_features=None,
                                                         max_leaf_nodes=None,
                                                         min_impurity_decrease=0.0,
                                                         min_impurity_split=None,
                                                         min_samples_leaf=1,
                                                         min_samples_split=2,
                                                         min_weight_fraction_leaf=0.0,
                                                         n_estimators=100,
                                                         n_iter_no_change=No...
                                             num_leaves=31, objective=None,
                                             random_state=8916, reg_alpha=0.0,
                                             reg_lambda=0.0, silent='warn',
                                             subsample=1.0,
                                             subsample_for_bin=200000,
                                             subsample_freq=0)),
                             ('lda',
                              LinearDiscriminantAnalysis(n_components=None,
                                                         priors=None,
                                                         shrinkage=None,
                                                         solver='svd',
                                                         store_covariance=False,
                                                         tol=0.0001))],
                 flatten_transform=True, n_jobs=-1, verbose=False,
                 voting='soft', weights=None), probability_threshold=None, encoded_labels=False, drift_report=False, raw_score=False, round=4, verbose=True, ml_usecase=MLUsecase.CLASSIFICATION, display=None, drift_kwargs=None)
2022-07-24 20:14:13,917:INFO:Checking exceptions
2022-07-24 20:14:13,917:INFO:Preloading libraries
2022-07-24 20:14:13,917:INFO:Preparing display monitor
2022-07-24 20:44:27,922:INFO:Initializing predict_model()
2022-07-24 20:44:27,923:INFO:predict_model(estimator=VotingClassifier(estimators=[('gbc',
                              GradientBoostingClassifier(ccp_alpha=0.0,
                                                         criterion='friedman_mse',
                                                         init=None,
                                                         learning_rate=0.1,
                                                         loss='deviance',
                                                         max_depth=3,
                                                         max_features=None,
                                                         max_leaf_nodes=None,
                                                         min_impurity_decrease=0.0,
                                                         min_impurity_split=None,
                                                         min_samples_leaf=1,
                                                         min_samples_split=2,
                                                         min_weight_fraction_leaf=0.0,
                                                         n_estimators=100,
                                                         n_iter_no_change=No...
                                             num_leaves=31, objective=None,
                                             random_state=8916, reg_alpha=0.0,
                                             reg_lambda=0.0, silent='warn',
                                             subsample=1.0,
                                             subsample_for_bin=200000,
                                             subsample_freq=0)),
                             ('lda',
                              LinearDiscriminantAnalysis(n_components=None,
                                                         priors=None,
                                                         shrinkage=None,
                                                         solver='svd',
                                                         store_covariance=False,
                                                         tol=0.0001))],
                 flatten_transform=True, n_jobs=-1, verbose=False,
                 voting='soft', weights=None), probability_threshold=None, encoded_labels=False, drift_report=False, raw_score=False, round=4, verbose=True, ml_usecase=MLUsecase.CLASSIFICATION, display=None, drift_kwargs=None)
2022-07-24 20:44:27,923:INFO:Checking exceptions
2022-07-24 20:44:27,923:INFO:Preloading libraries
2022-07-24 20:44:27,923:INFO:Preparing display monitor
2022-07-24 20:48:23,696:INFO:PyCaret Supervised Module
2022-07-24 20:48:23,697:INFO:ML Usecase: classification
2022-07-24 20:48:23,697:INFO:version 2.3.10
2022-07-24 20:48:23,697:INFO:Initializing setup()
2022-07-24 20:48:23,697:INFO:setup(target=voted, ml_usecase=classification, available_plots={'parameter': 'Hyperparameters', 'auc': 'AUC', 'confusion_matrix': 'Confusion Matrix', 'threshold': 'Threshold', 'pr': 'Precision Recall', 'error': 'Prediction Error', 'class_report': 'Class Report', 'rfe': 'Feature Selection', 'learning': 'Learning Curve', 'manifold': 'Manifold Learning', 'calibration': 'Calibration Curve', 'vc': 'Validation Curve', 'dimension': 'Dimensions', 'feature': 'Feature Importance', 'feature_all': 'Feature Importance (All)', 'boundary': 'Decision Boundary', 'lift': 'Lift Chart', 'gain': 'Gain Chart', 'tree': 'Decision Tree', 'ks': 'KS Statistic Plot'}, train_size=0.7, test_data=None, preprocess=True, imputation_type=simple, iterative_imputation_iters=5, categorical_features=None, categorical_imputation=constant, categorical_iterative_imputer=lightgbm, ordinal_features=None, high_cardinality_features=None, high_cardinality_method=frequency, numeric_features=None, numeric_imputation=mean, numeric_iterative_imputer=lightgbm, date_features=None, ignore_features=None, normalize=False, normalize_method=zscore, transformation=False, transformation_method=yeo-johnson, handle_unknown_categorical=True, unknown_categorical_method=least_frequent, pca=False, pca_method=linear, pca_components=None, ignore_low_variance=False, combine_rare_levels=False, rare_level_threshold=0.1, bin_numeric_features=None, remove_outliers=False, outliers_threshold=0.05, remove_multicollinearity=False, multicollinearity_threshold=0.9, remove_perfect_collinearity=True, create_clusters=False, cluster_iter=20, polynomial_features=False, polynomial_degree=2, trigonometry_features=False, polynomial_threshold=0.1, group_features=None, group_names=None, feature_selection=False, feature_selection_threshold=0.8, feature_selection_method=classic, feature_interaction=False, feature_ratio=False, interaction_threshold=0.01, fix_imbalance=False, fix_imbalance_method=None, transform_target=False, transform_target_method=box-cox, data_split_shuffle=True, data_split_stratify=False, fold_strategy=stratifiedkfold, fold=10, fold_shuffle=False, fold_groups=None, n_jobs=-1, use_gpu=False, custom_pipeline=None, html=True, session_id=None, log_experiment=False, experiment_name=None, experiment_custom_tags=None, log_plots=False, log_profile=False, log_data=False, silent=False, verbose=True, profile=False, profile_kwargs=None, display=None)
2022-07-24 20:48:23,697:INFO:Checking environment
2022-07-24 20:48:23,697:INFO:python_version: 3.9.12
2022-07-24 20:48:23,697:INFO:python_build: ('main', 'Jun  1 2022 11:38:51')
2022-07-24 20:48:23,697:INFO:machine: x86_64
2022-07-24 20:48:23,697:INFO:platform: Linux-5.15.0-41-generic-x86_64-with-glibc2.35
2022-07-24 20:48:23,697:INFO:Memory: svmem(total=134934683648, available=115949375488, percent=14.1, used=17555976192, free=96028966912, active=4389588992, inactive=31484268544, buffers=554717184, cached=20795023360, shared=172371968, slab=2023895040)
2022-07-24 20:48:23,702:INFO:Physical Core: 64
2022-07-24 20:48:23,702:INFO:Logical Core: 128
2022-07-24 20:48:23,702:INFO:Checking libraries
2022-07-24 20:48:23,702:INFO:pd==1.4.3
2022-07-24 20:48:23,702:INFO:numpy==1.19.5
2022-07-24 20:48:23,702:INFO:sklearn==0.23.2
2022-07-24 20:48:23,702:INFO:lightgbm==3.3.2
2022-07-24 20:48:23,702:WARNING:catboost not found
2022-07-24 20:48:23,702:WARNING:xgboost not found
2022-07-24 20:48:23,702:INFO:mlflow==1.27.0
2022-07-24 20:48:23,702:INFO:Checking Exceptions
2022-07-24 20:48:23,703:INFO:Declaring global variables
2022-07-24 20:48:23,703:INFO:USI: 88b8
2022-07-24 20:48:23,703:INFO:pycaret_globals: {'_ml_usecase', 'fold_shuffle_param', 'USI', 'imputation_classifier', 'html_param', 'X', '_internal_pipeline', 'transform_target_param', 'fold_groups_param', 'n_jobs_param', 'logging_param', 'target_param', 'y_train', 'exp_name_log', 'iterative_imputation_iters_param', '_gpu_n_jobs_param', '_available_plots', 'experiment__', 'y_test', 'seed', 'imputation_regressor', 'fold_param', 'gpu_param', 'create_model_container', '_all_models_internal', 'fold_groups_param_full', '_all_metrics', 'transform_target_method_param', 'pycaret_globals', 'log_plots_param', 'display_container', 'fix_imbalance_method_param', 'X_train', 'y', 'fix_imbalance_param', 'prep_pipe', 'dashboard_logger', 'data_before_preprocess', 'fold_generator', 'X_test', 'master_model_container', '_all_models', 'stratify_param'}
2022-07-24 20:48:23,703:INFO:Preparing display monitor
2022-07-24 20:48:23,703:INFO:Preparing display monitor
2022-07-24 20:48:23,714:INFO:Importing libraries
2022-07-24 20:48:23,714:INFO:Copying data for preprocessing
2022-07-24 20:48:23,733:INFO:Declaring preprocessing parameters
2022-07-24 20:48:23,757:INFO:Creating preprocessing pipeline
2022-07-24 20:48:24,388:INFO:Preprocessing pipeline created successfully
2022-07-24 20:48:24,388:ERROR:(Process Exit): setup has been interupted with user command 'quit'. setup must rerun.
2022-07-24 20:48:24,388:INFO:Creating global containers
2022-07-24 20:48:24,389:INFO:Internal pipeline: Pipeline(memory=None, steps=[('empty_step', 'passthrough')], verbose=False)
2022-07-24 20:48:31,490:WARNING:Couldn't import xgboost.XGBClassifier
2022-07-24 20:48:31,490:WARNING:Couldn't import catboost.CatBoostClassifier
2022-07-24 20:48:31,558:WARNING:Couldn't import xgboost.XGBClassifier
2022-07-24 20:48:31,558:WARNING:Couldn't import catboost.CatBoostClassifier
2022-07-24 20:48:31,559:INFO:Creating grid variables
2022-07-24 20:48:31,575:INFO:create_model_container: 0
2022-07-24 20:48:31,575:INFO:master_model_container: 0
2022-07-24 20:48:31,575:INFO:display_container: 1
2022-07-24 20:48:31,578:INFO:Pipeline(memory=None,
         steps=[('dtypes',
                 DataTypes_Auto_infer(categorical_features=[],
                                      display_types=True, features_todrop=[],
                                      id_columns=[],
                                      ml_usecase='classification',
                                      numerical_features=[], target='voted',
                                      time_features=[])),
                ('imputer',
                 Simple_Imputer(categorical_strategy='not_available',
                                fill_value_categorical=None,
                                fill_value_numerical=None,
                                numeric_strate...
                ('scaling', 'passthrough'), ('P_transform', 'passthrough'),
                ('binn', 'passthrough'), ('rem_outliers', 'passthrough'),
                ('cluster_all', 'passthrough'),
                ('dummy', Dummify(target='voted')),
                ('fix_perfect', Remove_100(target='voted')),
                ('clean_names', Clean_Colum_Names()),
                ('feature_select', 'passthrough'), ('fix_multi', 'passthrough'),
                ('dfs', 'passthrough'), ('pca', 'passthrough')],
         verbose=False)
2022-07-24 20:48:31,578:INFO:setup() succesfully completed......................................
2022-07-24 20:48:39,014:INFO:Initializing compare_models()
2022-07-24 20:48:39,014:INFO:compare_models(include=None, fold=None, round=4, cross_validation=True, sort=AUC, n_select=3, budget_time=None, turbo=True, errors=ignore, fit_kwargs=None, groups=None, experiment_custom_tags=None, probability_threshold=None, verbose=True, display=None, exclude=None)
2022-07-24 20:48:39,015:INFO:Checking exceptions
2022-07-24 20:48:39,016:INFO:Preparing display monitor
2022-07-24 20:48:39,016:INFO:Preparing display monitor
2022-07-24 20:48:39,037:INFO:Initializing Logistic Regression
2022-07-24 20:48:39,037:INFO:Total runtime is 2.868970235188802e-06 minutes
2022-07-24 20:48:39,044:INFO:SubProcess create_model() called ==================================
2022-07-24 20:48:39,045:INFO:Initializing create_model()
2022-07-24 20:48:39,045:INFO:create_model(estimator=lr, fold=StratifiedKFold(n_splits=10, random_state=None, shuffle=False), round=4, cross_validation=True, predict=True, fit_kwargs={}, groups=None, refit=False, verbose=False, system=False, metrics=None, experiment_custom_tags=None, add_to_model_list=True, probability_threshold=None, display=<pycaret.internal.Display.Display object at 0x7f81b4dc25b0>, return_train_score=False, kwargs={})
2022-07-24 20:48:39,045:INFO:Checking exceptions
2022-07-24 20:48:39,045:INFO:Importing libraries
2022-07-24 20:48:39,045:INFO:Copying training dataset
2022-07-24 20:48:39,051:INFO:Defining folds
2022-07-24 20:48:39,051:INFO:Declaring metric variables
2022-07-24 20:48:39,058:INFO:Importing untrained model
2022-07-24 20:48:39,065:INFO:Logistic Regression Imported succesfully
2022-07-24 20:48:39,077:INFO:Starting cross validation
2022-07-24 20:48:39,077:INFO:Cross validating with StratifiedKFold(n_splits=10, random_state=None, shuffle=False), n_jobs=-1
2022-07-24 20:48:46,807:INFO:Calculating mean and std
2022-07-24 20:48:46,808:INFO:Creating metrics dataframe
2022-07-24 20:48:46,812:INFO:Uploading results into container
2022-07-24 20:48:46,812:INFO:Uploading model into container now
2022-07-24 20:48:46,812:INFO:create_model_container: 1
2022-07-24 20:48:46,812:INFO:master_model_container: 1
2022-07-24 20:48:46,812:INFO:display_container: 2
2022-07-24 20:48:46,812:INFO:LogisticRegression(C=1.0, class_weight=None, dual=False, fit_intercept=True,
                   intercept_scaling=1, l1_ratio=None, max_iter=1000,
                   multi_class='auto', n_jobs=None, penalty='l2',
                   random_state=731, solver='lbfgs', tol=0.0001, verbose=0,
                   warm_start=False)
2022-07-24 20:48:46,812:INFO:create_model() succesfully completed......................................
2022-07-24 20:48:46,903:INFO:SubProcess create_model() end ==================================
2022-07-24 20:48:46,904:INFO:Creating metrics dataframe
2022-07-24 20:48:46,910:INFO:Initializing K Neighbors Classifier
2022-07-24 20:48:46,910:INFO:Total runtime is 0.13120981852213542 minutes
2022-07-24 20:48:46,914:INFO:SubProcess create_model() called ==================================
2022-07-24 20:48:46,914:INFO:Initializing create_model()
2022-07-24 20:48:46,914:INFO:create_model(estimator=knn, fold=StratifiedKFold(n_splits=10, random_state=None, shuffle=False), round=4, cross_validation=True, predict=True, fit_kwargs={}, groups=None, refit=False, verbose=False, system=False, metrics=None, experiment_custom_tags=None, add_to_model_list=True, probability_threshold=None, display=<pycaret.internal.Display.Display object at 0x7f81b4dc25b0>, return_train_score=False, kwargs={})
2022-07-24 20:48:46,914:INFO:Checking exceptions
2022-07-24 20:48:46,914:INFO:Importing libraries
2022-07-24 20:48:46,914:INFO:Copying training dataset
2022-07-24 20:48:46,917:INFO:Defining folds
2022-07-24 20:48:46,917:INFO:Declaring metric variables
2022-07-24 20:48:46,921:INFO:Importing untrained model
2022-07-24 20:48:46,924:INFO:K Neighbors Classifier Imported succesfully
2022-07-24 20:48:46,931:INFO:Starting cross validation
2022-07-24 20:48:46,932:INFO:Cross validating with StratifiedKFold(n_splits=10, random_state=None, shuffle=False), n_jobs=-1
2022-07-24 20:51:11,234:INFO:Calculating mean and std
2022-07-24 20:51:11,238:INFO:Creating metrics dataframe
2022-07-24 20:51:11,257:INFO:Uploading results into container
2022-07-24 20:51:11,257:INFO:Uploading model into container now
2022-07-24 20:51:11,257:INFO:create_model_container: 2
2022-07-24 20:51:11,258:INFO:master_model_container: 2
2022-07-24 20:51:11,258:INFO:display_container: 2
2022-07-24 20:51:11,259:INFO:KNeighborsClassifier(algorithm='auto', leaf_size=30, metric='minkowski',
                     metric_params=None, n_jobs=-1, n_neighbors=5, p=2,
                     weights='uniform')
2022-07-24 20:51:11,260:INFO:create_model() succesfully completed......................................
2022-07-24 20:51:11,506:INFO:SubProcess create_model() end ==================================
2022-07-24 20:51:11,506:INFO:Creating metrics dataframe
2022-07-24 20:51:11,550:INFO:Initializing Naive Bayes
2022-07-24 20:51:11,551:INFO:Total runtime is 2.5418927470843 minutes
2022-07-24 20:51:11,579:INFO:SubProcess create_model() called ==================================
2022-07-24 20:51:11,580:INFO:Initializing create_model()
2022-07-24 20:51:11,581:INFO:create_model(estimator=nb, fold=StratifiedKFold(n_splits=10, random_state=None, shuffle=False), round=4, cross_validation=True, predict=True, fit_kwargs={}, groups=None, refit=False, verbose=False, system=False, metrics=None, experiment_custom_tags=None, add_to_model_list=True, probability_threshold=None, display=<pycaret.internal.Display.Display object at 0x7f81b4dc25b0>, return_train_score=False, kwargs={})
2022-07-24 20:51:11,581:INFO:Checking exceptions
2022-07-24 20:51:11,581:INFO:Importing libraries
2022-07-24 20:51:11,581:INFO:Copying training dataset
2022-07-24 20:51:11,589:INFO:Defining folds
2022-07-24 20:51:11,590:INFO:Declaring metric variables
2022-07-24 20:51:11,617:INFO:Importing untrained model
2022-07-24 20:51:11,642:INFO:Naive Bayes Imported succesfully
2022-07-24 20:51:11,694:INFO:Starting cross validation
2022-07-24 20:51:11,696:INFO:Cross validating with StratifiedKFold(n_splits=10, random_state=None, shuffle=False), n_jobs=-1
2022-07-24 20:51:18,444:INFO:Calculating mean and std
2022-07-24 20:51:18,448:INFO:Creating metrics dataframe
2022-07-24 20:51:18,466:INFO:Uploading results into container
2022-07-24 20:51:18,466:INFO:Uploading model into container now
2022-07-24 20:51:18,466:INFO:create_model_container: 3
2022-07-24 20:51:18,467:INFO:master_model_container: 3
2022-07-24 20:51:18,467:INFO:display_container: 2
2022-07-24 20:51:18,468:INFO:GaussianNB(priors=None, var_smoothing=1e-09)
2022-07-24 20:51:18,468:INFO:create_model() succesfully completed......................................
2022-07-24 20:51:18,714:INFO:SubProcess create_model() end ==================================
2022-07-24 20:51:18,715:INFO:Creating metrics dataframe
2022-07-24 20:51:18,760:INFO:Initializing Decision Tree Classifier
2022-07-24 20:51:18,760:INFO:Total runtime is 2.6620448271433514 minutes
2022-07-24 20:51:18,788:INFO:SubProcess create_model() called ==================================
2022-07-24 20:51:18,789:INFO:Initializing create_model()
2022-07-24 20:51:18,789:INFO:create_model(estimator=dt, fold=StratifiedKFold(n_splits=10, random_state=None, shuffle=False), round=4, cross_validation=True, predict=True, fit_kwargs={}, groups=None, refit=False, verbose=False, system=False, metrics=None, experiment_custom_tags=None, add_to_model_list=True, probability_threshold=None, display=<pycaret.internal.Display.Display object at 0x7f81b4dc25b0>, return_train_score=False, kwargs={})
2022-07-24 20:51:18,790:INFO:Checking exceptions
2022-07-24 20:51:18,790:INFO:Importing libraries
2022-07-24 20:51:18,790:INFO:Copying training dataset
2022-07-24 20:51:18,798:INFO:Defining folds
2022-07-24 20:51:18,799:INFO:Declaring metric variables
2022-07-24 20:51:18,826:INFO:Importing untrained model
2022-07-24 20:51:18,852:INFO:Decision Tree Classifier Imported succesfully
2022-07-24 20:51:18,904:INFO:Starting cross validation
2022-07-24 20:51:18,906:INFO:Cross validating with StratifiedKFold(n_splits=10, random_state=None, shuffle=False), n_jobs=-1
2022-07-24 20:51:36,556:INFO:Calculating mean and std
2022-07-24 20:51:36,557:INFO:Creating metrics dataframe
2022-07-24 20:51:36,561:INFO:Uploading results into container
2022-07-24 20:51:36,561:INFO:Uploading model into container now
2022-07-24 20:51:36,561:INFO:create_model_container: 4
2022-07-24 20:51:36,561:INFO:master_model_container: 4
2022-07-24 20:51:36,561:INFO:display_container: 2
2022-07-24 20:51:36,562:INFO:DecisionTreeClassifier(ccp_alpha=0.0, class_weight=None, criterion='gini',
                       max_depth=None, max_features=None, max_leaf_nodes=None,
                       min_impurity_decrease=0.0, min_impurity_split=None,
                       min_samples_leaf=1, min_samples_split=2,
                       min_weight_fraction_leaf=0.0, presort='deprecated',
                       random_state=731, splitter='best')
2022-07-24 20:51:36,562:INFO:create_model() succesfully completed......................................
2022-07-24 20:51:36,660:INFO:SubProcess create_model() end ==================================
2022-07-24 20:51:36,660:INFO:Creating metrics dataframe
2022-07-24 20:51:36,670:INFO:Initializing SVM - Linear Kernel
2022-07-24 20:51:36,670:INFO:Total runtime is 2.960543215274811 minutes
2022-07-24 20:51:36,675:INFO:SubProcess create_model() called ==================================
2022-07-24 20:51:36,675:INFO:Initializing create_model()
2022-07-24 20:51:36,676:INFO:create_model(estimator=svm, fold=StratifiedKFold(n_splits=10, random_state=None, shuffle=False), round=4, cross_validation=True, predict=True, fit_kwargs={}, groups=None, refit=False, verbose=False, system=False, metrics=None, experiment_custom_tags=None, add_to_model_list=True, probability_threshold=None, display=<pycaret.internal.Display.Display object at 0x7f81b4dc25b0>, return_train_score=False, kwargs={})
2022-07-24 20:51:36,676:INFO:Checking exceptions
2022-07-24 20:51:36,676:INFO:Importing libraries
2022-07-24 20:51:36,676:INFO:Copying training dataset
2022-07-24 20:51:36,678:INFO:Defining folds
2022-07-24 20:51:36,678:INFO:Declaring metric variables
2022-07-24 20:51:36,684:INFO:Importing untrained model
2022-07-24 20:51:36,689:INFO:SVM - Linear Kernel Imported succesfully
2022-07-24 20:51:36,700:INFO:Starting cross validation
2022-07-24 20:51:36,701:INFO:Cross validating with StratifiedKFold(n_splits=10, random_state=None, shuffle=False), n_jobs=-1
2022-07-24 20:51:40,572:INFO:Calculating mean and std
2022-07-24 20:51:40,573:INFO:Creating metrics dataframe
2022-07-24 20:51:40,577:INFO:Uploading results into container
2022-07-24 20:51:40,578:INFO:Uploading model into container now
2022-07-24 20:51:40,578:INFO:create_model_container: 5
2022-07-24 20:51:40,578:INFO:master_model_container: 5
2022-07-24 20:51:40,578:INFO:display_container: 2
2022-07-24 20:51:40,578:INFO:SGDClassifier(alpha=0.0001, average=False, class_weight=None,
              early_stopping=False, epsilon=0.1, eta0=0.001, fit_intercept=True,
              l1_ratio=0.15, learning_rate='optimal', loss='hinge',
              max_iter=1000, n_iter_no_change=5, n_jobs=-1, penalty='l2',
              power_t=0.5, random_state=731, shuffle=True, tol=0.001,
              validation_fraction=0.1, verbose=0, warm_start=False)
2022-07-24 20:51:40,578:INFO:create_model() succesfully completed......................................
2022-07-24 20:51:40,675:INFO:SubProcess create_model() end ==================================
2022-07-24 20:51:40,675:INFO:Creating metrics dataframe
2022-07-24 20:51:40,683:INFO:Initializing Ridge Classifier
2022-07-24 20:51:40,683:INFO:Total runtime is 3.0274298548698426 minutes
2022-07-24 20:51:40,688:INFO:SubProcess create_model() called ==================================
2022-07-24 20:51:40,688:INFO:Initializing create_model()
2022-07-24 20:51:40,688:INFO:create_model(estimator=ridge, fold=StratifiedKFold(n_splits=10, random_state=None, shuffle=False), round=4, cross_validation=True, predict=True, fit_kwargs={}, groups=None, refit=False, verbose=False, system=False, metrics=None, experiment_custom_tags=None, add_to_model_list=True, probability_threshold=None, display=<pycaret.internal.Display.Display object at 0x7f81b4dc25b0>, return_train_score=False, kwargs={})
2022-07-24 20:51:40,688:INFO:Checking exceptions
2022-07-24 20:51:40,688:INFO:Importing libraries
2022-07-24 20:51:40,688:INFO:Copying training dataset
2022-07-24 20:51:40,691:INFO:Defining folds
2022-07-24 20:51:40,691:INFO:Declaring metric variables
2022-07-24 20:51:40,696:INFO:Importing untrained model
2022-07-24 20:51:40,700:INFO:Ridge Classifier Imported succesfully
2022-07-24 20:51:40,710:INFO:Starting cross validation
2022-07-24 20:51:40,710:INFO:Cross validating with StratifiedKFold(n_splits=10, random_state=None, shuffle=False), n_jobs=-1
2022-07-24 20:51:42,566:INFO:Calculating mean and std
2022-07-24 20:51:42,567:INFO:Creating metrics dataframe
2022-07-24 20:51:42,572:INFO:Uploading results into container
2022-07-24 20:51:42,572:INFO:Uploading model into container now
2022-07-24 20:51:42,572:INFO:create_model_container: 6
2022-07-24 20:51:42,572:INFO:master_model_container: 6
2022-07-24 20:51:42,572:INFO:display_container: 2
2022-07-24 20:51:42,572:INFO:RidgeClassifier(alpha=1.0, class_weight=None, copy_X=True, fit_intercept=True,
                max_iter=None, normalize=False, random_state=731, solver='auto',
                tol=0.001)
2022-07-24 20:51:42,572:INFO:create_model() succesfully completed......................................
2022-07-24 20:51:42,670:INFO:SubProcess create_model() end ==================================
2022-07-24 20:51:42,670:INFO:Creating metrics dataframe
2022-07-24 20:51:42,679:INFO:Initializing Random Forest Classifier
2022-07-24 20:51:42,679:INFO:Total runtime is 3.060703718662262 minutes
2022-07-24 20:51:42,685:INFO:SubProcess create_model() called ==================================
2022-07-24 20:51:42,685:INFO:Initializing create_model()
2022-07-24 20:51:42,685:INFO:create_model(estimator=rf, fold=StratifiedKFold(n_splits=10, random_state=None, shuffle=False), round=4, cross_validation=True, predict=True, fit_kwargs={}, groups=None, refit=False, verbose=False, system=False, metrics=None, experiment_custom_tags=None, add_to_model_list=True, probability_threshold=None, display=<pycaret.internal.Display.Display object at 0x7f81b4dc25b0>, return_train_score=False, kwargs={})
2022-07-24 20:51:42,685:INFO:Checking exceptions
2022-07-24 20:51:42,685:INFO:Importing libraries
2022-07-24 20:51:42,685:INFO:Copying training dataset
2022-07-24 20:51:42,687:INFO:Defining folds
2022-07-24 20:51:42,688:INFO:Declaring metric variables
2022-07-24 20:51:42,693:INFO:Importing untrained model
2022-07-24 20:51:42,698:INFO:Random Forest Classifier Imported succesfully
2022-07-24 20:51:42,708:INFO:Starting cross validation
2022-07-24 20:51:42,709:INFO:Cross validating with StratifiedKFold(n_splits=10, random_state=None, shuffle=False), n_jobs=-1
2022-07-24 20:51:53,142:INFO:Calculating mean and std
2022-07-24 20:51:53,146:INFO:Creating metrics dataframe
2022-07-24 20:51:53,165:INFO:Uploading results into container
2022-07-24 20:51:53,165:INFO:Uploading model into container now
2022-07-24 20:51:53,165:INFO:create_model_container: 7
2022-07-24 20:51:53,166:INFO:master_model_container: 7
2022-07-24 20:51:53,166:INFO:display_container: 2
2022-07-24 20:51:53,168:INFO:RandomForestClassifier(bootstrap=True, ccp_alpha=0.0, class_weight=None,
                       criterion='gini', max_depth=None, max_features='auto',
                       max_leaf_nodes=None, max_samples=None,
                       min_impurity_decrease=0.0, min_impurity_split=None,
                       min_samples_leaf=1, min_samples_split=2,
                       min_weight_fraction_leaf=0.0, n_estimators=100,
                       n_jobs=-1, oob_score=False, random_state=731, verbose=0,
                       warm_start=False)
2022-07-24 20:51:53,168:INFO:create_model() succesfully completed......................................
2022-07-24 20:51:53,416:INFO:SubProcess create_model() end ==================================
2022-07-24 20:51:53,417:INFO:Creating metrics dataframe
2022-07-24 20:51:53,468:INFO:Initializing Quadratic Discriminant Analysis
2022-07-24 20:51:53,468:INFO:Total runtime is 3.2405127048492433 minutes
2022-07-24 20:51:53,496:INFO:SubProcess create_model() called ==================================
2022-07-24 20:51:53,497:INFO:Initializing create_model()
2022-07-24 20:51:53,497:INFO:create_model(estimator=qda, fold=StratifiedKFold(n_splits=10, random_state=None, shuffle=False), round=4, cross_validation=True, predict=True, fit_kwargs={}, groups=None, refit=False, verbose=False, system=False, metrics=None, experiment_custom_tags=None, add_to_model_list=True, probability_threshold=None, display=<pycaret.internal.Display.Display object at 0x7f81b4dc25b0>, return_train_score=False, kwargs={})
2022-07-24 20:51:53,498:INFO:Checking exceptions
2022-07-24 20:51:53,498:INFO:Importing libraries
2022-07-24 20:51:53,498:INFO:Copying training dataset
2022-07-24 20:51:53,506:INFO:Defining folds
2022-07-24 20:51:53,507:INFO:Declaring metric variables
2022-07-24 20:51:53,533:INFO:Importing untrained model
2022-07-24 20:51:53,559:INFO:Quadratic Discriminant Analysis Imported succesfully
2022-07-24 20:51:53,612:INFO:Starting cross validation
2022-07-24 20:51:53,614:INFO:Cross validating with StratifiedKFold(n_splits=10, random_state=None, shuffle=False), n_jobs=-1
2022-07-24 20:52:03,294:INFO:Calculating mean and std
2022-07-24 20:52:03,297:INFO:Creating metrics dataframe
2022-07-24 20:52:03,314:INFO:Uploading results into container
2022-07-24 20:52:03,315:INFO:Uploading model into container now
2022-07-24 20:52:03,315:INFO:create_model_container: 8
2022-07-24 20:52:03,315:INFO:master_model_container: 8
2022-07-24 20:52:03,315:INFO:display_container: 2
2022-07-24 20:52:03,316:INFO:QuadraticDiscriminantAnalysis(priors=None, reg_param=0.0,
                              store_covariance=False, tol=0.0001)
2022-07-24 20:52:03,316:INFO:create_model() succesfully completed......................................
2022-07-24 20:52:03,491:INFO:SubProcess create_model() end ==================================
2022-07-24 20:52:03,492:INFO:Creating metrics dataframe
2022-07-24 20:52:03,515:INFO:Initializing Ada Boost Classifier
2022-07-24 20:52:03,516:INFO:Total runtime is 3.4079736987749736 minutes
2022-07-24 20:52:03,529:INFO:SubProcess create_model() called ==================================
2022-07-24 20:52:03,529:INFO:Initializing create_model()
2022-07-24 20:52:03,530:INFO:create_model(estimator=ada, fold=StratifiedKFold(n_splits=10, random_state=None, shuffle=False), round=4, cross_validation=True, predict=True, fit_kwargs={}, groups=None, refit=False, verbose=False, system=False, metrics=None, experiment_custom_tags=None, add_to_model_list=True, probability_threshold=None, display=<pycaret.internal.Display.Display object at 0x7f81b4dc25b0>, return_train_score=False, kwargs={})
2022-07-24 20:52:03,530:INFO:Checking exceptions
2022-07-24 20:52:03,530:INFO:Importing libraries
2022-07-24 20:52:03,530:INFO:Copying training dataset
2022-07-24 20:52:03,534:INFO:Defining folds
2022-07-24 20:52:03,535:INFO:Declaring metric variables
2022-07-24 20:52:03,546:INFO:Importing untrained model
2022-07-24 20:52:03,557:INFO:Ada Boost Classifier Imported succesfully
2022-07-24 20:52:03,578:INFO:Starting cross validation
2022-07-24 20:52:03,579:INFO:Cross validating with StratifiedKFold(n_splits=10, random_state=None, shuffle=False), n_jobs=-1
2022-07-24 20:52:17,138:INFO:Calculating mean and std
2022-07-24 20:52:17,139:INFO:Creating metrics dataframe
2022-07-24 20:52:17,144:INFO:Uploading results into container
2022-07-24 20:52:17,145:INFO:Uploading model into container now
2022-07-24 20:52:17,145:INFO:create_model_container: 9
2022-07-24 20:52:17,145:INFO:master_model_container: 9
2022-07-24 20:52:17,145:INFO:display_container: 2
2022-07-24 20:52:17,145:INFO:AdaBoostClassifier(algorithm='SAMME.R', base_estimator=None, learning_rate=1.0,
                   n_estimators=50, random_state=731)
2022-07-24 20:52:17,145:INFO:create_model() succesfully completed......................................
2022-07-24 20:52:17,251:INFO:SubProcess create_model() end ==================================
2022-07-24 20:52:17,251:INFO:Creating metrics dataframe
2022-07-24 20:52:17,259:INFO:Initializing Gradient Boosting Classifier
2022-07-24 20:52:17,260:INFO:Total runtime is 3.6370387434959413 minutes
2022-07-24 20:52:17,264:INFO:SubProcess create_model() called ==================================
2022-07-24 20:52:17,264:INFO:Initializing create_model()
2022-07-24 20:52:17,264:INFO:create_model(estimator=gbc, fold=StratifiedKFold(n_splits=10, random_state=None, shuffle=False), round=4, cross_validation=True, predict=True, fit_kwargs={}, groups=None, refit=False, verbose=False, system=False, metrics=None, experiment_custom_tags=None, add_to_model_list=True, probability_threshold=None, display=<pycaret.internal.Display.Display object at 0x7f81b4dc25b0>, return_train_score=False, kwargs={})
2022-07-24 20:52:17,264:INFO:Checking exceptions
2022-07-24 20:52:17,264:INFO:Importing libraries
2022-07-24 20:52:17,264:INFO:Copying training dataset
2022-07-24 20:52:17,267:INFO:Defining folds
2022-07-24 20:52:17,267:INFO:Declaring metric variables
2022-07-24 20:52:17,271:INFO:Importing untrained model
2022-07-24 20:52:17,275:INFO:Gradient Boosting Classifier Imported succesfully
2022-07-24 20:52:17,283:INFO:Starting cross validation
2022-07-24 20:52:17,283:INFO:Cross validating with StratifiedKFold(n_splits=10, random_state=None, shuffle=False), n_jobs=-1
2022-07-24 20:53:11,596:INFO:Calculating mean and std
2022-07-24 20:53:11,597:INFO:Creating metrics dataframe
2022-07-24 20:53:11,602:INFO:Uploading results into container
2022-07-24 20:53:11,603:INFO:Uploading model into container now
2022-07-24 20:53:11,603:INFO:create_model_container: 10
2022-07-24 20:53:11,603:INFO:master_model_container: 10
2022-07-24 20:53:11,603:INFO:display_container: 2
2022-07-24 20:53:11,603:INFO:GradientBoostingClassifier(ccp_alpha=0.0, criterion='friedman_mse', init=None,
                           learning_rate=0.1, loss='deviance', max_depth=3,
                           max_features=None, max_leaf_nodes=None,
                           min_impurity_decrease=0.0, min_impurity_split=None,
                           min_samples_leaf=1, min_samples_split=2,
                           min_weight_fraction_leaf=0.0, n_estimators=100,
                           n_iter_no_change=None, presort='deprecated',
                           random_state=731, subsample=1.0, tol=0.0001,
                           validation_fraction=0.1, verbose=0,
                           warm_start=False)
2022-07-24 20:53:11,603:INFO:create_model() succesfully completed......................................
2022-07-24 20:53:11,710:INFO:SubProcess create_model() end ==================================
2022-07-24 20:53:11,710:INFO:Creating metrics dataframe
2022-07-24 20:53:11,719:INFO:Initializing Linear Discriminant Analysis
2022-07-24 20:53:11,719:INFO:Total runtime is 4.5446933031082155 minutes
2022-07-24 20:53:11,723:INFO:SubProcess create_model() called ==================================
2022-07-24 20:53:11,723:INFO:Initializing create_model()
2022-07-24 20:53:11,723:INFO:create_model(estimator=lda, fold=StratifiedKFold(n_splits=10, random_state=None, shuffle=False), round=4, cross_validation=True, predict=True, fit_kwargs={}, groups=None, refit=False, verbose=False, system=False, metrics=None, experiment_custom_tags=None, add_to_model_list=True, probability_threshold=None, display=<pycaret.internal.Display.Display object at 0x7f81b4dc25b0>, return_train_score=False, kwargs={})
2022-07-24 20:53:11,723:INFO:Checking exceptions
2022-07-24 20:53:11,723:INFO:Importing libraries
2022-07-24 20:53:11,723:INFO:Copying training dataset
2022-07-24 20:53:11,726:INFO:Defining folds
2022-07-24 20:53:11,726:INFO:Declaring metric variables
2022-07-24 20:53:11,730:INFO:Importing untrained model
2022-07-24 20:53:11,734:INFO:Linear Discriminant Analysis Imported succesfully
2022-07-24 20:53:11,742:INFO:Starting cross validation
2022-07-24 20:53:11,742:INFO:Cross validating with StratifiedKFold(n_splits=10, random_state=None, shuffle=False), n_jobs=-1
2022-07-24 20:53:16,919:INFO:Calculating mean and std
2022-07-24 20:53:16,920:INFO:Creating metrics dataframe
2022-07-24 20:53:16,925:INFO:Uploading results into container
2022-07-24 20:53:16,925:INFO:Uploading model into container now
2022-07-24 20:53:16,925:INFO:create_model_container: 11
2022-07-24 20:53:16,925:INFO:master_model_container: 11
2022-07-24 20:53:16,925:INFO:display_container: 2
2022-07-24 20:53:16,926:INFO:LinearDiscriminantAnalysis(n_components=None, priors=None, shrinkage=None,
                           solver='svd', store_covariance=False, tol=0.0001)
2022-07-24 20:53:16,926:INFO:create_model() succesfully completed......................................
2022-07-24 20:53:17,025:INFO:SubProcess create_model() end ==================================
2022-07-24 20:53:17,025:INFO:Creating metrics dataframe
2022-07-24 20:53:17,035:INFO:Initializing Extra Trees Classifier
2022-07-24 20:53:17,035:INFO:Total runtime is 4.633302597204844 minutes
2022-07-24 20:53:17,040:INFO:SubProcess create_model() called ==================================
2022-07-24 20:53:17,041:INFO:Initializing create_model()
2022-07-24 20:53:17,041:INFO:create_model(estimator=et, fold=StratifiedKFold(n_splits=10, random_state=None, shuffle=False), round=4, cross_validation=True, predict=True, fit_kwargs={}, groups=None, refit=False, verbose=False, system=False, metrics=None, experiment_custom_tags=None, add_to_model_list=True, probability_threshold=None, display=<pycaret.internal.Display.Display object at 0x7f81b4dc25b0>, return_train_score=False, kwargs={})
2022-07-24 20:53:17,041:INFO:Checking exceptions
2022-07-24 20:53:17,041:INFO:Importing libraries
2022-07-24 20:53:17,041:INFO:Copying training dataset
2022-07-24 20:53:17,043:INFO:Defining folds
2022-07-24 20:53:17,043:INFO:Declaring metric variables
2022-07-24 20:53:17,048:INFO:Importing untrained model
2022-07-24 20:53:17,053:INFO:Extra Trees Classifier Imported succesfully
2022-07-24 20:53:17,061:INFO:Starting cross validation
2022-07-24 20:53:17,062:INFO:Cross validating with StratifiedKFold(n_splits=10, random_state=None, shuffle=False), n_jobs=-1
2022-07-24 20:53:30,767:INFO:Calculating mean and std
2022-07-24 20:53:30,771:INFO:Creating metrics dataframe
2022-07-24 20:53:30,790:INFO:Uploading results into container
2022-07-24 20:53:30,791:INFO:Uploading model into container now
2022-07-24 20:53:30,791:INFO:create_model_container: 12
2022-07-24 20:53:30,791:INFO:master_model_container: 12
2022-07-24 20:53:30,791:INFO:display_container: 2
2022-07-24 20:53:30,793:INFO:ExtraTreesClassifier(bootstrap=False, ccp_alpha=0.0, class_weight=None,
                     criterion='gini', max_depth=None, max_features='auto',
                     max_leaf_nodes=None, max_samples=None,
                     min_impurity_decrease=0.0, min_impurity_split=None,
                     min_samples_leaf=1, min_samples_split=2,
                     min_weight_fraction_leaf=0.0, n_estimators=100, n_jobs=-1,
                     oob_score=False, random_state=731, verbose=0,
                     warm_start=False)
2022-07-24 20:53:30,793:INFO:create_model() succesfully completed......................................
2022-07-24 20:53:31,043:INFO:SubProcess create_model() end ==================================
2022-07-24 20:53:31,043:INFO:Creating metrics dataframe
2022-07-24 20:53:31,100:INFO:Initializing Light Gradient Boosting Machine
2022-07-24 20:53:31,101:INFO:Total runtime is 4.867724517981212 minutes
2022-07-24 20:53:31,129:INFO:SubProcess create_model() called ==================================
2022-07-24 20:53:31,130:INFO:Initializing create_model()
2022-07-24 20:53:31,130:INFO:create_model(estimator=lightgbm, fold=StratifiedKFold(n_splits=10, random_state=None, shuffle=False), round=4, cross_validation=True, predict=True, fit_kwargs={}, groups=None, refit=False, verbose=False, system=False, metrics=None, experiment_custom_tags=None, add_to_model_list=True, probability_threshold=None, display=<pycaret.internal.Display.Display object at 0x7f81b4dc25b0>, return_train_score=False, kwargs={})
2022-07-24 20:53:31,130:INFO:Checking exceptions
2022-07-24 20:53:31,130:INFO:Importing libraries
2022-07-24 20:53:31,131:INFO:Copying training dataset
2022-07-24 20:53:31,139:INFO:Defining folds
2022-07-24 20:53:31,139:INFO:Declaring metric variables
2022-07-24 20:53:31,165:INFO:Importing untrained model
2022-07-24 20:53:31,192:INFO:Light Gradient Boosting Machine Imported succesfully
2022-07-24 20:53:31,243:INFO:Starting cross validation
2022-07-24 20:53:31,246:INFO:Cross validating with StratifiedKFold(n_splits=10, random_state=None, shuffle=False), n_jobs=-1
2022-07-24 20:53:45,232:INFO:Calculating mean and std
2022-07-24 20:53:45,233:INFO:Creating metrics dataframe
2022-07-24 20:53:45,238:INFO:Uploading results into container
2022-07-24 20:53:45,238:INFO:Uploading model into container now
2022-07-24 20:53:45,238:INFO:create_model_container: 13
2022-07-24 20:53:45,238:INFO:master_model_container: 13
2022-07-24 20:53:45,238:INFO:display_container: 2
2022-07-24 20:53:45,238:INFO:LGBMClassifier(boosting_type='gbdt', class_weight=None, colsample_bytree=1.0,
               importance_type='split', learning_rate=0.1, max_depth=-1,
               min_child_samples=20, min_child_weight=0.001, min_split_gain=0.0,
               n_estimators=100, n_jobs=-1, num_leaves=31, objective=None,
               random_state=731, reg_alpha=0.0, reg_lambda=0.0, silent='warn',
               subsample=1.0, subsample_for_bin=200000, subsample_freq=0)
2022-07-24 20:53:45,238:INFO:create_model() succesfully completed......................................
2022-07-24 20:53:45,333:INFO:SubProcess create_model() end ==================================
2022-07-24 20:53:45,333:INFO:Creating metrics dataframe
2022-07-24 20:53:45,341:INFO:Initializing Dummy Classifier
2022-07-24 20:53:45,342:INFO:Total runtime is 5.1050723473231 minutes
2022-07-24 20:53:45,346:INFO:SubProcess create_model() called ==================================
2022-07-24 20:53:45,346:INFO:Initializing create_model()
2022-07-24 20:53:45,346:INFO:create_model(estimator=dummy, fold=StratifiedKFold(n_splits=10, random_state=None, shuffle=False), round=4, cross_validation=True, predict=True, fit_kwargs={}, groups=None, refit=False, verbose=False, system=False, metrics=None, experiment_custom_tags=None, add_to_model_list=True, probability_threshold=None, display=<pycaret.internal.Display.Display object at 0x7f81b4dc25b0>, return_train_score=False, kwargs={})
2022-07-24 20:53:45,346:INFO:Checking exceptions
2022-07-24 20:53:45,346:INFO:Importing libraries
2022-07-24 20:53:45,346:INFO:Copying training dataset
2022-07-24 20:53:45,349:INFO:Defining folds
2022-07-24 20:53:45,349:INFO:Declaring metric variables
2022-07-24 20:53:45,353:INFO:Importing untrained model
2022-07-24 20:53:45,357:INFO:Dummy Classifier Imported succesfully
2022-07-24 20:53:45,365:INFO:Starting cross validation
2022-07-24 20:53:45,365:INFO:Cross validating with StratifiedKFold(n_splits=10, random_state=None, shuffle=False), n_jobs=-1
2022-07-24 20:53:45,607:INFO:Calculating mean and std
2022-07-24 20:53:45,609:INFO:Creating metrics dataframe
2022-07-24 20:53:45,614:INFO:Uploading results into container
2022-07-24 20:53:45,614:INFO:Uploading model into container now
2022-07-24 20:53:45,614:INFO:create_model_container: 14
2022-07-24 20:53:45,614:INFO:master_model_container: 14
2022-07-24 20:53:45,614:INFO:display_container: 2
2022-07-24 20:53:45,614:INFO:DummyClassifier(constant=None, random_state=731, strategy='prior')
2022-07-24 20:53:45,614:INFO:create_model() succesfully completed......................................
2022-07-24 20:53:45,723:INFO:SubProcess create_model() end ==================================
2022-07-24 20:53:45,724:INFO:Creating metrics dataframe
2022-07-24 20:53:45,750:INFO:Initializing create_model()
2022-07-24 20:53:45,750:INFO:create_model(estimator=GradientBoostingClassifier(ccp_alpha=0.0, criterion='friedman_mse', init=None,
                           learning_rate=0.1, loss='deviance', max_depth=3,
                           max_features=None, max_leaf_nodes=None,
                           min_impurity_decrease=0.0, min_impurity_split=None,
                           min_samples_leaf=1, min_samples_split=2,
                           min_weight_fraction_leaf=0.0, n_estimators=100,
                           n_iter_no_change=None, presort='deprecated',
                           random_state=731, subsample=1.0, tol=0.0001,
                           validation_fraction=0.1, verbose=0,
                           warm_start=False), fold=StratifiedKFold(n_splits=10, random_state=None, shuffle=False), round=4, cross_validation=False, predict=False, fit_kwargs={}, groups=None, refit=True, verbose=False, system=False, metrics=None, experiment_custom_tags=None, add_to_model_list=True, probability_threshold=None, display=None, return_train_score=False, kwargs={})
2022-07-24 20:53:45,750:INFO:Checking exceptions
2022-07-24 20:53:45,750:INFO:Importing libraries
2022-07-24 20:53:45,751:INFO:Copying training dataset
2022-07-24 20:53:45,753:INFO:Defining folds
2022-07-24 20:53:45,753:INFO:Declaring metric variables
2022-07-24 20:53:45,753:INFO:Importing untrained model
2022-07-24 20:53:45,753:INFO:Declaring custom model
2022-07-24 20:53:45,754:INFO:Gradient Boosting Classifier Imported succesfully
2022-07-24 20:53:45,754:INFO:Cross validation set to False
2022-07-24 20:53:45,754:INFO:Fitting Model
2022-07-24 20:54:29,459:INFO:GradientBoostingClassifier(ccp_alpha=0.0, criterion='friedman_mse', init=None,
                           learning_rate=0.1, loss='deviance', max_depth=3,
                           max_features=None, max_leaf_nodes=None,
                           min_impurity_decrease=0.0, min_impurity_split=None,
                           min_samples_leaf=1, min_samples_split=2,
                           min_weight_fraction_leaf=0.0, n_estimators=100,
                           n_iter_no_change=None, presort='deprecated',
                           random_state=731, subsample=1.0, tol=0.0001,
                           validation_fraction=0.1, verbose=0,
                           warm_start=False)
2022-07-24 20:54:29,459:INFO:create_models() succesfully completed......................................
2022-07-24 20:54:29,551:INFO:Initializing create_model()
2022-07-24 20:54:29,552:INFO:create_model(estimator=LGBMClassifier(boosting_type='gbdt', class_weight=None, colsample_bytree=1.0,
               importance_type='split', learning_rate=0.1, max_depth=-1,
               min_child_samples=20, min_child_weight=0.001, min_split_gain=0.0,
               n_estimators=100, n_jobs=-1, num_leaves=31, objective=None,
               random_state=731, reg_alpha=0.0, reg_lambda=0.0, silent='warn',
               subsample=1.0, subsample_for_bin=200000, subsample_freq=0), fold=StratifiedKFold(n_splits=10, random_state=None, shuffle=False), round=4, cross_validation=False, predict=False, fit_kwargs={}, groups=None, refit=True, verbose=False, system=False, metrics=None, experiment_custom_tags=None, add_to_model_list=True, probability_threshold=None, display=None, return_train_score=False, kwargs={})
2022-07-24 20:54:29,552:INFO:Checking exceptions
2022-07-24 20:54:29,552:INFO:Importing libraries
2022-07-24 20:54:29,552:INFO:Copying training dataset
2022-07-24 20:54:29,554:INFO:Defining folds
2022-07-24 20:54:29,554:INFO:Declaring metric variables
2022-07-24 20:54:29,554:INFO:Importing untrained model
2022-07-24 20:54:29,554:INFO:Declaring custom model
2022-07-24 20:54:29,554:INFO:Light Gradient Boosting Machine Imported succesfully
2022-07-24 20:54:29,555:INFO:Cross validation set to False
2022-07-24 20:54:29,555:INFO:Fitting Model
2022-07-24 20:54:30,394:INFO:LGBMClassifier(boosting_type='gbdt', class_weight=None, colsample_bytree=1.0,
               importance_type='split', learning_rate=0.1, max_depth=-1,
               min_child_samples=20, min_child_weight=0.001, min_split_gain=0.0,
               n_estimators=100, n_jobs=-1, num_leaves=31, objective=None,
               random_state=731, reg_alpha=0.0, reg_lambda=0.0, silent='warn',
               subsample=1.0, subsample_for_bin=200000, subsample_freq=0)
2022-07-24 20:54:30,394:INFO:create_models() succesfully completed......................................
2022-07-24 20:54:30,490:INFO:Initializing create_model()
2022-07-24 20:54:30,491:INFO:create_model(estimator=LinearDiscriminantAnalysis(n_components=None, priors=None, shrinkage=None,
                           solver='svd', store_covariance=False, tol=0.0001), fold=StratifiedKFold(n_splits=10, random_state=None, shuffle=False), round=4, cross_validation=False, predict=False, fit_kwargs={}, groups=None, refit=True, verbose=False, system=False, metrics=None, experiment_custom_tags=None, add_to_model_list=True, probability_threshold=None, display=None, return_train_score=False, kwargs={})
2022-07-24 20:54:30,491:INFO:Checking exceptions
2022-07-24 20:54:30,491:INFO:Importing libraries
2022-07-24 20:54:30,491:INFO:Copying training dataset
2022-07-24 20:54:30,493:INFO:Defining folds
2022-07-24 20:54:30,493:INFO:Declaring metric variables
2022-07-24 20:54:30,493:INFO:Importing untrained model
2022-07-24 20:54:30,493:INFO:Declaring custom model
2022-07-24 20:54:30,493:INFO:Linear Discriminant Analysis Imported succesfully
2022-07-24 20:54:30,493:INFO:Cross validation set to False
2022-07-24 20:54:30,493:INFO:Fitting Model
2022-07-24 20:54:31,484:INFO:LinearDiscriminantAnalysis(n_components=None, priors=None, shrinkage=None,
                           solver='svd', store_covariance=False, tol=0.0001)
2022-07-24 20:54:31,484:INFO:create_models() succesfully completed......................................
2022-07-24 20:54:31,660:INFO:create_model_container: 14
2022-07-24 20:54:31,660:INFO:master_model_container: 14
2022-07-24 20:54:31,660:INFO:display_container: 2
2022-07-24 20:54:31,661:INFO:[GradientBoostingClassifier(ccp_alpha=0.0, criterion='friedman_mse', init=None,
                           learning_rate=0.1, loss='deviance', max_depth=3,
                           max_features=None, max_leaf_nodes=None,
                           min_impurity_decrease=0.0, min_impurity_split=None,
                           min_samples_leaf=1, min_samples_split=2,
                           min_weight_fraction_leaf=0.0, n_estimators=100,
                           n_iter_no_change=None, presort='deprecated',
                           random_state=731, subsample=1.0, tol=0.0001,
                           validation_fraction=0.1, verbose=0,
                           warm_start=False), LGBMClassifier(boosting_type='gbdt', class_weight=None, colsample_bytree=1.0,
               importance_type='split', learning_rate=0.1, max_depth=-1,
               min_child_samples=20, min_child_weight=0.001, min_split_gain=0.0,
               n_estimators=100, n_jobs=-1, num_leaves=31, objective=None,
               random_state=731, reg_alpha=0.0, reg_lambda=0.0, silent='warn',
               subsample=1.0, subsample_for_bin=200000, subsample_freq=0), LinearDiscriminantAnalysis(n_components=None, priors=None, shrinkage=None,
                           solver='svd', store_covariance=False, tol=0.0001)]
2022-07-24 20:54:31,662:INFO:compare_models() succesfully completed......................................
2022-07-24 20:55:43,652:INFO:Initializing blend_models()
2022-07-24 20:55:43,652:INFO:blend_models(estimator_list=[GradientBoostingClassifier(ccp_alpha=0.0, criterion='friedman_mse', init=None,
                           learning_rate=0.1, loss='deviance', max_depth=3,
                           max_features=None, max_leaf_nodes=None,
                           min_impurity_decrease=0.0, min_impurity_split=None,
                           min_samples_leaf=1, min_samples_split=2,
                           min_weight_fraction_leaf=0.0, n_estimators=100,
                           n_iter_no_change=None, presort='deprecated',
                           random_state=731, subsample=1.0, tol=0.0001,
                           validation_fraction=0.1, verbose=0,
                           warm_start=False), LGBMClassifier(boosting_type='gbdt', class_weight=None, colsample_bytree=1.0,
               importance_type='split', learning_rate=0.1, max_depth=-1,
               min_child_samples=20, min_child_weight=0.001, min_split_gain=0.0,
               n_estimators=100, n_jobs=-1, num_leaves=31, objective=None,
               random_state=731, reg_alpha=0.0, reg_lambda=0.0, silent='warn',
               subsample=1.0, subsample_for_bin=200000, subsample_freq=0), LinearDiscriminantAnalysis(n_components=None, priors=None, shrinkage=None,
                           solver='svd', store_covariance=False, tol=0.0001)], fold=5, round=4, choose_better=False, optimize=Accuracy, method=soft, weights=None, fit_kwargs=None, groups=None, probability_threshold=None, verbose=True, display=None, return_train_score=False)
2022-07-24 20:55:43,652:INFO:Checking exceptions
2022-07-24 20:55:43,653:INFO:Preparing display monitor
2022-07-24 20:55:43,665:INFO:Importing libraries
2022-07-24 20:55:43,666:INFO:Copying training dataset
2022-07-24 20:55:43,674:INFO:Getting model names
2022-07-24 20:55:43,680:INFO:SubProcess create_model() called ==================================
2022-07-24 20:55:43,684:INFO:Initializing create_model()
2022-07-24 20:55:43,684:INFO:create_model(estimator=VotingClassifier(estimators=[('gbc',
                              GradientBoostingClassifier(ccp_alpha=0.0,
                                                         criterion='friedman_mse',
                                                         init=None,
                                                         learning_rate=0.1,
                                                         loss='deviance',
                                                         max_depth=3,
                                                         max_features=None,
                                                         max_leaf_nodes=None,
                                                         min_impurity_decrease=0.0,
                                                         min_impurity_split=None,
                                                         min_samples_leaf=1,
                                                         min_samples_split=2,
                                                         min_weight_fraction_leaf=0.0,
                                                         n_estimators=100,
                                                         n_iter_no_change=No...
                                             num_leaves=31, objective=None,
                                             random_state=731, reg_alpha=0.0,
                                             reg_lambda=0.0, silent='warn',
                                             subsample=1.0,
                                             subsample_for_bin=200000,
                                             subsample_freq=0)),
                             ('lda',
                              LinearDiscriminantAnalysis(n_components=None,
                                                         priors=None,
                                                         shrinkage=None,
                                                         solver='svd',
                                                         store_covariance=False,
                                                         tol=0.0001))],
                 flatten_transform=True, n_jobs=-1, verbose=False,
                 voting='soft', weights=None), fold=StratifiedKFold(n_splits=5, random_state=None, shuffle=False), round=4, cross_validation=True, predict=True, fit_kwargs={}, groups=None, refit=True, verbose=True, system=False, metrics=None, experiment_custom_tags=None, add_to_model_list=True, probability_threshold=None, display=<pycaret.internal.Display.Display object at 0x7f81b4972460>, return_train_score=False, kwargs={})
2022-07-24 20:55:43,684:INFO:Checking exceptions
2022-07-24 20:55:43,684:INFO:Importing libraries
2022-07-24 20:55:43,684:INFO:Copying training dataset
2022-07-24 20:55:43,687:INFO:Defining folds
2022-07-24 20:55:43,687:INFO:Declaring metric variables
2022-07-24 20:55:43,692:INFO:Importing untrained model
2022-07-24 20:55:43,693:INFO:Declaring custom model
2022-07-24 20:55:43,699:INFO:Voting Classifier Imported succesfully
2022-07-24 20:55:43,710:INFO:Starting cross validation
2022-07-24 20:55:43,710:INFO:Cross validating with StratifiedKFold(n_splits=5, random_state=None, shuffle=False), n_jobs=-1
2022-07-24 20:56:20,398:INFO:Calculating mean and std
2022-07-24 20:56:20,399:INFO:Creating metrics dataframe
2022-07-24 20:56:20,404:INFO:Finalizing model
2022-07-24 20:57:02,948:INFO:Uploading results into container
2022-07-24 20:57:02,948:INFO:Uploading model into container now
2022-07-24 20:57:02,948:INFO:create_model_container: 15
2022-07-24 20:57:02,948:INFO:master_model_container: 15
2022-07-24 20:57:02,948:INFO:display_container: 3
2022-07-24 20:57:02,952:INFO:VotingClassifier(estimators=[('gbc',
                              GradientBoostingClassifier(ccp_alpha=0.0,
                                                         criterion='friedman_mse',
                                                         init=None,
                                                         learning_rate=0.1,
                                                         loss='deviance',
                                                         max_depth=3,
                                                         max_features=None,
                                                         max_leaf_nodes=None,
                                                         min_impurity_decrease=0.0,
                                                         min_impurity_split=None,
                                                         min_samples_leaf=1,
                                                         min_samples_split=2,
                                                         min_weight_fraction_leaf=0.0,
                                                         n_estimators=100,
                                                         n_iter_no_change=No...
                                             num_leaves=31, objective=None,
                                             random_state=731, reg_alpha=0.0,
                                             reg_lambda=0.0, silent='warn',
                                             subsample=1.0,
                                             subsample_for_bin=200000,
                                             subsample_freq=0)),
                             ('lda',
                              LinearDiscriminantAnalysis(n_components=None,
                                                         priors=None,
                                                         shrinkage=None,
                                                         solver='svd',
                                                         store_covariance=False,
                                                         tol=0.0001))],
                 flatten_transform=True, n_jobs=-1, verbose=False,
                 voting='soft', weights=None)
2022-07-24 20:57:02,952:INFO:create_model() succesfully completed......................................
2022-07-24 20:57:03,050:INFO:SubProcess create_model() end ==================================
2022-07-24 20:57:03,055:INFO:create_model_container: 15
2022-07-24 20:57:03,055:INFO:master_model_container: 15
2022-07-24 20:57:03,055:INFO:display_container: 3
2022-07-24 20:57:03,058:INFO:VotingClassifier(estimators=[('gbc',
                              GradientBoostingClassifier(ccp_alpha=0.0,
                                                         criterion='friedman_mse',
                                                         init=None,
                                                         learning_rate=0.1,
                                                         loss='deviance',
                                                         max_depth=3,
                                                         max_features=None,
                                                         max_leaf_nodes=None,
                                                         min_impurity_decrease=0.0,
                                                         min_impurity_split=None,
                                                         min_samples_leaf=1,
                                                         min_samples_split=2,
                                                         min_weight_fraction_leaf=0.0,
                                                         n_estimators=100,
                                                         n_iter_no_change=No...
                                             num_leaves=31, objective=None,
                                             random_state=731, reg_alpha=0.0,
                                             reg_lambda=0.0, silent='warn',
                                             subsample=1.0,
                                             subsample_for_bin=200000,
                                             subsample_freq=0)),
                             ('lda',
                              LinearDiscriminantAnalysis(n_components=None,
                                                         priors=None,
                                                         shrinkage=None,
                                                         solver='svd',
                                                         store_covariance=False,
                                                         tol=0.0001))],
                 flatten_transform=True, n_jobs=-1, verbose=False,
                 voting='soft', weights=None)
2022-07-24 20:57:03,058:INFO:blend_models() succesfully completed......................................
2022-07-24 20:57:12,358:INFO:Initializing predict_model()
2022-07-24 20:57:12,358:INFO:predict_model(estimator=VotingClassifier(estimators=[('gbc',
                              GradientBoostingClassifier(ccp_alpha=0.0,
                                                         criterion='friedman_mse',
                                                         init=None,
                                                         learning_rate=0.1,
                                                         loss='deviance',
                                                         max_depth=3,
                                                         max_features=None,
                                                         max_leaf_nodes=None,
                                                         min_impurity_decrease=0.0,
                                                         min_impurity_split=None,
                                                         min_samples_leaf=1,
                                                         min_samples_split=2,
                                                         min_weight_fraction_leaf=0.0,
                                                         n_estimators=100,
                                                         n_iter_no_change=No...
                                             num_leaves=31, objective=None,
                                             random_state=731, reg_alpha=0.0,
                                             reg_lambda=0.0, silent='warn',
                                             subsample=1.0,
                                             subsample_for_bin=200000,
                                             subsample_freq=0)),
                             ('lda',
                              LinearDiscriminantAnalysis(n_components=None,
                                                         priors=None,
                                                         shrinkage=None,
                                                         solver='svd',
                                                         store_covariance=False,
                                                         tol=0.0001))],
                 flatten_transform=True, n_jobs=-1, verbose=False,
                 voting='soft', weights=None), probability_threshold=None, encoded_labels=False, drift_report=False, raw_score=False, round=4, verbose=True, ml_usecase=MLUsecase.CLASSIFICATION, display=None, drift_kwargs=None)
2022-07-24 20:57:12,359:INFO:Checking exceptions
2022-07-24 20:57:12,359:INFO:Preloading libraries
2022-07-24 20:57:12,359:INFO:Preparing display monitor
2022-07-24 20:57:36,476:INFO:Initializing finalize_model()
2022-07-24 20:57:36,476:INFO:finalize_model(estimator=VotingClassifier(estimators=[('gbc',
                              GradientBoostingClassifier(ccp_alpha=0.0,
                                                         criterion='friedman_mse',
                                                         init=None,
                                                         learning_rate=0.1,
                                                         loss='deviance',
                                                         max_depth=3,
                                                         max_features=None,
                                                         max_leaf_nodes=None,
                                                         min_impurity_decrease=0.0,
                                                         min_impurity_split=None,
                                                         min_samples_leaf=1,
                                                         min_samples_split=2,
                                                         min_weight_fraction_leaf=0.0,
                                                         n_estimators=100,
                                                         n_iter_no_change=No...
                                             num_leaves=31, objective=None,
                                             random_state=731, reg_alpha=0.0,
                                             reg_lambda=0.0, silent='warn',
                                             subsample=1.0,
                                             subsample_for_bin=200000,
                                             subsample_freq=0)),
                             ('lda',
                              LinearDiscriminantAnalysis(n_components=None,
                                                         priors=None,
                                                         shrinkage=None,
                                                         solver='svd',
                                                         store_covariance=False,
                                                         tol=0.0001))],
                 flatten_transform=True, n_jobs=-1, verbose=False,
                 voting='soft', weights=None), fit_kwargs=None, groups=None, model_only=True, display=None, experiment_custom_tags=None, return_train_score=False)
2022-07-24 20:57:36,479:INFO:Finalizing VotingClassifier(estimators=[('gbc',
                              GradientBoostingClassifier(ccp_alpha=0.0,
                                                         criterion='friedman_mse',
                                                         init=None,
                                                         learning_rate=0.1,
                                                         loss='deviance',
                                                         max_depth=3,
                                                         max_features=None,
                                                         max_leaf_nodes=None,
                                                         min_impurity_decrease=0.0,
                                                         min_impurity_split=None,
                                                         min_samples_leaf=1,
                                                         min_samples_split=2,
                                                         min_weight_fraction_leaf=0.0,
                                                         n_estimators=100,
                                                         n_iter_no_change=No...
                                             num_leaves=31, objective=None,
                                             random_state=731, reg_alpha=0.0,
                                             reg_lambda=0.0, silent='warn',
                                             subsample=1.0,
                                             subsample_for_bin=200000,
                                             subsample_freq=0)),
                             ('lda',
                              LinearDiscriminantAnalysis(n_components=None,
                                                         priors=None,
                                                         shrinkage=None,
                                                         solver='svd',
                                                         store_covariance=False,
                                                         tol=0.0001))],
                 flatten_transform=True, n_jobs=-1, verbose=False,
                 voting='soft', weights=None)
2022-07-24 20:57:36,481:INFO:Initializing create_model()
2022-07-24 20:57:36,481:INFO:create_model(estimator=VotingClassifier(estimators=[('gbc',
                              GradientBoostingClassifier(ccp_alpha=0.0,
                                                         criterion='friedman_mse',
                                                         init=None,
                                                         learning_rate=0.1,
                                                         loss='deviance',
                                                         max_depth=3,
                                                         max_features=None,
                                                         max_leaf_nodes=None,
                                                         min_impurity_decrease=0.0,
                                                         min_impurity_split=None,
                                                         min_samples_leaf=1,
                                                         min_samples_split=2,
                                                         min_weight_fraction_leaf=0.0,
                                                         n_estimators=100,
                                                         n_iter_no_change=No...
                                             num_leaves=31, objective=None,
                                             random_state=731, reg_alpha=0.0,
                                             reg_lambda=0.0, silent='warn',
                                             subsample=1.0,
                                             subsample_for_bin=200000,
                                             subsample_freq=0)),
                             ('lda',
                              LinearDiscriminantAnalysis(n_components=None,
                                                         priors=None,
                                                         shrinkage=None,
                                                         solver='svd',
                                                         store_covariance=False,
                                                         tol=0.0001))],
                 flatten_transform=True, n_jobs=-1, verbose=False,
                 voting='soft', weights=None), fold=None, round=4, cross_validation=True, predict=True, fit_kwargs={}, groups=None, refit=True, verbose=False, system=False, metrics=None, experiment_custom_tags=None, add_to_model_list=False, probability_threshold=None, display=None, return_train_score=False, kwargs={})
2022-07-24 20:57:36,481:INFO:Checking exceptions
2022-07-24 20:57:36,482:INFO:Importing libraries
2022-07-24 20:57:36,482:INFO:Copying training dataset
2022-07-24 20:57:36,484:INFO:Defining folds
2022-07-24 20:57:36,485:INFO:Declaring metric variables
2022-07-24 20:57:36,485:INFO:Importing untrained model
2022-07-24 20:57:36,485:INFO:Declaring custom model
2022-07-24 20:57:36,486:INFO:Voting Classifier Imported succesfully
2022-07-24 20:57:36,486:INFO:Starting cross validation
2022-07-24 20:57:36,486:INFO:Cross validating with StratifiedKFold(n_splits=10, random_state=None, shuffle=False), n_jobs=-1
2022-07-24 20:58:50,102:INFO:Calculating mean and std
2022-07-24 20:58:50,103:INFO:Creating metrics dataframe
2022-07-24 20:58:50,106:INFO:Finalizing model
2022-07-24 20:59:57,484:INFO:create_model_container: 15
2022-07-24 20:59:57,485:INFO:master_model_container: 15
2022-07-24 20:59:57,485:INFO:display_container: 4
2022-07-24 20:59:57,487:INFO:VotingClassifier(estimators=[('gbc',
                              GradientBoostingClassifier(ccp_alpha=0.0,
                                                         criterion='friedman_mse',
                                                         init=None,
                                                         learning_rate=0.1,
                                                         loss='deviance',
                                                         max_depth=3,
                                                         max_features=None,
                                                         max_leaf_nodes=None,
                                                         min_impurity_decrease=0.0,
                                                         min_impurity_split=None,
                                                         min_samples_leaf=1,
                                                         min_samples_split=2,
                                                         min_weight_fraction_leaf=0.0,
                                                         n_estimators=100,
                                                         n_iter_no_change=No...
                                             num_leaves=31, objective=None,
                                             random_state=731, reg_alpha=0.0,
                                             reg_lambda=0.0, silent='warn',
                                             subsample=1.0,
                                             subsample_for_bin=200000,
                                             subsample_freq=0)),
                             ('lda',
                              LinearDiscriminantAnalysis(n_components=None,
                                                         priors=None,
                                                         shrinkage=None,
                                                         solver='svd',
                                                         store_covariance=False,
                                                         tol=0.0001))],
                 flatten_transform=True, n_jobs=-1, verbose=False,
                 voting='soft', weights=None)
2022-07-24 20:59:57,487:INFO:create_model() succesfully completed......................................
2022-07-24 20:59:57,620:INFO:create_model_container: 15
2022-07-24 20:59:57,620:INFO:master_model_container: 15
2022-07-24 20:59:57,620:INFO:display_container: 3
2022-07-24 20:59:57,622:INFO:VotingClassifier(estimators=[('gbc',
                              GradientBoostingClassifier(ccp_alpha=0.0,
                                                         criterion='friedman_mse',
                                                         init=None,
                                                         learning_rate=0.1,
                                                         loss='deviance',
                                                         max_depth=3,
                                                         max_features=None,
                                                         max_leaf_nodes=None,
                                                         min_impurity_decrease=0.0,
                                                         min_impurity_split=None,
                                                         min_samples_leaf=1,
                                                         min_samples_split=2,
                                                         min_weight_fraction_leaf=0.0,
                                                         n_estimators=100,
                                                         n_iter_no_change=No...
                                             num_leaves=31, objective=None,
                                             random_state=731, reg_alpha=0.0,
                                             reg_lambda=0.0, silent='warn',
                                             subsample=1.0,
                                             subsample_for_bin=200000,
                                             subsample_freq=0)),
                             ('lda',
                              LinearDiscriminantAnalysis(n_components=None,
                                                         priors=None,
                                                         shrinkage=None,
                                                         solver='svd',
                                                         store_covariance=False,
                                                         tol=0.0001))],
                 flatten_transform=True, n_jobs=-1, verbose=False,
                 voting='soft', weights=None)
2022-07-24 20:59:57,622:INFO:finalize_model() succesfully completed......................................
2022-07-24 20:59:57,750:INFO:Initializing predict_model()
2022-07-24 20:59:57,750:INFO:predict_model(estimator=VotingClassifier(estimators=[('gbc',
                              GradientBoostingClassifier(ccp_alpha=0.0,
                                                         criterion='friedman_mse',
                                                         init=None,
                                                         learning_rate=0.1,
                                                         loss='deviance',
                                                         max_depth=3,
                                                         max_features=None,
                                                         max_leaf_nodes=None,
                                                         min_impurity_decrease=0.0,
                                                         min_impurity_split=None,
                                                         min_samples_leaf=1,
                                                         min_samples_split=2,
                                                         min_weight_fraction_leaf=0.0,
                                                         n_estimators=100,
                                                         n_iter_no_change=No...
                                             num_leaves=31, objective=None,
                                             random_state=731, reg_alpha=0.0,
                                             reg_lambda=0.0, silent='warn',
                                             subsample=1.0,
                                             subsample_for_bin=200000,
                                             subsample_freq=0)),
                             ('lda',
                              LinearDiscriminantAnalysis(n_components=None,
                                                         priors=None,
                                                         shrinkage=None,
                                                         solver='svd',
                                                         store_covariance=False,
                                                         tol=0.0001))],
                 flatten_transform=True, n_jobs=-1, verbose=False,
                 voting='soft', weights=None), probability_threshold=None, encoded_labels=False, drift_report=False, raw_score=False, round=4, verbose=True, ml_usecase=MLUsecase.CLASSIFICATION, display=None, drift_kwargs=None)
2022-07-24 20:59:57,750:INFO:Checking exceptions
2022-07-24 20:59:57,750:INFO:Preloading libraries
2022-07-24 20:59:57,750:INFO:Preparing display monitor
2022-07-24 21:00:24,882:INFO:Initializing predict_model()
2022-07-24 21:00:24,882:INFO:predict_model(estimator=VotingClassifier(estimators=[('gbc',
                              GradientBoostingClassifier(ccp_alpha=0.0,
                                                         criterion='friedman_mse',
                                                         init=None,
                                                         learning_rate=0.1,
                                                         loss='deviance',
                                                         max_depth=3,
                                                         max_features=None,
                                                         max_leaf_nodes=None,
                                                         min_impurity_decrease=0.0,
                                                         min_impurity_split=None,
                                                         min_samples_leaf=1,
                                                         min_samples_split=2,
                                                         min_weight_fraction_leaf=0.0,
                                                         n_estimators=100,
                                                         n_iter_no_change=No...
                                             num_leaves=31, objective=None,
                                             random_state=731, reg_alpha=0.0,
                                             reg_lambda=0.0, silent='warn',
                                             subsample=1.0,
                                             subsample_for_bin=200000,
                                             subsample_freq=0)),
                             ('lda',
                              LinearDiscriminantAnalysis(n_components=None,
                                                         priors=None,
                                                         shrinkage=None,
                                                         solver='svd',
                                                         store_covariance=False,
                                                         tol=0.0001))],
                 flatten_transform=True, n_jobs=-1, verbose=False,
                 voting='soft', weights=None), probability_threshold=None, encoded_labels=False, drift_report=False, raw_score=False, round=4, verbose=True, ml_usecase=MLUsecase.CLASSIFICATION, display=None, drift_kwargs=None)
2022-07-24 21:00:24,882:INFO:Checking exceptions
2022-07-24 21:00:24,882:INFO:Preloading libraries
2022-07-24 21:00:24,882:INFO:Preparing display monitor
2022-07-24 21:17:17,985:INFO:PyCaret Supervised Module
2022-07-24 21:17:17,986:INFO:ML Usecase: classification
2022-07-24 21:17:17,986:INFO:version 2.3.10
2022-07-24 21:17:17,986:INFO:Initializing setup()
2022-07-24 21:17:17,986:INFO:setup(target=voted, ml_usecase=classification, available_plots={'parameter': 'Hyperparameters', 'auc': 'AUC', 'confusion_matrix': 'Confusion Matrix', 'threshold': 'Threshold', 'pr': 'Precision Recall', 'error': 'Prediction Error', 'class_report': 'Class Report', 'rfe': 'Feature Selection', 'learning': 'Learning Curve', 'manifold': 'Manifold Learning', 'calibration': 'Calibration Curve', 'vc': 'Validation Curve', 'dimension': 'Dimensions', 'feature': 'Feature Importance', 'feature_all': 'Feature Importance (All)', 'boundary': 'Decision Boundary', 'lift': 'Lift Chart', 'gain': 'Gain Chart', 'tree': 'Decision Tree', 'ks': 'KS Statistic Plot'}, train_size=0.7, test_data=None, preprocess=True, imputation_type=simple, iterative_imputation_iters=5, categorical_features=None, categorical_imputation=constant, categorical_iterative_imputer=lightgbm, ordinal_features=None, high_cardinality_features=None, high_cardinality_method=frequency, numeric_features=None, numeric_imputation=mean, numeric_iterative_imputer=lightgbm, date_features=None, ignore_features=None, normalize=False, normalize_method=zscore, transformation=False, transformation_method=yeo-johnson, handle_unknown_categorical=True, unknown_categorical_method=least_frequent, pca=False, pca_method=linear, pca_components=None, ignore_low_variance=False, combine_rare_levels=False, rare_level_threshold=0.1, bin_numeric_features=None, remove_outliers=False, outliers_threshold=0.05, remove_multicollinearity=False, multicollinearity_threshold=0.9, remove_perfect_collinearity=True, create_clusters=False, cluster_iter=20, polynomial_features=False, polynomial_degree=2, trigonometry_features=False, polynomial_threshold=0.1, group_features=None, group_names=None, feature_selection=False, feature_selection_threshold=0.8, feature_selection_method=classic, feature_interaction=False, feature_ratio=False, interaction_threshold=0.01, fix_imbalance=False, fix_imbalance_method=None, transform_target=False, transform_target_method=box-cox, data_split_shuffle=True, data_split_stratify=False, fold_strategy=stratifiedkfold, fold=10, fold_shuffle=False, fold_groups=None, n_jobs=-1, use_gpu=False, custom_pipeline=None, html=True, session_id=None, log_experiment=False, experiment_name=None, experiment_custom_tags=None, log_plots=False, log_profile=False, log_data=False, silent=False, verbose=True, profile=False, profile_kwargs=None, display=None)
2022-07-24 21:17:17,986:INFO:Checking environment
2022-07-24 21:17:17,986:INFO:python_version: 3.9.12
2022-07-24 21:17:17,986:INFO:python_build: ('main', 'Jun  1 2022 11:38:51')
2022-07-24 21:17:17,986:INFO:machine: x86_64
2022-07-24 21:17:17,986:INFO:platform: Linux-5.15.0-41-generic-x86_64-with-glibc2.35
2022-07-24 21:17:17,986:INFO:Memory: svmem(total=134934683648, available=116012032000, percent=14.0, used=17493307392, free=96094498816, active=4437016576, inactive=31385616384, buffers=557912064, cached=20788965376, shared=172371968, slab=2020134912)
2022-07-24 21:17:17,989:INFO:Physical Core: 64
2022-07-24 21:17:17,989:INFO:Logical Core: 128
2022-07-24 21:17:17,989:INFO:Checking libraries
2022-07-24 21:17:17,989:INFO:pd==1.4.3
2022-07-24 21:17:17,989:INFO:numpy==1.19.5
2022-07-24 21:17:17,989:INFO:sklearn==0.23.2
2022-07-24 21:17:17,989:INFO:lightgbm==3.3.2
2022-07-24 21:17:17,989:WARNING:catboost not found
2022-07-24 21:17:17,989:WARNING:xgboost not found
2022-07-24 21:17:17,989:INFO:mlflow==1.27.0
2022-07-24 21:17:17,989:INFO:Checking Exceptions
2022-07-24 21:17:17,989:INFO:Declaring global variables
2022-07-24 21:17:17,989:INFO:USI: af77
2022-07-24 21:17:17,990:INFO:pycaret_globals: {'imputation_regressor', 'stratify_param', 'dashboard_logger', 'fold_groups_param', '_all_models_internal', 'experiment__', 'fold_groups_param_full', 'transform_target_method_param', 'create_model_container', 'pycaret_globals', 'gpu_param', '_all_metrics', 'X_train', 'USI', 'data_before_preprocess', 'seed', 'logging_param', 'prep_pipe', '_ml_usecase', '_gpu_n_jobs_param', 'imputation_classifier', 'y_test', 'y', '_available_plots', 'fold_generator', 'fix_imbalance_param', 'fix_imbalance_method_param', 'fold_param', 'n_jobs_param', 'html_param', 'target_param', 'X_test', 'X', 'y_train', 'exp_name_log', '_all_models', 'iterative_imputation_iters_param', 'display_container', '_internal_pipeline', 'transform_target_param', 'fold_shuffle_param', 'master_model_container', 'log_plots_param'}
2022-07-24 21:17:17,990:INFO:Preparing display monitor
2022-07-24 21:17:17,990:INFO:Preparing display monitor
2022-07-24 21:17:18,000:INFO:Importing libraries
2022-07-24 21:17:18,000:INFO:Copying data for preprocessing
2022-07-24 21:17:18,014:INFO:Declaring preprocessing parameters
2022-07-24 21:17:18,034:INFO:Creating preprocessing pipeline
2022-07-24 21:17:18,664:INFO:Preprocessing pipeline created successfully
2022-07-24 21:17:18,664:ERROR:(Process Exit): setup has been interupted with user command 'quit'. setup must rerun.
2022-07-24 21:17:18,664:INFO:Creating global containers
2022-07-24 21:17:18,665:INFO:Internal pipeline: Pipeline(memory=None, steps=[('empty_step', 'passthrough')], verbose=False)
2022-07-24 21:17:25,241:WARNING:Couldn't import xgboost.XGBClassifier
2022-07-24 21:17:25,242:WARNING:Couldn't import catboost.CatBoostClassifier
2022-07-24 21:17:25,311:WARNING:Couldn't import xgboost.XGBClassifier
2022-07-24 21:17:25,312:WARNING:Couldn't import catboost.CatBoostClassifier
2022-07-24 21:17:25,312:INFO:Creating grid variables
2022-07-24 21:17:25,328:INFO:create_model_container: 0
2022-07-24 21:17:25,328:INFO:master_model_container: 0
2022-07-24 21:17:25,328:INFO:display_container: 1
2022-07-24 21:17:25,331:INFO:Pipeline(memory=None,
         steps=[('dtypes',
                 DataTypes_Auto_infer(categorical_features=[],
                                      display_types=True, features_todrop=[],
                                      id_columns=[],
                                      ml_usecase='classification',
                                      numerical_features=[], target='voted',
                                      time_features=[])),
                ('imputer',
                 Simple_Imputer(categorical_strategy='not_available',
                                fill_value_categorical=None,
                                fill_value_numerical=None,
                                numeric_strate...
                ('scaling', 'passthrough'), ('P_transform', 'passthrough'),
                ('binn', 'passthrough'), ('rem_outliers', 'passthrough'),
                ('cluster_all', 'passthrough'),
                ('dummy', Dummify(target='voted')),
                ('fix_perfect', Remove_100(target='voted')),
                ('clean_names', Clean_Colum_Names()),
                ('feature_select', 'passthrough'), ('fix_multi', 'passthrough'),
                ('dfs', 'passthrough'), ('pca', 'passthrough')],
         verbose=False)
2022-07-24 21:17:25,331:INFO:setup() succesfully completed......................................
2022-07-24 21:17:25,493:INFO:Initializing compare_models()
2022-07-24 21:17:25,494:INFO:compare_models(include=None, fold=None, round=4, cross_validation=True, sort=AUC, n_select=3, budget_time=None, turbo=True, errors=ignore, fit_kwargs=None, groups=None, experiment_custom_tags=None, probability_threshold=None, verbose=True, display=None, exclude=None)
2022-07-24 21:17:25,494:INFO:Checking exceptions
2022-07-24 21:17:25,495:INFO:Preparing display monitor
2022-07-24 21:17:25,495:INFO:Preparing display monitor
2022-07-24 21:17:25,509:INFO:Initializing Logistic Regression
2022-07-24 21:17:25,510:INFO:Total runtime is 2.014636993408203e-06 minutes
2022-07-24 21:17:25,513:INFO:SubProcess create_model() called ==================================
2022-07-24 21:17:25,514:INFO:Initializing create_model()
2022-07-24 21:17:25,514:INFO:create_model(estimator=lr, fold=StratifiedKFold(n_splits=10, random_state=None, shuffle=False), round=4, cross_validation=True, predict=True, fit_kwargs={}, groups=None, refit=False, verbose=False, system=False, metrics=None, experiment_custom_tags=None, add_to_model_list=True, probability_threshold=None, display=<pycaret.internal.Display.Display object at 0x7fa2e1d00610>, return_train_score=False, kwargs={})
2022-07-24 21:17:25,514:INFO:Checking exceptions
2022-07-24 21:17:25,514:INFO:Importing libraries
2022-07-24 21:17:25,514:INFO:Copying training dataset
2022-07-24 21:17:25,519:INFO:Defining folds
2022-07-24 21:17:25,519:INFO:Declaring metric variables
2022-07-24 21:17:25,523:INFO:Importing untrained model
2022-07-24 21:17:25,526:INFO:Logistic Regression Imported succesfully
2022-07-24 21:17:25,534:INFO:Starting cross validation
2022-07-24 21:17:25,534:INFO:Cross validating with StratifiedKFold(n_splits=10, random_state=None, shuffle=False), n_jobs=-1
2022-07-24 21:17:34,306:INFO:Calculating mean and std
2022-07-24 21:17:34,307:INFO:Creating metrics dataframe
2022-07-24 21:17:34,313:INFO:Uploading results into container
2022-07-24 21:17:34,313:INFO:Uploading model into container now
2022-07-24 21:17:34,313:INFO:create_model_container: 1
2022-07-24 21:17:34,313:INFO:master_model_container: 1
2022-07-24 21:17:34,313:INFO:display_container: 2
2022-07-24 21:17:34,314:INFO:LogisticRegression(C=1.0, class_weight=None, dual=False, fit_intercept=True,
                   intercept_scaling=1, l1_ratio=None, max_iter=1000,
                   multi_class='auto', n_jobs=None, penalty='l2',
                   random_state=472, solver='lbfgs', tol=0.0001, verbose=0,
                   warm_start=False)
2022-07-24 21:17:34,314:INFO:create_model() succesfully completed......................................
2022-07-24 21:17:34,415:INFO:SubProcess create_model() end ==================================
2022-07-24 21:17:34,415:INFO:Creating metrics dataframe
2022-07-24 21:17:34,422:INFO:Initializing K Neighbors Classifier
2022-07-24 21:17:34,422:INFO:Total runtime is 0.14854054450988768 minutes
2022-07-24 21:17:34,426:INFO:SubProcess create_model() called ==================================
2022-07-24 21:17:34,426:INFO:Initializing create_model()
2022-07-24 21:17:34,426:INFO:create_model(estimator=knn, fold=StratifiedKFold(n_splits=10, random_state=None, shuffle=False), round=4, cross_validation=True, predict=True, fit_kwargs={}, groups=None, refit=False, verbose=False, system=False, metrics=None, experiment_custom_tags=None, add_to_model_list=True, probability_threshold=None, display=<pycaret.internal.Display.Display object at 0x7fa2e1d00610>, return_train_score=False, kwargs={})
2022-07-24 21:17:34,426:INFO:Checking exceptions
2022-07-24 21:17:34,426:INFO:Importing libraries
2022-07-24 21:17:34,426:INFO:Copying training dataset
2022-07-24 21:17:34,429:INFO:Defining folds
2022-07-24 21:17:34,429:INFO:Declaring metric variables
2022-07-24 21:17:34,433:INFO:Importing untrained model
2022-07-24 21:17:34,437:INFO:K Neighbors Classifier Imported succesfully
2022-07-24 21:17:34,444:INFO:Starting cross validation
2022-07-24 21:17:34,445:INFO:Cross validating with StratifiedKFold(n_splits=10, random_state=None, shuffle=False), n_jobs=-1
2022-07-24 21:19:55,970:INFO:Calculating mean and std
2022-07-24 21:19:55,974:INFO:Creating metrics dataframe
2022-07-24 21:19:55,993:INFO:Uploading results into container
2022-07-24 21:19:55,994:INFO:Uploading model into container now
2022-07-24 21:19:55,994:INFO:create_model_container: 2
2022-07-24 21:19:55,994:INFO:master_model_container: 2
2022-07-24 21:19:55,994:INFO:display_container: 2
2022-07-24 21:19:55,996:INFO:KNeighborsClassifier(algorithm='auto', leaf_size=30, metric='minkowski',
                     metric_params=None, n_jobs=-1, n_neighbors=5, p=2,
                     weights='uniform')
2022-07-24 21:19:55,996:INFO:create_model() succesfully completed......................................
2022-07-24 21:19:56,244:INFO:SubProcess create_model() end ==================================
2022-07-24 21:19:56,245:INFO:Creating metrics dataframe
2022-07-24 21:19:56,290:INFO:Initializing Naive Bayes
2022-07-24 21:19:56,291:INFO:Total runtime is 2.513017888863881 minutes
2022-07-24 21:19:56,318:INFO:SubProcess create_model() called ==================================
2022-07-24 21:19:56,319:INFO:Initializing create_model()
2022-07-24 21:19:56,320:INFO:create_model(estimator=nb, fold=StratifiedKFold(n_splits=10, random_state=None, shuffle=False), round=4, cross_validation=True, predict=True, fit_kwargs={}, groups=None, refit=False, verbose=False, system=False, metrics=None, experiment_custom_tags=None, add_to_model_list=True, probability_threshold=None, display=<pycaret.internal.Display.Display object at 0x7fa2e1d00610>, return_train_score=False, kwargs={})
2022-07-24 21:19:56,320:INFO:Checking exceptions
2022-07-24 21:19:56,320:INFO:Importing libraries
2022-07-24 21:19:56,320:INFO:Copying training dataset
2022-07-24 21:19:56,329:INFO:Defining folds
2022-07-24 21:19:56,329:INFO:Declaring metric variables
2022-07-24 21:19:56,355:INFO:Importing untrained model
2022-07-24 21:19:56,381:INFO:Naive Bayes Imported succesfully
2022-07-24 21:19:56,433:INFO:Starting cross validation
2022-07-24 21:19:56,435:INFO:Cross validating with StratifiedKFold(n_splits=10, random_state=None, shuffle=False), n_jobs=-1
2022-07-24 21:20:03,192:INFO:Calculating mean and std
2022-07-24 21:20:03,195:INFO:Creating metrics dataframe
2022-07-24 21:20:03,214:INFO:Uploading results into container
2022-07-24 21:20:03,214:INFO:Uploading model into container now
2022-07-24 21:20:03,214:INFO:create_model_container: 3
2022-07-24 21:20:03,215:INFO:master_model_container: 3
2022-07-24 21:20:03,215:INFO:display_container: 2
2022-07-24 21:20:03,216:INFO:GaussianNB(priors=None, var_smoothing=1e-09)
2022-07-24 21:20:03,216:INFO:create_model() succesfully completed......................................
2022-07-24 21:20:03,463:INFO:SubProcess create_model() end ==================================
2022-07-24 21:20:03,463:INFO:Creating metrics dataframe
2022-07-24 21:20:03,510:INFO:Initializing Decision Tree Classifier
2022-07-24 21:20:03,510:INFO:Total runtime is 2.6333500107129413 minutes
2022-07-24 21:20:03,539:INFO:SubProcess create_model() called ==================================
2022-07-24 21:20:03,540:INFO:Initializing create_model()
2022-07-24 21:20:03,540:INFO:create_model(estimator=dt, fold=StratifiedKFold(n_splits=10, random_state=None, shuffle=False), round=4, cross_validation=True, predict=True, fit_kwargs={}, groups=None, refit=False, verbose=False, system=False, metrics=None, experiment_custom_tags=None, add_to_model_list=True, probability_threshold=None, display=<pycaret.internal.Display.Display object at 0x7fa2e1d00610>, return_train_score=False, kwargs={})
2022-07-24 21:20:03,540:INFO:Checking exceptions
2022-07-24 21:20:03,541:INFO:Importing libraries
2022-07-24 21:20:03,541:INFO:Copying training dataset
2022-07-24 21:20:03,549:INFO:Defining folds
2022-07-24 21:20:03,550:INFO:Declaring metric variables
2022-07-24 21:20:03,575:INFO:Importing untrained model
2022-07-24 21:20:03,602:INFO:Decision Tree Classifier Imported succesfully
2022-07-24 21:20:03,653:INFO:Starting cross validation
2022-07-24 21:20:03,655:INFO:Cross validating with StratifiedKFold(n_splits=10, random_state=None, shuffle=False), n_jobs=-1
2022-07-24 21:20:21,564:INFO:Calculating mean and std
2022-07-24 21:20:21,565:INFO:Creating metrics dataframe
2022-07-24 21:20:21,570:INFO:Uploading results into container
2022-07-24 21:20:21,570:INFO:Uploading model into container now
2022-07-24 21:20:21,570:INFO:create_model_container: 4
2022-07-24 21:20:21,570:INFO:master_model_container: 4
2022-07-24 21:20:21,570:INFO:display_container: 2
2022-07-24 21:20:21,570:INFO:DecisionTreeClassifier(ccp_alpha=0.0, class_weight=None, criterion='gini',
                       max_depth=None, max_features=None, max_leaf_nodes=None,
                       min_impurity_decrease=0.0, min_impurity_split=None,
                       min_samples_leaf=1, min_samples_split=2,
                       min_weight_fraction_leaf=0.0, presort='deprecated',
                       random_state=472, splitter='best')
2022-07-24 21:20:21,571:INFO:create_model() succesfully completed......................................
2022-07-24 21:20:21,666:INFO:SubProcess create_model() end ==================================
2022-07-24 21:20:21,667:INFO:Creating metrics dataframe
2022-07-24 21:20:21,674:INFO:Initializing SVM - Linear Kernel
2022-07-24 21:20:21,674:INFO:Total runtime is 2.936080272992452 minutes
2022-07-24 21:20:21,679:INFO:SubProcess create_model() called ==================================
2022-07-24 21:20:21,679:INFO:Initializing create_model()
2022-07-24 21:20:21,679:INFO:create_model(estimator=svm, fold=StratifiedKFold(n_splits=10, random_state=None, shuffle=False), round=4, cross_validation=True, predict=True, fit_kwargs={}, groups=None, refit=False, verbose=False, system=False, metrics=None, experiment_custom_tags=None, add_to_model_list=True, probability_threshold=None, display=<pycaret.internal.Display.Display object at 0x7fa2e1d00610>, return_train_score=False, kwargs={})
2022-07-24 21:20:21,679:INFO:Checking exceptions
2022-07-24 21:20:21,679:INFO:Importing libraries
2022-07-24 21:20:21,679:INFO:Copying training dataset
2022-07-24 21:20:21,681:INFO:Defining folds
2022-07-24 21:20:21,682:INFO:Declaring metric variables
2022-07-24 21:20:21,686:INFO:Importing untrained model
2022-07-24 21:20:21,691:INFO:SVM - Linear Kernel Imported succesfully
2022-07-24 21:20:21,700:INFO:Starting cross validation
2022-07-24 21:20:21,700:INFO:Cross validating with StratifiedKFold(n_splits=10, random_state=None, shuffle=False), n_jobs=-1
2022-07-24 21:20:38,036:INFO:Calculating mean and std
2022-07-24 21:20:38,036:INFO:Creating metrics dataframe
2022-07-24 21:20:38,040:INFO:Uploading results into container
2022-07-24 21:20:38,040:INFO:Uploading model into container now
2022-07-24 21:20:38,040:INFO:create_model_container: 5
2022-07-24 21:20:38,040:INFO:master_model_container: 5
2022-07-24 21:20:38,040:INFO:display_container: 2
2022-07-24 21:20:38,041:INFO:SGDClassifier(alpha=0.0001, average=False, class_weight=None,
              early_stopping=False, epsilon=0.1, eta0=0.001, fit_intercept=True,
              l1_ratio=0.15, learning_rate='optimal', loss='hinge',
              max_iter=1000, n_iter_no_change=5, n_jobs=-1, penalty='l2',
              power_t=0.5, random_state=472, shuffle=True, tol=0.001,
              validation_fraction=0.1, verbose=0, warm_start=False)
2022-07-24 21:20:38,041:INFO:create_model() succesfully completed......................................
2022-07-24 21:20:38,132:INFO:SubProcess create_model() end ==================================
2022-07-24 21:20:38,133:INFO:Creating metrics dataframe
2022-07-24 21:20:38,140:INFO:Initializing Ridge Classifier
2022-07-24 21:20:38,140:INFO:Total runtime is 3.210515240828196 minutes
2022-07-24 21:20:38,145:INFO:SubProcess create_model() called ==================================
2022-07-24 21:20:38,145:INFO:Initializing create_model()
2022-07-24 21:20:38,145:INFO:create_model(estimator=ridge, fold=StratifiedKFold(n_splits=10, random_state=None, shuffle=False), round=4, cross_validation=True, predict=True, fit_kwargs={}, groups=None, refit=False, verbose=False, system=False, metrics=None, experiment_custom_tags=None, add_to_model_list=True, probability_threshold=None, display=<pycaret.internal.Display.Display object at 0x7fa2e1d00610>, return_train_score=False, kwargs={})
2022-07-24 21:20:38,145:INFO:Checking exceptions
2022-07-24 21:20:38,145:INFO:Importing libraries
2022-07-24 21:20:38,145:INFO:Copying training dataset
2022-07-24 21:20:38,147:INFO:Defining folds
2022-07-24 21:20:38,147:INFO:Declaring metric variables
2022-07-24 21:20:38,152:INFO:Importing untrained model
2022-07-24 21:20:38,156:INFO:Ridge Classifier Imported succesfully
2022-07-24 21:20:38,165:INFO:Starting cross validation
2022-07-24 21:20:38,165:INFO:Cross validating with StratifiedKFold(n_splits=10, random_state=None, shuffle=False), n_jobs=-1
2022-07-24 21:20:39,832:INFO:Calculating mean and std
2022-07-24 21:20:39,833:INFO:Creating metrics dataframe
2022-07-24 21:20:39,838:INFO:Uploading results into container
2022-07-24 21:20:39,838:INFO:Uploading model into container now
2022-07-24 21:20:39,838:INFO:create_model_container: 6
2022-07-24 21:20:39,838:INFO:master_model_container: 6
2022-07-24 21:20:39,839:INFO:display_container: 2
2022-07-24 21:20:39,839:INFO:RidgeClassifier(alpha=1.0, class_weight=None, copy_X=True, fit_intercept=True,
                max_iter=None, normalize=False, random_state=472, solver='auto',
                tol=0.001)
2022-07-24 21:20:39,839:INFO:create_model() succesfully completed......................................
2022-07-24 21:20:39,936:INFO:SubProcess create_model() end ==================================
2022-07-24 21:20:39,936:INFO:Creating metrics dataframe
2022-07-24 21:20:39,944:INFO:Initializing Random Forest Classifier
2022-07-24 21:20:39,944:INFO:Total runtime is 3.2405752499898273 minutes
2022-07-24 21:20:39,948:INFO:SubProcess create_model() called ==================================
2022-07-24 21:20:39,948:INFO:Initializing create_model()
2022-07-24 21:20:39,948:INFO:create_model(estimator=rf, fold=StratifiedKFold(n_splits=10, random_state=None, shuffle=False), round=4, cross_validation=True, predict=True, fit_kwargs={}, groups=None, refit=False, verbose=False, system=False, metrics=None, experiment_custom_tags=None, add_to_model_list=True, probability_threshold=None, display=<pycaret.internal.Display.Display object at 0x7fa2e1d00610>, return_train_score=False, kwargs={})
2022-07-24 21:20:39,948:INFO:Checking exceptions
2022-07-24 21:20:39,948:INFO:Importing libraries
2022-07-24 21:20:39,948:INFO:Copying training dataset
2022-07-24 21:20:39,951:INFO:Defining folds
2022-07-24 21:20:39,951:INFO:Declaring metric variables
2022-07-24 21:20:39,955:INFO:Importing untrained model
2022-07-24 21:20:39,960:INFO:Random Forest Classifier Imported succesfully
2022-07-24 21:20:39,969:INFO:Starting cross validation
2022-07-24 21:20:39,969:INFO:Cross validating with StratifiedKFold(n_splits=10, random_state=None, shuffle=False), n_jobs=-1
2022-07-24 21:20:50,394:INFO:Calculating mean and std
2022-07-24 21:20:50,398:INFO:Creating metrics dataframe
2022-07-24 21:20:50,417:INFO:Uploading results into container
2022-07-24 21:20:50,418:INFO:Uploading model into container now
2022-07-24 21:20:50,418:INFO:create_model_container: 7
2022-07-24 21:20:50,418:INFO:master_model_container: 7
2022-07-24 21:20:50,418:INFO:display_container: 2
2022-07-24 21:20:50,420:INFO:RandomForestClassifier(bootstrap=True, ccp_alpha=0.0, class_weight=None,
                       criterion='gini', max_depth=None, max_features='auto',
                       max_leaf_nodes=None, max_samples=None,
                       min_impurity_decrease=0.0, min_impurity_split=None,
                       min_samples_leaf=1, min_samples_split=2,
                       min_weight_fraction_leaf=0.0, n_estimators=100,
                       n_jobs=-1, oob_score=False, random_state=472, verbose=0,
                       warm_start=False)
2022-07-24 21:20:50,420:INFO:create_model() succesfully completed......................................
2022-07-24 21:20:50,669:INFO:SubProcess create_model() end ==================================
2022-07-24 21:20:50,669:INFO:Creating metrics dataframe
2022-07-24 21:20:50,720:INFO:Initializing Quadratic Discriminant Analysis
2022-07-24 21:20:50,721:INFO:Total runtime is 3.4201904972394304 minutes
2022-07-24 21:20:50,749:INFO:SubProcess create_model() called ==================================
2022-07-24 21:20:50,750:INFO:Initializing create_model()
2022-07-24 21:20:50,750:INFO:create_model(estimator=qda, fold=StratifiedKFold(n_splits=10, random_state=None, shuffle=False), round=4, cross_validation=True, predict=True, fit_kwargs={}, groups=None, refit=False, verbose=False, system=False, metrics=None, experiment_custom_tags=None, add_to_model_list=True, probability_threshold=None, display=<pycaret.internal.Display.Display object at 0x7fa2e1d00610>, return_train_score=False, kwargs={})
2022-07-24 21:20:50,751:INFO:Checking exceptions
2022-07-24 21:20:50,751:INFO:Importing libraries
2022-07-24 21:20:50,751:INFO:Copying training dataset
2022-07-24 21:20:50,759:INFO:Defining folds
2022-07-24 21:20:50,760:INFO:Declaring metric variables
2022-07-24 21:20:50,786:INFO:Importing untrained model
2022-07-24 21:20:50,812:INFO:Quadratic Discriminant Analysis Imported succesfully
2022-07-24 21:20:50,864:INFO:Starting cross validation
2022-07-24 21:20:50,866:INFO:Cross validating with StratifiedKFold(n_splits=10, random_state=None, shuffle=False), n_jobs=-1
2022-07-24 21:20:56,763:INFO:Calculating mean and std
2022-07-24 21:20:56,764:INFO:Creating metrics dataframe
2022-07-24 21:20:56,769:INFO:Uploading results into container
2022-07-24 21:20:56,769:INFO:Uploading model into container now
2022-07-24 21:20:56,770:INFO:create_model_container: 8
2022-07-24 21:20:56,770:INFO:master_model_container: 8
2022-07-24 21:20:56,770:INFO:display_container: 2
2022-07-24 21:20:56,770:INFO:QuadraticDiscriminantAnalysis(priors=None, reg_param=0.0,
                              store_covariance=False, tol=0.0001)
2022-07-24 21:20:56,770:INFO:create_model() succesfully completed......................................
2022-07-24 21:20:56,869:INFO:SubProcess create_model() end ==================================
2022-07-24 21:20:56,869:INFO:Creating metrics dataframe
2022-07-24 21:20:56,878:INFO:Initializing Ada Boost Classifier
2022-07-24 21:20:56,879:INFO:Total runtime is 3.5228194395701085 minutes
2022-07-24 21:20:56,884:INFO:SubProcess create_model() called ==================================
2022-07-24 21:20:56,884:INFO:Initializing create_model()
2022-07-24 21:20:56,884:INFO:create_model(estimator=ada, fold=StratifiedKFold(n_splits=10, random_state=None, shuffle=False), round=4, cross_validation=True, predict=True, fit_kwargs={}, groups=None, refit=False, verbose=False, system=False, metrics=None, experiment_custom_tags=None, add_to_model_list=True, probability_threshold=None, display=<pycaret.internal.Display.Display object at 0x7fa2e1d00610>, return_train_score=False, kwargs={})
2022-07-24 21:20:56,884:INFO:Checking exceptions
2022-07-24 21:20:56,884:INFO:Importing libraries
2022-07-24 21:20:56,884:INFO:Copying training dataset
2022-07-24 21:20:56,886:INFO:Defining folds
2022-07-24 21:20:56,887:INFO:Declaring metric variables
2022-07-24 21:20:56,892:INFO:Importing untrained model
2022-07-24 21:20:56,896:INFO:Ada Boost Classifier Imported succesfully
2022-07-24 21:20:56,906:INFO:Starting cross validation
2022-07-24 21:20:56,907:INFO:Cross validating with StratifiedKFold(n_splits=10, random_state=None, shuffle=False), n_jobs=-1
2022-07-24 21:21:14,883:INFO:Calculating mean and std
2022-07-24 21:21:14,884:INFO:Creating metrics dataframe
2022-07-24 21:21:14,889:INFO:Uploading results into container
2022-07-24 21:21:14,889:INFO:Uploading model into container now
2022-07-24 21:21:14,889:INFO:create_model_container: 9
2022-07-24 21:21:14,889:INFO:master_model_container: 9
2022-07-24 21:21:14,890:INFO:display_container: 2
2022-07-24 21:21:14,890:INFO:AdaBoostClassifier(algorithm='SAMME.R', base_estimator=None, learning_rate=1.0,
                   n_estimators=50, random_state=472)
2022-07-24 21:21:14,890:INFO:create_model() succesfully completed......................................
2022-07-24 21:21:14,985:INFO:SubProcess create_model() end ==================================
2022-07-24 21:21:14,985:INFO:Creating metrics dataframe
2022-07-24 21:21:14,994:INFO:Initializing Gradient Boosting Classifier
2022-07-24 21:21:14,994:INFO:Total runtime is 3.824738605817158 minutes
2022-07-24 21:21:14,998:INFO:SubProcess create_model() called ==================================
2022-07-24 21:21:14,998:INFO:Initializing create_model()
2022-07-24 21:21:14,998:INFO:create_model(estimator=gbc, fold=StratifiedKFold(n_splits=10, random_state=None, shuffle=False), round=4, cross_validation=True, predict=True, fit_kwargs={}, groups=None, refit=False, verbose=False, system=False, metrics=None, experiment_custom_tags=None, add_to_model_list=True, probability_threshold=None, display=<pycaret.internal.Display.Display object at 0x7fa2e1d00610>, return_train_score=False, kwargs={})
2022-07-24 21:21:14,998:INFO:Checking exceptions
2022-07-24 21:21:14,998:INFO:Importing libraries
2022-07-24 21:21:14,998:INFO:Copying training dataset
2022-07-24 21:21:15,001:INFO:Defining folds
2022-07-24 21:21:15,001:INFO:Declaring metric variables
2022-07-24 21:21:15,006:INFO:Importing untrained model
2022-07-24 21:21:15,010:INFO:Gradient Boosting Classifier Imported succesfully
2022-07-24 21:21:15,019:INFO:Starting cross validation
2022-07-24 21:21:15,019:INFO:Cross validating with StratifiedKFold(n_splits=10, random_state=None, shuffle=False), n_jobs=-1
2022-07-24 21:22:11,716:INFO:Calculating mean and std
2022-07-24 21:22:11,716:INFO:Creating metrics dataframe
2022-07-24 21:22:11,721:INFO:Uploading results into container
2022-07-24 21:22:11,721:INFO:Uploading model into container now
2022-07-24 21:22:11,721:INFO:create_model_container: 10
2022-07-24 21:22:11,721:INFO:master_model_container: 10
2022-07-24 21:22:11,721:INFO:display_container: 2
2022-07-24 21:22:11,722:INFO:GradientBoostingClassifier(ccp_alpha=0.0, criterion='friedman_mse', init=None,
                           learning_rate=0.1, loss='deviance', max_depth=3,
                           max_features=None, max_leaf_nodes=None,
                           min_impurity_decrease=0.0, min_impurity_split=None,
                           min_samples_leaf=1, min_samples_split=2,
                           min_weight_fraction_leaf=0.0, n_estimators=100,
                           n_iter_no_change=None, presort='deprecated',
                           random_state=472, subsample=1.0, tol=0.0001,
                           validation_fraction=0.1, verbose=0,
                           warm_start=False)
2022-07-24 21:22:11,722:INFO:create_model() succesfully completed......................................
2022-07-24 21:22:11,817:INFO:SubProcess create_model() end ==================================
2022-07-24 21:22:11,818:INFO:Creating metrics dataframe
2022-07-24 21:22:11,826:INFO:Initializing Linear Discriminant Analysis
2022-07-24 21:22:11,826:INFO:Total runtime is 4.771948448816934 minutes
2022-07-24 21:22:11,831:INFO:SubProcess create_model() called ==================================
2022-07-24 21:22:11,831:INFO:Initializing create_model()
2022-07-24 21:22:11,831:INFO:create_model(estimator=lda, fold=StratifiedKFold(n_splits=10, random_state=None, shuffle=False), round=4, cross_validation=True, predict=True, fit_kwargs={}, groups=None, refit=False, verbose=False, system=False, metrics=None, experiment_custom_tags=None, add_to_model_list=True, probability_threshold=None, display=<pycaret.internal.Display.Display object at 0x7fa2e1d00610>, return_train_score=False, kwargs={})
2022-07-24 21:22:11,831:INFO:Checking exceptions
2022-07-24 21:22:11,831:INFO:Importing libraries
2022-07-24 21:22:11,831:INFO:Copying training dataset
2022-07-24 21:22:11,834:INFO:Defining folds
2022-07-24 21:22:11,834:INFO:Declaring metric variables
2022-07-24 21:22:11,839:INFO:Importing untrained model
2022-07-24 21:22:11,843:INFO:Linear Discriminant Analysis Imported succesfully
2022-07-24 21:22:11,852:INFO:Starting cross validation
2022-07-24 21:22:11,852:INFO:Cross validating with StratifiedKFold(n_splits=10, random_state=None, shuffle=False), n_jobs=-1
2022-07-24 21:22:15,482:INFO:Calculating mean and std
2022-07-24 21:22:15,483:INFO:Creating metrics dataframe
2022-07-24 21:22:15,488:INFO:Uploading results into container
2022-07-24 21:22:15,488:INFO:Uploading model into container now
2022-07-24 21:22:15,488:INFO:create_model_container: 11
2022-07-24 21:22:15,488:INFO:master_model_container: 11
2022-07-24 21:22:15,488:INFO:display_container: 2
2022-07-24 21:22:15,489:INFO:LinearDiscriminantAnalysis(n_components=None, priors=None, shrinkage=None,
                           solver='svd', store_covariance=False, tol=0.0001)
2022-07-24 21:22:15,489:INFO:create_model() succesfully completed......................................
2022-07-24 21:22:15,586:INFO:SubProcess create_model() end ==================================
2022-07-24 21:22:15,587:INFO:Creating metrics dataframe
2022-07-24 21:22:15,596:INFO:Initializing Extra Trees Classifier
2022-07-24 21:22:15,596:INFO:Total runtime is 4.83477679491043 minutes
2022-07-24 21:22:15,601:INFO:SubProcess create_model() called ==================================
2022-07-24 21:22:15,601:INFO:Initializing create_model()
2022-07-24 21:22:15,601:INFO:create_model(estimator=et, fold=StratifiedKFold(n_splits=10, random_state=None, shuffle=False), round=4, cross_validation=True, predict=True, fit_kwargs={}, groups=None, refit=False, verbose=False, system=False, metrics=None, experiment_custom_tags=None, add_to_model_list=True, probability_threshold=None, display=<pycaret.internal.Display.Display object at 0x7fa2e1d00610>, return_train_score=False, kwargs={})
2022-07-24 21:22:15,601:INFO:Checking exceptions
2022-07-24 21:22:15,601:INFO:Importing libraries
2022-07-24 21:22:15,601:INFO:Copying training dataset
2022-07-24 21:22:15,604:INFO:Defining folds
2022-07-24 21:22:15,604:INFO:Declaring metric variables
2022-07-24 21:22:15,608:INFO:Importing untrained model
2022-07-24 21:22:15,613:INFO:Extra Trees Classifier Imported succesfully
2022-07-24 21:22:15,623:INFO:Starting cross validation
2022-07-24 21:22:15,623:INFO:Cross validating with StratifiedKFold(n_splits=10, random_state=None, shuffle=False), n_jobs=-1
2022-07-24 21:22:28,330:INFO:Calculating mean and std
2022-07-24 21:22:28,335:INFO:Creating metrics dataframe
2022-07-24 21:22:28,355:INFO:Uploading results into container
2022-07-24 21:22:28,355:INFO:Uploading model into container now
2022-07-24 21:22:28,355:INFO:create_model_container: 12
2022-07-24 21:22:28,356:INFO:master_model_container: 12
2022-07-24 21:22:28,356:INFO:display_container: 2
2022-07-24 21:22:28,357:INFO:ExtraTreesClassifier(bootstrap=False, ccp_alpha=0.0, class_weight=None,
                     criterion='gini', max_depth=None, max_features='auto',
                     max_leaf_nodes=None, max_samples=None,
                     min_impurity_decrease=0.0, min_impurity_split=None,
                     min_samples_leaf=1, min_samples_split=2,
                     min_weight_fraction_leaf=0.0, n_estimators=100, n_jobs=-1,
                     oob_score=False, random_state=472, verbose=0,
                     warm_start=False)
2022-07-24 21:22:28,358:INFO:create_model() succesfully completed......................................
2022-07-24 21:22:28,606:INFO:SubProcess create_model() end ==================================
2022-07-24 21:22:28,606:INFO:Creating metrics dataframe
2022-07-24 21:22:28,664:INFO:Initializing Light Gradient Boosting Machine
2022-07-24 21:22:28,665:INFO:Total runtime is 5.0525869170824675 minutes
2022-07-24 21:22:28,693:INFO:SubProcess create_model() called ==================================
2022-07-24 21:22:28,694:INFO:Initializing create_model()
2022-07-24 21:22:28,694:INFO:create_model(estimator=lightgbm, fold=StratifiedKFold(n_splits=10, random_state=None, shuffle=False), round=4, cross_validation=True, predict=True, fit_kwargs={}, groups=None, refit=False, verbose=False, system=False, metrics=None, experiment_custom_tags=None, add_to_model_list=True, probability_threshold=None, display=<pycaret.internal.Display.Display object at 0x7fa2e1d00610>, return_train_score=False, kwargs={})
2022-07-24 21:22:28,694:INFO:Checking exceptions
2022-07-24 21:22:28,695:INFO:Importing libraries
2022-07-24 21:22:28,695:INFO:Copying training dataset
2022-07-24 21:22:28,703:INFO:Defining folds
2022-07-24 21:22:28,703:INFO:Declaring metric variables
2022-07-24 21:22:28,730:INFO:Importing untrained model
2022-07-24 21:22:28,757:INFO:Light Gradient Boosting Machine Imported succesfully
2022-07-24 21:22:28,808:INFO:Starting cross validation
2022-07-24 21:22:28,810:INFO:Cross validating with StratifiedKFold(n_splits=10, random_state=None, shuffle=False), n_jobs=-1
2022-07-24 21:22:40,317:INFO:Calculating mean and std
2022-07-24 21:22:40,318:INFO:Creating metrics dataframe
2022-07-24 21:22:40,321:INFO:Uploading results into container
2022-07-24 21:22:40,321:INFO:Uploading model into container now
2022-07-24 21:22:40,321:INFO:create_model_container: 13
2022-07-24 21:22:40,321:INFO:master_model_container: 13
2022-07-24 21:22:40,321:INFO:display_container: 2
2022-07-24 21:22:40,322:INFO:LGBMClassifier(boosting_type='gbdt', class_weight=None, colsample_bytree=1.0,
               importance_type='split', learning_rate=0.1, max_depth=-1,
               min_child_samples=20, min_child_weight=0.001, min_split_gain=0.0,
               n_estimators=100, n_jobs=-1, num_leaves=31, objective=None,
               random_state=472, reg_alpha=0.0, reg_lambda=0.0, silent='warn',
               subsample=1.0, subsample_for_bin=200000, subsample_freq=0)
2022-07-24 21:22:40,322:INFO:create_model() succesfully completed......................................
2022-07-24 21:22:40,417:INFO:SubProcess create_model() end ==================================
2022-07-24 21:22:40,417:INFO:Creating metrics dataframe
2022-07-24 21:22:40,427:INFO:Initializing Dummy Classifier
2022-07-24 21:22:40,427:INFO:Total runtime is 5.248632864157358 minutes
2022-07-24 21:22:40,432:INFO:SubProcess create_model() called ==================================
2022-07-24 21:22:40,432:INFO:Initializing create_model()
2022-07-24 21:22:40,432:INFO:create_model(estimator=dummy, fold=StratifiedKFold(n_splits=10, random_state=None, shuffle=False), round=4, cross_validation=True, predict=True, fit_kwargs={}, groups=None, refit=False, verbose=False, system=False, metrics=None, experiment_custom_tags=None, add_to_model_list=True, probability_threshold=None, display=<pycaret.internal.Display.Display object at 0x7fa2e1d00610>, return_train_score=False, kwargs={})
2022-07-24 21:22:40,432:INFO:Checking exceptions
2022-07-24 21:22:40,432:INFO:Importing libraries
2022-07-24 21:22:40,432:INFO:Copying training dataset
2022-07-24 21:22:40,435:INFO:Defining folds
2022-07-24 21:22:40,435:INFO:Declaring metric variables
2022-07-24 21:22:40,440:INFO:Importing untrained model
2022-07-24 21:22:40,444:INFO:Dummy Classifier Imported succesfully
2022-07-24 21:22:40,454:INFO:Starting cross validation
2022-07-24 21:22:40,454:INFO:Cross validating with StratifiedKFold(n_splits=10, random_state=None, shuffle=False), n_jobs=-1
2022-07-24 21:22:40,637:INFO:Calculating mean and std
2022-07-24 21:22:40,638:INFO:Creating metrics dataframe
2022-07-24 21:22:40,641:INFO:Uploading results into container
2022-07-24 21:22:40,641:INFO:Uploading model into container now
2022-07-24 21:22:40,641:INFO:create_model_container: 14
2022-07-24 21:22:40,641:INFO:master_model_container: 14
2022-07-24 21:22:40,641:INFO:display_container: 2
2022-07-24 21:22:40,641:INFO:DummyClassifier(constant=None, random_state=472, strategy='prior')
2022-07-24 21:22:40,641:INFO:create_model() succesfully completed......................................
2022-07-24 21:22:40,732:INFO:SubProcess create_model() end ==================================
2022-07-24 21:22:40,732:INFO:Creating metrics dataframe
2022-07-24 21:22:40,754:INFO:Initializing create_model()
2022-07-24 21:22:40,754:INFO:create_model(estimator=LGBMClassifier(boosting_type='gbdt', class_weight=None, colsample_bytree=1.0,
               importance_type='split', learning_rate=0.1, max_depth=-1,
               min_child_samples=20, min_child_weight=0.001, min_split_gain=0.0,
               n_estimators=100, n_jobs=-1, num_leaves=31, objective=None,
               random_state=472, reg_alpha=0.0, reg_lambda=0.0, silent='warn',
               subsample=1.0, subsample_for_bin=200000, subsample_freq=0), fold=StratifiedKFold(n_splits=10, random_state=None, shuffle=False), round=4, cross_validation=False, predict=False, fit_kwargs={}, groups=None, refit=True, verbose=False, system=False, metrics=None, experiment_custom_tags=None, add_to_model_list=True, probability_threshold=None, display=None, return_train_score=False, kwargs={})
2022-07-24 21:22:40,754:INFO:Checking exceptions
2022-07-24 21:22:40,754:INFO:Importing libraries
2022-07-24 21:22:40,754:INFO:Copying training dataset
2022-07-24 21:22:40,756:INFO:Defining folds
2022-07-24 21:22:40,756:INFO:Declaring metric variables
2022-07-24 21:22:40,756:INFO:Importing untrained model
2022-07-24 21:22:40,756:INFO:Declaring custom model
2022-07-24 21:22:40,757:INFO:Light Gradient Boosting Machine Imported succesfully
2022-07-24 21:22:40,757:INFO:Cross validation set to False
2022-07-24 21:22:40,757:INFO:Fitting Model
2022-07-24 21:22:41,793:INFO:LGBMClassifier(boosting_type='gbdt', class_weight=None, colsample_bytree=1.0,
               importance_type='split', learning_rate=0.1, max_depth=-1,
               min_child_samples=20, min_child_weight=0.001, min_split_gain=0.0,
               n_estimators=100, n_jobs=-1, num_leaves=31, objective=None,
               random_state=472, reg_alpha=0.0, reg_lambda=0.0, silent='warn',
               subsample=1.0, subsample_for_bin=200000, subsample_freq=0)
2022-07-24 21:22:41,793:INFO:create_models() succesfully completed......................................
2022-07-24 21:22:41,915:INFO:Initializing create_model()
2022-07-24 21:22:41,915:INFO:create_model(estimator=GradientBoostingClassifier(ccp_alpha=0.0, criterion='friedman_mse', init=None,
                           learning_rate=0.1, loss='deviance', max_depth=3,
                           max_features=None, max_leaf_nodes=None,
                           min_impurity_decrease=0.0, min_impurity_split=None,
                           min_samples_leaf=1, min_samples_split=2,
                           min_weight_fraction_leaf=0.0, n_estimators=100,
                           n_iter_no_change=None, presort='deprecated',
                           random_state=472, subsample=1.0, tol=0.0001,
                           validation_fraction=0.1, verbose=0,
                           warm_start=False), fold=StratifiedKFold(n_splits=10, random_state=None, shuffle=False), round=4, cross_validation=False, predict=False, fit_kwargs={}, groups=None, refit=True, verbose=False, system=False, metrics=None, experiment_custom_tags=None, add_to_model_list=True, probability_threshold=None, display=None, return_train_score=False, kwargs={})
2022-07-24 21:22:41,915:INFO:Checking exceptions
2022-07-24 21:22:41,915:INFO:Importing libraries
2022-07-24 21:22:41,915:INFO:Copying training dataset
2022-07-24 21:22:41,917:INFO:Defining folds
2022-07-24 21:22:41,918:INFO:Declaring metric variables
2022-07-24 21:22:41,918:INFO:Importing untrained model
2022-07-24 21:22:41,918:INFO:Declaring custom model
2022-07-24 21:22:41,919:INFO:Gradient Boosting Classifier Imported succesfully
2022-07-24 21:22:41,919:INFO:Cross validation set to False
2022-07-24 21:22:41,919:INFO:Fitting Model
2022-07-24 21:23:32,276:INFO:GradientBoostingClassifier(ccp_alpha=0.0, criterion='friedman_mse', init=None,
                           learning_rate=0.1, loss='deviance', max_depth=3,
                           max_features=None, max_leaf_nodes=None,
                           min_impurity_decrease=0.0, min_impurity_split=None,
                           min_samples_leaf=1, min_samples_split=2,
                           min_weight_fraction_leaf=0.0, n_estimators=100,
                           n_iter_no_change=None, presort='deprecated',
                           random_state=472, subsample=1.0, tol=0.0001,
                           validation_fraction=0.1, verbose=0,
                           warm_start=False)
2022-07-24 21:23:32,276:INFO:create_models() succesfully completed......................................
2022-07-24 21:23:32,369:INFO:Initializing create_model()
2022-07-24 21:23:32,369:INFO:create_model(estimator=LinearDiscriminantAnalysis(n_components=None, priors=None, shrinkage=None,
                           solver='svd', store_covariance=False, tol=0.0001), fold=StratifiedKFold(n_splits=10, random_state=None, shuffle=False), round=4, cross_validation=False, predict=False, fit_kwargs={}, groups=None, refit=True, verbose=False, system=False, metrics=None, experiment_custom_tags=None, add_to_model_list=True, probability_threshold=None, display=None, return_train_score=False, kwargs={})
2022-07-24 21:23:32,369:INFO:Checking exceptions
2022-07-24 21:23:32,369:INFO:Importing libraries
2022-07-24 21:23:32,369:INFO:Copying training dataset
2022-07-24 21:23:32,371:INFO:Defining folds
2022-07-24 21:23:32,371:INFO:Declaring metric variables
2022-07-24 21:23:32,371:INFO:Importing untrained model
2022-07-24 21:23:32,371:INFO:Declaring custom model
2022-07-24 21:23:32,372:INFO:Linear Discriminant Analysis Imported succesfully
2022-07-24 21:23:32,372:INFO:Cross validation set to False
2022-07-24 21:23:32,372:INFO:Fitting Model
2022-07-24 21:23:33,382:INFO:LinearDiscriminantAnalysis(n_components=None, priors=None, shrinkage=None,
                           solver='svd', store_covariance=False, tol=0.0001)
2022-07-24 21:23:33,383:INFO:create_models() succesfully completed......................................
2022-07-24 21:23:33,513:INFO:create_model_container: 14
2022-07-24 21:23:33,513:INFO:master_model_container: 14
2022-07-24 21:23:33,513:INFO:display_container: 2
2022-07-24 21:23:33,514:INFO:[LGBMClassifier(boosting_type='gbdt', class_weight=None, colsample_bytree=1.0,
               importance_type='split', learning_rate=0.1, max_depth=-1,
               min_child_samples=20, min_child_weight=0.001, min_split_gain=0.0,
               n_estimators=100, n_jobs=-1, num_leaves=31, objective=None,
               random_state=472, reg_alpha=0.0, reg_lambda=0.0, silent='warn',
               subsample=1.0, subsample_for_bin=200000, subsample_freq=0), GradientBoostingClassifier(ccp_alpha=0.0, criterion='friedman_mse', init=None,
                           learning_rate=0.1, loss='deviance', max_depth=3,
                           max_features=None, max_leaf_nodes=None,
                           min_impurity_decrease=0.0, min_impurity_split=None,
                           min_samples_leaf=1, min_samples_split=2,
                           min_weight_fraction_leaf=0.0, n_estimators=100,
                           n_iter_no_change=None, presort='deprecated',
                           random_state=472, subsample=1.0, tol=0.0001,
                           validation_fraction=0.1, verbose=0,
                           warm_start=False), LinearDiscriminantAnalysis(n_components=None, priors=None, shrinkage=None,
                           solver='svd', store_covariance=False, tol=0.0001)]
2022-07-24 21:23:33,514:INFO:compare_models() succesfully completed......................................
2022-07-24 21:23:33,725:INFO:Initializing blend_models()
2022-07-24 21:23:33,725:INFO:blend_models(estimator_list=[LGBMClassifier(boosting_type='gbdt', class_weight=None, colsample_bytree=1.0,
               importance_type='split', learning_rate=0.1, max_depth=-1,
               min_child_samples=20, min_child_weight=0.001, min_split_gain=0.0,
               n_estimators=100, n_jobs=-1, num_leaves=31, objective=None,
               random_state=472, reg_alpha=0.0, reg_lambda=0.0, silent='warn',
               subsample=1.0, subsample_for_bin=200000, subsample_freq=0), GradientBoostingClassifier(ccp_alpha=0.0, criterion='friedman_mse', init=None,
                           learning_rate=0.1, loss='deviance', max_depth=3,
                           max_features=None, max_leaf_nodes=None,
                           min_impurity_decrease=0.0, min_impurity_split=None,
                           min_samples_leaf=1, min_samples_split=2,
                           min_weight_fraction_leaf=0.0, n_estimators=100,
                           n_iter_no_change=None, presort='deprecated',
                           random_state=472, subsample=1.0, tol=0.0001,
                           validation_fraction=0.1, verbose=0,
                           warm_start=False), LinearDiscriminantAnalysis(n_components=None, priors=None, shrinkage=None,
                           solver='svd', store_covariance=False, tol=0.0001)], fold=5, round=4, choose_better=False, optimize=Accuracy, method=soft, weights=None, fit_kwargs=None, groups=None, probability_threshold=None, verbose=True, display=None, return_train_score=False)
2022-07-24 21:23:33,725:INFO:Checking exceptions
2022-07-24 21:23:33,726:INFO:Preparing display monitor
2022-07-24 21:23:33,735:INFO:Importing libraries
2022-07-24 21:23:33,735:INFO:Copying training dataset
2022-07-24 21:23:33,741:INFO:Getting model names
2022-07-24 21:23:33,745:INFO:SubProcess create_model() called ==================================
2022-07-24 21:23:33,748:INFO:Initializing create_model()
2022-07-24 21:23:33,748:INFO:create_model(estimator=VotingClassifier(estimators=[('lightgbm',
                              LGBMClassifier(boosting_type='gbdt',
                                             class_weight=None,
                                             colsample_bytree=1.0,
                                             importance_type='split',
                                             learning_rate=0.1, max_depth=-1,
                                             min_child_samples=20,
                                             min_child_weight=0.001,
                                             min_split_gain=0.0,
                                             n_estimators=100, n_jobs=-1,
                                             num_leaves=31, objective=None,
                                             random_state=472, reg_alpha=0.0,
                                             reg_lambda=0.0, silent='warn',...
                                                         n_estimators=100,
                                                         n_iter_no_change=None,
                                                         presort='deprecated',
                                                         random_state=472,
                                                         subsample=1.0,
                                                         tol=0.0001,
                                                         validation_fraction=0.1,
                                                         verbose=0,
                                                         warm_start=False)),
                             ('lda',
                              LinearDiscriminantAnalysis(n_components=None,
                                                         priors=None,
                                                         shrinkage=None,
                                                         solver='svd',
                                                         store_covariance=False,
                                                         tol=0.0001))],
                 flatten_transform=True, n_jobs=-1, verbose=False,
                 voting='soft', weights=None), fold=StratifiedKFold(n_splits=5, random_state=None, shuffle=False), round=4, cross_validation=True, predict=True, fit_kwargs={}, groups=None, refit=True, verbose=True, system=False, metrics=None, experiment_custom_tags=None, add_to_model_list=True, probability_threshold=None, display=<pycaret.internal.Display.Display object at 0x7fa390726d60>, return_train_score=False, kwargs={})
2022-07-24 21:23:33,748:INFO:Checking exceptions
2022-07-24 21:23:33,749:INFO:Importing libraries
2022-07-24 21:23:33,749:INFO:Copying training dataset
2022-07-24 21:23:33,751:INFO:Defining folds
2022-07-24 21:23:33,751:INFO:Declaring metric variables
2022-07-24 21:23:33,755:INFO:Importing untrained model
2022-07-24 21:23:33,756:INFO:Declaring custom model
2022-07-24 21:23:33,761:INFO:Voting Classifier Imported succesfully
2022-07-24 21:23:33,770:INFO:Starting cross validation
2022-07-24 21:23:33,770:INFO:Cross validating with StratifiedKFold(n_splits=5, random_state=None, shuffle=False), n_jobs=-1
2022-07-24 21:24:14,913:INFO:Calculating mean and std
2022-07-24 21:24:14,914:INFO:Creating metrics dataframe
2022-07-24 21:24:14,924:INFO:Finalizing model
2022-07-24 21:24:58,434:INFO:Uploading results into container
2022-07-24 21:24:58,434:INFO:Uploading model into container now
2022-07-24 21:24:58,434:INFO:create_model_container: 15
2022-07-24 21:24:58,435:INFO:master_model_container: 15
2022-07-24 21:24:58,435:INFO:display_container: 3
2022-07-24 21:24:58,439:INFO:VotingClassifier(estimators=[('lightgbm',
                              LGBMClassifier(boosting_type='gbdt',
                                             class_weight=None,
                                             colsample_bytree=1.0,
                                             importance_type='split',
                                             learning_rate=0.1, max_depth=-1,
                                             min_child_samples=20,
                                             min_child_weight=0.001,
                                             min_split_gain=0.0,
                                             n_estimators=100, n_jobs=-1,
                                             num_leaves=31, objective=None,
                                             random_state=472, reg_alpha=0.0,
                                             reg_lambda=0.0, silent='warn',...
                                                         n_estimators=100,
                                                         n_iter_no_change=None,
                                                         presort='deprecated',
                                                         random_state=472,
                                                         subsample=1.0,
                                                         tol=0.0001,
                                                         validation_fraction=0.1,
                                                         verbose=0,
                                                         warm_start=False)),
                             ('lda',
                              LinearDiscriminantAnalysis(n_components=None,
                                                         priors=None,
                                                         shrinkage=None,
                                                         solver='svd',
                                                         store_covariance=False,
                                                         tol=0.0001))],
                 flatten_transform=True, n_jobs=-1, verbose=False,
                 voting='soft', weights=None)
2022-07-24 21:24:58,439:INFO:create_model() succesfully completed......................................
2022-07-24 21:24:58,536:INFO:SubProcess create_model() end ==================================
2022-07-24 21:24:58,541:INFO:create_model_container: 15
2022-07-24 21:24:58,541:INFO:master_model_container: 15
2022-07-24 21:24:58,541:INFO:display_container: 3
2022-07-24 21:24:58,543:INFO:VotingClassifier(estimators=[('lightgbm',
                              LGBMClassifier(boosting_type='gbdt',
                                             class_weight=None,
                                             colsample_bytree=1.0,
                                             importance_type='split',
                                             learning_rate=0.1, max_depth=-1,
                                             min_child_samples=20,
                                             min_child_weight=0.001,
                                             min_split_gain=0.0,
                                             n_estimators=100, n_jobs=-1,
                                             num_leaves=31, objective=None,
                                             random_state=472, reg_alpha=0.0,
                                             reg_lambda=0.0, silent='warn',...
                                                         n_estimators=100,
                                                         n_iter_no_change=None,
                                                         presort='deprecated',
                                                         random_state=472,
                                                         subsample=1.0,
                                                         tol=0.0001,
                                                         validation_fraction=0.1,
                                                         verbose=0,
                                                         warm_start=False)),
                             ('lda',
                              LinearDiscriminantAnalysis(n_components=None,
                                                         priors=None,
                                                         shrinkage=None,
                                                         solver='svd',
                                                         store_covariance=False,
                                                         tol=0.0001))],
                 flatten_transform=True, n_jobs=-1, verbose=False,
                 voting='soft', weights=None)
2022-07-24 21:24:58,543:INFO:blend_models() succesfully completed......................................
2022-07-24 21:24:58,799:INFO:Initializing predict_model()
2022-07-24 21:24:58,799:INFO:predict_model(estimator=VotingClassifier(estimators=[('lightgbm',
                              LGBMClassifier(boosting_type='gbdt',
                                             class_weight=None,
                                             colsample_bytree=1.0,
                                             importance_type='split',
                                             learning_rate=0.1, max_depth=-1,
                                             min_child_samples=20,
                                             min_child_weight=0.001,
                                             min_split_gain=0.0,
                                             n_estimators=100, n_jobs=-1,
                                             num_leaves=31, objective=None,
                                             random_state=472, reg_alpha=0.0,
                                             reg_lambda=0.0, silent='warn',...
                                                         n_estimators=100,
                                                         n_iter_no_change=None,
                                                         presort='deprecated',
                                                         random_state=472,
                                                         subsample=1.0,
                                                         tol=0.0001,
                                                         validation_fraction=0.1,
                                                         verbose=0,
                                                         warm_start=False)),
                             ('lda',
                              LinearDiscriminantAnalysis(n_components=None,
                                                         priors=None,
                                                         shrinkage=None,
                                                         solver='svd',
                                                         store_covariance=False,
                                                         tol=0.0001))],
                 flatten_transform=True, n_jobs=-1, verbose=False,
                 voting='soft', weights=None), probability_threshold=None, encoded_labels=False, drift_report=False, raw_score=True, round=4, verbose=True, ml_usecase=MLUsecase.CLASSIFICATION, display=None, drift_kwargs=None)
2022-07-24 21:24:58,799:INFO:Checking exceptions
2022-07-24 21:24:58,799:INFO:Preloading libraries
2022-07-24 21:24:58,799:INFO:Preparing display monitor
2022-07-24 21:24:59,081:INFO:Initializing finalize_model()
2022-07-24 21:24:59,081:INFO:finalize_model(estimator=VotingClassifier(estimators=[('lightgbm',
                              LGBMClassifier(boosting_type='gbdt',
                                             class_weight=None,
                                             colsample_bytree=1.0,
                                             importance_type='split',
                                             learning_rate=0.1, max_depth=-1,
                                             min_child_samples=20,
                                             min_child_weight=0.001,
                                             min_split_gain=0.0,
                                             n_estimators=100, n_jobs=-1,
                                             num_leaves=31, objective=None,
                                             random_state=472, reg_alpha=0.0,
                                             reg_lambda=0.0, silent='warn',...
                                                         n_estimators=100,
                                                         n_iter_no_change=None,
                                                         presort='deprecated',
                                                         random_state=472,
                                                         subsample=1.0,
                                                         tol=0.0001,
                                                         validation_fraction=0.1,
                                                         verbose=0,
                                                         warm_start=False)),
                             ('lda',
                              LinearDiscriminantAnalysis(n_components=None,
                                                         priors=None,
                                                         shrinkage=None,
                                                         solver='svd',
                                                         store_covariance=False,
                                                         tol=0.0001))],
                 flatten_transform=True, n_jobs=-1, verbose=False,
                 voting='soft', weights=None), fit_kwargs=None, groups=None, model_only=True, display=None, experiment_custom_tags=None, return_train_score=False)
2022-07-24 21:24:59,084:INFO:Finalizing VotingClassifier(estimators=[('lightgbm',
                              LGBMClassifier(boosting_type='gbdt',
                                             class_weight=None,
                                             colsample_bytree=1.0,
                                             importance_type='split',
                                             learning_rate=0.1, max_depth=-1,
                                             min_child_samples=20,
                                             min_child_weight=0.001,
                                             min_split_gain=0.0,
                                             n_estimators=100, n_jobs=-1,
                                             num_leaves=31, objective=None,
                                             random_state=472, reg_alpha=0.0,
                                             reg_lambda=0.0, silent='warn',...
                                                         n_estimators=100,
                                                         n_iter_no_change=None,
                                                         presort='deprecated',
                                                         random_state=472,
                                                         subsample=1.0,
                                                         tol=0.0001,
                                                         validation_fraction=0.1,
                                                         verbose=0,
                                                         warm_start=False)),
                             ('lda',
                              LinearDiscriminantAnalysis(n_components=None,
                                                         priors=None,
                                                         shrinkage=None,
                                                         solver='svd',
                                                         store_covariance=False,
                                                         tol=0.0001))],
                 flatten_transform=True, n_jobs=-1, verbose=False,
                 voting='soft', weights=None)
2022-07-24 21:24:59,086:INFO:Initializing create_model()
2022-07-24 21:24:59,086:INFO:create_model(estimator=VotingClassifier(estimators=[('lightgbm',
                              LGBMClassifier(boosting_type='gbdt',
                                             class_weight=None,
                                             colsample_bytree=1.0,
                                             importance_type='split',
                                             learning_rate=0.1, max_depth=-1,
                                             min_child_samples=20,
                                             min_child_weight=0.001,
                                             min_split_gain=0.0,
                                             n_estimators=100, n_jobs=-1,
                                             num_leaves=31, objective=None,
                                             random_state=472, reg_alpha=0.0,
                                             reg_lambda=0.0, silent='warn',...
                                                         n_estimators=100,
                                                         n_iter_no_change=None,
                                                         presort='deprecated',
                                                         random_state=472,
                                                         subsample=1.0,
                                                         tol=0.0001,
                                                         validation_fraction=0.1,
                                                         verbose=0,
                                                         warm_start=False)),
                             ('lda',
                              LinearDiscriminantAnalysis(n_components=None,
                                                         priors=None,
                                                         shrinkage=None,
                                                         solver='svd',
                                                         store_covariance=False,
                                                         tol=0.0001))],
                 flatten_transform=True, n_jobs=-1, verbose=False,
                 voting='soft', weights=None), fold=None, round=4, cross_validation=True, predict=True, fit_kwargs={}, groups=None, refit=True, verbose=False, system=False, metrics=None, experiment_custom_tags=None, add_to_model_list=False, probability_threshold=None, display=None, return_train_score=False, kwargs={})
2022-07-24 21:24:59,086:INFO:Checking exceptions
2022-07-24 21:24:59,086:INFO:Importing libraries
2022-07-24 21:24:59,086:INFO:Copying training dataset
2022-07-24 21:24:59,089:INFO:Defining folds
2022-07-24 21:24:59,089:INFO:Declaring metric variables
2022-07-24 21:24:59,089:INFO:Importing untrained model
2022-07-24 21:24:59,089:INFO:Declaring custom model
2022-07-24 21:24:59,091:INFO:Voting Classifier Imported succesfully
2022-07-24 21:24:59,091:INFO:Starting cross validation
2022-07-24 21:24:59,091:INFO:Cross validating with StratifiedKFold(n_splits=10, random_state=None, shuffle=False), n_jobs=-1
2022-07-24 21:26:22,781:INFO:Calculating mean and std
2022-07-24 21:26:22,781:INFO:Creating metrics dataframe
2022-07-24 21:26:22,784:INFO:Finalizing model
2022-07-24 21:27:31,472:INFO:create_model_container: 15
2022-07-24 21:27:31,473:INFO:master_model_container: 15
2022-07-24 21:27:31,473:INFO:display_container: 5
2022-07-24 21:27:31,476:INFO:VotingClassifier(estimators=[('lightgbm',
                              LGBMClassifier(boosting_type='gbdt',
                                             class_weight=None,
                                             colsample_bytree=1.0,
                                             importance_type='split',
                                             learning_rate=0.1, max_depth=-1,
                                             min_child_samples=20,
                                             min_child_weight=0.001,
                                             min_split_gain=0.0,
                                             n_estimators=100, n_jobs=-1,
                                             num_leaves=31, objective=None,
                                             random_state=472, reg_alpha=0.0,
                                             reg_lambda=0.0, silent='warn',...
                                                         n_estimators=100,
                                                         n_iter_no_change=None,
                                                         presort='deprecated',
                                                         random_state=472,
                                                         subsample=1.0,
                                                         tol=0.0001,
                                                         validation_fraction=0.1,
                                                         verbose=0,
                                                         warm_start=False)),
                             ('lda',
                              LinearDiscriminantAnalysis(n_components=None,
                                                         priors=None,
                                                         shrinkage=None,
                                                         solver='svd',
                                                         store_covariance=False,
                                                         tol=0.0001))],
                 flatten_transform=True, n_jobs=-1, verbose=False,
                 voting='soft', weights=None)
2022-07-24 21:27:31,477:INFO:create_model() succesfully completed......................................
2022-07-24 21:27:31,576:INFO:create_model_container: 15
2022-07-24 21:27:31,576:INFO:master_model_container: 15
2022-07-24 21:27:31,576:INFO:display_container: 4
2022-07-24 21:27:31,578:INFO:VotingClassifier(estimators=[('lightgbm',
                              LGBMClassifier(boosting_type='gbdt',
                                             class_weight=None,
                                             colsample_bytree=1.0,
                                             importance_type='split',
                                             learning_rate=0.1, max_depth=-1,
                                             min_child_samples=20,
                                             min_child_weight=0.001,
                                             min_split_gain=0.0,
                                             n_estimators=100, n_jobs=-1,
                                             num_leaves=31, objective=None,
                                             random_state=472, reg_alpha=0.0,
                                             reg_lambda=0.0, silent='warn',...
                                                         n_estimators=100,
                                                         n_iter_no_change=None,
                                                         presort='deprecated',
                                                         random_state=472,
                                                         subsample=1.0,
                                                         tol=0.0001,
                                                         validation_fraction=0.1,
                                                         verbose=0,
                                                         warm_start=False)),
                             ('lda',
                              LinearDiscriminantAnalysis(n_components=None,
                                                         priors=None,
                                                         shrinkage=None,
                                                         solver='svd',
                                                         store_covariance=False,
                                                         tol=0.0001))],
                 flatten_transform=True, n_jobs=-1, verbose=False,
                 voting='soft', weights=None)
2022-07-24 21:27:31,578:INFO:finalize_model() succesfully completed......................................
2022-07-24 21:27:31,753:INFO:Initializing predict_model()
2022-07-24 21:27:31,753:INFO:predict_model(estimator=VotingClassifier(estimators=[('lightgbm',
                              LGBMClassifier(boosting_type='gbdt',
                                             class_weight=None,
                                             colsample_bytree=1.0,
                                             importance_type='split',
                                             learning_rate=0.1, max_depth=-1,
                                             min_child_samples=20,
                                             min_child_weight=0.001,
                                             min_split_gain=0.0,
                                             n_estimators=100, n_jobs=-1,
                                             num_leaves=31, objective=None,
                                             random_state=472, reg_alpha=0.0,
                                             reg_lambda=0.0, silent='warn',...
                                                         n_estimators=100,
                                                         n_iter_no_change=None,
                                                         presort='deprecated',
                                                         random_state=472,
                                                         subsample=1.0,
                                                         tol=0.0001,
                                                         validation_fraction=0.1,
                                                         verbose=0,
                                                         warm_start=False)),
                             ('lda',
                              LinearDiscriminantAnalysis(n_components=None,
                                                         priors=None,
                                                         shrinkage=None,
                                                         solver='svd',
                                                         store_covariance=False,
                                                         tol=0.0001))],
                 flatten_transform=True, n_jobs=-1, verbose=False,
                 voting='soft', weights=None), probability_threshold=None, encoded_labels=False, drift_report=False, raw_score=False, round=4, verbose=True, ml_usecase=MLUsecase.CLASSIFICATION, display=None, drift_kwargs=None)
2022-07-24 21:27:31,753:INFO:Checking exceptions
2022-07-24 21:27:31,753:INFO:Preloading libraries
2022-07-24 21:27:31,753:INFO:Preparing display monitor
2022-07-24 21:27:44,759:INFO:Initializing predict_model()
2022-07-24 21:27:44,759:INFO:predict_model(estimator=VotingClassifier(estimators=[('lightgbm',
                              LGBMClassifier(boosting_type='gbdt',
                                             class_weight=None,
                                             colsample_bytree=1.0,
                                             importance_type='split',
                                             learning_rate=0.1, max_depth=-1,
                                             min_child_samples=20,
                                             min_child_weight=0.001,
                                             min_split_gain=0.0,
                                             n_estimators=100, n_jobs=-1,
                                             num_leaves=31, objective=None,
                                             random_state=472, reg_alpha=0.0,
                                             reg_lambda=0.0, silent='warn',...
                                                         n_estimators=100,
                                                         n_iter_no_change=None,
                                                         presort='deprecated',
                                                         random_state=472,
                                                         subsample=1.0,
                                                         tol=0.0001,
                                                         validation_fraction=0.1,
                                                         verbose=0,
                                                         warm_start=False)),
                             ('lda',
                              LinearDiscriminantAnalysis(n_components=None,
                                                         priors=None,
                                                         shrinkage=None,
                                                         solver='svd',
                                                         store_covariance=False,
                                                         tol=0.0001))],
                 flatten_transform=True, n_jobs=-1, verbose=False,
                 voting='soft', weights=None), probability_threshold=None, encoded_labels=False, drift_report=False, raw_score=False, round=4, verbose=True, ml_usecase=MLUsecase.CLASSIFICATION, display=None, drift_kwargs=None)
2022-07-24 21:27:44,759:INFO:Checking exceptions
2022-07-24 21:27:44,760:INFO:Preloading libraries
2022-07-24 21:27:44,760:INFO:Preparing display monitor
2022-07-24 21:27:57,207:INFO:Initializing predict_model()
2022-07-24 21:27:57,207:INFO:predict_model(estimator=VotingClassifier(estimators=[('lightgbm',
                              LGBMClassifier(boosting_type='gbdt',
                                             class_weight=None,
                                             colsample_bytree=1.0,
                                             importance_type='split',
                                             learning_rate=0.1, max_depth=-1,
                                             min_child_samples=20,
                                             min_child_weight=0.001,
                                             min_split_gain=0.0,
                                             n_estimators=100, n_jobs=-1,
                                             num_leaves=31, objective=None,
                                             random_state=472, reg_alpha=0.0,
                                             reg_lambda=0.0, silent='warn',...
                                                         n_estimators=100,
                                                         n_iter_no_change=None,
                                                         presort='deprecated',
                                                         random_state=472,
                                                         subsample=1.0,
                                                         tol=0.0001,
                                                         validation_fraction=0.1,
                                                         verbose=0,
                                                         warm_start=False)),
                             ('lda',
                              LinearDiscriminantAnalysis(n_components=None,
                                                         priors=None,
                                                         shrinkage=None,
                                                         solver='svd',
                                                         store_covariance=False,
                                                         tol=0.0001))],
                 flatten_transform=True, n_jobs=-1, verbose=False,
                 voting='soft', weights=None), probability_threshold=None, encoded_labels=False, drift_report=False, raw_score=True, round=4, verbose=True, ml_usecase=MLUsecase.CLASSIFICATION, display=None, drift_kwargs=None)
2022-07-24 21:27:57,207:INFO:Checking exceptions
2022-07-24 21:27:57,207:INFO:Preloading libraries
2022-07-24 21:27:57,207:INFO:Preparing display monitor
2022-07-24 21:28:38,980:INFO:Initializing predict_model()
2022-07-24 21:28:38,980:INFO:predict_model(estimator=VotingClassifier(estimators=[('lightgbm',
                              LGBMClassifier(boosting_type='gbdt',
                                             class_weight=None,
                                             colsample_bytree=1.0,
                                             importance_type='split',
                                             learning_rate=0.1, max_depth=-1,
                                             min_child_samples=20,
                                             min_child_weight=0.001,
                                             min_split_gain=0.0,
                                             n_estimators=100, n_jobs=-1,
                                             num_leaves=31, objective=None,
                                             random_state=472, reg_alpha=0.0,
                                             reg_lambda=0.0, silent='warn',...
                                                         n_estimators=100,
                                                         n_iter_no_change=None,
                                                         presort='deprecated',
                                                         random_state=472,
                                                         subsample=1.0,
                                                         tol=0.0001,
                                                         validation_fraction=0.1,
                                                         verbose=0,
                                                         warm_start=False)),
                             ('lda',
                              LinearDiscriminantAnalysis(n_components=None,
                                                         priors=None,
                                                         shrinkage=None,
                                                         solver='svd',
                                                         store_covariance=False,
                                                         tol=0.0001))],
                 flatten_transform=True, n_jobs=-1, verbose=False,
                 voting='soft', weights=None), probability_threshold=None, encoded_labels=False, drift_report=False, raw_score=True, round=4, verbose=True, ml_usecase=MLUsecase.CLASSIFICATION, display=None, drift_kwargs=None)
2022-07-24 21:28:38,981:INFO:Checking exceptions
2022-07-24 21:28:38,981:INFO:Preloading libraries
2022-07-24 21:28:38,981:INFO:Preparing display monitor
2022-07-24 21:31:56,547:WARNING:No module named 'cuml'.
'cuml' is a soft dependency and not included in the pycaret installation. Please run: `pip install cuml` to install.
2022-07-24 21:31:56,547:WARNING:No module named 'cuml'.
'cuml' is a soft dependency and not included in the pycaret installation. Please run: `pip install cuml` to install.
2022-07-24 21:31:56,547:WARNING:No module named 'cuml'.
'cuml' is a soft dependency and not included in the pycaret installation. Please run: `pip install cuml` to install.
2022-07-24 21:31:56,547:WARNING:No module named 'cuml'.
'cuml' is a soft dependency and not included in the pycaret installation. Please run: `pip install cuml` to install.
2022-07-24 21:32:00,722:WARNING:/tmp/ipykernel_3796310/1581226005.py:4: PerformanceWarning: DataFrame is highly fragmented.  This is usually the result of calling `frame.insert` many times, which has poor performance.  Consider joining all columns at once using pd.concat(axis=1) instead. To get a de-fragmented frame, use `newframe = frame.copy()`
  data['%s_dv_%s'%(a,b)] = data[a]/data[b]

2022-07-24 21:32:00,722:WARNING:/tmp/ipykernel_3796310/1581226005.py:4: PerformanceWarning: DataFrame is highly fragmented.  This is usually the result of calling `frame.insert` many times, which has poor performance.  Consider joining all columns at once using pd.concat(axis=1) instead. To get a de-fragmented frame, use `newframe = frame.copy()`
  data['%s_dv_%s'%(a,b)] = data[a]/data[b]

2022-07-24 21:32:00,723:WARNING:/tmp/ipykernel_3796310/1581226005.py:4: PerformanceWarning: DataFrame is highly fragmented.  This is usually the result of calling `frame.insert` many times, which has poor performance.  Consider joining all columns at once using pd.concat(axis=1) instead. To get a de-fragmented frame, use `newframe = frame.copy()`
  data['%s_dv_%s'%(a,b)] = data[a]/data[b]

2022-07-24 21:32:00,723:WARNING:/tmp/ipykernel_3796310/1581226005.py:4: PerformanceWarning: DataFrame is highly fragmented.  This is usually the result of calling `frame.insert` many times, which has poor performance.  Consider joining all columns at once using pd.concat(axis=1) instead. To get a de-fragmented frame, use `newframe = frame.copy()`
  data['%s_dv_%s'%(a,b)] = data[a]/data[b]

2022-07-24 21:32:00,723:WARNING:/tmp/ipykernel_3796310/1581226005.py:4: PerformanceWarning: DataFrame is highly fragmented.  This is usually the result of calling `frame.insert` many times, which has poor performance.  Consider joining all columns at once using pd.concat(axis=1) instead. To get a de-fragmented frame, use `newframe = frame.copy()`
  data['%s_dv_%s'%(a,b)] = data[a]/data[b]

2022-07-24 21:32:00,724:WARNING:/tmp/ipykernel_3796310/1581226005.py:4: PerformanceWarning: DataFrame is highly fragmented.  This is usually the result of calling `frame.insert` many times, which has poor performance.  Consider joining all columns at once using pd.concat(axis=1) instead. To get a de-fragmented frame, use `newframe = frame.copy()`
  data['%s_dv_%s'%(a,b)] = data[a]/data[b]

2022-07-24 21:32:00,724:WARNING:/tmp/ipykernel_3796310/1581226005.py:4: PerformanceWarning: DataFrame is highly fragmented.  This is usually the result of calling `frame.insert` many times, which has poor performance.  Consider joining all columns at once using pd.concat(axis=1) instead. To get a de-fragmented frame, use `newframe = frame.copy()`
  data['%s_dv_%s'%(a,b)] = data[a]/data[b]

2022-07-24 21:32:00,724:WARNING:/tmp/ipykernel_3796310/1581226005.py:4: PerformanceWarning: DataFrame is highly fragmented.  This is usually the result of calling `frame.insert` many times, which has poor performance.  Consider joining all columns at once using pd.concat(axis=1) instead. To get a de-fragmented frame, use `newframe = frame.copy()`
  data['%s_dv_%s'%(a,b)] = data[a]/data[b]

2022-07-24 21:32:00,724:WARNING:/tmp/ipykernel_3796310/1581226005.py:4: PerformanceWarning: DataFrame is highly fragmented.  This is usually the result of calling `frame.insert` many times, which has poor performance.  Consider joining all columns at once using pd.concat(axis=1) instead. To get a de-fragmented frame, use `newframe = frame.copy()`
  data['%s_dv_%s'%(a,b)] = data[a]/data[b]

2022-07-24 21:32:00,725:WARNING:/tmp/ipykernel_3796310/1581226005.py:4: PerformanceWarning: DataFrame is highly fragmented.  This is usually the result of calling `frame.insert` many times, which has poor performance.  Consider joining all columns at once using pd.concat(axis=1) instead. To get a de-fragmented frame, use `newframe = frame.copy()`
  data['%s_dv_%s'%(a,b)] = data[a]/data[b]

2022-07-24 21:32:00,725:WARNING:/tmp/ipykernel_3796310/1581226005.py:4: PerformanceWarning: DataFrame is highly fragmented.  This is usually the result of calling `frame.insert` many times, which has poor performance.  Consider joining all columns at once using pd.concat(axis=1) instead. To get a de-fragmented frame, use `newframe = frame.copy()`
  data['%s_dv_%s'%(a,b)] = data[a]/data[b]

2022-07-24 21:32:00,725:WARNING:/tmp/ipykernel_3796310/1581226005.py:4: PerformanceWarning: DataFrame is highly fragmented.  This is usually the result of calling `frame.insert` many times, which has poor performance.  Consider joining all columns at once using pd.concat(axis=1) instead. To get a de-fragmented frame, use `newframe = frame.copy()`
  data['%s_dv_%s'%(a,b)] = data[a]/data[b]

2022-07-24 21:32:00,726:WARNING:/tmp/ipykernel_3796310/1581226005.py:4: PerformanceWarning: DataFrame is highly fragmented.  This is usually the result of calling `frame.insert` many times, which has poor performance.  Consider joining all columns at once using pd.concat(axis=1) instead. To get a de-fragmented frame, use `newframe = frame.copy()`
  data['%s_dv_%s'%(a,b)] = data[a]/data[b]

2022-07-24 21:32:00,726:WARNING:/tmp/ipykernel_3796310/1581226005.py:4: PerformanceWarning: DataFrame is highly fragmented.  This is usually the result of calling `frame.insert` many times, which has poor performance.  Consider joining all columns at once using pd.concat(axis=1) instead. To get a de-fragmented frame, use `newframe = frame.copy()`
  data['%s_dv_%s'%(a,b)] = data[a]/data[b]

2022-07-24 21:32:00,727:WARNING:/tmp/ipykernel_3796310/1581226005.py:4: PerformanceWarning: DataFrame is highly fragmented.  This is usually the result of calling `frame.insert` many times, which has poor performance.  Consider joining all columns at once using pd.concat(axis=1) instead. To get a de-fragmented frame, use `newframe = frame.copy()`
  data['%s_dv_%s'%(a,b)] = data[a]/data[b]

2022-07-24 21:32:00,727:WARNING:/tmp/ipykernel_3796310/1581226005.py:4: PerformanceWarning: DataFrame is highly fragmented.  This is usually the result of calling `frame.insert` many times, which has poor performance.  Consider joining all columns at once using pd.concat(axis=1) instead. To get a de-fragmented frame, use `newframe = frame.copy()`
  data['%s_dv_%s'%(a,b)] = data[a]/data[b]

2022-07-24 21:32:00,727:WARNING:/tmp/ipykernel_3796310/1581226005.py:4: PerformanceWarning: DataFrame is highly fragmented.  This is usually the result of calling `frame.insert` many times, which has poor performance.  Consider joining all columns at once using pd.concat(axis=1) instead. To get a de-fragmented frame, use `newframe = frame.copy()`
  data['%s_dv_%s'%(a,b)] = data[a]/data[b]

2022-07-24 21:32:00,728:WARNING:/tmp/ipykernel_3796310/1581226005.py:4: PerformanceWarning: DataFrame is highly fragmented.  This is usually the result of calling `frame.insert` many times, which has poor performance.  Consider joining all columns at once using pd.concat(axis=1) instead. To get a de-fragmented frame, use `newframe = frame.copy()`
  data['%s_dv_%s'%(a,b)] = data[a]/data[b]

2022-07-24 21:32:00,728:WARNING:/tmp/ipykernel_3796310/1581226005.py:4: PerformanceWarning: DataFrame is highly fragmented.  This is usually the result of calling `frame.insert` many times, which has poor performance.  Consider joining all columns at once using pd.concat(axis=1) instead. To get a de-fragmented frame, use `newframe = frame.copy()`
  data['%s_dv_%s'%(a,b)] = data[a]/data[b]

2022-07-24 21:32:00,728:WARNING:/tmp/ipykernel_3796310/1581226005.py:4: PerformanceWarning: DataFrame is highly fragmented.  This is usually the result of calling `frame.insert` many times, which has poor performance.  Consider joining all columns at once using pd.concat(axis=1) instead. To get a de-fragmented frame, use `newframe = frame.copy()`
  data['%s_dv_%s'%(a,b)] = data[a]/data[b]

2022-07-24 21:32:00,729:WARNING:/tmp/ipykernel_3796310/1581226005.py:4: PerformanceWarning: DataFrame is highly fragmented.  This is usually the result of calling `frame.insert` many times, which has poor performance.  Consider joining all columns at once using pd.concat(axis=1) instead. To get a de-fragmented frame, use `newframe = frame.copy()`
  data['%s_dv_%s'%(a,b)] = data[a]/data[b]

2022-07-24 21:32:00,729:WARNING:/tmp/ipykernel_3796310/1581226005.py:4: PerformanceWarning: DataFrame is highly fragmented.  This is usually the result of calling `frame.insert` many times, which has poor performance.  Consider joining all columns at once using pd.concat(axis=1) instead. To get a de-fragmented frame, use `newframe = frame.copy()`
  data['%s_dv_%s'%(a,b)] = data[a]/data[b]

2022-07-24 21:32:00,730:WARNING:/tmp/ipykernel_3796310/1581226005.py:4: PerformanceWarning: DataFrame is highly fragmented.  This is usually the result of calling `frame.insert` many times, which has poor performance.  Consider joining all columns at once using pd.concat(axis=1) instead. To get a de-fragmented frame, use `newframe = frame.copy()`
  data['%s_dv_%s'%(a,b)] = data[a]/data[b]

2022-07-24 21:32:00,730:WARNING:/tmp/ipykernel_3796310/1581226005.py:4: PerformanceWarning: DataFrame is highly fragmented.  This is usually the result of calling `frame.insert` many times, which has poor performance.  Consider joining all columns at once using pd.concat(axis=1) instead. To get a de-fragmented frame, use `newframe = frame.copy()`
  data['%s_dv_%s'%(a,b)] = data[a]/data[b]

2022-07-24 21:32:00,730:WARNING:/tmp/ipykernel_3796310/1581226005.py:4: PerformanceWarning: DataFrame is highly fragmented.  This is usually the result of calling `frame.insert` many times, which has poor performance.  Consider joining all columns at once using pd.concat(axis=1) instead. To get a de-fragmented frame, use `newframe = frame.copy()`
  data['%s_dv_%s'%(a,b)] = data[a]/data[b]

2022-07-24 21:32:00,731:WARNING:/tmp/ipykernel_3796310/1581226005.py:4: PerformanceWarning: DataFrame is highly fragmented.  This is usually the result of calling `frame.insert` many times, which has poor performance.  Consider joining all columns at once using pd.concat(axis=1) instead. To get a de-fragmented frame, use `newframe = frame.copy()`
  data['%s_dv_%s'%(a,b)] = data[a]/data[b]

2022-07-24 21:32:00,731:WARNING:/tmp/ipykernel_3796310/1581226005.py:4: PerformanceWarning: DataFrame is highly fragmented.  This is usually the result of calling `frame.insert` many times, which has poor performance.  Consider joining all columns at once using pd.concat(axis=1) instead. To get a de-fragmented frame, use `newframe = frame.copy()`
  data['%s_dv_%s'%(a,b)] = data[a]/data[b]

2022-07-24 21:32:00,732:WARNING:/tmp/ipykernel_3796310/1581226005.py:4: PerformanceWarning: DataFrame is highly fragmented.  This is usually the result of calling `frame.insert` many times, which has poor performance.  Consider joining all columns at once using pd.concat(axis=1) instead. To get a de-fragmented frame, use `newframe = frame.copy()`
  data['%s_dv_%s'%(a,b)] = data[a]/data[b]

2022-07-24 21:32:00,732:WARNING:/tmp/ipykernel_3796310/1581226005.py:4: PerformanceWarning: DataFrame is highly fragmented.  This is usually the result of calling `frame.insert` many times, which has poor performance.  Consider joining all columns at once using pd.concat(axis=1) instead. To get a de-fragmented frame, use `newframe = frame.copy()`
  data['%s_dv_%s'%(a,b)] = data[a]/data[b]

2022-07-24 21:32:00,732:WARNING:/tmp/ipykernel_3796310/1581226005.py:4: PerformanceWarning: DataFrame is highly fragmented.  This is usually the result of calling `frame.insert` many times, which has poor performance.  Consider joining all columns at once using pd.concat(axis=1) instead. To get a de-fragmented frame, use `newframe = frame.copy()`
  data['%s_dv_%s'%(a,b)] = data[a]/data[b]

2022-07-24 21:32:00,733:WARNING:/tmp/ipykernel_3796310/1581226005.py:4: PerformanceWarning: DataFrame is highly fragmented.  This is usually the result of calling `frame.insert` many times, which has poor performance.  Consider joining all columns at once using pd.concat(axis=1) instead. To get a de-fragmented frame, use `newframe = frame.copy()`
  data['%s_dv_%s'%(a,b)] = data[a]/data[b]

2022-07-24 21:32:00,733:WARNING:/tmp/ipykernel_3796310/1581226005.py:4: PerformanceWarning: DataFrame is highly fragmented.  This is usually the result of calling `frame.insert` many times, which has poor performance.  Consider joining all columns at once using pd.concat(axis=1) instead. To get a de-fragmented frame, use `newframe = frame.copy()`
  data['%s_dv_%s'%(a,b)] = data[a]/data[b]

2022-07-24 21:32:00,734:WARNING:/tmp/ipykernel_3796310/1581226005.py:4: PerformanceWarning: DataFrame is highly fragmented.  This is usually the result of calling `frame.insert` many times, which has poor performance.  Consider joining all columns at once using pd.concat(axis=1) instead. To get a de-fragmented frame, use `newframe = frame.copy()`
  data['%s_dv_%s'%(a,b)] = data[a]/data[b]

2022-07-24 21:32:00,734:WARNING:/tmp/ipykernel_3796310/1581226005.py:4: PerformanceWarning: DataFrame is highly fragmented.  This is usually the result of calling `frame.insert` many times, which has poor performance.  Consider joining all columns at once using pd.concat(axis=1) instead. To get a de-fragmented frame, use `newframe = frame.copy()`
  data['%s_dv_%s'%(a,b)] = data[a]/data[b]

2022-07-24 21:32:00,735:WARNING:/tmp/ipykernel_3796310/1581226005.py:4: PerformanceWarning: DataFrame is highly fragmented.  This is usually the result of calling `frame.insert` many times, which has poor performance.  Consider joining all columns at once using pd.concat(axis=1) instead. To get a de-fragmented frame, use `newframe = frame.copy()`
  data['%s_dv_%s'%(a,b)] = data[a]/data[b]

2022-07-24 21:32:00,735:WARNING:/tmp/ipykernel_3796310/1581226005.py:4: PerformanceWarning: DataFrame is highly fragmented.  This is usually the result of calling `frame.insert` many times, which has poor performance.  Consider joining all columns at once using pd.concat(axis=1) instead. To get a de-fragmented frame, use `newframe = frame.copy()`
  data['%s_dv_%s'%(a,b)] = data[a]/data[b]

2022-07-24 21:32:00,735:WARNING:/tmp/ipykernel_3796310/1581226005.py:4: PerformanceWarning: DataFrame is highly fragmented.  This is usually the result of calling `frame.insert` many times, which has poor performance.  Consider joining all columns at once using pd.concat(axis=1) instead. To get a de-fragmented frame, use `newframe = frame.copy()`
  data['%s_dv_%s'%(a,b)] = data[a]/data[b]

2022-07-24 21:32:00,736:WARNING:/tmp/ipykernel_3796310/1581226005.py:4: PerformanceWarning: DataFrame is highly fragmented.  This is usually the result of calling `frame.insert` many times, which has poor performance.  Consider joining all columns at once using pd.concat(axis=1) instead. To get a de-fragmented frame, use `newframe = frame.copy()`
  data['%s_dv_%s'%(a,b)] = data[a]/data[b]

2022-07-24 21:32:00,736:WARNING:/tmp/ipykernel_3796310/1581226005.py:4: PerformanceWarning: DataFrame is highly fragmented.  This is usually the result of calling `frame.insert` many times, which has poor performance.  Consider joining all columns at once using pd.concat(axis=1) instead. To get a de-fragmented frame, use `newframe = frame.copy()`
  data['%s_dv_%s'%(a,b)] = data[a]/data[b]

2022-07-24 21:32:00,737:WARNING:/tmp/ipykernel_3796310/1581226005.py:4: PerformanceWarning: DataFrame is highly fragmented.  This is usually the result of calling `frame.insert` many times, which has poor performance.  Consider joining all columns at once using pd.concat(axis=1) instead. To get a de-fragmented frame, use `newframe = frame.copy()`
  data['%s_dv_%s'%(a,b)] = data[a]/data[b]

2022-07-24 21:32:00,737:WARNING:/tmp/ipykernel_3796310/1581226005.py:4: PerformanceWarning: DataFrame is highly fragmented.  This is usually the result of calling `frame.insert` many times, which has poor performance.  Consider joining all columns at once using pd.concat(axis=1) instead. To get a de-fragmented frame, use `newframe = frame.copy()`
  data['%s_dv_%s'%(a,b)] = data[a]/data[b]

2022-07-24 21:32:00,737:WARNING:/tmp/ipykernel_3796310/1581226005.py:4: PerformanceWarning: DataFrame is highly fragmented.  This is usually the result of calling `frame.insert` many times, which has poor performance.  Consider joining all columns at once using pd.concat(axis=1) instead. To get a de-fragmented frame, use `newframe = frame.copy()`
  data['%s_dv_%s'%(a,b)] = data[a]/data[b]

2022-07-24 21:32:00,738:WARNING:/tmp/ipykernel_3796310/1581226005.py:4: PerformanceWarning: DataFrame is highly fragmented.  This is usually the result of calling `frame.insert` many times, which has poor performance.  Consider joining all columns at once using pd.concat(axis=1) instead. To get a de-fragmented frame, use `newframe = frame.copy()`
  data['%s_dv_%s'%(a,b)] = data[a]/data[b]

2022-07-24 21:32:00,738:WARNING:/tmp/ipykernel_3796310/1581226005.py:4: PerformanceWarning: DataFrame is highly fragmented.  This is usually the result of calling `frame.insert` many times, which has poor performance.  Consider joining all columns at once using pd.concat(axis=1) instead. To get a de-fragmented frame, use `newframe = frame.copy()`
  data['%s_dv_%s'%(a,b)] = data[a]/data[b]

2022-07-24 21:32:00,739:WARNING:/tmp/ipykernel_3796310/1581226005.py:4: PerformanceWarning: DataFrame is highly fragmented.  This is usually the result of calling `frame.insert` many times, which has poor performance.  Consider joining all columns at once using pd.concat(axis=1) instead. To get a de-fragmented frame, use `newframe = frame.copy()`
  data['%s_dv_%s'%(a,b)] = data[a]/data[b]

2022-07-24 21:32:00,739:WARNING:/tmp/ipykernel_3796310/1581226005.py:4: PerformanceWarning: DataFrame is highly fragmented.  This is usually the result of calling `frame.insert` many times, which has poor performance.  Consider joining all columns at once using pd.concat(axis=1) instead. To get a de-fragmented frame, use `newframe = frame.copy()`
  data['%s_dv_%s'%(a,b)] = data[a]/data[b]

2022-07-24 21:32:00,739:WARNING:/tmp/ipykernel_3796310/1581226005.py:4: PerformanceWarning: DataFrame is highly fragmented.  This is usually the result of calling `frame.insert` many times, which has poor performance.  Consider joining all columns at once using pd.concat(axis=1) instead. To get a de-fragmented frame, use `newframe = frame.copy()`
  data['%s_dv_%s'%(a,b)] = data[a]/data[b]

2022-07-24 21:32:00,740:WARNING:/tmp/ipykernel_3796310/1581226005.py:4: PerformanceWarning: DataFrame is highly fragmented.  This is usually the result of calling `frame.insert` many times, which has poor performance.  Consider joining all columns at once using pd.concat(axis=1) instead. To get a de-fragmented frame, use `newframe = frame.copy()`
  data['%s_dv_%s'%(a,b)] = data[a]/data[b]

2022-07-24 21:32:00,740:WARNING:/tmp/ipykernel_3796310/1581226005.py:4: PerformanceWarning: DataFrame is highly fragmented.  This is usually the result of calling `frame.insert` many times, which has poor performance.  Consider joining all columns at once using pd.concat(axis=1) instead. To get a de-fragmented frame, use `newframe = frame.copy()`
  data['%s_dv_%s'%(a,b)] = data[a]/data[b]

2022-07-24 21:32:00,741:WARNING:/tmp/ipykernel_3796310/1581226005.py:4: PerformanceWarning: DataFrame is highly fragmented.  This is usually the result of calling `frame.insert` many times, which has poor performance.  Consider joining all columns at once using pd.concat(axis=1) instead. To get a de-fragmented frame, use `newframe = frame.copy()`
  data['%s_dv_%s'%(a,b)] = data[a]/data[b]

2022-07-24 21:32:00,741:WARNING:/tmp/ipykernel_3796310/1581226005.py:4: PerformanceWarning: DataFrame is highly fragmented.  This is usually the result of calling `frame.insert` many times, which has poor performance.  Consider joining all columns at once using pd.concat(axis=1) instead. To get a de-fragmented frame, use `newframe = frame.copy()`
  data['%s_dv_%s'%(a,b)] = data[a]/data[b]

2022-07-24 21:32:00,741:WARNING:/tmp/ipykernel_3796310/1581226005.py:4: PerformanceWarning: DataFrame is highly fragmented.  This is usually the result of calling `frame.insert` many times, which has poor performance.  Consider joining all columns at once using pd.concat(axis=1) instead. To get a de-fragmented frame, use `newframe = frame.copy()`
  data['%s_dv_%s'%(a,b)] = data[a]/data[b]

2022-07-24 21:32:00,742:WARNING:/tmp/ipykernel_3796310/1581226005.py:4: PerformanceWarning: DataFrame is highly fragmented.  This is usually the result of calling `frame.insert` many times, which has poor performance.  Consider joining all columns at once using pd.concat(axis=1) instead. To get a de-fragmented frame, use `newframe = frame.copy()`
  data['%s_dv_%s'%(a,b)] = data[a]/data[b]

2022-07-24 21:32:00,742:WARNING:/tmp/ipykernel_3796310/1581226005.py:4: PerformanceWarning: DataFrame is highly fragmented.  This is usually the result of calling `frame.insert` many times, which has poor performance.  Consider joining all columns at once using pd.concat(axis=1) instead. To get a de-fragmented frame, use `newframe = frame.copy()`
  data['%s_dv_%s'%(a,b)] = data[a]/data[b]

2022-07-24 21:32:00,743:WARNING:/tmp/ipykernel_3796310/1581226005.py:4: PerformanceWarning: DataFrame is highly fragmented.  This is usually the result of calling `frame.insert` many times, which has poor performance.  Consider joining all columns at once using pd.concat(axis=1) instead. To get a de-fragmented frame, use `newframe = frame.copy()`
  data['%s_dv_%s'%(a,b)] = data[a]/data[b]

2022-07-24 21:32:00,743:WARNING:/tmp/ipykernel_3796310/1581226005.py:4: PerformanceWarning: DataFrame is highly fragmented.  This is usually the result of calling `frame.insert` many times, which has poor performance.  Consider joining all columns at once using pd.concat(axis=1) instead. To get a de-fragmented frame, use `newframe = frame.copy()`
  data['%s_dv_%s'%(a,b)] = data[a]/data[b]

2022-07-24 21:32:00,743:WARNING:/tmp/ipykernel_3796310/1581226005.py:4: PerformanceWarning: DataFrame is highly fragmented.  This is usually the result of calling `frame.insert` many times, which has poor performance.  Consider joining all columns at once using pd.concat(axis=1) instead. To get a de-fragmented frame, use `newframe = frame.copy()`
  data['%s_dv_%s'%(a,b)] = data[a]/data[b]

2022-07-24 21:32:00,744:WARNING:/tmp/ipykernel_3796310/1581226005.py:4: PerformanceWarning: DataFrame is highly fragmented.  This is usually the result of calling `frame.insert` many times, which has poor performance.  Consider joining all columns at once using pd.concat(axis=1) instead. To get a de-fragmented frame, use `newframe = frame.copy()`
  data['%s_dv_%s'%(a,b)] = data[a]/data[b]

2022-07-24 21:32:00,744:WARNING:/tmp/ipykernel_3796310/1581226005.py:4: PerformanceWarning: DataFrame is highly fragmented.  This is usually the result of calling `frame.insert` many times, which has poor performance.  Consider joining all columns at once using pd.concat(axis=1) instead. To get a de-fragmented frame, use `newframe = frame.copy()`
  data['%s_dv_%s'%(a,b)] = data[a]/data[b]

2022-07-24 21:32:00,745:WARNING:/tmp/ipykernel_3796310/1581226005.py:4: PerformanceWarning: DataFrame is highly fragmented.  This is usually the result of calling `frame.insert` many times, which has poor performance.  Consider joining all columns at once using pd.concat(axis=1) instead. To get a de-fragmented frame, use `newframe = frame.copy()`
  data['%s_dv_%s'%(a,b)] = data[a]/data[b]

2022-07-24 21:32:00,745:WARNING:/tmp/ipykernel_3796310/1581226005.py:4: PerformanceWarning: DataFrame is highly fragmented.  This is usually the result of calling `frame.insert` many times, which has poor performance.  Consider joining all columns at once using pd.concat(axis=1) instead. To get a de-fragmented frame, use `newframe = frame.copy()`
  data['%s_dv_%s'%(a,b)] = data[a]/data[b]

2022-07-24 21:32:00,746:WARNING:/tmp/ipykernel_3796310/1581226005.py:4: PerformanceWarning: DataFrame is highly fragmented.  This is usually the result of calling `frame.insert` many times, which has poor performance.  Consider joining all columns at once using pd.concat(axis=1) instead. To get a de-fragmented frame, use `newframe = frame.copy()`
  data['%s_dv_%s'%(a,b)] = data[a]/data[b]

2022-07-24 21:32:00,746:WARNING:/tmp/ipykernel_3796310/1581226005.py:4: PerformanceWarning: DataFrame is highly fragmented.  This is usually the result of calling `frame.insert` many times, which has poor performance.  Consider joining all columns at once using pd.concat(axis=1) instead. To get a de-fragmented frame, use `newframe = frame.copy()`
  data['%s_dv_%s'%(a,b)] = data[a]/data[b]

2022-07-24 21:32:00,746:WARNING:/tmp/ipykernel_3796310/1581226005.py:4: PerformanceWarning: DataFrame is highly fragmented.  This is usually the result of calling `frame.insert` many times, which has poor performance.  Consider joining all columns at once using pd.concat(axis=1) instead. To get a de-fragmented frame, use `newframe = frame.copy()`
  data['%s_dv_%s'%(a,b)] = data[a]/data[b]

2022-07-24 21:32:00,747:WARNING:/tmp/ipykernel_3796310/1581226005.py:4: PerformanceWarning: DataFrame is highly fragmented.  This is usually the result of calling `frame.insert` many times, which has poor performance.  Consider joining all columns at once using pd.concat(axis=1) instead. To get a de-fragmented frame, use `newframe = frame.copy()`
  data['%s_dv_%s'%(a,b)] = data[a]/data[b]

2022-07-24 21:32:00,747:WARNING:/tmp/ipykernel_3796310/1581226005.py:4: PerformanceWarning: DataFrame is highly fragmented.  This is usually the result of calling `frame.insert` many times, which has poor performance.  Consider joining all columns at once using pd.concat(axis=1) instead. To get a de-fragmented frame, use `newframe = frame.copy()`
  data['%s_dv_%s'%(a,b)] = data[a]/data[b]

2022-07-24 21:32:00,748:WARNING:/tmp/ipykernel_3796310/1581226005.py:4: PerformanceWarning: DataFrame is highly fragmented.  This is usually the result of calling `frame.insert` many times, which has poor performance.  Consider joining all columns at once using pd.concat(axis=1) instead. To get a de-fragmented frame, use `newframe = frame.copy()`
  data['%s_dv_%s'%(a,b)] = data[a]/data[b]

2022-07-24 21:32:00,748:WARNING:/tmp/ipykernel_3796310/1581226005.py:4: PerformanceWarning: DataFrame is highly fragmented.  This is usually the result of calling `frame.insert` many times, which has poor performance.  Consider joining all columns at once using pd.concat(axis=1) instead. To get a de-fragmented frame, use `newframe = frame.copy()`
  data['%s_dv_%s'%(a,b)] = data[a]/data[b]

2022-07-24 21:32:00,748:WARNING:/tmp/ipykernel_3796310/1581226005.py:4: PerformanceWarning: DataFrame is highly fragmented.  This is usually the result of calling `frame.insert` many times, which has poor performance.  Consider joining all columns at once using pd.concat(axis=1) instead. To get a de-fragmented frame, use `newframe = frame.copy()`
  data['%s_dv_%s'%(a,b)] = data[a]/data[b]

2022-07-24 21:32:00,749:WARNING:/tmp/ipykernel_3796310/1581226005.py:4: PerformanceWarning: DataFrame is highly fragmented.  This is usually the result of calling `frame.insert` many times, which has poor performance.  Consider joining all columns at once using pd.concat(axis=1) instead. To get a de-fragmented frame, use `newframe = frame.copy()`
  data['%s_dv_%s'%(a,b)] = data[a]/data[b]

2022-07-24 21:32:00,749:WARNING:/tmp/ipykernel_3796310/1581226005.py:4: PerformanceWarning: DataFrame is highly fragmented.  This is usually the result of calling `frame.insert` many times, which has poor performance.  Consider joining all columns at once using pd.concat(axis=1) instead. To get a de-fragmented frame, use `newframe = frame.copy()`
  data['%s_dv_%s'%(a,b)] = data[a]/data[b]

2022-07-24 21:32:00,750:WARNING:/tmp/ipykernel_3796310/1581226005.py:4: PerformanceWarning: DataFrame is highly fragmented.  This is usually the result of calling `frame.insert` many times, which has poor performance.  Consider joining all columns at once using pd.concat(axis=1) instead. To get a de-fragmented frame, use `newframe = frame.copy()`
  data['%s_dv_%s'%(a,b)] = data[a]/data[b]

2022-07-24 21:32:00,750:WARNING:/tmp/ipykernel_3796310/1581226005.py:4: PerformanceWarning: DataFrame is highly fragmented.  This is usually the result of calling `frame.insert` many times, which has poor performance.  Consider joining all columns at once using pd.concat(axis=1) instead. To get a de-fragmented frame, use `newframe = frame.copy()`
  data['%s_dv_%s'%(a,b)] = data[a]/data[b]

2022-07-24 21:32:00,750:WARNING:/tmp/ipykernel_3796310/1581226005.py:4: PerformanceWarning: DataFrame is highly fragmented.  This is usually the result of calling `frame.insert` many times, which has poor performance.  Consider joining all columns at once using pd.concat(axis=1) instead. To get a de-fragmented frame, use `newframe = frame.copy()`
  data['%s_dv_%s'%(a,b)] = data[a]/data[b]

2022-07-24 21:32:00,751:WARNING:/tmp/ipykernel_3796310/1581226005.py:4: PerformanceWarning: DataFrame is highly fragmented.  This is usually the result of calling `frame.insert` many times, which has poor performance.  Consider joining all columns at once using pd.concat(axis=1) instead. To get a de-fragmented frame, use `newframe = frame.copy()`
  data['%s_dv_%s'%(a,b)] = data[a]/data[b]

2022-07-24 21:32:00,751:WARNING:/tmp/ipykernel_3796310/1581226005.py:4: PerformanceWarning: DataFrame is highly fragmented.  This is usually the result of calling `frame.insert` many times, which has poor performance.  Consider joining all columns at once using pd.concat(axis=1) instead. To get a de-fragmented frame, use `newframe = frame.copy()`
  data['%s_dv_%s'%(a,b)] = data[a]/data[b]

2022-07-24 21:32:00,752:WARNING:/tmp/ipykernel_3796310/1581226005.py:4: PerformanceWarning: DataFrame is highly fragmented.  This is usually the result of calling `frame.insert` many times, which has poor performance.  Consider joining all columns at once using pd.concat(axis=1) instead. To get a de-fragmented frame, use `newframe = frame.copy()`
  data['%s_dv_%s'%(a,b)] = data[a]/data[b]

2022-07-24 21:32:00,752:WARNING:/tmp/ipykernel_3796310/1581226005.py:4: PerformanceWarning: DataFrame is highly fragmented.  This is usually the result of calling `frame.insert` many times, which has poor performance.  Consider joining all columns at once using pd.concat(axis=1) instead. To get a de-fragmented frame, use `newframe = frame.copy()`
  data['%s_dv_%s'%(a,b)] = data[a]/data[b]

2022-07-24 21:32:00,753:WARNING:/tmp/ipykernel_3796310/1581226005.py:4: PerformanceWarning: DataFrame is highly fragmented.  This is usually the result of calling `frame.insert` many times, which has poor performance.  Consider joining all columns at once using pd.concat(axis=1) instead. To get a de-fragmented frame, use `newframe = frame.copy()`
  data['%s_dv_%s'%(a,b)] = data[a]/data[b]

2022-07-24 21:32:00,753:WARNING:/tmp/ipykernel_3796310/1581226005.py:4: PerformanceWarning: DataFrame is highly fragmented.  This is usually the result of calling `frame.insert` many times, which has poor performance.  Consider joining all columns at once using pd.concat(axis=1) instead. To get a de-fragmented frame, use `newframe = frame.copy()`
  data['%s_dv_%s'%(a,b)] = data[a]/data[b]

2022-07-24 21:32:00,753:WARNING:/tmp/ipykernel_3796310/1581226005.py:4: PerformanceWarning: DataFrame is highly fragmented.  This is usually the result of calling `frame.insert` many times, which has poor performance.  Consider joining all columns at once using pd.concat(axis=1) instead. To get a de-fragmented frame, use `newframe = frame.copy()`
  data['%s_dv_%s'%(a,b)] = data[a]/data[b]

2022-07-24 21:32:00,754:WARNING:/tmp/ipykernel_3796310/1581226005.py:4: PerformanceWarning: DataFrame is highly fragmented.  This is usually the result of calling `frame.insert` many times, which has poor performance.  Consider joining all columns at once using pd.concat(axis=1) instead. To get a de-fragmented frame, use `newframe = frame.copy()`
  data['%s_dv_%s'%(a,b)] = data[a]/data[b]

2022-07-24 21:32:00,754:WARNING:/tmp/ipykernel_3796310/1581226005.py:4: PerformanceWarning: DataFrame is highly fragmented.  This is usually the result of calling `frame.insert` many times, which has poor performance.  Consider joining all columns at once using pd.concat(axis=1) instead. To get a de-fragmented frame, use `newframe = frame.copy()`
  data['%s_dv_%s'%(a,b)] = data[a]/data[b]

2022-07-24 21:32:00,755:WARNING:/tmp/ipykernel_3796310/1581226005.py:4: PerformanceWarning: DataFrame is highly fragmented.  This is usually the result of calling `frame.insert` many times, which has poor performance.  Consider joining all columns at once using pd.concat(axis=1) instead. To get a de-fragmented frame, use `newframe = frame.copy()`
  data['%s_dv_%s'%(a,b)] = data[a]/data[b]

2022-07-24 21:32:00,755:WARNING:/tmp/ipykernel_3796310/1581226005.py:4: PerformanceWarning: DataFrame is highly fragmented.  This is usually the result of calling `frame.insert` many times, which has poor performance.  Consider joining all columns at once using pd.concat(axis=1) instead. To get a de-fragmented frame, use `newframe = frame.copy()`
  data['%s_dv_%s'%(a,b)] = data[a]/data[b]

2022-07-24 21:32:00,755:WARNING:/tmp/ipykernel_3796310/1581226005.py:4: PerformanceWarning: DataFrame is highly fragmented.  This is usually the result of calling `frame.insert` many times, which has poor performance.  Consider joining all columns at once using pd.concat(axis=1) instead. To get a de-fragmented frame, use `newframe = frame.copy()`
  data['%s_dv_%s'%(a,b)] = data[a]/data[b]

2022-07-24 21:32:00,756:WARNING:/tmp/ipykernel_3796310/1581226005.py:4: PerformanceWarning: DataFrame is highly fragmented.  This is usually the result of calling `frame.insert` many times, which has poor performance.  Consider joining all columns at once using pd.concat(axis=1) instead. To get a de-fragmented frame, use `newframe = frame.copy()`
  data['%s_dv_%s'%(a,b)] = data[a]/data[b]

2022-07-24 21:32:00,756:WARNING:/tmp/ipykernel_3796310/1581226005.py:4: PerformanceWarning: DataFrame is highly fragmented.  This is usually the result of calling `frame.insert` many times, which has poor performance.  Consider joining all columns at once using pd.concat(axis=1) instead. To get a de-fragmented frame, use `newframe = frame.copy()`
  data['%s_dv_%s'%(a,b)] = data[a]/data[b]

2022-07-24 21:32:00,757:WARNING:/tmp/ipykernel_3796310/1581226005.py:4: PerformanceWarning: DataFrame is highly fragmented.  This is usually the result of calling `frame.insert` many times, which has poor performance.  Consider joining all columns at once using pd.concat(axis=1) instead. To get a de-fragmented frame, use `newframe = frame.copy()`
  data['%s_dv_%s'%(a,b)] = data[a]/data[b]

2022-07-24 21:32:00,757:WARNING:/tmp/ipykernel_3796310/1581226005.py:4: PerformanceWarning: DataFrame is highly fragmented.  This is usually the result of calling `frame.insert` many times, which has poor performance.  Consider joining all columns at once using pd.concat(axis=1) instead. To get a de-fragmented frame, use `newframe = frame.copy()`
  data['%s_dv_%s'%(a,b)] = data[a]/data[b]

2022-07-24 21:32:00,758:WARNING:/tmp/ipykernel_3796310/1581226005.py:4: PerformanceWarning: DataFrame is highly fragmented.  This is usually the result of calling `frame.insert` many times, which has poor performance.  Consider joining all columns at once using pd.concat(axis=1) instead. To get a de-fragmented frame, use `newframe = frame.copy()`
  data['%s_dv_%s'%(a,b)] = data[a]/data[b]

2022-07-24 21:32:00,758:WARNING:/tmp/ipykernel_3796310/1581226005.py:4: PerformanceWarning: DataFrame is highly fragmented.  This is usually the result of calling `frame.insert` many times, which has poor performance.  Consider joining all columns at once using pd.concat(axis=1) instead. To get a de-fragmented frame, use `newframe = frame.copy()`
  data['%s_dv_%s'%(a,b)] = data[a]/data[b]

2022-07-24 21:32:00,758:WARNING:/tmp/ipykernel_3796310/1581226005.py:4: PerformanceWarning: DataFrame is highly fragmented.  This is usually the result of calling `frame.insert` many times, which has poor performance.  Consider joining all columns at once using pd.concat(axis=1) instead. To get a de-fragmented frame, use `newframe = frame.copy()`
  data['%s_dv_%s'%(a,b)] = data[a]/data[b]

2022-07-24 21:32:00,759:WARNING:/tmp/ipykernel_3796310/1581226005.py:4: PerformanceWarning: DataFrame is highly fragmented.  This is usually the result of calling `frame.insert` many times, which has poor performance.  Consider joining all columns at once using pd.concat(axis=1) instead. To get a de-fragmented frame, use `newframe = frame.copy()`
  data['%s_dv_%s'%(a,b)] = data[a]/data[b]

2022-07-24 21:32:00,783:WARNING:/tmp/ipykernel_3796310/1581226005.py:4: PerformanceWarning: DataFrame is highly fragmented.  This is usually the result of calling `frame.insert` many times, which has poor performance.  Consider joining all columns at once using pd.concat(axis=1) instead. To get a de-fragmented frame, use `newframe = frame.copy()`
  data['%s_dv_%s'%(a,b)] = data[a]/data[b]

2022-07-24 21:32:00,783:WARNING:/tmp/ipykernel_3796310/1581226005.py:4: PerformanceWarning: DataFrame is highly fragmented.  This is usually the result of calling `frame.insert` many times, which has poor performance.  Consider joining all columns at once using pd.concat(axis=1) instead. To get a de-fragmented frame, use `newframe = frame.copy()`
  data['%s_dv_%s'%(a,b)] = data[a]/data[b]

2022-07-24 21:32:00,784:WARNING:/tmp/ipykernel_3796310/1581226005.py:4: PerformanceWarning: DataFrame is highly fragmented.  This is usually the result of calling `frame.insert` many times, which has poor performance.  Consider joining all columns at once using pd.concat(axis=1) instead. To get a de-fragmented frame, use `newframe = frame.copy()`
  data['%s_dv_%s'%(a,b)] = data[a]/data[b]

2022-07-24 21:32:00,784:WARNING:/tmp/ipykernel_3796310/1581226005.py:4: PerformanceWarning: DataFrame is highly fragmented.  This is usually the result of calling `frame.insert` many times, which has poor performance.  Consider joining all columns at once using pd.concat(axis=1) instead. To get a de-fragmented frame, use `newframe = frame.copy()`
  data['%s_dv_%s'%(a,b)] = data[a]/data[b]

2022-07-24 21:32:00,784:WARNING:/tmp/ipykernel_3796310/1581226005.py:4: PerformanceWarning: DataFrame is highly fragmented.  This is usually the result of calling `frame.insert` many times, which has poor performance.  Consider joining all columns at once using pd.concat(axis=1) instead. To get a de-fragmented frame, use `newframe = frame.copy()`
  data['%s_dv_%s'%(a,b)] = data[a]/data[b]

2022-07-24 21:32:00,785:WARNING:/tmp/ipykernel_3796310/1581226005.py:4: PerformanceWarning: DataFrame is highly fragmented.  This is usually the result of calling `frame.insert` many times, which has poor performance.  Consider joining all columns at once using pd.concat(axis=1) instead. To get a de-fragmented frame, use `newframe = frame.copy()`
  data['%s_dv_%s'%(a,b)] = data[a]/data[b]

2022-07-24 21:32:00,785:WARNING:/tmp/ipykernel_3796310/1581226005.py:4: PerformanceWarning: DataFrame is highly fragmented.  This is usually the result of calling `frame.insert` many times, which has poor performance.  Consider joining all columns at once using pd.concat(axis=1) instead. To get a de-fragmented frame, use `newframe = frame.copy()`
  data['%s_dv_%s'%(a,b)] = data[a]/data[b]

2022-07-24 21:32:00,785:WARNING:/tmp/ipykernel_3796310/1581226005.py:4: PerformanceWarning: DataFrame is highly fragmented.  This is usually the result of calling `frame.insert` many times, which has poor performance.  Consider joining all columns at once using pd.concat(axis=1) instead. To get a de-fragmented frame, use `newframe = frame.copy()`
  data['%s_dv_%s'%(a,b)] = data[a]/data[b]

2022-07-24 21:32:00,786:WARNING:/tmp/ipykernel_3796310/1581226005.py:4: PerformanceWarning: DataFrame is highly fragmented.  This is usually the result of calling `frame.insert` many times, which has poor performance.  Consider joining all columns at once using pd.concat(axis=1) instead. To get a de-fragmented frame, use `newframe = frame.copy()`
  data['%s_dv_%s'%(a,b)] = data[a]/data[b]

2022-07-24 21:32:00,786:WARNING:/tmp/ipykernel_3796310/1581226005.py:4: PerformanceWarning: DataFrame is highly fragmented.  This is usually the result of calling `frame.insert` many times, which has poor performance.  Consider joining all columns at once using pd.concat(axis=1) instead. To get a de-fragmented frame, use `newframe = frame.copy()`
  data['%s_dv_%s'%(a,b)] = data[a]/data[b]

2022-07-24 21:32:00,786:WARNING:/tmp/ipykernel_3796310/1581226005.py:4: PerformanceWarning: DataFrame is highly fragmented.  This is usually the result of calling `frame.insert` many times, which has poor performance.  Consider joining all columns at once using pd.concat(axis=1) instead. To get a de-fragmented frame, use `newframe = frame.copy()`
  data['%s_dv_%s'%(a,b)] = data[a]/data[b]

2022-07-24 21:32:00,787:WARNING:/tmp/ipykernel_3796310/1581226005.py:4: PerformanceWarning: DataFrame is highly fragmented.  This is usually the result of calling `frame.insert` many times, which has poor performance.  Consider joining all columns at once using pd.concat(axis=1) instead. To get a de-fragmented frame, use `newframe = frame.copy()`
  data['%s_dv_%s'%(a,b)] = data[a]/data[b]

2022-07-24 21:32:00,787:WARNING:/tmp/ipykernel_3796310/1581226005.py:4: PerformanceWarning: DataFrame is highly fragmented.  This is usually the result of calling `frame.insert` many times, which has poor performance.  Consider joining all columns at once using pd.concat(axis=1) instead. To get a de-fragmented frame, use `newframe = frame.copy()`
  data['%s_dv_%s'%(a,b)] = data[a]/data[b]

2022-07-24 21:32:00,787:WARNING:/tmp/ipykernel_3796310/1581226005.py:4: PerformanceWarning: DataFrame is highly fragmented.  This is usually the result of calling `frame.insert` many times, which has poor performance.  Consider joining all columns at once using pd.concat(axis=1) instead. To get a de-fragmented frame, use `newframe = frame.copy()`
  data['%s_dv_%s'%(a,b)] = data[a]/data[b]

2022-07-24 21:32:00,788:WARNING:/tmp/ipykernel_3796310/1581226005.py:4: PerformanceWarning: DataFrame is highly fragmented.  This is usually the result of calling `frame.insert` many times, which has poor performance.  Consider joining all columns at once using pd.concat(axis=1) instead. To get a de-fragmented frame, use `newframe = frame.copy()`
  data['%s_dv_%s'%(a,b)] = data[a]/data[b]

2022-07-24 21:32:00,788:WARNING:/tmp/ipykernel_3796310/1581226005.py:4: PerformanceWarning: DataFrame is highly fragmented.  This is usually the result of calling `frame.insert` many times, which has poor performance.  Consider joining all columns at once using pd.concat(axis=1) instead. To get a de-fragmented frame, use `newframe = frame.copy()`
  data['%s_dv_%s'%(a,b)] = data[a]/data[b]

2022-07-24 21:32:00,788:WARNING:/tmp/ipykernel_3796310/1581226005.py:4: PerformanceWarning: DataFrame is highly fragmented.  This is usually the result of calling `frame.insert` many times, which has poor performance.  Consider joining all columns at once using pd.concat(axis=1) instead. To get a de-fragmented frame, use `newframe = frame.copy()`
  data['%s_dv_%s'%(a,b)] = data[a]/data[b]

2022-07-24 21:32:00,789:WARNING:/tmp/ipykernel_3796310/1581226005.py:4: PerformanceWarning: DataFrame is highly fragmented.  This is usually the result of calling `frame.insert` many times, which has poor performance.  Consider joining all columns at once using pd.concat(axis=1) instead. To get a de-fragmented frame, use `newframe = frame.copy()`
  data['%s_dv_%s'%(a,b)] = data[a]/data[b]

2022-07-24 21:32:00,789:WARNING:/tmp/ipykernel_3796310/1581226005.py:4: PerformanceWarning: DataFrame is highly fragmented.  This is usually the result of calling `frame.insert` many times, which has poor performance.  Consider joining all columns at once using pd.concat(axis=1) instead. To get a de-fragmented frame, use `newframe = frame.copy()`
  data['%s_dv_%s'%(a,b)] = data[a]/data[b]

2022-07-24 21:32:00,789:WARNING:/tmp/ipykernel_3796310/1581226005.py:4: PerformanceWarning: DataFrame is highly fragmented.  This is usually the result of calling `frame.insert` many times, which has poor performance.  Consider joining all columns at once using pd.concat(axis=1) instead. To get a de-fragmented frame, use `newframe = frame.copy()`
  data['%s_dv_%s'%(a,b)] = data[a]/data[b]

2022-07-24 21:32:00,790:WARNING:/tmp/ipykernel_3796310/1581226005.py:4: PerformanceWarning: DataFrame is highly fragmented.  This is usually the result of calling `frame.insert` many times, which has poor performance.  Consider joining all columns at once using pd.concat(axis=1) instead. To get a de-fragmented frame, use `newframe = frame.copy()`
  data['%s_dv_%s'%(a,b)] = data[a]/data[b]

2022-07-24 21:32:00,790:WARNING:/tmp/ipykernel_3796310/1581226005.py:4: PerformanceWarning: DataFrame is highly fragmented.  This is usually the result of calling `frame.insert` many times, which has poor performance.  Consider joining all columns at once using pd.concat(axis=1) instead. To get a de-fragmented frame, use `newframe = frame.copy()`
  data['%s_dv_%s'%(a,b)] = data[a]/data[b]

2022-07-24 21:32:00,790:WARNING:/tmp/ipykernel_3796310/1581226005.py:4: PerformanceWarning: DataFrame is highly fragmented.  This is usually the result of calling `frame.insert` many times, which has poor performance.  Consider joining all columns at once using pd.concat(axis=1) instead. To get a de-fragmented frame, use `newframe = frame.copy()`
  data['%s_dv_%s'%(a,b)] = data[a]/data[b]

2022-07-24 21:32:00,791:WARNING:/tmp/ipykernel_3796310/1581226005.py:4: PerformanceWarning: DataFrame is highly fragmented.  This is usually the result of calling `frame.insert` many times, which has poor performance.  Consider joining all columns at once using pd.concat(axis=1) instead. To get a de-fragmented frame, use `newframe = frame.copy()`
  data['%s_dv_%s'%(a,b)] = data[a]/data[b]

2022-07-24 21:32:00,791:WARNING:/tmp/ipykernel_3796310/1581226005.py:4: PerformanceWarning: DataFrame is highly fragmented.  This is usually the result of calling `frame.insert` many times, which has poor performance.  Consider joining all columns at once using pd.concat(axis=1) instead. To get a de-fragmented frame, use `newframe = frame.copy()`
  data['%s_dv_%s'%(a,b)] = data[a]/data[b]

2022-07-24 21:32:00,791:WARNING:/tmp/ipykernel_3796310/1581226005.py:4: PerformanceWarning: DataFrame is highly fragmented.  This is usually the result of calling `frame.insert` many times, which has poor performance.  Consider joining all columns at once using pd.concat(axis=1) instead. To get a de-fragmented frame, use `newframe = frame.copy()`
  data['%s_dv_%s'%(a,b)] = data[a]/data[b]

2022-07-24 21:32:00,792:WARNING:/tmp/ipykernel_3796310/1581226005.py:4: PerformanceWarning: DataFrame is highly fragmented.  This is usually the result of calling `frame.insert` many times, which has poor performance.  Consider joining all columns at once using pd.concat(axis=1) instead. To get a de-fragmented frame, use `newframe = frame.copy()`
  data['%s_dv_%s'%(a,b)] = data[a]/data[b]

2022-07-24 21:32:00,792:WARNING:/tmp/ipykernel_3796310/1581226005.py:4: PerformanceWarning: DataFrame is highly fragmented.  This is usually the result of calling `frame.insert` many times, which has poor performance.  Consider joining all columns at once using pd.concat(axis=1) instead. To get a de-fragmented frame, use `newframe = frame.copy()`
  data['%s_dv_%s'%(a,b)] = data[a]/data[b]

2022-07-24 21:32:00,792:WARNING:/tmp/ipykernel_3796310/1581226005.py:4: PerformanceWarning: DataFrame is highly fragmented.  This is usually the result of calling `frame.insert` many times, which has poor performance.  Consider joining all columns at once using pd.concat(axis=1) instead. To get a de-fragmented frame, use `newframe = frame.copy()`
  data['%s_dv_%s'%(a,b)] = data[a]/data[b]

2022-07-24 21:32:00,793:WARNING:/tmp/ipykernel_3796310/1581226005.py:4: PerformanceWarning: DataFrame is highly fragmented.  This is usually the result of calling `frame.insert` many times, which has poor performance.  Consider joining all columns at once using pd.concat(axis=1) instead. To get a de-fragmented frame, use `newframe = frame.copy()`
  data['%s_dv_%s'%(a,b)] = data[a]/data[b]

2022-07-24 21:32:00,793:WARNING:/tmp/ipykernel_3796310/1581226005.py:4: PerformanceWarning: DataFrame is highly fragmented.  This is usually the result of calling `frame.insert` many times, which has poor performance.  Consider joining all columns at once using pd.concat(axis=1) instead. To get a de-fragmented frame, use `newframe = frame.copy()`
  data['%s_dv_%s'%(a,b)] = data[a]/data[b]

2022-07-24 21:32:00,793:WARNING:/tmp/ipykernel_3796310/1581226005.py:4: PerformanceWarning: DataFrame is highly fragmented.  This is usually the result of calling `frame.insert` many times, which has poor performance.  Consider joining all columns at once using pd.concat(axis=1) instead. To get a de-fragmented frame, use `newframe = frame.copy()`
  data['%s_dv_%s'%(a,b)] = data[a]/data[b]

2022-07-24 21:32:00,794:WARNING:/tmp/ipykernel_3796310/1581226005.py:4: PerformanceWarning: DataFrame is highly fragmented.  This is usually the result of calling `frame.insert` many times, which has poor performance.  Consider joining all columns at once using pd.concat(axis=1) instead. To get a de-fragmented frame, use `newframe = frame.copy()`
  data['%s_dv_%s'%(a,b)] = data[a]/data[b]

2022-07-24 21:32:00,794:WARNING:/tmp/ipykernel_3796310/1581226005.py:4: PerformanceWarning: DataFrame is highly fragmented.  This is usually the result of calling `frame.insert` many times, which has poor performance.  Consider joining all columns at once using pd.concat(axis=1) instead. To get a de-fragmented frame, use `newframe = frame.copy()`
  data['%s_dv_%s'%(a,b)] = data[a]/data[b]

2022-07-24 21:32:00,794:WARNING:/tmp/ipykernel_3796310/1581226005.py:4: PerformanceWarning: DataFrame is highly fragmented.  This is usually the result of calling `frame.insert` many times, which has poor performance.  Consider joining all columns at once using pd.concat(axis=1) instead. To get a de-fragmented frame, use `newframe = frame.copy()`
  data['%s_dv_%s'%(a,b)] = data[a]/data[b]

2022-07-24 21:32:00,795:WARNING:/tmp/ipykernel_3796310/1581226005.py:4: PerformanceWarning: DataFrame is highly fragmented.  This is usually the result of calling `frame.insert` many times, which has poor performance.  Consider joining all columns at once using pd.concat(axis=1) instead. To get a de-fragmented frame, use `newframe = frame.copy()`
  data['%s_dv_%s'%(a,b)] = data[a]/data[b]

2022-07-24 21:32:00,795:WARNING:/tmp/ipykernel_3796310/1581226005.py:4: PerformanceWarning: DataFrame is highly fragmented.  This is usually the result of calling `frame.insert` many times, which has poor performance.  Consider joining all columns at once using pd.concat(axis=1) instead. To get a de-fragmented frame, use `newframe = frame.copy()`
  data['%s_dv_%s'%(a,b)] = data[a]/data[b]

2022-07-24 21:32:00,795:WARNING:/tmp/ipykernel_3796310/1581226005.py:4: PerformanceWarning: DataFrame is highly fragmented.  This is usually the result of calling `frame.insert` many times, which has poor performance.  Consider joining all columns at once using pd.concat(axis=1) instead. To get a de-fragmented frame, use `newframe = frame.copy()`
  data['%s_dv_%s'%(a,b)] = data[a]/data[b]

2022-07-24 21:32:00,796:WARNING:/tmp/ipykernel_3796310/1581226005.py:4: PerformanceWarning: DataFrame is highly fragmented.  This is usually the result of calling `frame.insert` many times, which has poor performance.  Consider joining all columns at once using pd.concat(axis=1) instead. To get a de-fragmented frame, use `newframe = frame.copy()`
  data['%s_dv_%s'%(a,b)] = data[a]/data[b]

2022-07-24 21:32:00,796:WARNING:/tmp/ipykernel_3796310/1581226005.py:4: PerformanceWarning: DataFrame is highly fragmented.  This is usually the result of calling `frame.insert` many times, which has poor performance.  Consider joining all columns at once using pd.concat(axis=1) instead. To get a de-fragmented frame, use `newframe = frame.copy()`
  data['%s_dv_%s'%(a,b)] = data[a]/data[b]

2022-07-24 21:32:00,796:WARNING:/tmp/ipykernel_3796310/1581226005.py:4: PerformanceWarning: DataFrame is highly fragmented.  This is usually the result of calling `frame.insert` many times, which has poor performance.  Consider joining all columns at once using pd.concat(axis=1) instead. To get a de-fragmented frame, use `newframe = frame.copy()`
  data['%s_dv_%s'%(a,b)] = data[a]/data[b]

2022-07-24 21:32:00,797:WARNING:/tmp/ipykernel_3796310/1581226005.py:4: PerformanceWarning: DataFrame is highly fragmented.  This is usually the result of calling `frame.insert` many times, which has poor performance.  Consider joining all columns at once using pd.concat(axis=1) instead. To get a de-fragmented frame, use `newframe = frame.copy()`
  data['%s_dv_%s'%(a,b)] = data[a]/data[b]

2022-07-24 21:32:00,797:WARNING:/tmp/ipykernel_3796310/1581226005.py:4: PerformanceWarning: DataFrame is highly fragmented.  This is usually the result of calling `frame.insert` many times, which has poor performance.  Consider joining all columns at once using pd.concat(axis=1) instead. To get a de-fragmented frame, use `newframe = frame.copy()`
  data['%s_dv_%s'%(a,b)] = data[a]/data[b]

2022-07-24 21:32:00,797:WARNING:/tmp/ipykernel_3796310/1581226005.py:4: PerformanceWarning: DataFrame is highly fragmented.  This is usually the result of calling `frame.insert` many times, which has poor performance.  Consider joining all columns at once using pd.concat(axis=1) instead. To get a de-fragmented frame, use `newframe = frame.copy()`
  data['%s_dv_%s'%(a,b)] = data[a]/data[b]

2022-07-24 21:32:00,798:WARNING:/tmp/ipykernel_3796310/1581226005.py:4: PerformanceWarning: DataFrame is highly fragmented.  This is usually the result of calling `frame.insert` many times, which has poor performance.  Consider joining all columns at once using pd.concat(axis=1) instead. To get a de-fragmented frame, use `newframe = frame.copy()`
  data['%s_dv_%s'%(a,b)] = data[a]/data[b]

2022-07-24 21:32:00,798:WARNING:/tmp/ipykernel_3796310/1581226005.py:4: PerformanceWarning: DataFrame is highly fragmented.  This is usually the result of calling `frame.insert` many times, which has poor performance.  Consider joining all columns at once using pd.concat(axis=1) instead. To get a de-fragmented frame, use `newframe = frame.copy()`
  data['%s_dv_%s'%(a,b)] = data[a]/data[b]

2022-07-24 21:32:00,798:WARNING:/tmp/ipykernel_3796310/1581226005.py:4: PerformanceWarning: DataFrame is highly fragmented.  This is usually the result of calling `frame.insert` many times, which has poor performance.  Consider joining all columns at once using pd.concat(axis=1) instead. To get a de-fragmented frame, use `newframe = frame.copy()`
  data['%s_dv_%s'%(a,b)] = data[a]/data[b]

2022-07-24 21:32:00,799:WARNING:/tmp/ipykernel_3796310/1581226005.py:4: PerformanceWarning: DataFrame is highly fragmented.  This is usually the result of calling `frame.insert` many times, which has poor performance.  Consider joining all columns at once using pd.concat(axis=1) instead. To get a de-fragmented frame, use `newframe = frame.copy()`
  data['%s_dv_%s'%(a,b)] = data[a]/data[b]

2022-07-24 21:32:00,799:WARNING:/tmp/ipykernel_3796310/1581226005.py:4: PerformanceWarning: DataFrame is highly fragmented.  This is usually the result of calling `frame.insert` many times, which has poor performance.  Consider joining all columns at once using pd.concat(axis=1) instead. To get a de-fragmented frame, use `newframe = frame.copy()`
  data['%s_dv_%s'%(a,b)] = data[a]/data[b]

2022-07-24 21:32:00,799:WARNING:/tmp/ipykernel_3796310/1581226005.py:4: PerformanceWarning: DataFrame is highly fragmented.  This is usually the result of calling `frame.insert` many times, which has poor performance.  Consider joining all columns at once using pd.concat(axis=1) instead. To get a de-fragmented frame, use `newframe = frame.copy()`
  data['%s_dv_%s'%(a,b)] = data[a]/data[b]

2022-07-24 21:32:00,800:WARNING:/tmp/ipykernel_3796310/1581226005.py:4: PerformanceWarning: DataFrame is highly fragmented.  This is usually the result of calling `frame.insert` many times, which has poor performance.  Consider joining all columns at once using pd.concat(axis=1) instead. To get a de-fragmented frame, use `newframe = frame.copy()`
  data['%s_dv_%s'%(a,b)] = data[a]/data[b]

2022-07-24 21:32:00,800:WARNING:/tmp/ipykernel_3796310/1581226005.py:4: PerformanceWarning: DataFrame is highly fragmented.  This is usually the result of calling `frame.insert` many times, which has poor performance.  Consider joining all columns at once using pd.concat(axis=1) instead. To get a de-fragmented frame, use `newframe = frame.copy()`
  data['%s_dv_%s'%(a,b)] = data[a]/data[b]

2022-07-24 21:32:00,800:WARNING:/tmp/ipykernel_3796310/1581226005.py:4: PerformanceWarning: DataFrame is highly fragmented.  This is usually the result of calling `frame.insert` many times, which has poor performance.  Consider joining all columns at once using pd.concat(axis=1) instead. To get a de-fragmented frame, use `newframe = frame.copy()`
  data['%s_dv_%s'%(a,b)] = data[a]/data[b]

2022-07-24 21:32:00,801:WARNING:/tmp/ipykernel_3796310/1581226005.py:4: PerformanceWarning: DataFrame is highly fragmented.  This is usually the result of calling `frame.insert` many times, which has poor performance.  Consider joining all columns at once using pd.concat(axis=1) instead. To get a de-fragmented frame, use `newframe = frame.copy()`
  data['%s_dv_%s'%(a,b)] = data[a]/data[b]

2022-07-24 21:32:00,801:WARNING:/tmp/ipykernel_3796310/1581226005.py:4: PerformanceWarning: DataFrame is highly fragmented.  This is usually the result of calling `frame.insert` many times, which has poor performance.  Consider joining all columns at once using pd.concat(axis=1) instead. To get a de-fragmented frame, use `newframe = frame.copy()`
  data['%s_dv_%s'%(a,b)] = data[a]/data[b]

2022-07-24 21:32:00,801:WARNING:/tmp/ipykernel_3796310/1581226005.py:4: PerformanceWarning: DataFrame is highly fragmented.  This is usually the result of calling `frame.insert` many times, which has poor performance.  Consider joining all columns at once using pd.concat(axis=1) instead. To get a de-fragmented frame, use `newframe = frame.copy()`
  data['%s_dv_%s'%(a,b)] = data[a]/data[b]

2022-07-24 21:32:00,802:WARNING:/tmp/ipykernel_3796310/1581226005.py:4: PerformanceWarning: DataFrame is highly fragmented.  This is usually the result of calling `frame.insert` many times, which has poor performance.  Consider joining all columns at once using pd.concat(axis=1) instead. To get a de-fragmented frame, use `newframe = frame.copy()`
  data['%s_dv_%s'%(a,b)] = data[a]/data[b]

2022-07-24 21:32:00,802:WARNING:/tmp/ipykernel_3796310/1581226005.py:4: PerformanceWarning: DataFrame is highly fragmented.  This is usually the result of calling `frame.insert` many times, which has poor performance.  Consider joining all columns at once using pd.concat(axis=1) instead. To get a de-fragmented frame, use `newframe = frame.copy()`
  data['%s_dv_%s'%(a,b)] = data[a]/data[b]

2022-07-24 21:32:00,802:WARNING:/tmp/ipykernel_3796310/1581226005.py:4: PerformanceWarning: DataFrame is highly fragmented.  This is usually the result of calling `frame.insert` many times, which has poor performance.  Consider joining all columns at once using pd.concat(axis=1) instead. To get a de-fragmented frame, use `newframe = frame.copy()`
  data['%s_dv_%s'%(a,b)] = data[a]/data[b]

2022-07-24 21:32:00,803:WARNING:/tmp/ipykernel_3796310/1581226005.py:4: PerformanceWarning: DataFrame is highly fragmented.  This is usually the result of calling `frame.insert` many times, which has poor performance.  Consider joining all columns at once using pd.concat(axis=1) instead. To get a de-fragmented frame, use `newframe = frame.copy()`
  data['%s_dv_%s'%(a,b)] = data[a]/data[b]

2022-07-24 21:32:00,803:WARNING:/tmp/ipykernel_3796310/1581226005.py:4: PerformanceWarning: DataFrame is highly fragmented.  This is usually the result of calling `frame.insert` many times, which has poor performance.  Consider joining all columns at once using pd.concat(axis=1) instead. To get a de-fragmented frame, use `newframe = frame.copy()`
  data['%s_dv_%s'%(a,b)] = data[a]/data[b]

2022-07-24 21:32:00,803:WARNING:/tmp/ipykernel_3796310/1581226005.py:4: PerformanceWarning: DataFrame is highly fragmented.  This is usually the result of calling `frame.insert` many times, which has poor performance.  Consider joining all columns at once using pd.concat(axis=1) instead. To get a de-fragmented frame, use `newframe = frame.copy()`
  data['%s_dv_%s'%(a,b)] = data[a]/data[b]

2022-07-24 21:32:00,804:WARNING:/tmp/ipykernel_3796310/1581226005.py:4: PerformanceWarning: DataFrame is highly fragmented.  This is usually the result of calling `frame.insert` many times, which has poor performance.  Consider joining all columns at once using pd.concat(axis=1) instead. To get a de-fragmented frame, use `newframe = frame.copy()`
  data['%s_dv_%s'%(a,b)] = data[a]/data[b]

2022-07-24 21:32:00,804:WARNING:/tmp/ipykernel_3796310/1581226005.py:4: PerformanceWarning: DataFrame is highly fragmented.  This is usually the result of calling `frame.insert` many times, which has poor performance.  Consider joining all columns at once using pd.concat(axis=1) instead. To get a de-fragmented frame, use `newframe = frame.copy()`
  data['%s_dv_%s'%(a,b)] = data[a]/data[b]

2022-07-24 21:32:00,804:WARNING:/tmp/ipykernel_3796310/1581226005.py:4: PerformanceWarning: DataFrame is highly fragmented.  This is usually the result of calling `frame.insert` many times, which has poor performance.  Consider joining all columns at once using pd.concat(axis=1) instead. To get a de-fragmented frame, use `newframe = frame.copy()`
  data['%s_dv_%s'%(a,b)] = data[a]/data[b]

2022-07-24 21:32:00,805:WARNING:/tmp/ipykernel_3796310/1581226005.py:4: PerformanceWarning: DataFrame is highly fragmented.  This is usually the result of calling `frame.insert` many times, which has poor performance.  Consider joining all columns at once using pd.concat(axis=1) instead. To get a de-fragmented frame, use `newframe = frame.copy()`
  data['%s_dv_%s'%(a,b)] = data[a]/data[b]

2022-07-24 21:32:00,805:WARNING:/tmp/ipykernel_3796310/1581226005.py:4: PerformanceWarning: DataFrame is highly fragmented.  This is usually the result of calling `frame.insert` many times, which has poor performance.  Consider joining all columns at once using pd.concat(axis=1) instead. To get a de-fragmented frame, use `newframe = frame.copy()`
  data['%s_dv_%s'%(a,b)] = data[a]/data[b]

2022-07-24 21:32:00,805:WARNING:/tmp/ipykernel_3796310/1581226005.py:4: PerformanceWarning: DataFrame is highly fragmented.  This is usually the result of calling `frame.insert` many times, which has poor performance.  Consider joining all columns at once using pd.concat(axis=1) instead. To get a de-fragmented frame, use `newframe = frame.copy()`
  data['%s_dv_%s'%(a,b)] = data[a]/data[b]

2022-07-24 21:32:00,806:WARNING:/tmp/ipykernel_3796310/1581226005.py:4: PerformanceWarning: DataFrame is highly fragmented.  This is usually the result of calling `frame.insert` many times, which has poor performance.  Consider joining all columns at once using pd.concat(axis=1) instead. To get a de-fragmented frame, use `newframe = frame.copy()`
  data['%s_dv_%s'%(a,b)] = data[a]/data[b]

2022-07-24 21:32:00,806:WARNING:/tmp/ipykernel_3796310/1581226005.py:4: PerformanceWarning: DataFrame is highly fragmented.  This is usually the result of calling `frame.insert` many times, which has poor performance.  Consider joining all columns at once using pd.concat(axis=1) instead. To get a de-fragmented frame, use `newframe = frame.copy()`
  data['%s_dv_%s'%(a,b)] = data[a]/data[b]

2022-07-24 21:32:00,806:WARNING:/tmp/ipykernel_3796310/1581226005.py:4: PerformanceWarning: DataFrame is highly fragmented.  This is usually the result of calling `frame.insert` many times, which has poor performance.  Consider joining all columns at once using pd.concat(axis=1) instead. To get a de-fragmented frame, use `newframe = frame.copy()`
  data['%s_dv_%s'%(a,b)] = data[a]/data[b]

2022-07-24 21:32:00,807:WARNING:/tmp/ipykernel_3796310/1581226005.py:4: PerformanceWarning: DataFrame is highly fragmented.  This is usually the result of calling `frame.insert` many times, which has poor performance.  Consider joining all columns at once using pd.concat(axis=1) instead. To get a de-fragmented frame, use `newframe = frame.copy()`
  data['%s_dv_%s'%(a,b)] = data[a]/data[b]

2022-07-24 21:32:00,807:WARNING:/tmp/ipykernel_3796310/1581226005.py:4: PerformanceWarning: DataFrame is highly fragmented.  This is usually the result of calling `frame.insert` many times, which has poor performance.  Consider joining all columns at once using pd.concat(axis=1) instead. To get a de-fragmented frame, use `newframe = frame.copy()`
  data['%s_dv_%s'%(a,b)] = data[a]/data[b]

2022-07-24 21:32:00,807:WARNING:/tmp/ipykernel_3796310/1581226005.py:4: PerformanceWarning: DataFrame is highly fragmented.  This is usually the result of calling `frame.insert` many times, which has poor performance.  Consider joining all columns at once using pd.concat(axis=1) instead. To get a de-fragmented frame, use `newframe = frame.copy()`
  data['%s_dv_%s'%(a,b)] = data[a]/data[b]

2022-07-24 21:32:00,808:WARNING:/tmp/ipykernel_3796310/1581226005.py:4: PerformanceWarning: DataFrame is highly fragmented.  This is usually the result of calling `frame.insert` many times, which has poor performance.  Consider joining all columns at once using pd.concat(axis=1) instead. To get a de-fragmented frame, use `newframe = frame.copy()`
  data['%s_dv_%s'%(a,b)] = data[a]/data[b]

2022-07-24 21:32:00,808:WARNING:/tmp/ipykernel_3796310/1581226005.py:4: PerformanceWarning: DataFrame is highly fragmented.  This is usually the result of calling `frame.insert` many times, which has poor performance.  Consider joining all columns at once using pd.concat(axis=1) instead. To get a de-fragmented frame, use `newframe = frame.copy()`
  data['%s_dv_%s'%(a,b)] = data[a]/data[b]

2022-07-24 21:32:00,808:WARNING:/tmp/ipykernel_3796310/1581226005.py:4: PerformanceWarning: DataFrame is highly fragmented.  This is usually the result of calling `frame.insert` many times, which has poor performance.  Consider joining all columns at once using pd.concat(axis=1) instead. To get a de-fragmented frame, use `newframe = frame.copy()`
  data['%s_dv_%s'%(a,b)] = data[a]/data[b]

2022-07-24 21:32:00,809:WARNING:/tmp/ipykernel_3796310/1581226005.py:4: PerformanceWarning: DataFrame is highly fragmented.  This is usually the result of calling `frame.insert` many times, which has poor performance.  Consider joining all columns at once using pd.concat(axis=1) instead. To get a de-fragmented frame, use `newframe = frame.copy()`
  data['%s_dv_%s'%(a,b)] = data[a]/data[b]

2022-07-24 21:32:00,809:WARNING:/tmp/ipykernel_3796310/1581226005.py:4: PerformanceWarning: DataFrame is highly fragmented.  This is usually the result of calling `frame.insert` many times, which has poor performance.  Consider joining all columns at once using pd.concat(axis=1) instead. To get a de-fragmented frame, use `newframe = frame.copy()`
  data['%s_dv_%s'%(a,b)] = data[a]/data[b]

2022-07-24 21:32:00,809:WARNING:/tmp/ipykernel_3796310/1581226005.py:4: PerformanceWarning: DataFrame is highly fragmented.  This is usually the result of calling `frame.insert` many times, which has poor performance.  Consider joining all columns at once using pd.concat(axis=1) instead. To get a de-fragmented frame, use `newframe = frame.copy()`
  data['%s_dv_%s'%(a,b)] = data[a]/data[b]

2022-07-24 21:32:00,810:WARNING:/tmp/ipykernel_3796310/1581226005.py:4: PerformanceWarning: DataFrame is highly fragmented.  This is usually the result of calling `frame.insert` many times, which has poor performance.  Consider joining all columns at once using pd.concat(axis=1) instead. To get a de-fragmented frame, use `newframe = frame.copy()`
  data['%s_dv_%s'%(a,b)] = data[a]/data[b]

2022-07-24 21:32:00,810:WARNING:/tmp/ipykernel_3796310/1581226005.py:4: PerformanceWarning: DataFrame is highly fragmented.  This is usually the result of calling `frame.insert` many times, which has poor performance.  Consider joining all columns at once using pd.concat(axis=1) instead. To get a de-fragmented frame, use `newframe = frame.copy()`
  data['%s_dv_%s'%(a,b)] = data[a]/data[b]

2022-07-24 21:32:00,810:WARNING:/tmp/ipykernel_3796310/1581226005.py:4: PerformanceWarning: DataFrame is highly fragmented.  This is usually the result of calling `frame.insert` many times, which has poor performance.  Consider joining all columns at once using pd.concat(axis=1) instead. To get a de-fragmented frame, use `newframe = frame.copy()`
  data['%s_dv_%s'%(a,b)] = data[a]/data[b]

2022-07-24 21:32:00,811:WARNING:/tmp/ipykernel_3796310/1581226005.py:4: PerformanceWarning: DataFrame is highly fragmented.  This is usually the result of calling `frame.insert` many times, which has poor performance.  Consider joining all columns at once using pd.concat(axis=1) instead. To get a de-fragmented frame, use `newframe = frame.copy()`
  data['%s_dv_%s'%(a,b)] = data[a]/data[b]

2022-07-24 21:32:00,811:WARNING:/tmp/ipykernel_3796310/1581226005.py:4: PerformanceWarning: DataFrame is highly fragmented.  This is usually the result of calling `frame.insert` many times, which has poor performance.  Consider joining all columns at once using pd.concat(axis=1) instead. To get a de-fragmented frame, use `newframe = frame.copy()`
  data['%s_dv_%s'%(a,b)] = data[a]/data[b]

2022-07-24 21:32:00,811:WARNING:/tmp/ipykernel_3796310/1581226005.py:4: PerformanceWarning: DataFrame is highly fragmented.  This is usually the result of calling `frame.insert` many times, which has poor performance.  Consider joining all columns at once using pd.concat(axis=1) instead. To get a de-fragmented frame, use `newframe = frame.copy()`
  data['%s_dv_%s'%(a,b)] = data[a]/data[b]

2022-07-24 21:32:00,812:WARNING:/tmp/ipykernel_3796310/1581226005.py:4: PerformanceWarning: DataFrame is highly fragmented.  This is usually the result of calling `frame.insert` many times, which has poor performance.  Consider joining all columns at once using pd.concat(axis=1) instead. To get a de-fragmented frame, use `newframe = frame.copy()`
  data['%s_dv_%s'%(a,b)] = data[a]/data[b]

2022-07-24 21:32:00,812:WARNING:/tmp/ipykernel_3796310/1581226005.py:4: PerformanceWarning: DataFrame is highly fragmented.  This is usually the result of calling `frame.insert` many times, which has poor performance.  Consider joining all columns at once using pd.concat(axis=1) instead. To get a de-fragmented frame, use `newframe = frame.copy()`
  data['%s_dv_%s'%(a,b)] = data[a]/data[b]

2022-07-24 21:32:00,812:WARNING:/tmp/ipykernel_3796310/1581226005.py:4: PerformanceWarning: DataFrame is highly fragmented.  This is usually the result of calling `frame.insert` many times, which has poor performance.  Consider joining all columns at once using pd.concat(axis=1) instead. To get a de-fragmented frame, use `newframe = frame.copy()`
  data['%s_dv_%s'%(a,b)] = data[a]/data[b]

2022-07-24 21:32:00,813:WARNING:/tmp/ipykernel_3796310/1581226005.py:4: PerformanceWarning: DataFrame is highly fragmented.  This is usually the result of calling `frame.insert` many times, which has poor performance.  Consider joining all columns at once using pd.concat(axis=1) instead. To get a de-fragmented frame, use `newframe = frame.copy()`
  data['%s_dv_%s'%(a,b)] = data[a]/data[b]

2022-07-24 21:32:00,813:WARNING:/tmp/ipykernel_3796310/1581226005.py:4: PerformanceWarning: DataFrame is highly fragmented.  This is usually the result of calling `frame.insert` many times, which has poor performance.  Consider joining all columns at once using pd.concat(axis=1) instead. To get a de-fragmented frame, use `newframe = frame.copy()`
  data['%s_dv_%s'%(a,b)] = data[a]/data[b]

2022-07-24 21:32:00,813:WARNING:/tmp/ipykernel_3796310/1581226005.py:4: PerformanceWarning: DataFrame is highly fragmented.  This is usually the result of calling `frame.insert` many times, which has poor performance.  Consider joining all columns at once using pd.concat(axis=1) instead. To get a de-fragmented frame, use `newframe = frame.copy()`
  data['%s_dv_%s'%(a,b)] = data[a]/data[b]

2022-07-24 21:32:00,814:WARNING:/tmp/ipykernel_3796310/1581226005.py:4: PerformanceWarning: DataFrame is highly fragmented.  This is usually the result of calling `frame.insert` many times, which has poor performance.  Consider joining all columns at once using pd.concat(axis=1) instead. To get a de-fragmented frame, use `newframe = frame.copy()`
  data['%s_dv_%s'%(a,b)] = data[a]/data[b]

2022-07-24 21:32:00,814:WARNING:/tmp/ipykernel_3796310/1581226005.py:4: PerformanceWarning: DataFrame is highly fragmented.  This is usually the result of calling `frame.insert` many times, which has poor performance.  Consider joining all columns at once using pd.concat(axis=1) instead. To get a de-fragmented frame, use `newframe = frame.copy()`
  data['%s_dv_%s'%(a,b)] = data[a]/data[b]

2022-07-24 21:32:08,439:INFO:PyCaret ClassificationExperiment
2022-07-24 21:32:08,440:INFO:Logging name: clf-default-name
2022-07-24 21:32:08,440:INFO:ML Usecase: MLUsecase.CLASSIFICATION
2022-07-24 21:32:08,440:INFO:version 3.0.0.rc3
2022-07-24 21:32:08,440:INFO:Initializing setup()
2022-07-24 21:32:08,440:INFO:self.USI: 16d4
2022-07-24 21:32:08,440:INFO:self.variable_keys: {'target_param', '_all_models_internal', 'n_jobs_param', 'data', 'display_container', 'X', 'seed', 'exp_id', 'memory', '_is_multiclass', 'logging_param', 'html_param', 'log_plots_param', '_all_metrics', 'y_test', 'fix_imbalance', 'fold_generator', 'variable_keys', 'X_test', '_ml_usecase', 'gpu_param', 'idx', 'pipeline', '_all_models', 'fold_shuffle_param', 'USI', 'exp_name_log', 'fold_groups_param', 'y_train', 'y', 'X_train', '_available_plots', 'master_model_container', '_gpu_n_jobs_param'}
2022-07-24 21:32:08,440:INFO:Checking environment
2022-07-24 21:32:08,440:INFO:python_version: 3.9.12
2022-07-24 21:32:08,440:INFO:python_build: ('main', 'Jun  1 2022 11:38:51')
2022-07-24 21:32:08,440:INFO:machine: x86_64
2022-07-24 21:32:08,440:INFO:platform: Linux-5.15.0-41-generic-x86_64-with-glibc2.35
2022-07-24 21:32:08,440:INFO:Memory: svmem(total=134934683648, available=115391770624, percent=14.5, used=18113527808, free=94742589440, active=4393795584, inactive=32730136576, buffers=568483840, cached=21510082560, shared=172404736, slab=2052571136)
2022-07-24 21:32:08,444:INFO:Physical Core: 64
2022-07-24 21:32:08,444:INFO:Logical Core: 128
2022-07-24 21:32:08,445:INFO:Checking libraries
2022-07-24 21:32:08,445:INFO:System:
2022-07-24 21:32:08,445:INFO:    python: 3.9.12 (main, Jun  1 2022, 11:38:51)  [GCC 7.5.0]
2022-07-24 21:32:08,445:INFO:executable: /home/kimjinsung/anaconda3/envs/for_pytorch/bin/python
2022-07-24 21:32:08,445:INFO:   machine: Linux-5.15.0-41-generic-x86_64-with-glibc2.35
2022-07-24 21:32:08,445:INFO:PyCaret required dependencies:
2022-07-24 21:32:08,445:WARNING:/home/kimjinsung/anaconda3/envs/for_pytorch/lib/python3.9/site-packages/_distutils_hack/__init__.py:30: UserWarning: Setuptools is replacing distutils.
  warnings.warn("Setuptools is replacing distutils.")

2022-07-24 21:32:08,550:INFO:                 pip: 22.1.2
2022-07-24 21:32:08,550:INFO:          setuptools: 61.2.0
2022-07-24 21:32:08,550:INFO:             pycaret: 3.0.0.rc3
2022-07-24 21:32:08,550:INFO:             IPython: 8.4.0
2022-07-24 21:32:08,550:INFO:          ipywidgets: 7.7.1
2022-07-24 21:32:08,550:INFO:                tqdm: 4.64.0
2022-07-24 21:32:08,550:INFO:               numpy: 1.21.6
2022-07-24 21:32:08,550:INFO:              pandas: 1.4.3
2022-07-24 21:32:08,550:INFO:              jinja2: 3.1.2
2022-07-24 21:32:08,550:INFO:               scipy: 1.5.4
2022-07-24 21:32:08,550:INFO:              joblib: 1.1.0
2022-07-24 21:32:08,550:INFO:             sklearn: 1.1.1
2022-07-24 21:32:08,550:INFO:                pyod: Installed but version unavailable
2022-07-24 21:32:08,550:INFO:            imblearn: 0.9.1
2022-07-24 21:32:08,550:INFO:   category_encoders: 2.5.0
2022-07-24 21:32:08,550:INFO:            lightgbm: 3.3.2
2022-07-24 21:32:08,550:INFO:               numba: 0.55.2
2022-07-24 21:32:08,550:INFO:            requests: 2.28.1
2022-07-24 21:32:08,550:INFO:          matplotlib: 3.5.2
2022-07-24 21:32:08,550:INFO:          scikitplot: 0.3.7
2022-07-24 21:32:08,550:INFO:         yellowbrick: 1.4
2022-07-24 21:32:08,550:INFO:              plotly: 5.9.0
2022-07-24 21:32:08,550:INFO:             kaleido: 0.2.1
2022-07-24 21:32:08,550:INFO:         statsmodels: 0.13.2
2022-07-24 21:32:08,550:INFO:              sktime: 0.11.4
2022-07-24 21:32:08,551:INFO:               tbats: Installed but version unavailable
2022-07-24 21:32:08,551:INFO:            pmdarima: 1.8.5
2022-07-24 21:32:08,551:INFO:              psutil: 5.9.1
2022-07-24 21:32:08,551:INFO:None
2022-07-24 21:32:08,551:INFO:Set up data.
2022-07-24 21:32:08,648:INFO:Set up train/test split.
2022-07-24 21:32:08,715:INFO:Assigning column types.
2022-07-24 21:32:08,751:INFO:Set up folding strategy.
2022-07-24 21:32:08,751:INFO:Engine successfully changes for model 'lr' to 'sklearn'.
2022-07-24 21:32:08,794:INFO:Engine for model 'knn' has not been set explicitly, hence returning None.
2022-07-24 21:32:08,795:INFO:Engine for model 'rbfsvm' has not been set explicitly, hence returning None.
2022-07-24 21:32:08,823:WARNING:No module named 'xgboost'.
'xgboost' is a soft dependency and not included in the pycaret installation. Please run: `pip install xgboost` to install.
Alternately, you can install this by running `pip install pycaret[models]`
2022-07-24 21:32:08,824:WARNING:No module named 'catboost'.
'catboost' is a soft dependency and not included in the pycaret installation. Please run: `pip install catboost` to install.
Alternately, you can install this by running `pip install pycaret[models]`
2022-07-24 21:32:08,866:INFO:Engine for model 'knn' has not been set explicitly, hence returning None.
2022-07-24 21:32:08,867:INFO:Engine for model 'rbfsvm' has not been set explicitly, hence returning None.
2022-07-24 21:32:08,894:WARNING:No module named 'xgboost'.
'xgboost' is a soft dependency and not included in the pycaret installation. Please run: `pip install xgboost` to install.
Alternately, you can install this by running `pip install pycaret[models]`
2022-07-24 21:32:08,894:WARNING:No module named 'catboost'.
'catboost' is a soft dependency and not included in the pycaret installation. Please run: `pip install catboost` to install.
Alternately, you can install this by running `pip install pycaret[models]`
2022-07-24 21:32:08,894:INFO:Engine successfully changes for model 'knn' to 'sklearn'.
2022-07-24 21:32:08,938:INFO:Engine for model 'rbfsvm' has not been set explicitly, hence returning None.
2022-07-24 21:32:08,964:WARNING:No module named 'xgboost'.
'xgboost' is a soft dependency and not included in the pycaret installation. Please run: `pip install xgboost` to install.
Alternately, you can install this by running `pip install pycaret[models]`
2022-07-24 21:32:08,965:WARNING:No module named 'catboost'.
'catboost' is a soft dependency and not included in the pycaret installation. Please run: `pip install catboost` to install.
Alternately, you can install this by running `pip install pycaret[models]`
2022-07-24 21:32:09,008:INFO:Engine for model 'rbfsvm' has not been set explicitly, hence returning None.
2022-07-24 21:32:09,035:WARNING:No module named 'xgboost'.
'xgboost' is a soft dependency and not included in the pycaret installation. Please run: `pip install xgboost` to install.
Alternately, you can install this by running `pip install pycaret[models]`
2022-07-24 21:32:09,035:WARNING:No module named 'catboost'.
'catboost' is a soft dependency and not included in the pycaret installation. Please run: `pip install catboost` to install.
Alternately, you can install this by running `pip install pycaret[models]`
2022-07-24 21:32:09,035:INFO:Engine successfully changes for model 'rbfsvm' to 'sklearn'.
2022-07-24 21:32:09,105:WARNING:No module named 'xgboost'.
'xgboost' is a soft dependency and not included in the pycaret installation. Please run: `pip install xgboost` to install.
Alternately, you can install this by running `pip install pycaret[models]`
2022-07-24 21:32:09,106:WARNING:No module named 'catboost'.
'catboost' is a soft dependency and not included in the pycaret installation. Please run: `pip install catboost` to install.
Alternately, you can install this by running `pip install pycaret[models]`
2022-07-24 21:32:09,177:WARNING:No module named 'xgboost'.
'xgboost' is a soft dependency and not included in the pycaret installation. Please run: `pip install xgboost` to install.
Alternately, you can install this by running `pip install pycaret[models]`
2022-07-24 21:32:09,177:WARNING:No module named 'catboost'.
'catboost' is a soft dependency and not included in the pycaret installation. Please run: `pip install catboost` to install.
Alternately, you can install this by running `pip install pycaret[models]`
2022-07-24 21:32:09,178:INFO:Preparing preprocessing pipeline...
2022-07-24 21:32:09,184:INFO:Set up label encoding.
2022-07-24 21:32:09,184:INFO:Set up simple imputation.
2022-07-24 21:32:09,185:INFO:Set up variance threshold.
2022-07-24 21:32:09,896:INFO:Finished creating preprocessing pipeline.
2022-07-24 21:32:09,901:INFO:Pipeline: Pipeline(memory=Memory(location=/tmp/joblib),
         steps=[('label_encoding',
                 TransformerWrapperWithInverse(exclude=None, include=None,
                                               transformer=LabelEncoder())),
                ('numerical_imputer',
                 TransformerWrapper(exclude=None,
                                    include=['age_group', 'education', 'engnat',
                                             'familysize', 'gender', 'married',
                                             'race', 'religion', 'urban',
                                             'wf_01', 'wf_02', 'wf_03', 'wr_01',
                                             'wr_03', 'w...
                                                              verbose='deprecated'))),
                ('categorical_imputer',
                 TransformerWrapper(exclude=None, include=[],
                                    transformer=SimpleImputer(add_indicator=False,
                                                              copy=True,
                                                              fill_value='constant',
                                                              missing_values=nan,
                                                              strategy='constant',
                                                              verbose='deprecated'))),
                ('low_variance',
                 TransformerWrapper(exclude=[], include=None,
                                    transformer=VarianceThreshold(threshold=0)))],
         verbose=False)
2022-07-24 21:32:09,901:INFO:Creating final display dataframe.
2022-07-24 21:32:12,365:INFO:Setup display_container:                     Description             Value
0                    Session id              1028
1                        Target             voted
2                   Target type            Binary
3                Target mapping        1: 0, 2: 1
4           Original data shape      (45532, 215)
5        Transformed data shape      (45532, 215)
6   Transformed train set shape      (31872, 215)
7    Transformed test set shape      (13660, 215)
8              Numeric features               214
9                    Preprocess              True
10              Imputation type            simple
11           Numeric imputation              mean
12       Categorical imputation          constant
13       Low variance threshold                 0
14               Fold Generator   StratifiedKFold
15                  Fold Number                10
16                     CPU Jobs                -1
17                      Use GPU             False
18               Log Experiment             False
19              Experiment Name  clf-default-name
20                          USI              16d4
2022-07-24 21:32:12,443:WARNING:No module named 'xgboost'.
'xgboost' is a soft dependency and not included in the pycaret installation. Please run: `pip install xgboost` to install.
Alternately, you can install this by running `pip install pycaret[models]`
2022-07-24 21:32:12,443:WARNING:No module named 'catboost'.
'catboost' is a soft dependency and not included in the pycaret installation. Please run: `pip install catboost` to install.
Alternately, you can install this by running `pip install pycaret[models]`
2022-07-24 21:32:12,515:WARNING:No module named 'xgboost'.
'xgboost' is a soft dependency and not included in the pycaret installation. Please run: `pip install xgboost` to install.
Alternately, you can install this by running `pip install pycaret[models]`
2022-07-24 21:32:12,515:WARNING:No module named 'catboost'.
'catboost' is a soft dependency and not included in the pycaret installation. Please run: `pip install catboost` to install.
Alternately, you can install this by running `pip install pycaret[models]`
2022-07-24 21:32:12,596:INFO:setup() successfully completed in 4.16s...............
2022-07-24 21:32:13,918:INFO:Initializing compare_models()
2022-07-24 21:32:13,918:INFO:compare_models(self=<pycaret.classification.oop.ClassificationExperiment object at 0x7fd2176663d0>, include=None, fold=None, round=4, cross_validation=True, sort=AUC, n_select=3, budget_time=None, turbo=True, errors=ignore, fit_kwargs=None, groups=None, experiment_custom_tags=None, probability_threshold=None, verbose=True, parallel=None, caller_params={'self': <pycaret.classification.oop.ClassificationExperiment object at 0x7fd2176663d0>, 'include': None, 'exclude': None, 'fold': None, 'round': 4, 'cross_validation': True, 'sort': 'AUC', 'n_select': 3, 'budget_time': None, 'turbo': True, 'errors': 'ignore', 'fit_kwargs': None, 'groups': None, 'experiment_custom_tags': None, 'probability_threshold': None, 'engines': None, 'verbose': True, 'parallel': None, '__class__': <class 'pycaret.classification.oop.ClassificationExperiment'>}, exclude=None)
2022-07-24 21:32:13,918:INFO:Checking exceptions
2022-07-24 21:32:13,949:INFO:Preparing display monitor
2022-07-24 21:32:13,972:INFO:Initializing Logistic Regression
2022-07-24 21:32:13,972:INFO:Total runtime is 2.4199485778808595e-06 minutes
2022-07-24 21:32:13,974:INFO:SubProcess create_model() called ==================================
2022-07-24 21:32:13,974:INFO:Initializing create_model()
2022-07-24 21:32:13,974:INFO:create_model(self=<pycaret.classification.oop.ClassificationExperiment object at 0x7fd2176663d0>, estimator=lr, fold=StratifiedKFold(n_splits=10, random_state=None, shuffle=False), round=4, cross_validation=True, predict=True, fit_kwargs={}, groups=None, refit=False, probability_threshold=None, experiment_custom_tags=None, verbose=False, system=False, add_to_model_list=True, metrics=None, display=<pycaret.internal.display.display.CommonDisplay object at 0x7fd2173a9ca0>, model_only=True, return_train_score=False, kwargs={})
2022-07-24 21:32:13,974:INFO:Checking exceptions
2022-07-24 21:32:13,992:INFO:Importing libraries
2022-07-24 21:32:13,993:INFO:Copying training dataset
2022-07-24 21:32:14,022:INFO:Defining folds
2022-07-24 21:32:14,022:INFO:Declaring metric variables
2022-07-24 21:32:14,024:INFO:Importing untrained model
2022-07-24 21:32:14,027:INFO:Logistic Regression Imported successfully
2022-07-24 21:32:14,031:INFO:Starting cross validation
2022-07-24 21:32:14,032:INFO:Cross validating with StratifiedKFold(n_splits=10, random_state=None, shuffle=False), n_jobs=-1
2022-07-24 21:32:18,429:WARNING:/home/kimjinsung/anaconda3/envs/for_pytorch/lib/python3.9/site-packages/sklearn/linear_model/_logistic.py:444: ConvergenceWarning: lbfgs failed to converge (status=2):
ABNORMAL_TERMINATION_IN_LNSRCH.

Increase the number of iterations (max_iter) or scale the data as shown in:
    https://scikit-learn.org/stable/modules/preprocessing.html
Please also refer to the documentation for alternative solver options:
    https://scikit-learn.org/stable/modules/linear_model.html#logistic-regression
  n_iter_i = _check_optimize_result(

2022-07-24 21:32:18,430:WARNING:/home/kimjinsung/anaconda3/envs/for_pytorch/lib/python3.9/site-packages/sklearn/utils/metaestimators.py:201: FutureWarning: if_delegate_has_method was deprecated in version 1.1 and will be removed in version 1.3. Use if_available instead.
  warnings.warn(

2022-07-24 21:32:18,763:WARNING:/home/kimjinsung/anaconda3/envs/for_pytorch/lib/python3.9/site-packages/sklearn/utils/metaestimators.py:201: FutureWarning: if_delegate_has_method was deprecated in version 1.1 and will be removed in version 1.3. Use if_available instead.
  warnings.warn(

2022-07-24 21:32:18,781:WARNING:/home/kimjinsung/anaconda3/envs/for_pytorch/lib/python3.9/site-packages/sklearn/linear_model/_logistic.py:444: ConvergenceWarning: lbfgs failed to converge (status=2):
ABNORMAL_TERMINATION_IN_LNSRCH.

Increase the number of iterations (max_iter) or scale the data as shown in:
    https://scikit-learn.org/stable/modules/preprocessing.html
Please also refer to the documentation for alternative solver options:
    https://scikit-learn.org/stable/modules/linear_model.html#logistic-regression
  n_iter_i = _check_optimize_result(

2022-07-24 21:32:18,781:WARNING:/home/kimjinsung/anaconda3/envs/for_pytorch/lib/python3.9/site-packages/sklearn/utils/metaestimators.py:201: FutureWarning: if_delegate_has_method was deprecated in version 1.1 and will be removed in version 1.3. Use if_available instead.
  warnings.warn(

2022-07-24 21:32:18,896:WARNING:/home/kimjinsung/anaconda3/envs/for_pytorch/lib/python3.9/site-packages/sklearn/linear_model/_logistic.py:444: ConvergenceWarning: lbfgs failed to converge (status=2):
ABNORMAL_TERMINATION_IN_LNSRCH.

Increase the number of iterations (max_iter) or scale the data as shown in:
    https://scikit-learn.org/stable/modules/preprocessing.html
Please also refer to the documentation for alternative solver options:
    https://scikit-learn.org/stable/modules/linear_model.html#logistic-regression
  n_iter_i = _check_optimize_result(

2022-07-24 21:32:18,897:WARNING:/home/kimjinsung/anaconda3/envs/for_pytorch/lib/python3.9/site-packages/sklearn/utils/metaestimators.py:201: FutureWarning: if_delegate_has_method was deprecated in version 1.1 and will be removed in version 1.3. Use if_available instead.
  warnings.warn(

2022-07-24 21:32:19,134:WARNING:/home/kimjinsung/anaconda3/envs/for_pytorch/lib/python3.9/site-packages/sklearn/linear_model/_logistic.py:444: ConvergenceWarning: lbfgs failed to converge (status=2):
ABNORMAL_TERMINATION_IN_LNSRCH.

Increase the number of iterations (max_iter) or scale the data as shown in:
    https://scikit-learn.org/stable/modules/preprocessing.html
Please also refer to the documentation for alternative solver options:
    https://scikit-learn.org/stable/modules/linear_model.html#logistic-regression
  n_iter_i = _check_optimize_result(

2022-07-24 21:32:19,135:WARNING:/home/kimjinsung/anaconda3/envs/for_pytorch/lib/python3.9/site-packages/sklearn/utils/metaestimators.py:201: FutureWarning: if_delegate_has_method was deprecated in version 1.1 and will be removed in version 1.3. Use if_available instead.
  warnings.warn(

2022-07-24 21:32:19,135:WARNING:/home/kimjinsung/anaconda3/envs/for_pytorch/lib/python3.9/site-packages/sklearn/utils/metaestimators.py:201: FutureWarning: if_delegate_has_method was deprecated in version 1.1 and will be removed in version 1.3. Use if_available instead.
  warnings.warn(

2022-07-24 21:32:19,197:WARNING:/home/kimjinsung/anaconda3/envs/for_pytorch/lib/python3.9/site-packages/sklearn/linear_model/_logistic.py:444: ConvergenceWarning: lbfgs failed to converge (status=2):
ABNORMAL_TERMINATION_IN_LNSRCH.

Increase the number of iterations (max_iter) or scale the data as shown in:
    https://scikit-learn.org/stable/modules/preprocessing.html
Please also refer to the documentation for alternative solver options:
    https://scikit-learn.org/stable/modules/linear_model.html#logistic-regression
  n_iter_i = _check_optimize_result(

2022-07-24 21:32:19,198:WARNING:/home/kimjinsung/anaconda3/envs/for_pytorch/lib/python3.9/site-packages/sklearn/utils/metaestimators.py:201: FutureWarning: if_delegate_has_method was deprecated in version 1.1 and will be removed in version 1.3. Use if_available instead.
  warnings.warn(

2022-07-24 21:32:19,239:WARNING:/home/kimjinsung/anaconda3/envs/for_pytorch/lib/python3.9/site-packages/sklearn/utils/metaestimators.py:201: FutureWarning: if_delegate_has_method was deprecated in version 1.1 and will be removed in version 1.3. Use if_available instead.
  warnings.warn(

2022-07-24 21:32:19,281:WARNING:/home/kimjinsung/anaconda3/envs/for_pytorch/lib/python3.9/site-packages/sklearn/linear_model/_logistic.py:444: ConvergenceWarning: lbfgs failed to converge (status=2):
ABNORMAL_TERMINATION_IN_LNSRCH.

Increase the number of iterations (max_iter) or scale the data as shown in:
    https://scikit-learn.org/stable/modules/preprocessing.html
Please also refer to the documentation for alternative solver options:
    https://scikit-learn.org/stable/modules/linear_model.html#logistic-regression
  n_iter_i = _check_optimize_result(

2022-07-24 21:32:19,282:WARNING:/home/kimjinsung/anaconda3/envs/for_pytorch/lib/python3.9/site-packages/sklearn/utils/metaestimators.py:201: FutureWarning: if_delegate_has_method was deprecated in version 1.1 and will be removed in version 1.3. Use if_available instead.
  warnings.warn(

2022-07-24 21:32:19,307:WARNING:/home/kimjinsung/anaconda3/envs/for_pytorch/lib/python3.9/site-packages/sklearn/linear_model/_logistic.py:444: ConvergenceWarning: lbfgs failed to converge (status=2):
ABNORMAL_TERMINATION_IN_LNSRCH.

Increase the number of iterations (max_iter) or scale the data as shown in:
    https://scikit-learn.org/stable/modules/preprocessing.html
Please also refer to the documentation for alternative solver options:
    https://scikit-learn.org/stable/modules/linear_model.html#logistic-regression
  n_iter_i = _check_optimize_result(

2022-07-24 21:32:19,308:WARNING:/home/kimjinsung/anaconda3/envs/for_pytorch/lib/python3.9/site-packages/sklearn/utils/metaestimators.py:201: FutureWarning: if_delegate_has_method was deprecated in version 1.1 and will be removed in version 1.3. Use if_available instead.
  warnings.warn(

2022-07-24 21:32:19,497:WARNING:/home/kimjinsung/anaconda3/envs/for_pytorch/lib/python3.9/site-packages/sklearn/utils/metaestimators.py:201: FutureWarning: if_delegate_has_method was deprecated in version 1.1 and will be removed in version 1.3. Use if_available instead.
  warnings.warn(

2022-07-24 21:32:19,566:WARNING:/home/kimjinsung/anaconda3/envs/for_pytorch/lib/python3.9/site-packages/sklearn/utils/metaestimators.py:201: FutureWarning: if_delegate_has_method was deprecated in version 1.1 and will be removed in version 1.3. Use if_available instead.
  warnings.warn(

2022-07-24 21:32:19,660:WARNING:/home/kimjinsung/anaconda3/envs/for_pytorch/lib/python3.9/site-packages/sklearn/utils/metaestimators.py:201: FutureWarning: if_delegate_has_method was deprecated in version 1.1 and will be removed in version 1.3. Use if_available instead.
  warnings.warn(

2022-07-24 21:32:19,682:WARNING:/home/kimjinsung/anaconda3/envs/for_pytorch/lib/python3.9/site-packages/sklearn/utils/metaestimators.py:201: FutureWarning: if_delegate_has_method was deprecated in version 1.1 and will be removed in version 1.3. Use if_available instead.
  warnings.warn(

2022-07-24 21:32:19,721:WARNING:/home/kimjinsung/anaconda3/envs/for_pytorch/lib/python3.9/site-packages/sklearn/linear_model/_logistic.py:444: ConvergenceWarning: lbfgs failed to converge (status=2):
ABNORMAL_TERMINATION_IN_LNSRCH.

Increase the number of iterations (max_iter) or scale the data as shown in:
    https://scikit-learn.org/stable/modules/preprocessing.html
Please also refer to the documentation for alternative solver options:
    https://scikit-learn.org/stable/modules/linear_model.html#logistic-regression
  n_iter_i = _check_optimize_result(

2022-07-24 21:32:19,722:WARNING:/home/kimjinsung/anaconda3/envs/for_pytorch/lib/python3.9/site-packages/sklearn/utils/metaestimators.py:201: FutureWarning: if_delegate_has_method was deprecated in version 1.1 and will be removed in version 1.3. Use if_available instead.
  warnings.warn(

2022-07-24 21:32:20,097:WARNING:/home/kimjinsung/anaconda3/envs/for_pytorch/lib/python3.9/site-packages/sklearn/utils/metaestimators.py:201: FutureWarning: if_delegate_has_method was deprecated in version 1.1 and will be removed in version 1.3. Use if_available instead.
  warnings.warn(

2022-07-24 21:32:20,562:WARNING:/home/kimjinsung/anaconda3/envs/for_pytorch/lib/python3.9/site-packages/sklearn/utils/metaestimators.py:201: FutureWarning: if_delegate_has_method was deprecated in version 1.1 and will be removed in version 1.3. Use if_available instead.
  warnings.warn(

2022-07-24 21:32:20,904:WARNING:/home/kimjinsung/anaconda3/envs/for_pytorch/lib/python3.9/site-packages/sklearn/utils/metaestimators.py:201: FutureWarning: if_delegate_has_method was deprecated in version 1.1 and will be removed in version 1.3. Use if_available instead.
  warnings.warn(

2022-07-24 21:32:23,774:WARNING:/home/kimjinsung/anaconda3/envs/for_pytorch/lib/python3.9/site-packages/sklearn/utils/metaestimators.py:201: FutureWarning: if_delegate_has_method was deprecated in version 1.1 and will be removed in version 1.3. Use if_available instead.
  warnings.warn(

2022-07-24 21:32:24,114:WARNING:/home/kimjinsung/anaconda3/envs/for_pytorch/lib/python3.9/site-packages/sklearn/utils/metaestimators.py:201: FutureWarning: if_delegate_has_method was deprecated in version 1.1 and will be removed in version 1.3. Use if_available instead.
  warnings.warn(

2022-07-24 21:32:24,337:INFO:Calculating mean and std
2022-07-24 21:32:24,339:INFO:Creating metrics dataframe
2022-07-24 21:32:24,343:INFO:Uploading results into container
2022-07-24 21:32:24,343:INFO:Uploading model into container now
2022-07-24 21:32:24,344:INFO:master_model_container: 1
2022-07-24 21:32:24,344:INFO:display_container: 2
2022-07-24 21:32:24,344:INFO:LogisticRegression(C=1.0, class_weight=None, dual=False, fit_intercept=True,
                   intercept_scaling=1, l1_ratio=None, max_iter=1000,
                   multi_class='auto', n_jobs=None, penalty='l2',
                   random_state=1028, solver='lbfgs', tol=0.0001, verbose=0,
                   warm_start=False)
2022-07-24 21:32:24,344:INFO:create_model() successfully completed......................................
2022-07-24 21:32:24,461:INFO:SubProcess create_model() end ==================================
2022-07-24 21:32:24,461:INFO:Creating metrics dataframe
2022-07-24 21:32:24,467:INFO:Initializing K Neighbors Classifier
2022-07-24 21:32:24,467:INFO:Total runtime is 0.17493093013763428 minutes
2022-07-24 21:32:24,470:INFO:SubProcess create_model() called ==================================
2022-07-24 21:32:24,470:INFO:Initializing create_model()
2022-07-24 21:32:24,470:INFO:create_model(self=<pycaret.classification.oop.ClassificationExperiment object at 0x7fd2176663d0>, estimator=knn, fold=StratifiedKFold(n_splits=10, random_state=None, shuffle=False), round=4, cross_validation=True, predict=True, fit_kwargs={}, groups=None, refit=False, probability_threshold=None, experiment_custom_tags=None, verbose=False, system=False, add_to_model_list=True, metrics=None, display=<pycaret.internal.display.display.CommonDisplay object at 0x7fd2173a9ca0>, model_only=True, return_train_score=False, kwargs={})
2022-07-24 21:32:24,470:INFO:Checking exceptions
2022-07-24 21:32:24,489:INFO:Importing libraries
2022-07-24 21:32:24,489:INFO:Copying training dataset
2022-07-24 21:32:24,522:INFO:Defining folds
2022-07-24 21:32:24,522:INFO:Declaring metric variables
2022-07-24 21:32:24,525:INFO:Importing untrained model
2022-07-24 21:32:24,527:INFO:K Neighbors Classifier Imported successfully
2022-07-24 21:32:24,532:INFO:Starting cross validation
2022-07-24 21:32:24,533:INFO:Cross validating with StratifiedKFold(n_splits=10, random_state=None, shuffle=False), n_jobs=-1
2022-07-24 21:32:25,810:WARNING:/home/kimjinsung/anaconda3/envs/for_pytorch/lib/python3.9/site-packages/sklearn/utils/metaestimators.py:201: FutureWarning: if_delegate_has_method was deprecated in version 1.1 and will be removed in version 1.3. Use if_available instead.
  warnings.warn(

2022-07-24 21:32:25,812:WARNING:/home/kimjinsung/anaconda3/envs/for_pytorch/lib/python3.9/site-packages/sklearn/utils/metaestimators.py:201: FutureWarning: if_delegate_has_method was deprecated in version 1.1 and will be removed in version 1.3. Use if_available instead.
  warnings.warn(

2022-07-24 21:32:25,846:WARNING:/home/kimjinsung/anaconda3/envs/for_pytorch/lib/python3.9/site-packages/sklearn/utils/metaestimators.py:201: FutureWarning: if_delegate_has_method was deprecated in version 1.1 and will be removed in version 1.3. Use if_available instead.
  warnings.warn(

2022-07-24 21:32:25,858:WARNING:/home/kimjinsung/anaconda3/envs/for_pytorch/lib/python3.9/site-packages/sklearn/utils/metaestimators.py:201: FutureWarning: if_delegate_has_method was deprecated in version 1.1 and will be removed in version 1.3. Use if_available instead.
  warnings.warn(

2022-07-24 21:32:25,863:WARNING:/home/kimjinsung/anaconda3/envs/for_pytorch/lib/python3.9/site-packages/sklearn/utils/metaestimators.py:201: FutureWarning: if_delegate_has_method was deprecated in version 1.1 and will be removed in version 1.3. Use if_available instead.
  warnings.warn(

2022-07-24 21:32:25,865:WARNING:/home/kimjinsung/anaconda3/envs/for_pytorch/lib/python3.9/site-packages/sklearn/utils/metaestimators.py:201: FutureWarning: if_delegate_has_method was deprecated in version 1.1 and will be removed in version 1.3. Use if_available instead.
  warnings.warn(

2022-07-24 21:32:25,875:WARNING:/home/kimjinsung/anaconda3/envs/for_pytorch/lib/python3.9/site-packages/sklearn/utils/metaestimators.py:201: FutureWarning: if_delegate_has_method was deprecated in version 1.1 and will be removed in version 1.3. Use if_available instead.
  warnings.warn(

2022-07-24 21:32:25,878:WARNING:/home/kimjinsung/anaconda3/envs/for_pytorch/lib/python3.9/site-packages/sklearn/utils/metaestimators.py:201: FutureWarning: if_delegate_has_method was deprecated in version 1.1 and will be removed in version 1.3. Use if_available instead.
  warnings.warn(

2022-07-24 21:32:25,883:WARNING:/home/kimjinsung/anaconda3/envs/for_pytorch/lib/python3.9/site-packages/sklearn/utils/metaestimators.py:201: FutureWarning: if_delegate_has_method was deprecated in version 1.1 and will be removed in version 1.3. Use if_available instead.
  warnings.warn(

2022-07-24 21:32:25,887:WARNING:/home/kimjinsung/anaconda3/envs/for_pytorch/lib/python3.9/site-packages/sklearn/utils/metaestimators.py:201: FutureWarning: if_delegate_has_method was deprecated in version 1.1 and will be removed in version 1.3. Use if_available instead.
  warnings.warn(

2022-07-24 21:32:27,344:WARNING:/home/kimjinsung/anaconda3/envs/for_pytorch/lib/python3.9/site-packages/sklearn/utils/metaestimators.py:201: FutureWarning: if_delegate_has_method was deprecated in version 1.1 and will be removed in version 1.3. Use if_available instead.
  warnings.warn(

2022-07-24 21:32:27,346:WARNING:/home/kimjinsung/anaconda3/envs/for_pytorch/lib/python3.9/site-packages/sklearn/utils/metaestimators.py:201: FutureWarning: if_delegate_has_method was deprecated in version 1.1 and will be removed in version 1.3. Use if_available instead.
  warnings.warn(

2022-07-24 21:32:27,382:WARNING:/home/kimjinsung/anaconda3/envs/for_pytorch/lib/python3.9/site-packages/sklearn/utils/metaestimators.py:201: FutureWarning: if_delegate_has_method was deprecated in version 1.1 and will be removed in version 1.3. Use if_available instead.
  warnings.warn(

2022-07-24 21:32:27,390:WARNING:/home/kimjinsung/anaconda3/envs/for_pytorch/lib/python3.9/site-packages/sklearn/utils/metaestimators.py:201: FutureWarning: if_delegate_has_method was deprecated in version 1.1 and will be removed in version 1.3. Use if_available instead.
  warnings.warn(

2022-07-24 21:32:27,397:WARNING:/home/kimjinsung/anaconda3/envs/for_pytorch/lib/python3.9/site-packages/sklearn/utils/metaestimators.py:201: FutureWarning: if_delegate_has_method was deprecated in version 1.1 and will be removed in version 1.3. Use if_available instead.
  warnings.warn(

2022-07-24 21:32:27,398:WARNING:/home/kimjinsung/anaconda3/envs/for_pytorch/lib/python3.9/site-packages/sklearn/utils/metaestimators.py:201: FutureWarning: if_delegate_has_method was deprecated in version 1.1 and will be removed in version 1.3. Use if_available instead.
  warnings.warn(

2022-07-24 21:32:27,404:WARNING:/home/kimjinsung/anaconda3/envs/for_pytorch/lib/python3.9/site-packages/sklearn/utils/metaestimators.py:201: FutureWarning: if_delegate_has_method was deprecated in version 1.1 and will be removed in version 1.3. Use if_available instead.
  warnings.warn(

2022-07-24 21:32:27,408:WARNING:/home/kimjinsung/anaconda3/envs/for_pytorch/lib/python3.9/site-packages/sklearn/utils/metaestimators.py:201: FutureWarning: if_delegate_has_method was deprecated in version 1.1 and will be removed in version 1.3. Use if_available instead.
  warnings.warn(

2022-07-24 21:32:27,415:WARNING:/home/kimjinsung/anaconda3/envs/for_pytorch/lib/python3.9/site-packages/sklearn/utils/metaestimators.py:201: FutureWarning: if_delegate_has_method was deprecated in version 1.1 and will be removed in version 1.3. Use if_available instead.
  warnings.warn(

2022-07-24 21:32:27,422:WARNING:/home/kimjinsung/anaconda3/envs/for_pytorch/lib/python3.9/site-packages/sklearn/utils/metaestimators.py:201: FutureWarning: if_delegate_has_method was deprecated in version 1.1 and will be removed in version 1.3. Use if_available instead.
  warnings.warn(

2022-07-24 21:32:29,001:INFO:Calculating mean and std
2022-07-24 21:32:29,003:INFO:Creating metrics dataframe
2022-07-24 21:32:29,008:INFO:Uploading results into container
2022-07-24 21:32:29,008:INFO:Uploading model into container now
2022-07-24 21:32:29,009:INFO:master_model_container: 2
2022-07-24 21:32:29,009:INFO:display_container: 2
2022-07-24 21:32:29,009:INFO:KNeighborsClassifier(algorithm='auto', leaf_size=30, metric='minkowski',
                     metric_params=None, n_jobs=-1, n_neighbors=5, p=2,
                     weights='uniform')
2022-07-24 21:32:29,009:INFO:create_model() successfully completed......................................
2022-07-24 21:32:29,121:INFO:SubProcess create_model() end ==================================
2022-07-24 21:32:29,121:INFO:Creating metrics dataframe
2022-07-24 21:32:29,135:INFO:Initializing Naive Bayes
2022-07-24 21:32:29,135:INFO:Total runtime is 0.25272835890452067 minutes
2022-07-24 21:32:29,137:INFO:SubProcess create_model() called ==================================
2022-07-24 21:32:29,138:INFO:Initializing create_model()
2022-07-24 21:32:29,138:INFO:create_model(self=<pycaret.classification.oop.ClassificationExperiment object at 0x7fd2176663d0>, estimator=nb, fold=StratifiedKFold(n_splits=10, random_state=None, shuffle=False), round=4, cross_validation=True, predict=True, fit_kwargs={}, groups=None, refit=False, probability_threshold=None, experiment_custom_tags=None, verbose=False, system=False, add_to_model_list=True, metrics=None, display=<pycaret.internal.display.display.CommonDisplay object at 0x7fd2173a9ca0>, model_only=True, return_train_score=False, kwargs={})
2022-07-24 21:32:29,138:INFO:Checking exceptions
2022-07-24 21:32:29,156:INFO:Importing libraries
2022-07-24 21:32:29,156:INFO:Copying training dataset
2022-07-24 21:32:29,189:INFO:Defining folds
2022-07-24 21:32:29,189:INFO:Declaring metric variables
2022-07-24 21:32:29,192:INFO:Importing untrained model
2022-07-24 21:32:29,194:INFO:Naive Bayes Imported successfully
2022-07-24 21:32:29,199:INFO:Starting cross validation
2022-07-24 21:32:29,201:INFO:Cross validating with StratifiedKFold(n_splits=10, random_state=None, shuffle=False), n_jobs=-1
2022-07-24 21:32:30,525:WARNING:/home/kimjinsung/anaconda3/envs/for_pytorch/lib/python3.9/site-packages/sklearn/utils/metaestimators.py:201: FutureWarning: if_delegate_has_method was deprecated in version 1.1 and will be removed in version 1.3. Use if_available instead.
  warnings.warn(

2022-07-24 21:32:30,528:WARNING:/home/kimjinsung/anaconda3/envs/for_pytorch/lib/python3.9/site-packages/sklearn/utils/metaestimators.py:201: FutureWarning: if_delegate_has_method was deprecated in version 1.1 and will be removed in version 1.3. Use if_available instead.
  warnings.warn(

2022-07-24 21:32:30,575:WARNING:/home/kimjinsung/anaconda3/envs/for_pytorch/lib/python3.9/site-packages/sklearn/utils/metaestimators.py:201: FutureWarning: if_delegate_has_method was deprecated in version 1.1 and will be removed in version 1.3. Use if_available instead.
  warnings.warn(

2022-07-24 21:32:30,578:WARNING:/home/kimjinsung/anaconda3/envs/for_pytorch/lib/python3.9/site-packages/sklearn/utils/metaestimators.py:201: FutureWarning: if_delegate_has_method was deprecated in version 1.1 and will be removed in version 1.3. Use if_available instead.
  warnings.warn(

2022-07-24 21:32:30,629:WARNING:/home/kimjinsung/anaconda3/envs/for_pytorch/lib/python3.9/site-packages/sklearn/metrics/_classification.py:1327: UndefinedMetricWarning: Precision is ill-defined and being set to 0.0 due to no predicted samples. Use `zero_division` parameter to control this behavior.
  _warn_prf(average, modifier, msg_start, len(result))

2022-07-24 21:32:30,633:WARNING:/home/kimjinsung/anaconda3/envs/for_pytorch/lib/python3.9/site-packages/sklearn/metrics/_classification.py:1327: UndefinedMetricWarning: Precision is ill-defined and being set to 0.0 due to no predicted samples. Use `zero_division` parameter to control this behavior.
  _warn_prf(average, modifier, msg_start, len(result))

2022-07-24 21:32:30,701:WARNING:/home/kimjinsung/anaconda3/envs/for_pytorch/lib/python3.9/site-packages/sklearn/utils/metaestimators.py:201: FutureWarning: if_delegate_has_method was deprecated in version 1.1 and will be removed in version 1.3. Use if_available instead.
  warnings.warn(

2022-07-24 21:32:30,708:WARNING:/home/kimjinsung/anaconda3/envs/for_pytorch/lib/python3.9/site-packages/sklearn/utils/metaestimators.py:201: FutureWarning: if_delegate_has_method was deprecated in version 1.1 and will be removed in version 1.3. Use if_available instead.
  warnings.warn(

2022-07-24 21:32:30,751:WARNING:/home/kimjinsung/anaconda3/envs/for_pytorch/lib/python3.9/site-packages/sklearn/utils/metaestimators.py:201: FutureWarning: if_delegate_has_method was deprecated in version 1.1 and will be removed in version 1.3. Use if_available instead.
  warnings.warn(

2022-07-24 21:32:30,751:WARNING:/home/kimjinsung/anaconda3/envs/for_pytorch/lib/python3.9/site-packages/sklearn/utils/metaestimators.py:201: FutureWarning: if_delegate_has_method was deprecated in version 1.1 and will be removed in version 1.3. Use if_available instead.
  warnings.warn(

2022-07-24 21:32:30,757:WARNING:/home/kimjinsung/anaconda3/envs/for_pytorch/lib/python3.9/site-packages/sklearn/utils/metaestimators.py:201: FutureWarning: if_delegate_has_method was deprecated in version 1.1 and will be removed in version 1.3. Use if_available instead.
  warnings.warn(

2022-07-24 21:32:30,757:WARNING:/home/kimjinsung/anaconda3/envs/for_pytorch/lib/python3.9/site-packages/sklearn/utils/metaestimators.py:201: FutureWarning: if_delegate_has_method was deprecated in version 1.1 and will be removed in version 1.3. Use if_available instead.
  warnings.warn(

2022-07-24 21:32:30,764:WARNING:/home/kimjinsung/anaconda3/envs/for_pytorch/lib/python3.9/site-packages/sklearn/utils/metaestimators.py:201: FutureWarning: if_delegate_has_method was deprecated in version 1.1 and will be removed in version 1.3. Use if_available instead.
  warnings.warn(

2022-07-24 21:32:30,777:WARNING:/home/kimjinsung/anaconda3/envs/for_pytorch/lib/python3.9/site-packages/sklearn/utils/metaestimators.py:201: FutureWarning: if_delegate_has_method was deprecated in version 1.1 and will be removed in version 1.3. Use if_available instead.
  warnings.warn(

2022-07-24 21:32:30,790:WARNING:/home/kimjinsung/anaconda3/envs/for_pytorch/lib/python3.9/site-packages/sklearn/utils/metaestimators.py:201: FutureWarning: if_delegate_has_method was deprecated in version 1.1 and will be removed in version 1.3. Use if_available instead.
  warnings.warn(

2022-07-24 21:32:30,792:WARNING:/home/kimjinsung/anaconda3/envs/for_pytorch/lib/python3.9/site-packages/sklearn/utils/metaestimators.py:201: FutureWarning: if_delegate_has_method was deprecated in version 1.1 and will be removed in version 1.3. Use if_available instead.
  warnings.warn(

2022-07-24 21:32:30,797:WARNING:/home/kimjinsung/anaconda3/envs/for_pytorch/lib/python3.9/site-packages/sklearn/utils/metaestimators.py:201: FutureWarning: if_delegate_has_method was deprecated in version 1.1 and will be removed in version 1.3. Use if_available instead.
  warnings.warn(

2022-07-24 21:32:30,800:WARNING:/home/kimjinsung/anaconda3/envs/for_pytorch/lib/python3.9/site-packages/sklearn/metrics/_classification.py:1327: UndefinedMetricWarning: Precision is ill-defined and being set to 0.0 due to no predicted samples. Use `zero_division` parameter to control this behavior.
  _warn_prf(average, modifier, msg_start, len(result))

2022-07-24 21:32:30,804:WARNING:/home/kimjinsung/anaconda3/envs/for_pytorch/lib/python3.9/site-packages/sklearn/utils/metaestimators.py:201: FutureWarning: if_delegate_has_method was deprecated in version 1.1 and will be removed in version 1.3. Use if_available instead.
  warnings.warn(

2022-07-24 21:32:30,806:WARNING:/home/kimjinsung/anaconda3/envs/for_pytorch/lib/python3.9/site-packages/sklearn/metrics/_classification.py:1327: UndefinedMetricWarning: Precision is ill-defined and being set to 0.0 due to no predicted samples. Use `zero_division` parameter to control this behavior.
  _warn_prf(average, modifier, msg_start, len(result))

2022-07-24 21:32:30,811:WARNING:/home/kimjinsung/anaconda3/envs/for_pytorch/lib/python3.9/site-packages/sklearn/utils/metaestimators.py:201: FutureWarning: if_delegate_has_method was deprecated in version 1.1 and will be removed in version 1.3. Use if_available instead.
  warnings.warn(

2022-07-24 21:32:30,825:WARNING:/home/kimjinsung/anaconda3/envs/for_pytorch/lib/python3.9/site-packages/sklearn/utils/metaestimators.py:201: FutureWarning: if_delegate_has_method was deprecated in version 1.1 and will be removed in version 1.3. Use if_available instead.
  warnings.warn(

2022-07-24 21:32:30,841:WARNING:/home/kimjinsung/anaconda3/envs/for_pytorch/lib/python3.9/site-packages/sklearn/utils/metaestimators.py:201: FutureWarning: if_delegate_has_method was deprecated in version 1.1 and will be removed in version 1.3. Use if_available instead.
  warnings.warn(

2022-07-24 21:32:30,842:WARNING:/home/kimjinsung/anaconda3/envs/for_pytorch/lib/python3.9/site-packages/sklearn/utils/metaestimators.py:201: FutureWarning: if_delegate_has_method was deprecated in version 1.1 and will be removed in version 1.3. Use if_available instead.
  warnings.warn(

2022-07-24 21:32:30,851:WARNING:/home/kimjinsung/anaconda3/envs/for_pytorch/lib/python3.9/site-packages/sklearn/metrics/_classification.py:1327: UndefinedMetricWarning: Precision is ill-defined and being set to 0.0 due to no predicted samples. Use `zero_division` parameter to control this behavior.
  _warn_prf(average, modifier, msg_start, len(result))

2022-07-24 21:32:30,859:WARNING:/home/kimjinsung/anaconda3/envs/for_pytorch/lib/python3.9/site-packages/sklearn/metrics/_classification.py:1327: UndefinedMetricWarning: Precision is ill-defined and being set to 0.0 due to no predicted samples. Use `zero_division` parameter to control this behavior.
  _warn_prf(average, modifier, msg_start, len(result))

2022-07-24 21:32:30,866:WARNING:/home/kimjinsung/anaconda3/envs/for_pytorch/lib/python3.9/site-packages/sklearn/metrics/_classification.py:1327: UndefinedMetricWarning: Precision is ill-defined and being set to 0.0 due to no predicted samples. Use `zero_division` parameter to control this behavior.
  _warn_prf(average, modifier, msg_start, len(result))

2022-07-24 21:32:30,881:WARNING:/home/kimjinsung/anaconda3/envs/for_pytorch/lib/python3.9/site-packages/sklearn/metrics/_classification.py:1327: UndefinedMetricWarning: Precision is ill-defined and being set to 0.0 due to no predicted samples. Use `zero_division` parameter to control this behavior.
  _warn_prf(average, modifier, msg_start, len(result))

2022-07-24 21:32:30,898:WARNING:/home/kimjinsung/anaconda3/envs/for_pytorch/lib/python3.9/site-packages/sklearn/metrics/_classification.py:1327: UndefinedMetricWarning: Precision is ill-defined and being set to 0.0 due to no predicted samples. Use `zero_division` parameter to control this behavior.
  _warn_prf(average, modifier, msg_start, len(result))

2022-07-24 21:32:31,006:INFO:Calculating mean and std
2022-07-24 21:32:31,007:INFO:Creating metrics dataframe
2022-07-24 21:32:31,011:INFO:Uploading results into container
2022-07-24 21:32:31,012:INFO:Uploading model into container now
2022-07-24 21:32:31,012:INFO:master_model_container: 3
2022-07-24 21:32:31,012:INFO:display_container: 2
2022-07-24 21:32:31,012:INFO:GaussianNB(priors=None, var_smoothing=1e-09)
2022-07-24 21:32:31,013:INFO:create_model() successfully completed......................................
2022-07-24 21:32:31,125:INFO:SubProcess create_model() end ==================================
2022-07-24 21:32:31,125:INFO:Creating metrics dataframe
2022-07-24 21:32:31,132:INFO:Initializing Decision Tree Classifier
2022-07-24 21:32:31,132:INFO:Total runtime is 0.2860093871752421 minutes
2022-07-24 21:32:31,134:INFO:SubProcess create_model() called ==================================
2022-07-24 21:32:31,134:INFO:Initializing create_model()
2022-07-24 21:32:31,135:INFO:create_model(self=<pycaret.classification.oop.ClassificationExperiment object at 0x7fd2176663d0>, estimator=dt, fold=StratifiedKFold(n_splits=10, random_state=None, shuffle=False), round=4, cross_validation=True, predict=True, fit_kwargs={}, groups=None, refit=False, probability_threshold=None, experiment_custom_tags=None, verbose=False, system=False, add_to_model_list=True, metrics=None, display=<pycaret.internal.display.display.CommonDisplay object at 0x7fd2173a9ca0>, model_only=True, return_train_score=False, kwargs={})
2022-07-24 21:32:31,135:INFO:Checking exceptions
2022-07-24 21:32:31,153:INFO:Importing libraries
2022-07-24 21:32:31,153:INFO:Copying training dataset
2022-07-24 21:32:31,186:INFO:Defining folds
2022-07-24 21:32:31,187:INFO:Declaring metric variables
2022-07-24 21:32:31,189:INFO:Importing untrained model
2022-07-24 21:32:31,192:INFO:Decision Tree Classifier Imported successfully
2022-07-24 21:32:31,197:INFO:Starting cross validation
2022-07-24 21:32:31,198:INFO:Cross validating with StratifiedKFold(n_splits=10, random_state=None, shuffle=False), n_jobs=-1
2022-07-24 21:32:35,340:WARNING:/home/kimjinsung/anaconda3/envs/for_pytorch/lib/python3.9/site-packages/sklearn/utils/metaestimators.py:201: FutureWarning: if_delegate_has_method was deprecated in version 1.1 and will be removed in version 1.3. Use if_available instead.
  warnings.warn(

2022-07-24 21:32:35,387:WARNING:/home/kimjinsung/anaconda3/envs/for_pytorch/lib/python3.9/site-packages/sklearn/utils/metaestimators.py:201: FutureWarning: if_delegate_has_method was deprecated in version 1.1 and will be removed in version 1.3. Use if_available instead.
  warnings.warn(

2022-07-24 21:32:35,410:WARNING:/home/kimjinsung/anaconda3/envs/for_pytorch/lib/python3.9/site-packages/sklearn/utils/metaestimators.py:201: FutureWarning: if_delegate_has_method was deprecated in version 1.1 and will be removed in version 1.3. Use if_available instead.
  warnings.warn(

2022-07-24 21:32:35,454:WARNING:/home/kimjinsung/anaconda3/envs/for_pytorch/lib/python3.9/site-packages/sklearn/utils/metaestimators.py:201: FutureWarning: if_delegate_has_method was deprecated in version 1.1 and will be removed in version 1.3. Use if_available instead.
  warnings.warn(

2022-07-24 21:32:35,458:WARNING:/home/kimjinsung/anaconda3/envs/for_pytorch/lib/python3.9/site-packages/sklearn/utils/metaestimators.py:201: FutureWarning: if_delegate_has_method was deprecated in version 1.1 and will be removed in version 1.3. Use if_available instead.
  warnings.warn(

2022-07-24 21:32:35,482:WARNING:/home/kimjinsung/anaconda3/envs/for_pytorch/lib/python3.9/site-packages/sklearn/utils/metaestimators.py:201: FutureWarning: if_delegate_has_method was deprecated in version 1.1 and will be removed in version 1.3. Use if_available instead.
  warnings.warn(

2022-07-24 21:32:35,502:WARNING:/home/kimjinsung/anaconda3/envs/for_pytorch/lib/python3.9/site-packages/sklearn/utils/metaestimators.py:201: FutureWarning: if_delegate_has_method was deprecated in version 1.1 and will be removed in version 1.3. Use if_available instead.
  warnings.warn(

2022-07-24 21:32:35,510:WARNING:/home/kimjinsung/anaconda3/envs/for_pytorch/lib/python3.9/site-packages/sklearn/utils/metaestimators.py:201: FutureWarning: if_delegate_has_method was deprecated in version 1.1 and will be removed in version 1.3. Use if_available instead.
  warnings.warn(

2022-07-24 21:32:35,529:WARNING:/home/kimjinsung/anaconda3/envs/for_pytorch/lib/python3.9/site-packages/sklearn/utils/metaestimators.py:201: FutureWarning: if_delegate_has_method was deprecated in version 1.1 and will be removed in version 1.3. Use if_available instead.
  warnings.warn(

2022-07-24 21:32:35,540:WARNING:/home/kimjinsung/anaconda3/envs/for_pytorch/lib/python3.9/site-packages/sklearn/utils/metaestimators.py:201: FutureWarning: if_delegate_has_method was deprecated in version 1.1 and will be removed in version 1.3. Use if_available instead.
  warnings.warn(

2022-07-24 21:32:35,540:WARNING:/home/kimjinsung/anaconda3/envs/for_pytorch/lib/python3.9/site-packages/sklearn/utils/metaestimators.py:201: FutureWarning: if_delegate_has_method was deprecated in version 1.1 and will be removed in version 1.3. Use if_available instead.
  warnings.warn(

2022-07-24 21:32:35,545:WARNING:/home/kimjinsung/anaconda3/envs/for_pytorch/lib/python3.9/site-packages/sklearn/utils/metaestimators.py:201: FutureWarning: if_delegate_has_method was deprecated in version 1.1 and will be removed in version 1.3. Use if_available instead.
  warnings.warn(

2022-07-24 21:32:35,558:WARNING:/home/kimjinsung/anaconda3/envs/for_pytorch/lib/python3.9/site-packages/sklearn/utils/metaestimators.py:201: FutureWarning: if_delegate_has_method was deprecated in version 1.1 and will be removed in version 1.3. Use if_available instead.
  warnings.warn(

2022-07-24 21:32:35,560:WARNING:/home/kimjinsung/anaconda3/envs/for_pytorch/lib/python3.9/site-packages/sklearn/utils/metaestimators.py:201: FutureWarning: if_delegate_has_method was deprecated in version 1.1 and will be removed in version 1.3. Use if_available instead.
  warnings.warn(

2022-07-24 21:32:35,586:WARNING:/home/kimjinsung/anaconda3/envs/for_pytorch/lib/python3.9/site-packages/sklearn/utils/metaestimators.py:201: FutureWarning: if_delegate_has_method was deprecated in version 1.1 and will be removed in version 1.3. Use if_available instead.
  warnings.warn(

2022-07-24 21:32:35,588:WARNING:/home/kimjinsung/anaconda3/envs/for_pytorch/lib/python3.9/site-packages/sklearn/utils/metaestimators.py:201: FutureWarning: if_delegate_has_method was deprecated in version 1.1 and will be removed in version 1.3. Use if_available instead.
  warnings.warn(

2022-07-24 21:32:35,592:WARNING:/home/kimjinsung/anaconda3/envs/for_pytorch/lib/python3.9/site-packages/sklearn/utils/metaestimators.py:201: FutureWarning: if_delegate_has_method was deprecated in version 1.1 and will be removed in version 1.3. Use if_available instead.
  warnings.warn(

2022-07-24 21:32:35,606:WARNING:/home/kimjinsung/anaconda3/envs/for_pytorch/lib/python3.9/site-packages/sklearn/utils/metaestimators.py:201: FutureWarning: if_delegate_has_method was deprecated in version 1.1 and will be removed in version 1.3. Use if_available instead.
  warnings.warn(

2022-07-24 21:32:35,626:WARNING:/home/kimjinsung/anaconda3/envs/for_pytorch/lib/python3.9/site-packages/sklearn/utils/metaestimators.py:201: FutureWarning: if_delegate_has_method was deprecated in version 1.1 and will be removed in version 1.3. Use if_available instead.
  warnings.warn(

2022-07-24 21:32:35,671:WARNING:/home/kimjinsung/anaconda3/envs/for_pytorch/lib/python3.9/site-packages/sklearn/utils/metaestimators.py:201: FutureWarning: if_delegate_has_method was deprecated in version 1.1 and will be removed in version 1.3. Use if_available instead.
  warnings.warn(

2022-07-24 21:32:35,817:INFO:Calculating mean and std
2022-07-24 21:32:35,818:INFO:Creating metrics dataframe
2022-07-24 21:32:35,822:INFO:Uploading results into container
2022-07-24 21:32:35,823:INFO:Uploading model into container now
2022-07-24 21:32:35,823:INFO:master_model_container: 4
2022-07-24 21:32:35,823:INFO:display_container: 2
2022-07-24 21:32:35,824:INFO:DecisionTreeClassifier(ccp_alpha=0.0, class_weight=None, criterion='gini',
                       max_depth=None, max_features=None, max_leaf_nodes=None,
                       min_impurity_decrease=0.0, min_samples_leaf=1,
                       min_samples_split=2, min_weight_fraction_leaf=0.0,
                       random_state=1028, splitter='best')
2022-07-24 21:32:35,824:INFO:create_model() successfully completed......................................
2022-07-24 21:32:35,935:INFO:SubProcess create_model() end ==================================
2022-07-24 21:32:35,935:INFO:Creating metrics dataframe
2022-07-24 21:32:35,942:INFO:Initializing SVM - Linear Kernel
2022-07-24 21:32:35,942:INFO:Total runtime is 0.3661758025487264 minutes
2022-07-24 21:32:35,944:INFO:SubProcess create_model() called ==================================
2022-07-24 21:32:35,944:INFO:Initializing create_model()
2022-07-24 21:32:35,944:INFO:create_model(self=<pycaret.classification.oop.ClassificationExperiment object at 0x7fd2176663d0>, estimator=svm, fold=StratifiedKFold(n_splits=10, random_state=None, shuffle=False), round=4, cross_validation=True, predict=True, fit_kwargs={}, groups=None, refit=False, probability_threshold=None, experiment_custom_tags=None, verbose=False, system=False, add_to_model_list=True, metrics=None, display=<pycaret.internal.display.display.CommonDisplay object at 0x7fd2173a9ca0>, model_only=True, return_train_score=False, kwargs={})
2022-07-24 21:32:35,945:INFO:Checking exceptions
2022-07-24 21:32:35,963:INFO:Importing libraries
2022-07-24 21:32:35,963:INFO:Copying training dataset
2022-07-24 21:32:35,997:INFO:Defining folds
2022-07-24 21:32:35,998:INFO:Declaring metric variables
2022-07-24 21:32:36,000:INFO:Importing untrained model
2022-07-24 21:32:36,003:INFO:SVM - Linear Kernel Imported successfully
2022-07-24 21:32:36,008:INFO:Starting cross validation
2022-07-24 21:32:36,009:INFO:Cross validating with StratifiedKFold(n_splits=10, random_state=None, shuffle=False), n_jobs=-1
2022-07-24 21:32:37,461:WARNING:/home/kimjinsung/anaconda3/envs/for_pytorch/lib/python3.9/site-packages/sklearn/utils/metaestimators.py:201: FutureWarning: if_delegate_has_method was deprecated in version 1.1 and will be removed in version 1.3. Use if_available instead.
  warnings.warn(

2022-07-24 21:32:37,508:WARNING:/home/kimjinsung/anaconda3/envs/for_pytorch/lib/python3.9/site-packages/sklearn/utils/metaestimators.py:201: FutureWarning: if_delegate_has_method was deprecated in version 1.1 and will be removed in version 1.3. Use if_available instead.
  warnings.warn(

2022-07-24 21:32:37,540:WARNING:/home/kimjinsung/anaconda3/envs/for_pytorch/lib/python3.9/site-packages/sklearn/utils/metaestimators.py:201: FutureWarning: if_delegate_has_method was deprecated in version 1.1 and will be removed in version 1.3. Use if_available instead.
  warnings.warn(

2022-07-24 21:32:37,590:WARNING:/home/kimjinsung/anaconda3/envs/for_pytorch/lib/python3.9/site-packages/sklearn/utils/metaestimators.py:201: FutureWarning: if_delegate_has_method was deprecated in version 1.1 and will be removed in version 1.3. Use if_available instead.
  warnings.warn(

2022-07-24 21:32:37,601:WARNING:/home/kimjinsung/anaconda3/envs/for_pytorch/lib/python3.9/site-packages/sklearn/utils/metaestimators.py:201: FutureWarning: if_delegate_has_method was deprecated in version 1.1 and will be removed in version 1.3. Use if_available instead.
  warnings.warn(

2022-07-24 21:32:37,607:WARNING:/home/kimjinsung/anaconda3/envs/for_pytorch/lib/python3.9/site-packages/sklearn/utils/metaestimators.py:201: FutureWarning: if_delegate_has_method was deprecated in version 1.1 and will be removed in version 1.3. Use if_available instead.
  warnings.warn(

2022-07-24 21:32:37,609:WARNING:/home/kimjinsung/anaconda3/envs/for_pytorch/lib/python3.9/site-packages/sklearn/utils/metaestimators.py:201: FutureWarning: if_delegate_has_method was deprecated in version 1.1 and will be removed in version 1.3. Use if_available instead.
  warnings.warn(

2022-07-24 21:32:37,638:WARNING:/home/kimjinsung/anaconda3/envs/for_pytorch/lib/python3.9/site-packages/sklearn/utils/metaestimators.py:201: FutureWarning: if_delegate_has_method was deprecated in version 1.1 and will be removed in version 1.3. Use if_available instead.
  warnings.warn(

2022-07-24 21:32:37,652:WARNING:/home/kimjinsung/anaconda3/envs/for_pytorch/lib/python3.9/site-packages/sklearn/utils/metaestimators.py:201: FutureWarning: if_delegate_has_method was deprecated in version 1.1 and will be removed in version 1.3. Use if_available instead.
  warnings.warn(

2022-07-24 21:32:37,657:WARNING:/home/kimjinsung/anaconda3/envs/for_pytorch/lib/python3.9/site-packages/sklearn/utils/metaestimators.py:201: FutureWarning: if_delegate_has_method was deprecated in version 1.1 and will be removed in version 1.3. Use if_available instead.
  warnings.warn(

2022-07-24 21:32:37,659:WARNING:/home/kimjinsung/anaconda3/envs/for_pytorch/lib/python3.9/site-packages/sklearn/utils/metaestimators.py:201: FutureWarning: if_delegate_has_method was deprecated in version 1.1 and will be removed in version 1.3. Use if_available instead.
  warnings.warn(

2022-07-24 21:32:37,689:WARNING:/home/kimjinsung/anaconda3/envs/for_pytorch/lib/python3.9/site-packages/sklearn/utils/metaestimators.py:201: FutureWarning: if_delegate_has_method was deprecated in version 1.1 and will be removed in version 1.3. Use if_available instead.
  warnings.warn(

2022-07-24 21:32:39,148:WARNING:/home/kimjinsung/anaconda3/envs/for_pytorch/lib/python3.9/site-packages/sklearn/utils/metaestimators.py:201: FutureWarning: if_delegate_has_method was deprecated in version 1.1 and will be removed in version 1.3. Use if_available instead.
  warnings.warn(

2022-07-24 21:32:39,195:WARNING:/home/kimjinsung/anaconda3/envs/for_pytorch/lib/python3.9/site-packages/sklearn/utils/metaestimators.py:201: FutureWarning: if_delegate_has_method was deprecated in version 1.1 and will be removed in version 1.3. Use if_available instead.
  warnings.warn(

2022-07-24 21:32:51,392:WARNING:/home/kimjinsung/anaconda3/envs/for_pytorch/lib/python3.9/site-packages/sklearn/linear_model/_stochastic_gradient.py:705: ConvergenceWarning: Maximum number of iteration reached before convergence. Consider increasing max_iter to improve the fit.
  warnings.warn(

2022-07-24 21:32:51,392:WARNING:/home/kimjinsung/anaconda3/envs/for_pytorch/lib/python3.9/site-packages/sklearn/utils/metaestimators.py:201: FutureWarning: if_delegate_has_method was deprecated in version 1.1 and will be removed in version 1.3. Use if_available instead.
  warnings.warn(

2022-07-24 21:32:51,439:WARNING:/home/kimjinsung/anaconda3/envs/for_pytorch/lib/python3.9/site-packages/sklearn/utils/metaestimators.py:201: FutureWarning: if_delegate_has_method was deprecated in version 1.1 and will be removed in version 1.3. Use if_available instead.
  warnings.warn(

2022-07-24 21:32:51,518:WARNING:/home/kimjinsung/anaconda3/envs/for_pytorch/lib/python3.9/site-packages/sklearn/linear_model/_stochastic_gradient.py:705: ConvergenceWarning: Maximum number of iteration reached before convergence. Consider increasing max_iter to improve the fit.
  warnings.warn(

2022-07-24 21:32:51,518:WARNING:/home/kimjinsung/anaconda3/envs/for_pytorch/lib/python3.9/site-packages/sklearn/utils/metaestimators.py:201: FutureWarning: if_delegate_has_method was deprecated in version 1.1 and will be removed in version 1.3. Use if_available instead.
  warnings.warn(

2022-07-24 21:32:51,564:WARNING:/home/kimjinsung/anaconda3/envs/for_pytorch/lib/python3.9/site-packages/sklearn/utils/metaestimators.py:201: FutureWarning: if_delegate_has_method was deprecated in version 1.1 and will be removed in version 1.3. Use if_available instead.
  warnings.warn(

2022-07-24 21:32:51,622:WARNING:/home/kimjinsung/anaconda3/envs/for_pytorch/lib/python3.9/site-packages/sklearn/linear_model/_stochastic_gradient.py:705: ConvergenceWarning: Maximum number of iteration reached before convergence. Consider increasing max_iter to improve the fit.
  warnings.warn(

2022-07-24 21:32:51,623:WARNING:/home/kimjinsung/anaconda3/envs/for_pytorch/lib/python3.9/site-packages/sklearn/utils/metaestimators.py:201: FutureWarning: if_delegate_has_method was deprecated in version 1.1 and will be removed in version 1.3. Use if_available instead.
  warnings.warn(

2022-07-24 21:32:51,668:WARNING:/home/kimjinsung/anaconda3/envs/for_pytorch/lib/python3.9/site-packages/sklearn/utils/metaestimators.py:201: FutureWarning: if_delegate_has_method was deprecated in version 1.1 and will be removed in version 1.3. Use if_available instead.
  warnings.warn(

2022-07-24 21:32:51,777:INFO:Calculating mean and std
2022-07-24 21:32:51,778:INFO:Creating metrics dataframe
2022-07-24 21:32:51,781:INFO:Uploading results into container
2022-07-24 21:32:51,781:INFO:Uploading model into container now
2022-07-24 21:32:51,782:INFO:master_model_container: 5
2022-07-24 21:32:51,782:INFO:display_container: 2
2022-07-24 21:32:51,782:INFO:SGDClassifier(alpha=0.0001, average=False, class_weight=None,
              early_stopping=False, epsilon=0.1, eta0=0.001, fit_intercept=True,
              l1_ratio=0.15, learning_rate='optimal', loss='hinge',
              max_iter=1000, n_iter_no_change=5, n_jobs=-1, penalty='l2',
              power_t=0.5, random_state=1028, shuffle=True, tol=0.001,
              validation_fraction=0.1, verbose=0, warm_start=False)
2022-07-24 21:32:51,782:INFO:create_model() successfully completed......................................
2022-07-24 21:32:51,889:INFO:SubProcess create_model() end ==================================
2022-07-24 21:32:51,889:INFO:Creating metrics dataframe
2022-07-24 21:32:51,896:INFO:Initializing Ridge Classifier
2022-07-24 21:32:51,896:INFO:Total runtime is 0.6320815722147624 minutes
2022-07-24 21:32:51,898:INFO:SubProcess create_model() called ==================================
2022-07-24 21:32:51,899:INFO:Initializing create_model()
2022-07-24 21:32:51,899:INFO:create_model(self=<pycaret.classification.oop.ClassificationExperiment object at 0x7fd2176663d0>, estimator=ridge, fold=StratifiedKFold(n_splits=10, random_state=None, shuffle=False), round=4, cross_validation=True, predict=True, fit_kwargs={}, groups=None, refit=False, probability_threshold=None, experiment_custom_tags=None, verbose=False, system=False, add_to_model_list=True, metrics=None, display=<pycaret.internal.display.display.CommonDisplay object at 0x7fd2173a9ca0>, model_only=True, return_train_score=False, kwargs={})
2022-07-24 21:32:51,899:INFO:Checking exceptions
2022-07-24 21:32:51,917:INFO:Importing libraries
2022-07-24 21:32:51,917:INFO:Copying training dataset
2022-07-24 21:32:51,951:INFO:Defining folds
2022-07-24 21:32:51,951:INFO:Declaring metric variables
2022-07-24 21:32:51,954:INFO:Importing untrained model
2022-07-24 21:32:51,956:INFO:Ridge Classifier Imported successfully
2022-07-24 21:32:51,961:INFO:Starting cross validation
2022-07-24 21:32:51,962:INFO:Cross validating with StratifiedKFold(n_splits=10, random_state=None, shuffle=False), n_jobs=-1
2022-07-24 21:32:53,295:WARNING:/home/kimjinsung/anaconda3/envs/for_pytorch/lib/python3.9/site-packages/sklearn/linear_model/_ridge.py:212: LinAlgWarning: Ill-conditioned matrix (rcond=8.68413e-17): result may not be accurate.
  return linalg.solve(A, Xy, sym_pos=True, overwrite_a=True).T

2022-07-24 21:32:53,298:WARNING:/home/kimjinsung/anaconda3/envs/for_pytorch/lib/python3.9/site-packages/sklearn/utils/metaestimators.py:201: FutureWarning: if_delegate_has_method was deprecated in version 1.1 and will be removed in version 1.3. Use if_available instead.
  warnings.warn(

2022-07-24 21:32:53,324:WARNING:/home/kimjinsung/anaconda3/envs/for_pytorch/lib/python3.9/site-packages/sklearn/linear_model/_ridge.py:212: LinAlgWarning: Ill-conditioned matrix (rcond=8.74339e-17): result may not be accurate.
  return linalg.solve(A, Xy, sym_pos=True, overwrite_a=True).T

2022-07-24 21:32:53,327:WARNING:/home/kimjinsung/anaconda3/envs/for_pytorch/lib/python3.9/site-packages/sklearn/utils/metaestimators.py:201: FutureWarning: if_delegate_has_method was deprecated in version 1.1 and will be removed in version 1.3. Use if_available instead.
  warnings.warn(

2022-07-24 21:32:53,341:WARNING:/home/kimjinsung/anaconda3/envs/for_pytorch/lib/python3.9/site-packages/sklearn/linear_model/_ridge.py:212: LinAlgWarning: Ill-conditioned matrix (rcond=8.76038e-17): result may not be accurate.
  return linalg.solve(A, Xy, sym_pos=True, overwrite_a=True).T

2022-07-24 21:32:53,341:WARNING:/home/kimjinsung/anaconda3/envs/for_pytorch/lib/python3.9/site-packages/sklearn/linear_model/_ridge.py:212: LinAlgWarning: Ill-conditioned matrix (rcond=8.5539e-17): result may not be accurate.
  return linalg.solve(A, Xy, sym_pos=True, overwrite_a=True).T

2022-07-24 21:32:53,342:WARNING:/home/kimjinsung/anaconda3/envs/for_pytorch/lib/python3.9/site-packages/sklearn/linear_model/_ridge.py:212: LinAlgWarning: Ill-conditioned matrix (rcond=8.76835e-17): result may not be accurate.
  return linalg.solve(A, Xy, sym_pos=True, overwrite_a=True).T

2022-07-24 21:32:53,345:WARNING:/home/kimjinsung/anaconda3/envs/for_pytorch/lib/python3.9/site-packages/sklearn/utils/metaestimators.py:201: FutureWarning: if_delegate_has_method was deprecated in version 1.1 and will be removed in version 1.3. Use if_available instead.
  warnings.warn(

2022-07-24 21:32:53,346:WARNING:/home/kimjinsung/anaconda3/envs/for_pytorch/lib/python3.9/site-packages/sklearn/utils/metaestimators.py:201: FutureWarning: if_delegate_has_method was deprecated in version 1.1 and will be removed in version 1.3. Use if_available instead.
  warnings.warn(

2022-07-24 21:32:53,346:WARNING:/home/kimjinsung/anaconda3/envs/for_pytorch/lib/python3.9/site-packages/sklearn/utils/metaestimators.py:201: FutureWarning: if_delegate_has_method was deprecated in version 1.1 and will be removed in version 1.3. Use if_available instead.
  warnings.warn(

2022-07-24 21:32:53,351:WARNING:/home/kimjinsung/anaconda3/envs/for_pytorch/lib/python3.9/site-packages/sklearn/utils/metaestimators.py:201: FutureWarning: if_delegate_has_method was deprecated in version 1.1 and will be removed in version 1.3. Use if_available instead.
  warnings.warn(

2022-07-24 21:32:53,380:WARNING:/home/kimjinsung/anaconda3/envs/for_pytorch/lib/python3.9/site-packages/sklearn/utils/metaestimators.py:201: FutureWarning: if_delegate_has_method was deprecated in version 1.1 and will be removed in version 1.3. Use if_available instead.
  warnings.warn(

2022-07-24 21:32:53,383:WARNING:/home/kimjinsung/anaconda3/envs/for_pytorch/lib/python3.9/site-packages/sklearn/linear_model/_ridge.py:212: LinAlgWarning: Ill-conditioned matrix (rcond=8.64469e-17): result may not be accurate.
  return linalg.solve(A, Xy, sym_pos=True, overwrite_a=True).T

2022-07-24 21:32:53,386:WARNING:/home/kimjinsung/anaconda3/envs/for_pytorch/lib/python3.9/site-packages/sklearn/utils/metaestimators.py:201: FutureWarning: if_delegate_has_method was deprecated in version 1.1 and will be removed in version 1.3. Use if_available instead.
  warnings.warn(

2022-07-24 21:32:53,391:WARNING:/home/kimjinsung/anaconda3/envs/for_pytorch/lib/python3.9/site-packages/sklearn/linear_model/_ridge.py:212: LinAlgWarning: Ill-conditioned matrix (rcond=8.58423e-17): result may not be accurate.
  return linalg.solve(A, Xy, sym_pos=True, overwrite_a=True).T

2022-07-24 21:32:53,394:WARNING:/home/kimjinsung/anaconda3/envs/for_pytorch/lib/python3.9/site-packages/sklearn/utils/metaestimators.py:201: FutureWarning: if_delegate_has_method was deprecated in version 1.1 and will be removed in version 1.3. Use if_available instead.
  warnings.warn(

2022-07-24 21:32:53,395:WARNING:/home/kimjinsung/anaconda3/envs/for_pytorch/lib/python3.9/site-packages/sklearn/linear_model/_ridge.py:212: LinAlgWarning: Ill-conditioned matrix (rcond=8.57047e-17): result may not be accurate.
  return linalg.solve(A, Xy, sym_pos=True, overwrite_a=True).T

2022-07-24 21:32:53,396:WARNING:/home/kimjinsung/anaconda3/envs/for_pytorch/lib/python3.9/site-packages/sklearn/utils/metaestimators.py:201: FutureWarning: if_delegate_has_method was deprecated in version 1.1 and will be removed in version 1.3. Use if_available instead.
  warnings.warn(

2022-07-24 21:32:53,396:WARNING:/home/kimjinsung/anaconda3/envs/for_pytorch/lib/python3.9/site-packages/sklearn/utils/metaestimators.py:201: FutureWarning: if_delegate_has_method was deprecated in version 1.1 and will be removed in version 1.3. Use if_available instead.
  warnings.warn(

2022-07-24 21:32:53,397:WARNING:/home/kimjinsung/anaconda3/envs/for_pytorch/lib/python3.9/site-packages/sklearn/utils/metaestimators.py:201: FutureWarning: if_delegate_has_method was deprecated in version 1.1 and will be removed in version 1.3. Use if_available instead.
  warnings.warn(

2022-07-24 21:32:53,398:WARNING:/home/kimjinsung/anaconda3/envs/for_pytorch/lib/python3.9/site-packages/sklearn/utils/metaestimators.py:201: FutureWarning: if_delegate_has_method was deprecated in version 1.1 and will be removed in version 1.3. Use if_available instead.
  warnings.warn(

2022-07-24 21:32:53,433:WARNING:/home/kimjinsung/anaconda3/envs/for_pytorch/lib/python3.9/site-packages/sklearn/utils/metaestimators.py:201: FutureWarning: if_delegate_has_method was deprecated in version 1.1 and will be removed in version 1.3. Use if_available instead.
  warnings.warn(

2022-07-24 21:32:53,441:WARNING:/home/kimjinsung/anaconda3/envs/for_pytorch/lib/python3.9/site-packages/sklearn/utils/metaestimators.py:201: FutureWarning: if_delegate_has_method was deprecated in version 1.1 and will be removed in version 1.3. Use if_available instead.
  warnings.warn(

2022-07-24 21:32:53,444:WARNING:/home/kimjinsung/anaconda3/envs/for_pytorch/lib/python3.9/site-packages/sklearn/utils/metaestimators.py:201: FutureWarning: if_delegate_has_method was deprecated in version 1.1 and will be removed in version 1.3. Use if_available instead.
  warnings.warn(

2022-07-24 21:32:53,490:WARNING:/home/kimjinsung/anaconda3/envs/for_pytorch/lib/python3.9/site-packages/sklearn/utils/metaestimators.py:201: FutureWarning: if_delegate_has_method was deprecated in version 1.1 and will be removed in version 1.3. Use if_available instead.
  warnings.warn(

2022-07-24 21:32:53,507:WARNING:/home/kimjinsung/anaconda3/envs/for_pytorch/lib/python3.9/site-packages/sklearn/linear_model/_ridge.py:212: LinAlgWarning: Ill-conditioned matrix (rcond=8.65675e-17): result may not be accurate.
  return linalg.solve(A, Xy, sym_pos=True, overwrite_a=True).T

2022-07-24 21:32:53,510:WARNING:/home/kimjinsung/anaconda3/envs/for_pytorch/lib/python3.9/site-packages/sklearn/utils/metaestimators.py:201: FutureWarning: if_delegate_has_method was deprecated in version 1.1 and will be removed in version 1.3. Use if_available instead.
  warnings.warn(

2022-07-24 21:32:53,531:WARNING:/home/kimjinsung/anaconda3/envs/for_pytorch/lib/python3.9/site-packages/sklearn/utils/metaestimators.py:201: FutureWarning: if_delegate_has_method was deprecated in version 1.1 and will be removed in version 1.3. Use if_available instead.
  warnings.warn(

2022-07-24 21:32:53,550:WARNING:/home/kimjinsung/anaconda3/envs/for_pytorch/lib/python3.9/site-packages/sklearn/utils/metaestimators.py:201: FutureWarning: if_delegate_has_method was deprecated in version 1.1 and will be removed in version 1.3. Use if_available instead.
  warnings.warn(

2022-07-24 21:32:53,658:INFO:Calculating mean and std
2022-07-24 21:32:53,660:INFO:Creating metrics dataframe
2022-07-24 21:32:53,663:INFO:Uploading results into container
2022-07-24 21:32:53,664:INFO:Uploading model into container now
2022-07-24 21:32:53,664:INFO:master_model_container: 6
2022-07-24 21:32:53,665:INFO:display_container: 2
2022-07-24 21:32:53,665:INFO:RidgeClassifier(alpha=1.0, class_weight=None, copy_X=True, fit_intercept=True,
                max_iter=None, normalize='deprecated', positive=False,
                random_state=1028, solver='auto', tol=0.001)
2022-07-24 21:32:53,665:INFO:create_model() successfully completed......................................
2022-07-24 21:32:53,776:INFO:SubProcess create_model() end ==================================
2022-07-24 21:32:53,776:INFO:Creating metrics dataframe
2022-07-24 21:32:53,784:INFO:Initializing Random Forest Classifier
2022-07-24 21:32:53,784:INFO:Total runtime is 0.6635355234146117 minutes
2022-07-24 21:32:53,786:INFO:SubProcess create_model() called ==================================
2022-07-24 21:32:53,786:INFO:Initializing create_model()
2022-07-24 21:32:53,786:INFO:create_model(self=<pycaret.classification.oop.ClassificationExperiment object at 0x7fd2176663d0>, estimator=rf, fold=StratifiedKFold(n_splits=10, random_state=None, shuffle=False), round=4, cross_validation=True, predict=True, fit_kwargs={}, groups=None, refit=False, probability_threshold=None, experiment_custom_tags=None, verbose=False, system=False, add_to_model_list=True, metrics=None, display=<pycaret.internal.display.display.CommonDisplay object at 0x7fd2173a9ca0>, model_only=True, return_train_score=False, kwargs={})
2022-07-24 21:32:53,786:INFO:Checking exceptions
2022-07-24 21:32:53,804:INFO:Importing libraries
2022-07-24 21:32:53,805:INFO:Copying training dataset
2022-07-24 21:32:53,839:INFO:Defining folds
2022-07-24 21:32:53,839:INFO:Declaring metric variables
2022-07-24 21:32:53,842:INFO:Importing untrained model
2022-07-24 21:32:53,844:INFO:Random Forest Classifier Imported successfully
2022-07-24 21:32:53,849:INFO:Starting cross validation
2022-07-24 21:32:53,850:INFO:Cross validating with StratifiedKFold(n_splits=10, random_state=None, shuffle=False), n_jobs=-1
2022-07-24 21:32:58,899:WARNING:/home/kimjinsung/anaconda3/envs/for_pytorch/lib/python3.9/site-packages/sklearn/utils/metaestimators.py:201: FutureWarning: if_delegate_has_method was deprecated in version 1.1 and will be removed in version 1.3. Use if_available instead.
  warnings.warn(

2022-07-24 21:32:58,930:WARNING:/home/kimjinsung/anaconda3/envs/for_pytorch/lib/python3.9/site-packages/sklearn/utils/metaestimators.py:201: FutureWarning: if_delegate_has_method was deprecated in version 1.1 and will be removed in version 1.3. Use if_available instead.
  warnings.warn(

2022-07-24 21:32:58,979:WARNING:/home/kimjinsung/anaconda3/envs/for_pytorch/lib/python3.9/site-packages/sklearn/utils/metaestimators.py:201: FutureWarning: if_delegate_has_method was deprecated in version 1.1 and will be removed in version 1.3. Use if_available instead.
  warnings.warn(

2022-07-24 21:32:58,998:WARNING:/home/kimjinsung/anaconda3/envs/for_pytorch/lib/python3.9/site-packages/sklearn/utils/metaestimators.py:201: FutureWarning: if_delegate_has_method was deprecated in version 1.1 and will be removed in version 1.3. Use if_available instead.
  warnings.warn(

2022-07-24 21:32:59,004:WARNING:/home/kimjinsung/anaconda3/envs/for_pytorch/lib/python3.9/site-packages/sklearn/utils/metaestimators.py:201: FutureWarning: if_delegate_has_method was deprecated in version 1.1 and will be removed in version 1.3. Use if_available instead.
  warnings.warn(

2022-07-24 21:32:59,028:WARNING:/home/kimjinsung/anaconda3/envs/for_pytorch/lib/python3.9/site-packages/sklearn/utils/metaestimators.py:201: FutureWarning: if_delegate_has_method was deprecated in version 1.1 and will be removed in version 1.3. Use if_available instead.
  warnings.warn(

2022-07-24 21:32:59,028:WARNING:/home/kimjinsung/anaconda3/envs/for_pytorch/lib/python3.9/site-packages/sklearn/utils/metaestimators.py:201: FutureWarning: if_delegate_has_method was deprecated in version 1.1 and will be removed in version 1.3. Use if_available instead.
  warnings.warn(

2022-07-24 21:32:59,049:WARNING:/home/kimjinsung/anaconda3/envs/for_pytorch/lib/python3.9/site-packages/sklearn/utils/metaestimators.py:201: FutureWarning: if_delegate_has_method was deprecated in version 1.1 and will be removed in version 1.3. Use if_available instead.
  warnings.warn(

2022-07-24 21:32:59,063:WARNING:/home/kimjinsung/anaconda3/envs/for_pytorch/lib/python3.9/site-packages/sklearn/utils/metaestimators.py:201: FutureWarning: if_delegate_has_method was deprecated in version 1.1 and will be removed in version 1.3. Use if_available instead.
  warnings.warn(

2022-07-24 21:32:59,063:WARNING:/home/kimjinsung/anaconda3/envs/for_pytorch/lib/python3.9/site-packages/sklearn/utils/metaestimators.py:201: FutureWarning: if_delegate_has_method was deprecated in version 1.1 and will be removed in version 1.3. Use if_available instead.
  warnings.warn(

2022-07-24 21:32:59,145:WARNING:/home/kimjinsung/anaconda3/envs/for_pytorch/lib/python3.9/site-packages/sklearn/utils/metaestimators.py:201: FutureWarning: if_delegate_has_method was deprecated in version 1.1 and will be removed in version 1.3. Use if_available instead.
  warnings.warn(

2022-07-24 21:32:59,160:WARNING:/home/kimjinsung/anaconda3/envs/for_pytorch/lib/python3.9/site-packages/sklearn/utils/metaestimators.py:201: FutureWarning: if_delegate_has_method was deprecated in version 1.1 and will be removed in version 1.3. Use if_available instead.
  warnings.warn(

2022-07-24 21:32:59,182:WARNING:/home/kimjinsung/anaconda3/envs/for_pytorch/lib/python3.9/site-packages/sklearn/utils/metaestimators.py:201: FutureWarning: if_delegate_has_method was deprecated in version 1.1 and will be removed in version 1.3. Use if_available instead.
  warnings.warn(

2022-07-24 21:32:59,195:WARNING:/home/kimjinsung/anaconda3/envs/for_pytorch/lib/python3.9/site-packages/sklearn/utils/metaestimators.py:201: FutureWarning: if_delegate_has_method was deprecated in version 1.1 and will be removed in version 1.3. Use if_available instead.
  warnings.warn(

2022-07-24 21:32:59,197:WARNING:/home/kimjinsung/anaconda3/envs/for_pytorch/lib/python3.9/site-packages/sklearn/utils/metaestimators.py:201: FutureWarning: if_delegate_has_method was deprecated in version 1.1 and will be removed in version 1.3. Use if_available instead.
  warnings.warn(

2022-07-24 21:32:59,206:WARNING:/home/kimjinsung/anaconda3/envs/for_pytorch/lib/python3.9/site-packages/sklearn/utils/metaestimators.py:201: FutureWarning: if_delegate_has_method was deprecated in version 1.1 and will be removed in version 1.3. Use if_available instead.
  warnings.warn(

2022-07-24 21:32:59,209:WARNING:/home/kimjinsung/anaconda3/envs/for_pytorch/lib/python3.9/site-packages/sklearn/utils/metaestimators.py:201: FutureWarning: if_delegate_has_method was deprecated in version 1.1 and will be removed in version 1.3. Use if_available instead.
  warnings.warn(

2022-07-24 21:32:59,218:WARNING:/home/kimjinsung/anaconda3/envs/for_pytorch/lib/python3.9/site-packages/sklearn/utils/metaestimators.py:201: FutureWarning: if_delegate_has_method was deprecated in version 1.1 and will be removed in version 1.3. Use if_available instead.
  warnings.warn(

2022-07-24 21:32:59,227:WARNING:/home/kimjinsung/anaconda3/envs/for_pytorch/lib/python3.9/site-packages/sklearn/utils/metaestimators.py:201: FutureWarning: if_delegate_has_method was deprecated in version 1.1 and will be removed in version 1.3. Use if_available instead.
  warnings.warn(

2022-07-24 21:32:59,227:WARNING:/home/kimjinsung/anaconda3/envs/for_pytorch/lib/python3.9/site-packages/sklearn/utils/metaestimators.py:201: FutureWarning: if_delegate_has_method was deprecated in version 1.1 and will be removed in version 1.3. Use if_available instead.
  warnings.warn(

2022-07-24 21:32:59,482:INFO:Calculating mean and std
2022-07-24 21:32:59,484:INFO:Creating metrics dataframe
2022-07-24 21:32:59,488:INFO:Uploading results into container
2022-07-24 21:32:59,488:INFO:Uploading model into container now
2022-07-24 21:32:59,488:INFO:master_model_container: 7
2022-07-24 21:32:59,489:INFO:display_container: 2
2022-07-24 21:32:59,489:INFO:RandomForestClassifier(bootstrap=True, ccp_alpha=0.0, class_weight=None,
                       criterion='gini', max_depth=None, max_features='sqrt',
                       max_leaf_nodes=None, max_samples=None,
                       min_impurity_decrease=0.0, min_samples_leaf=1,
                       min_samples_split=2, min_weight_fraction_leaf=0.0,
                       n_estimators=100, n_jobs=-1, oob_score=False,
                       random_state=1028, verbose=0, warm_start=False)
2022-07-24 21:32:59,489:INFO:create_model() successfully completed......................................
2022-07-24 21:32:59,601:INFO:SubProcess create_model() end ==================================
2022-07-24 21:32:59,601:INFO:Creating metrics dataframe
2022-07-24 21:32:59,610:INFO:Initializing Quadratic Discriminant Analysis
2022-07-24 21:32:59,610:INFO:Total runtime is 0.7606456398963928 minutes
2022-07-24 21:32:59,613:INFO:SubProcess create_model() called ==================================
2022-07-24 21:32:59,613:INFO:Initializing create_model()
2022-07-24 21:32:59,613:INFO:create_model(self=<pycaret.classification.oop.ClassificationExperiment object at 0x7fd2176663d0>, estimator=qda, fold=StratifiedKFold(n_splits=10, random_state=None, shuffle=False), round=4, cross_validation=True, predict=True, fit_kwargs={}, groups=None, refit=False, probability_threshold=None, experiment_custom_tags=None, verbose=False, system=False, add_to_model_list=True, metrics=None, display=<pycaret.internal.display.display.CommonDisplay object at 0x7fd2173a9ca0>, model_only=True, return_train_score=False, kwargs={})
2022-07-24 21:32:59,613:INFO:Checking exceptions
2022-07-24 21:32:59,633:INFO:Importing libraries
2022-07-24 21:32:59,633:INFO:Copying training dataset
2022-07-24 21:32:59,667:INFO:Defining folds
2022-07-24 21:32:59,667:INFO:Declaring metric variables
2022-07-24 21:32:59,669:INFO:Importing untrained model
2022-07-24 21:32:59,672:INFO:Quadratic Discriminant Analysis Imported successfully
2022-07-24 21:32:59,676:INFO:Starting cross validation
2022-07-24 21:32:59,677:INFO:Cross validating with StratifiedKFold(n_splits=10, random_state=None, shuffle=False), n_jobs=-1
2022-07-24 21:33:02,635:WARNING:/home/kimjinsung/anaconda3/envs/for_pytorch/lib/python3.9/site-packages/sklearn/utils/metaestimators.py:201: FutureWarning: if_delegate_has_method was deprecated in version 1.1 and will be removed in version 1.3. Use if_available instead.
  warnings.warn(

2022-07-24 21:33:02,682:WARNING:/home/kimjinsung/anaconda3/envs/for_pytorch/lib/python3.9/site-packages/sklearn/utils/metaestimators.py:201: FutureWarning: if_delegate_has_method was deprecated in version 1.1 and will be removed in version 1.3. Use if_available instead.
  warnings.warn(

2022-07-24 21:33:02,686:WARNING:/home/kimjinsung/anaconda3/envs/for_pytorch/lib/python3.9/site-packages/sklearn/utils/metaestimators.py:201: FutureWarning: if_delegate_has_method was deprecated in version 1.1 and will be removed in version 1.3. Use if_available instead.
  warnings.warn(

2022-07-24 21:33:02,701:WARNING:/home/kimjinsung/anaconda3/envs/for_pytorch/lib/python3.9/site-packages/sklearn/utils/metaestimators.py:201: FutureWarning: if_delegate_has_method was deprecated in version 1.1 and will be removed in version 1.3. Use if_available instead.
  warnings.warn(

2022-07-24 21:33:02,726:WARNING:/home/kimjinsung/anaconda3/envs/for_pytorch/lib/python3.9/site-packages/sklearn/utils/metaestimators.py:201: FutureWarning: if_delegate_has_method was deprecated in version 1.1 and will be removed in version 1.3. Use if_available instead.
  warnings.warn(

2022-07-24 21:33:02,729:WARNING:/home/kimjinsung/anaconda3/envs/for_pytorch/lib/python3.9/site-packages/sklearn/utils/metaestimators.py:201: FutureWarning: if_delegate_has_method was deprecated in version 1.1 and will be removed in version 1.3. Use if_available instead.
  warnings.warn(

2022-07-24 21:33:02,733:WARNING:/home/kimjinsung/anaconda3/envs/for_pytorch/lib/python3.9/site-packages/sklearn/utils/metaestimators.py:201: FutureWarning: if_delegate_has_method was deprecated in version 1.1 and will be removed in version 1.3. Use if_available instead.
  warnings.warn(

2022-07-24 21:33:02,738:WARNING:/home/kimjinsung/anaconda3/envs/for_pytorch/lib/python3.9/site-packages/sklearn/utils/metaestimators.py:201: FutureWarning: if_delegate_has_method was deprecated in version 1.1 and will be removed in version 1.3. Use if_available instead.
  warnings.warn(

2022-07-24 21:33:02,740:WARNING:/home/kimjinsung/anaconda3/envs/for_pytorch/lib/python3.9/site-packages/sklearn/utils/metaestimators.py:201: FutureWarning: if_delegate_has_method was deprecated in version 1.1 and will be removed in version 1.3. Use if_available instead.
  warnings.warn(

2022-07-24 21:33:02,752:WARNING:/home/kimjinsung/anaconda3/envs/for_pytorch/lib/python3.9/site-packages/sklearn/utils/metaestimators.py:201: FutureWarning: if_delegate_has_method was deprecated in version 1.1 and will be removed in version 1.3. Use if_available instead.
  warnings.warn(

2022-07-24 21:33:02,758:WARNING:/home/kimjinsung/anaconda3/envs/for_pytorch/lib/python3.9/site-packages/sklearn/utils/metaestimators.py:201: FutureWarning: if_delegate_has_method was deprecated in version 1.1 and will be removed in version 1.3. Use if_available instead.
  warnings.warn(

2022-07-24 21:33:02,799:WARNING:/home/kimjinsung/anaconda3/envs/for_pytorch/lib/python3.9/site-packages/sklearn/utils/metaestimators.py:201: FutureWarning: if_delegate_has_method was deprecated in version 1.1 and will be removed in version 1.3. Use if_available instead.
  warnings.warn(

2022-07-24 21:33:02,802:WARNING:/home/kimjinsung/anaconda3/envs/for_pytorch/lib/python3.9/site-packages/sklearn/utils/metaestimators.py:201: FutureWarning: if_delegate_has_method was deprecated in version 1.1 and will be removed in version 1.3. Use if_available instead.
  warnings.warn(

2022-07-24 21:33:02,815:WARNING:/home/kimjinsung/anaconda3/envs/for_pytorch/lib/python3.9/site-packages/sklearn/utils/metaestimators.py:201: FutureWarning: if_delegate_has_method was deprecated in version 1.1 and will be removed in version 1.3. Use if_available instead.
  warnings.warn(

2022-07-24 21:33:02,839:WARNING:/home/kimjinsung/anaconda3/envs/for_pytorch/lib/python3.9/site-packages/sklearn/utils/metaestimators.py:201: FutureWarning: if_delegate_has_method was deprecated in version 1.1 and will be removed in version 1.3. Use if_available instead.
  warnings.warn(

2022-07-24 21:33:02,840:WARNING:/home/kimjinsung/anaconda3/envs/for_pytorch/lib/python3.9/site-packages/sklearn/utils/metaestimators.py:201: FutureWarning: if_delegate_has_method was deprecated in version 1.1 and will be removed in version 1.3. Use if_available instead.
  warnings.warn(

2022-07-24 21:33:02,845:WARNING:/home/kimjinsung/anaconda3/envs/for_pytorch/lib/python3.9/site-packages/sklearn/utils/metaestimators.py:201: FutureWarning: if_delegate_has_method was deprecated in version 1.1 and will be removed in version 1.3. Use if_available instead.
  warnings.warn(

2022-07-24 21:33:02,850:WARNING:/home/kimjinsung/anaconda3/envs/for_pytorch/lib/python3.9/site-packages/sklearn/utils/metaestimators.py:201: FutureWarning: if_delegate_has_method was deprecated in version 1.1 and will be removed in version 1.3. Use if_available instead.
  warnings.warn(

2022-07-24 21:33:02,851:WARNING:/home/kimjinsung/anaconda3/envs/for_pytorch/lib/python3.9/site-packages/sklearn/utils/metaestimators.py:201: FutureWarning: if_delegate_has_method was deprecated in version 1.1 and will be removed in version 1.3. Use if_available instead.
  warnings.warn(

2022-07-24 21:33:02,862:WARNING:/home/kimjinsung/anaconda3/envs/for_pytorch/lib/python3.9/site-packages/sklearn/utils/metaestimators.py:201: FutureWarning: if_delegate_has_method was deprecated in version 1.1 and will be removed in version 1.3. Use if_available instead.
  warnings.warn(

2022-07-24 21:33:03,075:INFO:Calculating mean and std
2022-07-24 21:33:03,076:INFO:Creating metrics dataframe
2022-07-24 21:33:03,079:INFO:Uploading results into container
2022-07-24 21:33:03,079:INFO:Uploading model into container now
2022-07-24 21:33:03,079:INFO:master_model_container: 8
2022-07-24 21:33:03,079:INFO:display_container: 2
2022-07-24 21:33:03,080:INFO:QuadraticDiscriminantAnalysis(priors=None, reg_param=0.0,
                              store_covariance=False, tol=0.0001)
2022-07-24 21:33:03,080:INFO:create_model() successfully completed......................................
2022-07-24 21:33:03,182:INFO:SubProcess create_model() end ==================================
2022-07-24 21:33:03,182:INFO:Creating metrics dataframe
2022-07-24 21:33:03,190:INFO:Initializing Ada Boost Classifier
2022-07-24 21:33:03,190:INFO:Total runtime is 0.8203082044919331 minutes
2022-07-24 21:33:03,192:INFO:SubProcess create_model() called ==================================
2022-07-24 21:33:03,192:INFO:Initializing create_model()
2022-07-24 21:33:03,192:INFO:create_model(self=<pycaret.classification.oop.ClassificationExperiment object at 0x7fd2176663d0>, estimator=ada, fold=StratifiedKFold(n_splits=10, random_state=None, shuffle=False), round=4, cross_validation=True, predict=True, fit_kwargs={}, groups=None, refit=False, probability_threshold=None, experiment_custom_tags=None, verbose=False, system=False, add_to_model_list=True, metrics=None, display=<pycaret.internal.display.display.CommonDisplay object at 0x7fd2173a9ca0>, model_only=True, return_train_score=False, kwargs={})
2022-07-24 21:33:03,192:INFO:Checking exceptions
2022-07-24 21:33:03,211:INFO:Importing libraries
2022-07-24 21:33:03,211:INFO:Copying training dataset
2022-07-24 21:33:03,241:INFO:Defining folds
2022-07-24 21:33:03,241:INFO:Declaring metric variables
2022-07-24 21:33:03,243:INFO:Importing untrained model
2022-07-24 21:33:03,245:INFO:Ada Boost Classifier Imported successfully
2022-07-24 21:33:03,249:INFO:Starting cross validation
2022-07-24 21:33:03,250:INFO:Cross validating with StratifiedKFold(n_splits=10, random_state=None, shuffle=False), n_jobs=-1
2022-07-24 21:33:15,091:WARNING:/home/kimjinsung/anaconda3/envs/for_pytorch/lib/python3.9/site-packages/sklearn/utils/metaestimators.py:201: FutureWarning: if_delegate_has_method was deprecated in version 1.1 and will be removed in version 1.3. Use if_available instead.
  warnings.warn(

2022-07-24 21:33:15,142:WARNING:/home/kimjinsung/anaconda3/envs/for_pytorch/lib/python3.9/site-packages/sklearn/utils/metaestimators.py:201: FutureWarning: if_delegate_has_method was deprecated in version 1.1 and will be removed in version 1.3. Use if_available instead.
  warnings.warn(

2022-07-24 21:33:15,169:WARNING:/home/kimjinsung/anaconda3/envs/for_pytorch/lib/python3.9/site-packages/sklearn/utils/metaestimators.py:201: FutureWarning: if_delegate_has_method was deprecated in version 1.1 and will be removed in version 1.3. Use if_available instead.
  warnings.warn(

2022-07-24 21:33:15,181:WARNING:/home/kimjinsung/anaconda3/envs/for_pytorch/lib/python3.9/site-packages/sklearn/utils/metaestimators.py:201: FutureWarning: if_delegate_has_method was deprecated in version 1.1 and will be removed in version 1.3. Use if_available instead.
  warnings.warn(

2022-07-24 21:33:15,188:WARNING:/home/kimjinsung/anaconda3/envs/for_pytorch/lib/python3.9/site-packages/sklearn/utils/metaestimators.py:201: FutureWarning: if_delegate_has_method was deprecated in version 1.1 and will be removed in version 1.3. Use if_available instead.
  warnings.warn(

2022-07-24 21:33:15,204:WARNING:/home/kimjinsung/anaconda3/envs/for_pytorch/lib/python3.9/site-packages/sklearn/utils/metaestimators.py:201: FutureWarning: if_delegate_has_method was deprecated in version 1.1 and will be removed in version 1.3. Use if_available instead.
  warnings.warn(

2022-07-24 21:33:15,209:WARNING:/home/kimjinsung/anaconda3/envs/for_pytorch/lib/python3.9/site-packages/sklearn/utils/metaestimators.py:201: FutureWarning: if_delegate_has_method was deprecated in version 1.1 and will be removed in version 1.3. Use if_available instead.
  warnings.warn(

2022-07-24 21:33:15,240:WARNING:/home/kimjinsung/anaconda3/envs/for_pytorch/lib/python3.9/site-packages/sklearn/utils/metaestimators.py:201: FutureWarning: if_delegate_has_method was deprecated in version 1.1 and will be removed in version 1.3. Use if_available instead.
  warnings.warn(

2022-07-24 21:33:15,253:WARNING:/home/kimjinsung/anaconda3/envs/for_pytorch/lib/python3.9/site-packages/sklearn/utils/metaestimators.py:201: FutureWarning: if_delegate_has_method was deprecated in version 1.1 and will be removed in version 1.3. Use if_available instead.
  warnings.warn(

2022-07-24 21:33:15,268:WARNING:/home/kimjinsung/anaconda3/envs/for_pytorch/lib/python3.9/site-packages/sklearn/utils/metaestimators.py:201: FutureWarning: if_delegate_has_method was deprecated in version 1.1 and will be removed in version 1.3. Use if_available instead.
  warnings.warn(

2022-07-24 21:33:15,281:WARNING:/home/kimjinsung/anaconda3/envs/for_pytorch/lib/python3.9/site-packages/sklearn/utils/metaestimators.py:201: FutureWarning: if_delegate_has_method was deprecated in version 1.1 and will be removed in version 1.3. Use if_available instead.
  warnings.warn(

2022-07-24 21:33:15,300:WARNING:/home/kimjinsung/anaconda3/envs/for_pytorch/lib/python3.9/site-packages/sklearn/utils/metaestimators.py:201: FutureWarning: if_delegate_has_method was deprecated in version 1.1 and will be removed in version 1.3. Use if_available instead.
  warnings.warn(

2022-07-24 21:33:15,304:WARNING:/home/kimjinsung/anaconda3/envs/for_pytorch/lib/python3.9/site-packages/sklearn/utils/metaestimators.py:201: FutureWarning: if_delegate_has_method was deprecated in version 1.1 and will be removed in version 1.3. Use if_available instead.
  warnings.warn(

2022-07-24 21:33:15,309:WARNING:/home/kimjinsung/anaconda3/envs/for_pytorch/lib/python3.9/site-packages/sklearn/utils/metaestimators.py:201: FutureWarning: if_delegate_has_method was deprecated in version 1.1 and will be removed in version 1.3. Use if_available instead.
  warnings.warn(

2022-07-24 21:33:15,353:WARNING:/home/kimjinsung/anaconda3/envs/for_pytorch/lib/python3.9/site-packages/sklearn/utils/metaestimators.py:201: FutureWarning: if_delegate_has_method was deprecated in version 1.1 and will be removed in version 1.3. Use if_available instead.
  warnings.warn(

2022-07-24 21:33:15,400:WARNING:/home/kimjinsung/anaconda3/envs/for_pytorch/lib/python3.9/site-packages/sklearn/utils/metaestimators.py:201: FutureWarning: if_delegate_has_method was deprecated in version 1.1 and will be removed in version 1.3. Use if_available instead.
  warnings.warn(

2022-07-24 21:33:15,470:WARNING:/home/kimjinsung/anaconda3/envs/for_pytorch/lib/python3.9/site-packages/sklearn/utils/metaestimators.py:201: FutureWarning: if_delegate_has_method was deprecated in version 1.1 and will be removed in version 1.3. Use if_available instead.
  warnings.warn(

2022-07-24 21:33:15,483:WARNING:/home/kimjinsung/anaconda3/envs/for_pytorch/lib/python3.9/site-packages/sklearn/utils/metaestimators.py:201: FutureWarning: if_delegate_has_method was deprecated in version 1.1 and will be removed in version 1.3. Use if_available instead.
  warnings.warn(

2022-07-24 21:33:15,561:WARNING:/home/kimjinsung/anaconda3/envs/for_pytorch/lib/python3.9/site-packages/sklearn/utils/metaestimators.py:201: FutureWarning: if_delegate_has_method was deprecated in version 1.1 and will be removed in version 1.3. Use if_available instead.
  warnings.warn(

2022-07-24 21:33:15,574:WARNING:/home/kimjinsung/anaconda3/envs/for_pytorch/lib/python3.9/site-packages/sklearn/utils/metaestimators.py:201: FutureWarning: if_delegate_has_method was deprecated in version 1.1 and will be removed in version 1.3. Use if_available instead.
  warnings.warn(

2022-07-24 21:33:15,776:INFO:Calculating mean and std
2022-07-24 21:33:15,777:INFO:Creating metrics dataframe
2022-07-24 21:33:15,779:INFO:Uploading results into container
2022-07-24 21:33:15,780:INFO:Uploading model into container now
2022-07-24 21:33:15,780:INFO:master_model_container: 9
2022-07-24 21:33:15,780:INFO:display_container: 2
2022-07-24 21:33:15,780:INFO:AdaBoostClassifier(algorithm='SAMME.R', base_estimator=None, learning_rate=1.0,
                   n_estimators=50, random_state=1028)
2022-07-24 21:33:15,780:INFO:create_model() successfully completed......................................
2022-07-24 21:33:15,884:INFO:SubProcess create_model() end ==================================
2022-07-24 21:33:15,884:INFO:Creating metrics dataframe
2022-07-24 21:33:15,892:INFO:Initializing Gradient Boosting Classifier
2022-07-24 21:33:15,892:INFO:Total runtime is 1.0320026675860086 minutes
2022-07-24 21:33:15,894:INFO:SubProcess create_model() called ==================================
2022-07-24 21:33:15,894:INFO:Initializing create_model()
2022-07-24 21:33:15,894:INFO:create_model(self=<pycaret.classification.oop.ClassificationExperiment object at 0x7fd2176663d0>, estimator=gbc, fold=StratifiedKFold(n_splits=10, random_state=None, shuffle=False), round=4, cross_validation=True, predict=True, fit_kwargs={}, groups=None, refit=False, probability_threshold=None, experiment_custom_tags=None, verbose=False, system=False, add_to_model_list=True, metrics=None, display=<pycaret.internal.display.display.CommonDisplay object at 0x7fd2173a9ca0>, model_only=True, return_train_score=False, kwargs={})
2022-07-24 21:33:15,894:INFO:Checking exceptions
2022-07-24 21:33:15,913:INFO:Importing libraries
2022-07-24 21:33:15,913:INFO:Copying training dataset
2022-07-24 21:33:15,943:INFO:Defining folds
2022-07-24 21:33:15,943:INFO:Declaring metric variables
2022-07-24 21:33:15,946:INFO:Importing untrained model
2022-07-24 21:33:15,948:INFO:Gradient Boosting Classifier Imported successfully
2022-07-24 21:33:15,952:INFO:Starting cross validation
2022-07-24 21:33:15,953:INFO:Cross validating with StratifiedKFold(n_splits=10, random_state=None, shuffle=False), n_jobs=-1
2022-07-24 21:34:10,445:WARNING:/home/kimjinsung/anaconda3/envs/for_pytorch/lib/python3.9/site-packages/sklearn/utils/metaestimators.py:201: FutureWarning: if_delegate_has_method was deprecated in version 1.1 and will be removed in version 1.3. Use if_available instead.
  warnings.warn(

2022-07-24 21:34:10,451:WARNING:/home/kimjinsung/anaconda3/envs/for_pytorch/lib/python3.9/site-packages/sklearn/utils/metaestimators.py:201: FutureWarning: if_delegate_has_method was deprecated in version 1.1 and will be removed in version 1.3. Use if_available instead.
  warnings.warn(

2022-07-24 21:34:10,466:WARNING:/home/kimjinsung/anaconda3/envs/for_pytorch/lib/python3.9/site-packages/sklearn/utils/metaestimators.py:201: FutureWarning: if_delegate_has_method was deprecated in version 1.1 and will be removed in version 1.3. Use if_available instead.
  warnings.warn(

2022-07-24 21:34:10,468:WARNING:/home/kimjinsung/anaconda3/envs/for_pytorch/lib/python3.9/site-packages/sklearn/utils/metaestimators.py:201: FutureWarning: if_delegate_has_method was deprecated in version 1.1 and will be removed in version 1.3. Use if_available instead.
  warnings.warn(

2022-07-24 21:34:10,472:WARNING:/home/kimjinsung/anaconda3/envs/for_pytorch/lib/python3.9/site-packages/sklearn/utils/metaestimators.py:201: FutureWarning: if_delegate_has_method was deprecated in version 1.1 and will be removed in version 1.3. Use if_available instead.
  warnings.warn(

2022-07-24 21:34:10,478:WARNING:/home/kimjinsung/anaconda3/envs/for_pytorch/lib/python3.9/site-packages/sklearn/utils/metaestimators.py:201: FutureWarning: if_delegate_has_method was deprecated in version 1.1 and will be removed in version 1.3. Use if_available instead.
  warnings.warn(

2022-07-24 21:34:10,481:WARNING:/home/kimjinsung/anaconda3/envs/for_pytorch/lib/python3.9/site-packages/sklearn/utils/metaestimators.py:201: FutureWarning: if_delegate_has_method was deprecated in version 1.1 and will be removed in version 1.3. Use if_available instead.
  warnings.warn(

2022-07-24 21:34:10,502:WARNING:/home/kimjinsung/anaconda3/envs/for_pytorch/lib/python3.9/site-packages/sklearn/utils/metaestimators.py:201: FutureWarning: if_delegate_has_method was deprecated in version 1.1 and will be removed in version 1.3. Use if_available instead.
  warnings.warn(

2022-07-24 21:34:10,508:WARNING:/home/kimjinsung/anaconda3/envs/for_pytorch/lib/python3.9/site-packages/sklearn/utils/metaestimators.py:201: FutureWarning: if_delegate_has_method was deprecated in version 1.1 and will be removed in version 1.3. Use if_available instead.
  warnings.warn(

2022-07-24 21:34:10,510:WARNING:/home/kimjinsung/anaconda3/envs/for_pytorch/lib/python3.9/site-packages/sklearn/utils/metaestimators.py:201: FutureWarning: if_delegate_has_method was deprecated in version 1.1 and will be removed in version 1.3. Use if_available instead.
  warnings.warn(

2022-07-24 21:34:10,514:WARNING:/home/kimjinsung/anaconda3/envs/for_pytorch/lib/python3.9/site-packages/sklearn/utils/metaestimators.py:201: FutureWarning: if_delegate_has_method was deprecated in version 1.1 and will be removed in version 1.3. Use if_available instead.
  warnings.warn(

2022-07-24 21:34:10,528:WARNING:/home/kimjinsung/anaconda3/envs/for_pytorch/lib/python3.9/site-packages/sklearn/utils/metaestimators.py:201: FutureWarning: if_delegate_has_method was deprecated in version 1.1 and will be removed in version 1.3. Use if_available instead.
  warnings.warn(

2022-07-24 21:34:10,530:WARNING:/home/kimjinsung/anaconda3/envs/for_pytorch/lib/python3.9/site-packages/sklearn/utils/metaestimators.py:201: FutureWarning: if_delegate_has_method was deprecated in version 1.1 and will be removed in version 1.3. Use if_available instead.
  warnings.warn(

2022-07-24 21:34:10,535:WARNING:/home/kimjinsung/anaconda3/envs/for_pytorch/lib/python3.9/site-packages/sklearn/utils/metaestimators.py:201: FutureWarning: if_delegate_has_method was deprecated in version 1.1 and will be removed in version 1.3. Use if_available instead.
  warnings.warn(

2022-07-24 21:34:10,541:WARNING:/home/kimjinsung/anaconda3/envs/for_pytorch/lib/python3.9/site-packages/sklearn/utils/metaestimators.py:201: FutureWarning: if_delegate_has_method was deprecated in version 1.1 and will be removed in version 1.3. Use if_available instead.
  warnings.warn(

2022-07-24 21:34:10,544:WARNING:/home/kimjinsung/anaconda3/envs/for_pytorch/lib/python3.9/site-packages/sklearn/utils/metaestimators.py:201: FutureWarning: if_delegate_has_method was deprecated in version 1.1 and will be removed in version 1.3. Use if_available instead.
  warnings.warn(

2022-07-24 21:34:10,550:WARNING:/home/kimjinsung/anaconda3/envs/for_pytorch/lib/python3.9/site-packages/sklearn/utils/metaestimators.py:201: FutureWarning: if_delegate_has_method was deprecated in version 1.1 and will be removed in version 1.3. Use if_available instead.
  warnings.warn(

2022-07-24 21:34:10,564:WARNING:/home/kimjinsung/anaconda3/envs/for_pytorch/lib/python3.9/site-packages/sklearn/utils/metaestimators.py:201: FutureWarning: if_delegate_has_method was deprecated in version 1.1 and will be removed in version 1.3. Use if_available instead.
  warnings.warn(

2022-07-24 21:34:10,572:WARNING:/home/kimjinsung/anaconda3/envs/for_pytorch/lib/python3.9/site-packages/sklearn/utils/metaestimators.py:201: FutureWarning: if_delegate_has_method was deprecated in version 1.1 and will be removed in version 1.3. Use if_available instead.
  warnings.warn(

2022-07-24 21:34:10,612:WARNING:/home/kimjinsung/anaconda3/envs/for_pytorch/lib/python3.9/site-packages/sklearn/utils/metaestimators.py:201: FutureWarning: if_delegate_has_method was deprecated in version 1.1 and will be removed in version 1.3. Use if_available instead.
  warnings.warn(

2022-07-24 21:34:10,782:INFO:Calculating mean and std
2022-07-24 21:34:10,784:INFO:Creating metrics dataframe
2022-07-24 21:34:10,789:INFO:Uploading results into container
2022-07-24 21:34:10,789:INFO:Uploading model into container now
2022-07-24 21:34:10,789:INFO:master_model_container: 10
2022-07-24 21:34:10,790:INFO:display_container: 2
2022-07-24 21:34:10,790:INFO:GradientBoostingClassifier(ccp_alpha=0.0, criterion='friedman_mse', init=None,
                           learning_rate=0.1, loss='log_loss', max_depth=3,
                           max_features=None, max_leaf_nodes=None,
                           min_impurity_decrease=0.0, min_samples_leaf=1,
                           min_samples_split=2, min_weight_fraction_leaf=0.0,
                           n_estimators=100, n_iter_no_change=None,
                           random_state=1028, subsample=1.0, tol=0.0001,
                           validation_fraction=0.1, verbose=0,
                           warm_start=False)
2022-07-24 21:34:10,790:INFO:create_model() successfully completed......................................
2022-07-24 21:34:10,901:INFO:SubProcess create_model() end ==================================
2022-07-24 21:34:10,901:INFO:Creating metrics dataframe
2022-07-24 21:34:10,909:INFO:Initializing Linear Discriminant Analysis
2022-07-24 21:34:10,909:INFO:Total runtime is 1.9489627520243324 minutes
2022-07-24 21:34:10,911:INFO:SubProcess create_model() called ==================================
2022-07-24 21:34:10,912:INFO:Initializing create_model()
2022-07-24 21:34:10,912:INFO:create_model(self=<pycaret.classification.oop.ClassificationExperiment object at 0x7fd2176663d0>, estimator=lda, fold=StratifiedKFold(n_splits=10, random_state=None, shuffle=False), round=4, cross_validation=True, predict=True, fit_kwargs={}, groups=None, refit=False, probability_threshold=None, experiment_custom_tags=None, verbose=False, system=False, add_to_model_list=True, metrics=None, display=<pycaret.internal.display.display.CommonDisplay object at 0x7fd2173a9ca0>, model_only=True, return_train_score=False, kwargs={})
2022-07-24 21:34:10,912:INFO:Checking exceptions
2022-07-24 21:34:10,930:INFO:Importing libraries
2022-07-24 21:34:10,930:INFO:Copying training dataset
2022-07-24 21:34:10,960:INFO:Defining folds
2022-07-24 21:34:10,960:INFO:Declaring metric variables
2022-07-24 21:34:10,962:INFO:Importing untrained model
2022-07-24 21:34:10,965:INFO:Linear Discriminant Analysis Imported successfully
2022-07-24 21:34:10,969:INFO:Starting cross validation
2022-07-24 21:34:10,970:INFO:Cross validating with StratifiedKFold(n_splits=10, random_state=None, shuffle=False), n_jobs=-1
2022-07-24 21:34:13,719:WARNING:/home/kimjinsung/anaconda3/envs/for_pytorch/lib/python3.9/site-packages/sklearn/utils/metaestimators.py:201: FutureWarning: if_delegate_has_method was deprecated in version 1.1 and will be removed in version 1.3. Use if_available instead.
  warnings.warn(

2022-07-24 21:34:13,791:WARNING:/home/kimjinsung/anaconda3/envs/for_pytorch/lib/python3.9/site-packages/sklearn/utils/metaestimators.py:201: FutureWarning: if_delegate_has_method was deprecated in version 1.1 and will be removed in version 1.3. Use if_available instead.
  warnings.warn(

2022-07-24 21:34:13,823:WARNING:/home/kimjinsung/anaconda3/envs/for_pytorch/lib/python3.9/site-packages/sklearn/utils/metaestimators.py:201: FutureWarning: if_delegate_has_method was deprecated in version 1.1 and will be removed in version 1.3. Use if_available instead.
  warnings.warn(

2022-07-24 21:34:13,838:WARNING:/home/kimjinsung/anaconda3/envs/for_pytorch/lib/python3.9/site-packages/sklearn/utils/metaestimators.py:201: FutureWarning: if_delegate_has_method was deprecated in version 1.1 and will be removed in version 1.3. Use if_available instead.
  warnings.warn(

2022-07-24 21:34:13,889:WARNING:/home/kimjinsung/anaconda3/envs/for_pytorch/lib/python3.9/site-packages/sklearn/utils/metaestimators.py:201: FutureWarning: if_delegate_has_method was deprecated in version 1.1 and will be removed in version 1.3. Use if_available instead.
  warnings.warn(

2022-07-24 21:34:13,893:WARNING:/home/kimjinsung/anaconda3/envs/for_pytorch/lib/python3.9/site-packages/sklearn/utils/metaestimators.py:201: FutureWarning: if_delegate_has_method was deprecated in version 1.1 and will be removed in version 1.3. Use if_available instead.
  warnings.warn(

2022-07-24 21:34:13,905:WARNING:/home/kimjinsung/anaconda3/envs/for_pytorch/lib/python3.9/site-packages/sklearn/utils/metaestimators.py:201: FutureWarning: if_delegate_has_method was deprecated in version 1.1 and will be removed in version 1.3. Use if_available instead.
  warnings.warn(

2022-07-24 21:34:13,922:WARNING:/home/kimjinsung/anaconda3/envs/for_pytorch/lib/python3.9/site-packages/sklearn/utils/metaestimators.py:201: FutureWarning: if_delegate_has_method was deprecated in version 1.1 and will be removed in version 1.3. Use if_available instead.
  warnings.warn(

2022-07-24 21:34:13,943:WARNING:/home/kimjinsung/anaconda3/envs/for_pytorch/lib/python3.9/site-packages/sklearn/utils/metaestimators.py:201: FutureWarning: if_delegate_has_method was deprecated in version 1.1 and will be removed in version 1.3. Use if_available instead.
  warnings.warn(

2022-07-24 21:34:13,947:WARNING:/home/kimjinsung/anaconda3/envs/for_pytorch/lib/python3.9/site-packages/sklearn/utils/metaestimators.py:201: FutureWarning: if_delegate_has_method was deprecated in version 1.1 and will be removed in version 1.3. Use if_available instead.
  warnings.warn(

2022-07-24 21:34:13,978:WARNING:/home/kimjinsung/anaconda3/envs/for_pytorch/lib/python3.9/site-packages/sklearn/utils/metaestimators.py:201: FutureWarning: if_delegate_has_method was deprecated in version 1.1 and will be removed in version 1.3. Use if_available instead.
  warnings.warn(

2022-07-24 21:34:14,001:WARNING:/home/kimjinsung/anaconda3/envs/for_pytorch/lib/python3.9/site-packages/sklearn/utils/metaestimators.py:201: FutureWarning: if_delegate_has_method was deprecated in version 1.1 and will be removed in version 1.3. Use if_available instead.
  warnings.warn(

2022-07-24 21:34:14,063:WARNING:/home/kimjinsung/anaconda3/envs/for_pytorch/lib/python3.9/site-packages/sklearn/utils/metaestimators.py:201: FutureWarning: if_delegate_has_method was deprecated in version 1.1 and will be removed in version 1.3. Use if_available instead.
  warnings.warn(

2022-07-24 21:34:14,100:WARNING:/home/kimjinsung/anaconda3/envs/for_pytorch/lib/python3.9/site-packages/sklearn/utils/metaestimators.py:201: FutureWarning: if_delegate_has_method was deprecated in version 1.1 and will be removed in version 1.3. Use if_available instead.
  warnings.warn(

2022-07-24 21:34:14,101:WARNING:/home/kimjinsung/anaconda3/envs/for_pytorch/lib/python3.9/site-packages/sklearn/utils/metaestimators.py:201: FutureWarning: if_delegate_has_method was deprecated in version 1.1 and will be removed in version 1.3. Use if_available instead.
  warnings.warn(

2022-07-24 21:34:14,119:WARNING:/home/kimjinsung/anaconda3/envs/for_pytorch/lib/python3.9/site-packages/sklearn/utils/metaestimators.py:201: FutureWarning: if_delegate_has_method was deprecated in version 1.1 and will be removed in version 1.3. Use if_available instead.
  warnings.warn(

2022-07-24 21:34:14,133:WARNING:/home/kimjinsung/anaconda3/envs/for_pytorch/lib/python3.9/site-packages/sklearn/utils/metaestimators.py:201: FutureWarning: if_delegate_has_method was deprecated in version 1.1 and will be removed in version 1.3. Use if_available instead.
  warnings.warn(

2022-07-24 21:34:14,167:WARNING:/home/kimjinsung/anaconda3/envs/for_pytorch/lib/python3.9/site-packages/sklearn/utils/metaestimators.py:201: FutureWarning: if_delegate_has_method was deprecated in version 1.1 and will be removed in version 1.3. Use if_available instead.
  warnings.warn(

2022-07-24 21:34:14,168:WARNING:/home/kimjinsung/anaconda3/envs/for_pytorch/lib/python3.9/site-packages/sklearn/utils/metaestimators.py:201: FutureWarning: if_delegate_has_method was deprecated in version 1.1 and will be removed in version 1.3. Use if_available instead.
  warnings.warn(

2022-07-24 21:34:14,182:WARNING:/home/kimjinsung/anaconda3/envs/for_pytorch/lib/python3.9/site-packages/sklearn/utils/metaestimators.py:201: FutureWarning: if_delegate_has_method was deprecated in version 1.1 and will be removed in version 1.3. Use if_available instead.
  warnings.warn(

2022-07-24 21:34:14,345:INFO:Calculating mean and std
2022-07-24 21:34:14,347:INFO:Creating metrics dataframe
2022-07-24 21:34:14,351:INFO:Uploading results into container
2022-07-24 21:34:14,351:INFO:Uploading model into container now
2022-07-24 21:34:14,352:INFO:master_model_container: 11
2022-07-24 21:34:14,352:INFO:display_container: 2
2022-07-24 21:34:14,352:INFO:LinearDiscriminantAnalysis(covariance_estimator=None, n_components=None,
                           priors=None, shrinkage=None, solver='svd',
                           store_covariance=False, tol=0.0001)
2022-07-24 21:34:14,352:INFO:create_model() successfully completed......................................
2022-07-24 21:34:14,464:INFO:SubProcess create_model() end ==================================
2022-07-24 21:34:14,464:INFO:Creating metrics dataframe
2022-07-24 21:34:14,472:INFO:Initializing Extra Trees Classifier
2022-07-24 21:34:14,472:INFO:Total runtime is 2.0083414276440936 minutes
2022-07-24 21:34:14,474:INFO:SubProcess create_model() called ==================================
2022-07-24 21:34:14,474:INFO:Initializing create_model()
2022-07-24 21:34:14,474:INFO:create_model(self=<pycaret.classification.oop.ClassificationExperiment object at 0x7fd2176663d0>, estimator=et, fold=StratifiedKFold(n_splits=10, random_state=None, shuffle=False), round=4, cross_validation=True, predict=True, fit_kwargs={}, groups=None, refit=False, probability_threshold=None, experiment_custom_tags=None, verbose=False, system=False, add_to_model_list=True, metrics=None, display=<pycaret.internal.display.display.CommonDisplay object at 0x7fd2173a9ca0>, model_only=True, return_train_score=False, kwargs={})
2022-07-24 21:34:14,474:INFO:Checking exceptions
2022-07-24 21:34:14,493:INFO:Importing libraries
2022-07-24 21:34:14,493:INFO:Copying training dataset
2022-07-24 21:34:14,523:INFO:Defining folds
2022-07-24 21:34:14,523:INFO:Declaring metric variables
2022-07-24 21:34:14,526:INFO:Importing untrained model
2022-07-24 21:34:14,528:INFO:Extra Trees Classifier Imported successfully
2022-07-24 21:34:14,532:INFO:Starting cross validation
2022-07-24 21:34:14,533:INFO:Cross validating with StratifiedKFold(n_splits=10, random_state=None, shuffle=False), n_jobs=-1
2022-07-24 21:34:22,207:WARNING:/home/kimjinsung/anaconda3/envs/for_pytorch/lib/python3.9/site-packages/sklearn/utils/metaestimators.py:201: FutureWarning: if_delegate_has_method was deprecated in version 1.1 and will be removed in version 1.3. Use if_available instead.
  warnings.warn(

2022-07-24 21:34:22,519:WARNING:/home/kimjinsung/anaconda3/envs/for_pytorch/lib/python3.9/site-packages/sklearn/utils/metaestimators.py:201: FutureWarning: if_delegate_has_method was deprecated in version 1.1 and will be removed in version 1.3. Use if_available instead.
  warnings.warn(

2022-07-24 21:34:22,605:WARNING:/home/kimjinsung/anaconda3/envs/for_pytorch/lib/python3.9/site-packages/sklearn/utils/metaestimators.py:201: FutureWarning: if_delegate_has_method was deprecated in version 1.1 and will be removed in version 1.3. Use if_available instead.
  warnings.warn(

2022-07-24 21:34:23,017:WARNING:/home/kimjinsung/anaconda3/envs/for_pytorch/lib/python3.9/site-packages/sklearn/utils/metaestimators.py:201: FutureWarning: if_delegate_has_method was deprecated in version 1.1 and will be removed in version 1.3. Use if_available instead.
  warnings.warn(

2022-07-24 21:34:23,132:WARNING:/home/kimjinsung/anaconda3/envs/for_pytorch/lib/python3.9/site-packages/sklearn/utils/metaestimators.py:201: FutureWarning: if_delegate_has_method was deprecated in version 1.1 and will be removed in version 1.3. Use if_available instead.
  warnings.warn(

2022-07-24 21:34:23,145:WARNING:/home/kimjinsung/anaconda3/envs/for_pytorch/lib/python3.9/site-packages/sklearn/utils/metaestimators.py:201: FutureWarning: if_delegate_has_method was deprecated in version 1.1 and will be removed in version 1.3. Use if_available instead.
  warnings.warn(

2022-07-24 21:34:23,161:WARNING:/home/kimjinsung/anaconda3/envs/for_pytorch/lib/python3.9/site-packages/sklearn/utils/metaestimators.py:201: FutureWarning: if_delegate_has_method was deprecated in version 1.1 and will be removed in version 1.3. Use if_available instead.
  warnings.warn(

2022-07-24 21:34:23,188:WARNING:/home/kimjinsung/anaconda3/envs/for_pytorch/lib/python3.9/site-packages/sklearn/utils/metaestimators.py:201: FutureWarning: if_delegate_has_method was deprecated in version 1.1 and will be removed in version 1.3. Use if_available instead.
  warnings.warn(

2022-07-24 21:34:23,195:WARNING:/home/kimjinsung/anaconda3/envs/for_pytorch/lib/python3.9/site-packages/sklearn/utils/metaestimators.py:201: FutureWarning: if_delegate_has_method was deprecated in version 1.1 and will be removed in version 1.3. Use if_available instead.
  warnings.warn(

2022-07-24 21:34:23,199:WARNING:/home/kimjinsung/anaconda3/envs/for_pytorch/lib/python3.9/site-packages/sklearn/utils/metaestimators.py:201: FutureWarning: if_delegate_has_method was deprecated in version 1.1 and will be removed in version 1.3. Use if_available instead.
  warnings.warn(

2022-07-24 21:34:23,234:WARNING:/home/kimjinsung/anaconda3/envs/for_pytorch/lib/python3.9/site-packages/sklearn/utils/metaestimators.py:201: FutureWarning: if_delegate_has_method was deprecated in version 1.1 and will be removed in version 1.3. Use if_available instead.
  warnings.warn(

2022-07-24 21:34:23,240:WARNING:/home/kimjinsung/anaconda3/envs/for_pytorch/lib/python3.9/site-packages/sklearn/utils/metaestimators.py:201: FutureWarning: if_delegate_has_method was deprecated in version 1.1 and will be removed in version 1.3. Use if_available instead.
  warnings.warn(

2022-07-24 21:34:23,251:WARNING:/home/kimjinsung/anaconda3/envs/for_pytorch/lib/python3.9/site-packages/sklearn/utils/metaestimators.py:201: FutureWarning: if_delegate_has_method was deprecated in version 1.1 and will be removed in version 1.3. Use if_available instead.
  warnings.warn(

2022-07-24 21:34:23,451:WARNING:/home/kimjinsung/anaconda3/envs/for_pytorch/lib/python3.9/site-packages/sklearn/utils/metaestimators.py:201: FutureWarning: if_delegate_has_method was deprecated in version 1.1 and will be removed in version 1.3. Use if_available instead.
  warnings.warn(

2022-07-24 21:34:23,556:WARNING:/home/kimjinsung/anaconda3/envs/for_pytorch/lib/python3.9/site-packages/sklearn/utils/metaestimators.py:201: FutureWarning: if_delegate_has_method was deprecated in version 1.1 and will be removed in version 1.3. Use if_available instead.
  warnings.warn(

2022-07-24 21:34:23,577:WARNING:/home/kimjinsung/anaconda3/envs/for_pytorch/lib/python3.9/site-packages/sklearn/utils/metaestimators.py:201: FutureWarning: if_delegate_has_method was deprecated in version 1.1 and will be removed in version 1.3. Use if_available instead.
  warnings.warn(

2022-07-24 21:34:23,603:WARNING:/home/kimjinsung/anaconda3/envs/for_pytorch/lib/python3.9/site-packages/sklearn/utils/metaestimators.py:201: FutureWarning: if_delegate_has_method was deprecated in version 1.1 and will be removed in version 1.3. Use if_available instead.
  warnings.warn(

2022-07-24 21:34:23,618:WARNING:/home/kimjinsung/anaconda3/envs/for_pytorch/lib/python3.9/site-packages/sklearn/utils/metaestimators.py:201: FutureWarning: if_delegate_has_method was deprecated in version 1.1 and will be removed in version 1.3. Use if_available instead.
  warnings.warn(

2022-07-24 21:34:23,631:WARNING:/home/kimjinsung/anaconda3/envs/for_pytorch/lib/python3.9/site-packages/sklearn/utils/metaestimators.py:201: FutureWarning: if_delegate_has_method was deprecated in version 1.1 and will be removed in version 1.3. Use if_available instead.
  warnings.warn(

2022-07-24 21:34:23,669:WARNING:/home/kimjinsung/anaconda3/envs/for_pytorch/lib/python3.9/site-packages/sklearn/utils/metaestimators.py:201: FutureWarning: if_delegate_has_method was deprecated in version 1.1 and will be removed in version 1.3. Use if_available instead.
  warnings.warn(

2022-07-24 21:34:24,240:INFO:Calculating mean and std
2022-07-24 21:34:24,247:INFO:Creating metrics dataframe
2022-07-24 21:34:24,263:INFO:Uploading results into container
2022-07-24 21:34:24,265:INFO:Uploading model into container now
2022-07-24 21:34:24,267:INFO:master_model_container: 12
2022-07-24 21:34:24,267:INFO:display_container: 2
2022-07-24 21:34:24,269:INFO:ExtraTreesClassifier(bootstrap=False, ccp_alpha=0.0, class_weight=None,
                     criterion='gini', max_depth=None, max_features='sqrt',
                     max_leaf_nodes=None, max_samples=None,
                     min_impurity_decrease=0.0, min_samples_leaf=1,
                     min_samples_split=2, min_weight_fraction_leaf=0.0,
                     n_estimators=100, n_jobs=-1, oob_score=False,
                     random_state=1028, verbose=0, warm_start=False)
2022-07-24 21:34:24,269:INFO:create_model() successfully completed......................................
2022-07-24 21:34:24,507:INFO:SubProcess create_model() end ==================================
2022-07-24 21:34:24,507:INFO:Creating metrics dataframe
2022-07-24 21:34:24,530:INFO:Initializing Light Gradient Boosting Machine
2022-07-24 21:34:24,530:INFO:Total runtime is 2.1759750405947367 minutes
2022-07-24 21:34:24,535:INFO:SubProcess create_model() called ==================================
2022-07-24 21:34:24,536:INFO:Initializing create_model()
2022-07-24 21:34:24,536:INFO:create_model(self=<pycaret.classification.oop.ClassificationExperiment object at 0x7fd2176663d0>, estimator=lightgbm, fold=StratifiedKFold(n_splits=10, random_state=None, shuffle=False), round=4, cross_validation=True, predict=True, fit_kwargs={}, groups=None, refit=False, probability_threshold=None, experiment_custom_tags=None, verbose=False, system=False, add_to_model_list=True, metrics=None, display=<pycaret.internal.display.display.CommonDisplay object at 0x7fd2173a9ca0>, model_only=True, return_train_score=False, kwargs={})
2022-07-24 21:34:24,536:INFO:Checking exceptions
2022-07-24 21:34:24,568:INFO:Importing libraries
2022-07-24 21:34:24,569:INFO:Copying training dataset
2022-07-24 21:34:24,619:INFO:Defining folds
2022-07-24 21:34:24,619:INFO:Declaring metric variables
2022-07-24 21:34:24,623:INFO:Importing untrained model
2022-07-24 21:34:24,627:INFO:Light Gradient Boosting Machine Imported successfully
2022-07-24 21:34:24,634:INFO:Starting cross validation
2022-07-24 21:34:24,637:INFO:Cross validating with StratifiedKFold(n_splits=10, random_state=None, shuffle=False), n_jobs=-1
2022-07-24 21:34:30,953:WARNING:/home/kimjinsung/anaconda3/envs/for_pytorch/lib/python3.9/site-packages/sklearn/utils/metaestimators.py:201: FutureWarning: if_delegate_has_method was deprecated in version 1.1 and will be removed in version 1.3. Use if_available instead.
  warnings.warn(

2022-07-24 21:34:30,958:WARNING:/home/kimjinsung/anaconda3/envs/for_pytorch/lib/python3.9/site-packages/sklearn/utils/metaestimators.py:201: FutureWarning: if_delegate_has_method was deprecated in version 1.1 and will be removed in version 1.3. Use if_available instead.
  warnings.warn(

2022-07-24 21:34:31,089:WARNING:/home/kimjinsung/anaconda3/envs/for_pytorch/lib/python3.9/site-packages/sklearn/utils/metaestimators.py:201: FutureWarning: if_delegate_has_method was deprecated in version 1.1 and will be removed in version 1.3. Use if_available instead.
  warnings.warn(

2022-07-24 21:34:31,096:WARNING:/home/kimjinsung/anaconda3/envs/for_pytorch/lib/python3.9/site-packages/sklearn/utils/metaestimators.py:201: FutureWarning: if_delegate_has_method was deprecated in version 1.1 and will be removed in version 1.3. Use if_available instead.
  warnings.warn(

2022-07-24 21:34:32,687:WARNING:/home/kimjinsung/anaconda3/envs/for_pytorch/lib/python3.9/site-packages/sklearn/utils/metaestimators.py:201: FutureWarning: if_delegate_has_method was deprecated in version 1.1 and will be removed in version 1.3. Use if_available instead.
  warnings.warn(

2022-07-24 21:34:32,714:WARNING:/home/kimjinsung/anaconda3/envs/for_pytorch/lib/python3.9/site-packages/sklearn/utils/metaestimators.py:201: FutureWarning: if_delegate_has_method was deprecated in version 1.1 and will be removed in version 1.3. Use if_available instead.
  warnings.warn(

2022-07-24 21:34:32,723:WARNING:/home/kimjinsung/anaconda3/envs/for_pytorch/lib/python3.9/site-packages/sklearn/utils/metaestimators.py:201: FutureWarning: if_delegate_has_method was deprecated in version 1.1 and will be removed in version 1.3. Use if_available instead.
  warnings.warn(

2022-07-24 21:34:32,727:WARNING:/home/kimjinsung/anaconda3/envs/for_pytorch/lib/python3.9/site-packages/sklearn/utils/metaestimators.py:201: FutureWarning: if_delegate_has_method was deprecated in version 1.1 and will be removed in version 1.3. Use if_available instead.
  warnings.warn(

2022-07-24 21:34:32,790:WARNING:/home/kimjinsung/anaconda3/envs/for_pytorch/lib/python3.9/site-packages/sklearn/utils/metaestimators.py:201: FutureWarning: if_delegate_has_method was deprecated in version 1.1 and will be removed in version 1.3. Use if_available instead.
  warnings.warn(

2022-07-24 21:34:32,791:WARNING:/home/kimjinsung/anaconda3/envs/for_pytorch/lib/python3.9/site-packages/sklearn/utils/metaestimators.py:201: FutureWarning: if_delegate_has_method was deprecated in version 1.1 and will be removed in version 1.3. Use if_available instead.
  warnings.warn(

2022-07-24 21:34:32,796:WARNING:/home/kimjinsung/anaconda3/envs/for_pytorch/lib/python3.9/site-packages/sklearn/utils/metaestimators.py:201: FutureWarning: if_delegate_has_method was deprecated in version 1.1 and will be removed in version 1.3. Use if_available instead.
  warnings.warn(

2022-07-24 21:34:32,804:WARNING:/home/kimjinsung/anaconda3/envs/for_pytorch/lib/python3.9/site-packages/sklearn/utils/metaestimators.py:201: FutureWarning: if_delegate_has_method was deprecated in version 1.1 and will be removed in version 1.3. Use if_available instead.
  warnings.warn(

2022-07-24 21:34:32,812:WARNING:/home/kimjinsung/anaconda3/envs/for_pytorch/lib/python3.9/site-packages/sklearn/utils/metaestimators.py:201: FutureWarning: if_delegate_has_method was deprecated in version 1.1 and will be removed in version 1.3. Use if_available instead.
  warnings.warn(

2022-07-24 21:34:32,819:WARNING:/home/kimjinsung/anaconda3/envs/for_pytorch/lib/python3.9/site-packages/sklearn/utils/metaestimators.py:201: FutureWarning: if_delegate_has_method was deprecated in version 1.1 and will be removed in version 1.3. Use if_available instead.
  warnings.warn(

2022-07-24 21:34:32,822:WARNING:/home/kimjinsung/anaconda3/envs/for_pytorch/lib/python3.9/site-packages/sklearn/utils/metaestimators.py:201: FutureWarning: if_delegate_has_method was deprecated in version 1.1 and will be removed in version 1.3. Use if_available instead.
  warnings.warn(

2022-07-24 21:34:32,877:WARNING:/home/kimjinsung/anaconda3/envs/for_pytorch/lib/python3.9/site-packages/sklearn/utils/metaestimators.py:201: FutureWarning: if_delegate_has_method was deprecated in version 1.1 and will be removed in version 1.3. Use if_available instead.
  warnings.warn(

2022-07-24 21:34:32,882:WARNING:/home/kimjinsung/anaconda3/envs/for_pytorch/lib/python3.9/site-packages/sklearn/utils/metaestimators.py:201: FutureWarning: if_delegate_has_method was deprecated in version 1.1 and will be removed in version 1.3. Use if_available instead.
  warnings.warn(

2022-07-24 21:34:32,889:WARNING:/home/kimjinsung/anaconda3/envs/for_pytorch/lib/python3.9/site-packages/sklearn/utils/metaestimators.py:201: FutureWarning: if_delegate_has_method was deprecated in version 1.1 and will be removed in version 1.3. Use if_available instead.
  warnings.warn(

2022-07-24 21:34:32,908:WARNING:/home/kimjinsung/anaconda3/envs/for_pytorch/lib/python3.9/site-packages/sklearn/utils/metaestimators.py:201: FutureWarning: if_delegate_has_method was deprecated in version 1.1 and will be removed in version 1.3. Use if_available instead.
  warnings.warn(

2022-07-24 21:34:32,981:WARNING:/home/kimjinsung/anaconda3/envs/for_pytorch/lib/python3.9/site-packages/sklearn/utils/metaestimators.py:201: FutureWarning: if_delegate_has_method was deprecated in version 1.1 and will be removed in version 1.3. Use if_available instead.
  warnings.warn(

2022-07-24 21:34:33,152:INFO:Calculating mean and std
2022-07-24 21:34:33,154:INFO:Creating metrics dataframe
2022-07-24 21:34:33,158:INFO:Uploading results into container
2022-07-24 21:34:33,158:INFO:Uploading model into container now
2022-07-24 21:34:33,159:INFO:master_model_container: 13
2022-07-24 21:34:33,159:INFO:display_container: 2
2022-07-24 21:34:33,159:INFO:LGBMClassifier(boosting_type='gbdt', class_weight=None, colsample_bytree=1.0,
               importance_type='split', learning_rate=0.1, max_depth=-1,
               min_child_samples=20, min_child_weight=0.001, min_split_gain=0.0,
               n_estimators=100, n_jobs=-1, num_leaves=31, objective=None,
               random_state=1028, reg_alpha=0.0, reg_lambda=0.0, silent='warn',
               subsample=1.0, subsample_for_bin=200000, subsample_freq=0)
2022-07-24 21:34:33,160:INFO:create_model() successfully completed......................................
2022-07-24 21:34:33,272:INFO:SubProcess create_model() end ==================================
2022-07-24 21:34:33,272:INFO:Creating metrics dataframe
2022-07-24 21:34:33,280:INFO:Initializing Dummy Classifier
2022-07-24 21:34:33,281:INFO:Total runtime is 2.3218172550201417 minutes
2022-07-24 21:34:33,283:INFO:SubProcess create_model() called ==================================
2022-07-24 21:34:33,283:INFO:Initializing create_model()
2022-07-24 21:34:33,283:INFO:create_model(self=<pycaret.classification.oop.ClassificationExperiment object at 0x7fd2176663d0>, estimator=dummy, fold=StratifiedKFold(n_splits=10, random_state=None, shuffle=False), round=4, cross_validation=True, predict=True, fit_kwargs={}, groups=None, refit=False, probability_threshold=None, experiment_custom_tags=None, verbose=False, system=False, add_to_model_list=True, metrics=None, display=<pycaret.internal.display.display.CommonDisplay object at 0x7fd2173a9ca0>, model_only=True, return_train_score=False, kwargs={})
2022-07-24 21:34:33,283:INFO:Checking exceptions
2022-07-24 21:34:33,301:INFO:Importing libraries
2022-07-24 21:34:33,302:INFO:Copying training dataset
2022-07-24 21:34:33,336:INFO:Defining folds
2022-07-24 21:34:33,336:INFO:Declaring metric variables
2022-07-24 21:34:33,339:INFO:Importing untrained model
2022-07-24 21:34:33,342:INFO:Dummy Classifier Imported successfully
2022-07-24 21:34:33,347:INFO:Starting cross validation
2022-07-24 21:34:33,348:INFO:Cross validating with StratifiedKFold(n_splits=10, random_state=None, shuffle=False), n_jobs=-1
2022-07-24 21:34:33,757:WARNING:/home/kimjinsung/anaconda3/envs/for_pytorch/lib/python3.9/site-packages/sklearn/utils/metaestimators.py:201: FutureWarning: if_delegate_has_method was deprecated in version 1.1 and will be removed in version 1.3. Use if_available instead.
  warnings.warn(

2022-07-24 21:34:33,760:WARNING:/home/kimjinsung/anaconda3/envs/for_pytorch/lib/python3.9/site-packages/sklearn/utils/metaestimators.py:201: FutureWarning: if_delegate_has_method was deprecated in version 1.1 and will be removed in version 1.3. Use if_available instead.
  warnings.warn(

2022-07-24 21:34:33,768:WARNING:/home/kimjinsung/anaconda3/envs/for_pytorch/lib/python3.9/site-packages/sklearn/utils/metaestimators.py:201: FutureWarning: if_delegate_has_method was deprecated in version 1.1 and will be removed in version 1.3. Use if_available instead.
  warnings.warn(

2022-07-24 21:34:33,773:WARNING:/home/kimjinsung/anaconda3/envs/for_pytorch/lib/python3.9/site-packages/sklearn/utils/metaestimators.py:201: FutureWarning: if_delegate_has_method was deprecated in version 1.1 and will be removed in version 1.3. Use if_available instead.
  warnings.warn(

2022-07-24 21:34:33,775:WARNING:/home/kimjinsung/anaconda3/envs/for_pytorch/lib/python3.9/site-packages/sklearn/utils/metaestimators.py:201: FutureWarning: if_delegate_has_method was deprecated in version 1.1 and will be removed in version 1.3. Use if_available instead.
  warnings.warn(

2022-07-24 21:34:33,787:WARNING:/home/kimjinsung/anaconda3/envs/for_pytorch/lib/python3.9/site-packages/sklearn/utils/metaestimators.py:201: FutureWarning: if_delegate_has_method was deprecated in version 1.1 and will be removed in version 1.3. Use if_available instead.
  warnings.warn(

2022-07-24 21:34:33,790:WARNING:/home/kimjinsung/anaconda3/envs/for_pytorch/lib/python3.9/site-packages/sklearn/utils/metaestimators.py:201: FutureWarning: if_delegate_has_method was deprecated in version 1.1 and will be removed in version 1.3. Use if_available instead.
  warnings.warn(

2022-07-24 21:34:33,800:WARNING:/home/kimjinsung/anaconda3/envs/for_pytorch/lib/python3.9/site-packages/sklearn/utils/metaestimators.py:201: FutureWarning: if_delegate_has_method was deprecated in version 1.1 and will be removed in version 1.3. Use if_available instead.
  warnings.warn(

2022-07-24 21:34:33,802:WARNING:/home/kimjinsung/anaconda3/envs/for_pytorch/lib/python3.9/site-packages/sklearn/utils/metaestimators.py:201: FutureWarning: if_delegate_has_method was deprecated in version 1.1 and will be removed in version 1.3. Use if_available instead.
  warnings.warn(

2022-07-24 21:34:33,805:WARNING:/home/kimjinsung/anaconda3/envs/for_pytorch/lib/python3.9/site-packages/sklearn/utils/metaestimators.py:201: FutureWarning: if_delegate_has_method was deprecated in version 1.1 and will be removed in version 1.3. Use if_available instead.
  warnings.warn(

2022-07-24 21:34:33,806:WARNING:/home/kimjinsung/anaconda3/envs/for_pytorch/lib/python3.9/site-packages/sklearn/utils/metaestimators.py:201: FutureWarning: if_delegate_has_method was deprecated in version 1.1 and will be removed in version 1.3. Use if_available instead.
  warnings.warn(

2022-07-24 21:34:33,814:WARNING:/home/kimjinsung/anaconda3/envs/for_pytorch/lib/python3.9/site-packages/sklearn/utils/metaestimators.py:201: FutureWarning: if_delegate_has_method was deprecated in version 1.1 and will be removed in version 1.3. Use if_available instead.
  warnings.warn(

2022-07-24 21:34:33,827:WARNING:/home/kimjinsung/anaconda3/envs/for_pytorch/lib/python3.9/site-packages/sklearn/utils/metaestimators.py:201: FutureWarning: if_delegate_has_method was deprecated in version 1.1 and will be removed in version 1.3. Use if_available instead.
  warnings.warn(

2022-07-24 21:34:33,828:WARNING:/home/kimjinsung/anaconda3/envs/for_pytorch/lib/python3.9/site-packages/sklearn/utils/metaestimators.py:201: FutureWarning: if_delegate_has_method was deprecated in version 1.1 and will be removed in version 1.3. Use if_available instead.
  warnings.warn(

2022-07-24 21:34:33,831:WARNING:/home/kimjinsung/anaconda3/envs/for_pytorch/lib/python3.9/site-packages/sklearn/utils/metaestimators.py:201: FutureWarning: if_delegate_has_method was deprecated in version 1.1 and will be removed in version 1.3. Use if_available instead.
  warnings.warn(

2022-07-24 21:34:33,835:WARNING:/home/kimjinsung/anaconda3/envs/for_pytorch/lib/python3.9/site-packages/sklearn/utils/metaestimators.py:201: FutureWarning: if_delegate_has_method was deprecated in version 1.1 and will be removed in version 1.3. Use if_available instead.
  warnings.warn(

2022-07-24 21:34:33,840:WARNING:/home/kimjinsung/anaconda3/envs/for_pytorch/lib/python3.9/site-packages/sklearn/utils/metaestimators.py:201: FutureWarning: if_delegate_has_method was deprecated in version 1.1 and will be removed in version 1.3. Use if_available instead.
  warnings.warn(

2022-07-24 21:34:33,849:WARNING:/home/kimjinsung/anaconda3/envs/for_pytorch/lib/python3.9/site-packages/sklearn/utils/metaestimators.py:201: FutureWarning: if_delegate_has_method was deprecated in version 1.1 and will be removed in version 1.3. Use if_available instead.
  warnings.warn(

2022-07-24 21:34:33,850:WARNING:/home/kimjinsung/anaconda3/envs/for_pytorch/lib/python3.9/site-packages/sklearn/utils/metaestimators.py:201: FutureWarning: if_delegate_has_method was deprecated in version 1.1 and will be removed in version 1.3. Use if_available instead.
  warnings.warn(

2022-07-24 21:34:33,854:WARNING:/home/kimjinsung/anaconda3/envs/for_pytorch/lib/python3.9/site-packages/sklearn/utils/metaestimators.py:201: FutureWarning: if_delegate_has_method was deprecated in version 1.1 and will be removed in version 1.3. Use if_available instead.
  warnings.warn(

2022-07-24 21:34:34,016:INFO:Calculating mean and std
2022-07-24 21:34:34,018:INFO:Creating metrics dataframe
2022-07-24 21:34:34,022:INFO:Uploading results into container
2022-07-24 21:34:34,022:INFO:Uploading model into container now
2022-07-24 21:34:34,023:INFO:master_model_container: 14
2022-07-24 21:34:34,023:INFO:display_container: 2
2022-07-24 21:34:34,023:INFO:DummyClassifier(constant=None, random_state=1028, strategy='prior')
2022-07-24 21:34:34,023:INFO:create_model() successfully completed......................................
2022-07-24 21:34:34,136:INFO:SubProcess create_model() end ==================================
2022-07-24 21:34:34,136:INFO:Creating metrics dataframe
2022-07-24 21:34:34,151:INFO:Initializing create_model()
2022-07-24 21:34:34,151:INFO:create_model(self=<pycaret.classification.oop.ClassificationExperiment object at 0x7fd2176663d0>, estimator=GradientBoostingClassifier(ccp_alpha=0.0, criterion='friedman_mse', init=None,
                           learning_rate=0.1, loss='log_loss', max_depth=3,
                           max_features=None, max_leaf_nodes=None,
                           min_impurity_decrease=0.0, min_samples_leaf=1,
                           min_samples_split=2, min_weight_fraction_leaf=0.0,
                           n_estimators=100, n_iter_no_change=None,
                           random_state=1028, subsample=1.0, tol=0.0001,
                           validation_fraction=0.1, verbose=0,
                           warm_start=False), fold=StratifiedKFold(n_splits=10, random_state=None, shuffle=False), round=4, cross_validation=False, predict=False, fit_kwargs={}, groups=None, refit=True, probability_threshold=None, experiment_custom_tags=None, verbose=False, system=False, add_to_model_list=True, metrics=None, display=None, model_only=True, return_train_score=False, kwargs={})
2022-07-24 21:34:34,151:INFO:Checking exceptions
2022-07-24 21:34:34,171:INFO:Importing libraries
2022-07-24 21:34:34,171:INFO:Copying training dataset
2022-07-24 21:34:34,205:INFO:Defining folds
2022-07-24 21:34:34,205:INFO:Declaring metric variables
2022-07-24 21:34:34,205:INFO:Importing untrained model
2022-07-24 21:34:34,205:INFO:Declaring custom model
2022-07-24 21:34:34,206:INFO:Gradient Boosting Classifier Imported successfully
2022-07-24 21:34:34,207:INFO:Cross validation set to False
2022-07-24 21:34:34,207:INFO:Fitting Model
2022-07-24 21:35:20,008:INFO:GradientBoostingClassifier(ccp_alpha=0.0, criterion='friedman_mse', init=None,
                           learning_rate=0.1, loss='log_loss', max_depth=3,
                           max_features=None, max_leaf_nodes=None,
                           min_impurity_decrease=0.0, min_samples_leaf=1,
                           min_samples_split=2, min_weight_fraction_leaf=0.0,
                           n_estimators=100, n_iter_no_change=None,
                           random_state=1028, subsample=1.0, tol=0.0001,
                           validation_fraction=0.1, verbose=0,
                           warm_start=False)
2022-07-24 21:35:20,008:INFO:create_model() successfully completed......................................
2022-07-24 21:35:20,116:INFO:Initializing create_model()
2022-07-24 21:35:20,116:INFO:create_model(self=<pycaret.classification.oop.ClassificationExperiment object at 0x7fd2176663d0>, estimator=LGBMClassifier(boosting_type='gbdt', class_weight=None, colsample_bytree=1.0,
               importance_type='split', learning_rate=0.1, max_depth=-1,
               min_child_samples=20, min_child_weight=0.001, min_split_gain=0.0,
               n_estimators=100, n_jobs=-1, num_leaves=31, objective=None,
               random_state=1028, reg_alpha=0.0, reg_lambda=0.0, silent='warn',
               subsample=1.0, subsample_for_bin=200000, subsample_freq=0), fold=StratifiedKFold(n_splits=10, random_state=None, shuffle=False), round=4, cross_validation=False, predict=False, fit_kwargs={}, groups=None, refit=True, probability_threshold=None, experiment_custom_tags=None, verbose=False, system=False, add_to_model_list=True, metrics=None, display=None, model_only=True, return_train_score=False, kwargs={})
2022-07-24 21:35:20,116:INFO:Checking exceptions
2022-07-24 21:35:20,135:INFO:Importing libraries
2022-07-24 21:35:20,135:INFO:Copying training dataset
2022-07-24 21:35:20,162:INFO:Defining folds
2022-07-24 21:35:20,162:INFO:Declaring metric variables
2022-07-24 21:35:20,163:INFO:Importing untrained model
2022-07-24 21:35:20,163:INFO:Declaring custom model
2022-07-24 21:35:20,163:INFO:Light Gradient Boosting Machine Imported successfully
2022-07-24 21:35:20,164:INFO:Cross validation set to False
2022-07-24 21:35:20,165:INFO:Fitting Model
2022-07-24 21:35:21,284:INFO:LGBMClassifier(boosting_type='gbdt', class_weight=None, colsample_bytree=1.0,
               importance_type='split', learning_rate=0.1, max_depth=-1,
               min_child_samples=20, min_child_weight=0.001, min_split_gain=0.0,
               n_estimators=100, n_jobs=-1, num_leaves=31, objective=None,
               random_state=1028, reg_alpha=0.0, reg_lambda=0.0, silent='warn',
               subsample=1.0, subsample_for_bin=200000, subsample_freq=0)
2022-07-24 21:35:21,284:INFO:create_model() successfully completed......................................
2022-07-24 21:35:21,399:INFO:Initializing create_model()
2022-07-24 21:35:21,399:INFO:create_model(self=<pycaret.classification.oop.ClassificationExperiment object at 0x7fd2176663d0>, estimator=AdaBoostClassifier(algorithm='SAMME.R', base_estimator=None, learning_rate=1.0,
                   n_estimators=50, random_state=1028), fold=StratifiedKFold(n_splits=10, random_state=None, shuffle=False), round=4, cross_validation=False, predict=False, fit_kwargs={}, groups=None, refit=True, probability_threshold=None, experiment_custom_tags=None, verbose=False, system=False, add_to_model_list=True, metrics=None, display=None, model_only=True, return_train_score=False, kwargs={})
2022-07-24 21:35:21,399:INFO:Checking exceptions
2022-07-24 21:35:21,418:INFO:Importing libraries
2022-07-24 21:35:21,418:INFO:Copying training dataset
2022-07-24 21:35:21,448:INFO:Defining folds
2022-07-24 21:35:21,448:INFO:Declaring metric variables
2022-07-24 21:35:21,448:INFO:Importing untrained model
2022-07-24 21:35:21,448:INFO:Declaring custom model
2022-07-24 21:35:21,449:INFO:Ada Boost Classifier Imported successfully
2022-07-24 21:35:21,450:INFO:Cross validation set to False
2022-07-24 21:35:21,450:INFO:Fitting Model
2022-07-24 21:35:30,565:INFO:AdaBoostClassifier(algorithm='SAMME.R', base_estimator=None, learning_rate=1.0,
                   n_estimators=50, random_state=1028)
2022-07-24 21:35:30,565:INFO:create_model() successfully completed......................................
2022-07-24 21:35:30,686:INFO:master_model_container: 14
2022-07-24 21:35:30,686:INFO:display_container: 2
2022-07-24 21:35:30,686:INFO:[GradientBoostingClassifier(ccp_alpha=0.0, criterion='friedman_mse', init=None,
                           learning_rate=0.1, loss='log_loss', max_depth=3,
                           max_features=None, max_leaf_nodes=None,
                           min_impurity_decrease=0.0, min_samples_leaf=1,
                           min_samples_split=2, min_weight_fraction_leaf=0.0,
                           n_estimators=100, n_iter_no_change=None,
                           random_state=1028, subsample=1.0, tol=0.0001,
                           validation_fraction=0.1, verbose=0,
                           warm_start=False), LGBMClassifier(boosting_type='gbdt', class_weight=None, colsample_bytree=1.0,
               importance_type='split', learning_rate=0.1, max_depth=-1,
               min_child_samples=20, min_child_weight=0.001, min_split_gain=0.0,
               n_estimators=100, n_jobs=-1, num_leaves=31, objective=None,
               random_state=1028, reg_alpha=0.0, reg_lambda=0.0, silent='warn',
               subsample=1.0, subsample_for_bin=200000, subsample_freq=0), AdaBoostClassifier(algorithm='SAMME.R', base_estimator=None, learning_rate=1.0,
                   n_estimators=50, random_state=1028)]
2022-07-24 21:35:30,687:INFO:compare_models() successfully completed......................................
2022-07-24 21:35:30,838:INFO:Initializing blend_models()
2022-07-24 21:35:30,839:INFO:blend_models(self=<pycaret.classification.oop.ClassificationExperiment object at 0x7fd2176663d0>, estimator_list=[GradientBoostingClassifier(ccp_alpha=0.0, criterion='friedman_mse', init=None,
                           learning_rate=0.1, loss='log_loss', max_depth=3,
                           max_features=None, max_leaf_nodes=None,
                           min_impurity_decrease=0.0, min_samples_leaf=1,
                           min_samples_split=2, min_weight_fraction_leaf=0.0,
                           n_estimators=100, n_iter_no_change=None,
                           random_state=1028, subsample=1.0, tol=0.0001,
                           validation_fraction=0.1, verbose=0,
                           warm_start=False), LGBMClassifier(boosting_type='gbdt', class_weight=None, colsample_bytree=1.0,
               importance_type='split', learning_rate=0.1, max_depth=-1,
               min_child_samples=20, min_child_weight=0.001, min_split_gain=0.0,
               n_estimators=100, n_jobs=-1, num_leaves=31, objective=None,
               random_state=1028, reg_alpha=0.0, reg_lambda=0.0, silent='warn',
               subsample=1.0, subsample_for_bin=200000, subsample_freq=0), AdaBoostClassifier(algorithm='SAMME.R', base_estimator=None, learning_rate=1.0,
                   n_estimators=50, random_state=1028)], fold=5, round=4, choose_better=False, optimize=Accuracy, method=soft, weights=None, fit_kwargs=None, groups=None, probability_threshold=None, verbose=True, return_train_score=False)
2022-07-24 21:35:30,839:INFO:Checking exceptions
2022-07-24 21:35:30,882:INFO:Importing libraries
2022-07-24 21:35:30,882:INFO:Copying training dataset
2022-07-24 21:35:30,884:INFO:Getting model names
2022-07-24 21:35:30,886:INFO:SubProcess create_model() called ==================================
2022-07-24 21:35:30,889:INFO:Initializing create_model()
2022-07-24 21:35:30,889:INFO:create_model(self=<pycaret.classification.oop.ClassificationExperiment object at 0x7fd2176663d0>, estimator=VotingClassifier(estimators=[('Gradient Boosting Classifier',
                              GradientBoostingClassifier(ccp_alpha=0.0,
                                                         criterion='friedman_mse',
                                                         init=None,
                                                         learning_rate=0.1,
                                                         loss='log_loss',
                                                         max_depth=3,
                                                         max_features=None,
                                                         max_leaf_nodes=None,
                                                         min_impurity_decrease=0.0,
                                                         min_samples_leaf=1,
                                                         min_samples_split=2,
                                                         min_weight_fraction_leaf=0.0,
                                                         n_estimators=100,
                                                         n_iter_no_change=Non...
                                             num_leaves=31, objective=None,
                                             random_state=1028, reg_alpha=0.0,
                                             reg_lambda=0.0, silent='warn',
                                             subsample=1.0,
                                             subsample_for_bin=200000,
                                             subsample_freq=0)),
                             ('Ada Boost Classifier',
                              AdaBoostClassifier(algorithm='SAMME.R',
                                                 base_estimator=None,
                                                 learning_rate=1.0,
                                                 n_estimators=50,
                                                 random_state=1028))],
                 flatten_transform=True, n_jobs=-1, verbose=False,
                 voting='soft', weights=None), fold=StratifiedKFold(n_splits=5, random_state=None, shuffle=False), round=4, cross_validation=True, predict=True, fit_kwargs={}, groups=None, refit=True, probability_threshold=None, experiment_custom_tags=None, verbose=True, system=False, add_to_model_list=True, metrics=None, display=<pycaret.internal.display.display.CommonDisplay object at 0x7fd367f99f70>, model_only=True, return_train_score=False, kwargs={})
2022-07-24 21:35:30,889:INFO:Checking exceptions
2022-07-24 21:35:30,903:INFO:Importing libraries
2022-07-24 21:35:30,903:INFO:Copying training dataset
2022-07-24 21:35:30,927:INFO:Defining folds
2022-07-24 21:35:30,927:INFO:Declaring metric variables
2022-07-24 21:35:30,929:INFO:Importing untrained model
2022-07-24 21:35:30,929:INFO:Declaring custom model
2022-07-24 21:35:30,933:INFO:Voting Classifier Imported successfully
2022-07-24 21:35:30,937:INFO:Starting cross validation
2022-07-24 21:35:30,938:INFO:Cross validating with StratifiedKFold(n_splits=5, random_state=None, shuffle=False), n_jobs=-1
2022-07-24 21:36:12,395:WARNING:/home/kimjinsung/anaconda3/envs/for_pytorch/lib/python3.9/site-packages/sklearn/utils/metaestimators.py:201: FutureWarning: if_delegate_has_method was deprecated in version 1.1 and will be removed in version 1.3. Use if_available instead.
  warnings.warn(

2022-07-24 21:36:12,398:WARNING:/home/kimjinsung/anaconda3/envs/for_pytorch/lib/python3.9/site-packages/sklearn/utils/metaestimators.py:201: FutureWarning: if_delegate_has_method was deprecated in version 1.1 and will be removed in version 1.3. Use if_available instead.
  warnings.warn(

2022-07-24 21:36:12,441:WARNING:/home/kimjinsung/anaconda3/envs/for_pytorch/lib/python3.9/site-packages/sklearn/utils/metaestimators.py:201: FutureWarning: if_delegate_has_method was deprecated in version 1.1 and will be removed in version 1.3. Use if_available instead.
  warnings.warn(

2022-07-24 21:36:12,492:WARNING:/home/kimjinsung/anaconda3/envs/for_pytorch/lib/python3.9/site-packages/sklearn/utils/metaestimators.py:201: FutureWarning: if_delegate_has_method was deprecated in version 1.1 and will be removed in version 1.3. Use if_available instead.
  warnings.warn(

2022-07-24 21:36:12,507:WARNING:/home/kimjinsung/anaconda3/envs/for_pytorch/lib/python3.9/site-packages/sklearn/utils/metaestimators.py:201: FutureWarning: if_delegate_has_method was deprecated in version 1.1 and will be removed in version 1.3. Use if_available instead.
  warnings.warn(

2022-07-24 21:36:12,980:WARNING:/home/kimjinsung/anaconda3/envs/for_pytorch/lib/python3.9/site-packages/sklearn/utils/metaestimators.py:201: FutureWarning: if_delegate_has_method was deprecated in version 1.1 and will be removed in version 1.3. Use if_available instead.
  warnings.warn(

2022-07-24 21:36:13,002:WARNING:/home/kimjinsung/anaconda3/envs/for_pytorch/lib/python3.9/site-packages/sklearn/utils/metaestimators.py:201: FutureWarning: if_delegate_has_method was deprecated in version 1.1 and will be removed in version 1.3. Use if_available instead.
  warnings.warn(

2022-07-24 21:36:13,022:WARNING:/home/kimjinsung/anaconda3/envs/for_pytorch/lib/python3.9/site-packages/sklearn/utils/metaestimators.py:201: FutureWarning: if_delegate_has_method was deprecated in version 1.1 and will be removed in version 1.3. Use if_available instead.
  warnings.warn(

2022-07-24 21:36:13,078:WARNING:/home/kimjinsung/anaconda3/envs/for_pytorch/lib/python3.9/site-packages/sklearn/utils/metaestimators.py:201: FutureWarning: if_delegate_has_method was deprecated in version 1.1 and will be removed in version 1.3. Use if_available instead.
  warnings.warn(

2022-07-24 21:36:13,101:WARNING:/home/kimjinsung/anaconda3/envs/for_pytorch/lib/python3.9/site-packages/sklearn/utils/metaestimators.py:201: FutureWarning: if_delegate_has_method was deprecated in version 1.1 and will be removed in version 1.3. Use if_available instead.
  warnings.warn(

2022-07-24 21:36:13,498:INFO:Calculating mean and std
2022-07-24 21:36:13,500:INFO:Creating metrics dataframe
2022-07-24 21:36:13,505:INFO:Finalizing model
2022-07-24 21:36:55,315:INFO:Uploading results into container
2022-07-24 21:36:55,316:INFO:Uploading model into container now
2022-07-24 21:36:55,316:INFO:master_model_container: 15
2022-07-24 21:36:55,316:INFO:display_container: 3
2022-07-24 21:36:55,318:INFO:VotingClassifier(estimators=[('Gradient Boosting Classifier',
                              GradientBoostingClassifier(ccp_alpha=0.0,
                                                         criterion='friedman_mse',
                                                         init=None,
                                                         learning_rate=0.1,
                                                         loss='log_loss',
                                                         max_depth=3,
                                                         max_features=None,
                                                         max_leaf_nodes=None,
                                                         min_impurity_decrease=0.0,
                                                         min_samples_leaf=1,
                                                         min_samples_split=2,
                                                         min_weight_fraction_leaf=0.0,
                                                         n_estimators=100,
                                                         n_iter_no_change=Non...
                                             num_leaves=31, objective=None,
                                             random_state=1028, reg_alpha=0.0,
                                             reg_lambda=0.0, silent='warn',
                                             subsample=1.0,
                                             subsample_for_bin=200000,
                                             subsample_freq=0)),
                             ('Ada Boost Classifier',
                              AdaBoostClassifier(algorithm='SAMME.R',
                                                 base_estimator=None,
                                                 learning_rate=1.0,
                                                 n_estimators=50,
                                                 random_state=1028))],
                 flatten_transform=True, n_jobs=-1, verbose=False,
                 voting='soft', weights=None)
2022-07-24 21:36:55,318:INFO:create_model() successfully completed......................................
2022-07-24 21:36:55,421:INFO:SubProcess create_model() end ==================================
2022-07-24 21:36:55,426:INFO:master_model_container: 15
2022-07-24 21:36:55,426:INFO:display_container: 3
2022-07-24 21:36:55,429:INFO:VotingClassifier(estimators=[('Gradient Boosting Classifier',
                              GradientBoostingClassifier(ccp_alpha=0.0,
                                                         criterion='friedman_mse',
                                                         init=None,
                                                         learning_rate=0.1,
                                                         loss='log_loss',
                                                         max_depth=3,
                                                         max_features=None,
                                                         max_leaf_nodes=None,
                                                         min_impurity_decrease=0.0,
                                                         min_samples_leaf=1,
                                                         min_samples_split=2,
                                                         min_weight_fraction_leaf=0.0,
                                                         n_estimators=100,
                                                         n_iter_no_change=Non...
                                             num_leaves=31, objective=None,
                                             random_state=1028, reg_alpha=0.0,
                                             reg_lambda=0.0, silent='warn',
                                             subsample=1.0,
                                             subsample_for_bin=200000,
                                             subsample_freq=0)),
                             ('Ada Boost Classifier',
                              AdaBoostClassifier(algorithm='SAMME.R',
                                                 base_estimator=None,
                                                 learning_rate=1.0,
                                                 n_estimators=50,
                                                 random_state=1028))],
                 flatten_transform=True, n_jobs=-1, verbose=False,
                 voting='soft', weights=None)
2022-07-24 21:36:55,429:INFO:blend_models() succesfully completed......................................
2022-07-24 21:36:55,628:INFO:Initializing predict_model()
2022-07-24 21:36:55,628:INFO:predict_model(self=<pycaret.classification.oop.ClassificationExperiment object at 0x7fd2176663d0>, estimator=VotingClassifier(estimators=[('Gradient Boosting Classifier',
                              GradientBoostingClassifier(ccp_alpha=0.0,
                                                         criterion='friedman_mse',
                                                         init=None,
                                                         learning_rate=0.1,
                                                         loss='log_loss',
                                                         max_depth=3,
                                                         max_features=None,
                                                         max_leaf_nodes=None,
                                                         min_impurity_decrease=0.0,
                                                         min_samples_leaf=1,
                                                         min_samples_split=2,
                                                         min_weight_fraction_leaf=0.0,
                                                         n_estimators=100,
                                                         n_iter_no_change=Non...
                                             num_leaves=31, objective=None,
                                             random_state=1028, reg_alpha=0.0,
                                             reg_lambda=0.0, silent='warn',
                                             subsample=1.0,
                                             subsample_for_bin=200000,
                                             subsample_freq=0)),
                             ('Ada Boost Classifier',
                              AdaBoostClassifier(algorithm='SAMME.R',
                                                 base_estimator=None,
                                                 learning_rate=1.0,
                                                 n_estimators=50,
                                                 random_state=1028))],
                 flatten_transform=True, n_jobs=-1, verbose=False,
                 voting='soft', weights=None), probability_threshold=None, encoded_labels=False, raw_score=False, drift_report=False, round=4, verbose=True, ml_usecase=None, preprocess=True, replace_labels_in_column=<function _SupervisedExperiment.predict_model.<locals>.replace_labels_in_column at 0x7fd214ad58b0>)
2022-07-24 21:36:55,629:INFO:Checking exceptions
2022-07-24 21:36:55,629:INFO:Preloading libraries
2022-07-24 21:36:56,397:INFO:Initializing finalize_model()
2022-07-24 21:36:56,398:INFO:finalize_model(self=<pycaret.classification.oop.ClassificationExperiment object at 0x7fd2176663d0>, estimator=VotingClassifier(estimators=[('Gradient Boosting Classifier',
                              GradientBoostingClassifier(ccp_alpha=0.0,
                                                         criterion='friedman_mse',
                                                         init=None,
                                                         learning_rate=0.1,
                                                         loss='log_loss',
                                                         max_depth=3,
                                                         max_features=None,
                                                         max_leaf_nodes=None,
                                                         min_impurity_decrease=0.0,
                                                         min_samples_leaf=1,
                                                         min_samples_split=2,
                                                         min_weight_fraction_leaf=0.0,
                                                         n_estimators=100,
                                                         n_iter_no_change=Non...
                                             num_leaves=31, objective=None,
                                             random_state=1028, reg_alpha=0.0,
                                             reg_lambda=0.0, silent='warn',
                                             subsample=1.0,
                                             subsample_for_bin=200000,
                                             subsample_freq=0)),
                             ('Ada Boost Classifier',
                              AdaBoostClassifier(algorithm='SAMME.R',
                                                 base_estimator=None,
                                                 learning_rate=1.0,
                                                 n_estimators=50,
                                                 random_state=1028))],
                 flatten_transform=True, n_jobs=-1, verbose=False,
                 voting='soft', weights=None), fit_kwargs=None, groups=None, model_only=False, experiment_custom_tags=None)
2022-07-24 21:36:56,400:INFO:Finalizing VotingClassifier(estimators=[('Gradient Boosting Classifier',
                              GradientBoostingClassifier(ccp_alpha=0.0,
                                                         criterion='friedman_mse',
                                                         init=None,
                                                         learning_rate=0.1,
                                                         loss='log_loss',
                                                         max_depth=3,
                                                         max_features=None,
                                                         max_leaf_nodes=None,
                                                         min_impurity_decrease=0.0,
                                                         min_samples_leaf=1,
                                                         min_samples_split=2,
                                                         min_weight_fraction_leaf=0.0,
                                                         n_estimators=100,
                                                         n_iter_no_change=Non...
                                             num_leaves=31, objective=None,
                                             random_state=1028, reg_alpha=0.0,
                                             reg_lambda=0.0, silent='warn',
                                             subsample=1.0,
                                             subsample_for_bin=200000,
                                             subsample_freq=0)),
                             ('Ada Boost Classifier',
                              AdaBoostClassifier(algorithm='SAMME.R',
                                                 base_estimator=None,
                                                 learning_rate=1.0,
                                                 n_estimators=50,
                                                 random_state=1028))],
                 flatten_transform=True, n_jobs=-1, verbose=False,
                 voting='soft', weights=None)
2022-07-24 21:36:56,428:INFO:Initializing create_model()
2022-07-24 21:36:56,428:INFO:create_model(self=<pycaret.classification.oop.ClassificationExperiment object at 0x7fd2176663d0>, estimator=VotingClassifier(estimators=[('Gradient Boosting Classifier',
                              GradientBoostingClassifier(ccp_alpha=0.0,
                                                         criterion='friedman_mse',
                                                         init=None,
                                                         learning_rate=0.1,
                                                         loss='log_loss',
                                                         max_depth=3,
                                                         max_features=None,
                                                         max_leaf_nodes=None,
                                                         min_impurity_decrease=0.0,
                                                         min_samples_leaf=1,
                                                         min_samples_split=2,
                                                         min_weight_fraction_leaf=0.0,
                                                         n_estimators=100,
                                                         n_iter_no_change=Non...
                                             num_leaves=31, objective=None,
                                             random_state=1028, reg_alpha=0.0,
                                             reg_lambda=0.0, silent='warn',
                                             subsample=1.0,
                                             subsample_for_bin=200000,
                                             subsample_freq=0)),
                             ('Ada Boost Classifier',
                              AdaBoostClassifier(algorithm='SAMME.R',
                                                 base_estimator=None,
                                                 learning_rate=1.0,
                                                 n_estimators=50,
                                                 random_state=1028))],
                 flatten_transform=True, n_jobs=-1, verbose=False,
                 voting='soft', weights=None), fold=None, round=4, cross_validation=False, predict=False, fit_kwargs={}, groups=None, refit=True, probability_threshold=None, experiment_custom_tags=None, verbose=False, system=False, add_to_model_list=False, metrics=None, display=None, model_only=False, return_train_score=False, kwargs={})
2022-07-24 21:36:56,428:INFO:Checking exceptions
2022-07-24 21:36:56,429:INFO:Importing libraries
2022-07-24 21:36:56,429:INFO:Copying training dataset
2022-07-24 21:36:56,432:INFO:Defining folds
2022-07-24 21:36:56,432:INFO:Declaring metric variables
2022-07-24 21:36:56,432:INFO:Importing untrained model
2022-07-24 21:36:56,432:INFO:Declaring custom model
2022-07-24 21:36:56,433:INFO:Voting Classifier Imported successfully
2022-07-24 21:36:56,435:INFO:Cross validation set to False
2022-07-24 21:36:56,435:INFO:Fitting Model
2022-07-24 21:37:57,722:INFO:Pipeline(memory=Memory(location=/tmp/joblib),
         steps=[('label_encoding',
                 TransformerWrapperWithInverse(exclude=None, include=None,
                                               transformer=LabelEncoder())),
                ('numerical_imputer',
                 TransformerWrapper(exclude=None,
                                    include=['age_group', 'education', 'engnat',
                                             'familysize', 'gender', 'married',
                                             'race', 'religion', 'urban',
                                             'wf_01', 'wf_02', 'wf_03', 'wr_01',
                                             'wr_03', 'w...
                                                              objective=None,
                                                              random_state=1028,
                                                              reg_alpha=0.0,
                                                              reg_lambda=0.0,
                                                              silent='warn',
                                                              subsample=1.0,
                                                              subsample_for_bin=200000,
                                                              subsample_freq=0)),
                                              ('Ada Boost Classifier',
                                               AdaBoostClassifier(algorithm='SAMME.R',
                                                                  base_estimator=None,
                                                                  learning_rate=1.0,
                                                                  n_estimators=50,
                                                                  random_state=1028))],
                                  flatten_transform=True, n_jobs=-1,
                                  verbose=False, voting='soft',
                                  weights=None))],
         verbose=False)
2022-07-24 21:37:57,722:INFO:create_model() successfully completed......................................
2022-07-24 21:37:57,842:INFO:Initializing predict_model()
2022-07-24 21:37:57,842:INFO:predict_model(self=<pycaret.classification.oop.ClassificationExperiment object at 0x7fd2176663d0>, estimator=Pipeline(memory=Memory(location=/tmp/joblib),
         steps=[('label_encoding',
                 TransformerWrapperWithInverse(exclude=None, include=None,
                                               transformer=LabelEncoder())),
                ('numerical_imputer',
                 TransformerWrapper(exclude=None,
                                    include=['age_group', 'education', 'engnat',
                                             'familysize', 'gender', 'married',
                                             'race', 'religion', 'urban',
                                             'wf_01', 'wf_02', 'wf_03', 'wr_01',
                                             'wr_03', 'w...
                                                              objective=None,
                                                              random_state=1028,
                                                              reg_alpha=0.0,
                                                              reg_lambda=0.0,
                                                              silent='warn',
                                                              subsample=1.0,
                                                              subsample_for_bin=200000,
                                                              subsample_freq=0)),
                                              ('Ada Boost Classifier',
                                               AdaBoostClassifier(algorithm='SAMME.R',
                                                                  base_estimator=None,
                                                                  learning_rate=1.0,
                                                                  n_estimators=50,
                                                                  random_state=1028))],
                                  flatten_transform=True, n_jobs=-1,
                                  verbose=False, voting='soft',
                                  weights=None))],
         verbose=False), probability_threshold=None, encoded_labels=False, raw_score=False, drift_report=False, round=4, verbose=False, ml_usecase=None, preprocess=True, replace_labels_in_column=<function _SupervisedExperiment.predict_model.<locals>.replace_labels_in_column at 0x7fd367f90f70>)
2022-07-24 21:37:57,842:INFO:Checking exceptions
2022-07-24 21:37:57,842:INFO:Preloading libraries
2022-07-24 21:37:57,854:INFO:Set up data.
2022-07-24 21:37:58,669:INFO:display_container: 5
2022-07-24 21:37:58,669:INFO:master_model_container: 15
2022-07-24 21:37:58,669:INFO:display_container: 5
2022-07-24 21:37:58,680:INFO:Pipeline(memory=Memory(location=/tmp/joblib),
         steps=[('label_encoding',
                 TransformerWrapperWithInverse(exclude=None, include=None,
                                               transformer=LabelEncoder())),
                ('numerical_imputer',
                 TransformerWrapper(exclude=None,
                                    include=['age_group', 'education', 'engnat',
                                             'familysize', 'gender', 'married',
                                             'race', 'religion', 'urban',
                                             'wf_01', 'wf_02', 'wf_03', 'wr_01',
                                             'wr_03', 'w...
                                                              objective=None,
                                                              random_state=1028,
                                                              reg_alpha=0.0,
                                                              reg_lambda=0.0,
                                                              silent='warn',
                                                              subsample=1.0,
                                                              subsample_for_bin=200000,
                                                              subsample_freq=0)),
                                              ('Ada Boost Classifier',
                                               AdaBoostClassifier(algorithm='SAMME.R',
                                                                  base_estimator=None,
                                                                  learning_rate=1.0,
                                                                  n_estimators=50,
                                                                  random_state=1028))],
                                  flatten_transform=True, n_jobs=-1,
                                  verbose=False, voting='soft',
                                  weights=None))],
         verbose=False)
2022-07-24 21:37:58,680:INFO:finalize_model() successfully completed......................................
2022-07-24 21:37:58,961:INFO:Initializing predict_model()
2022-07-24 21:37:58,961:INFO:predict_model(self=<pycaret.classification.oop.ClassificationExperiment object at 0x7fd2176663d0>, estimator=Pipeline(memory=Memory(location=/tmp/joblib),
         steps=[('label_encoding',
                 TransformerWrapperWithInverse(exclude=None, include=None,
                                               transformer=LabelEncoder())),
                ('numerical_imputer',
                 TransformerWrapper(exclude=None,
                                    include=['age_group', 'education', 'engnat',
                                             'familysize', 'gender', 'married',
                                             'race', 'religion', 'urban',
                                             'wf_01', 'wf_02', 'wf_03', 'wr_01',
                                             'wr_03', 'w...
                                                              objective=None,
                                                              random_state=1028,
                                                              reg_alpha=0.0,
                                                              reg_lambda=0.0,
                                                              silent='warn',
                                                              subsample=1.0,
                                                              subsample_for_bin=200000,
                                                              subsample_freq=0)),
                                              ('Ada Boost Classifier',
                                               AdaBoostClassifier(algorithm='SAMME.R',
                                                                  base_estimator=None,
                                                                  learning_rate=1.0,
                                                                  n_estimators=50,
                                                                  random_state=1028))],
                                  flatten_transform=True, n_jobs=-1,
                                  verbose=False, voting='soft',
                                  weights=None))],
         verbose=False), probability_threshold=None, encoded_labels=False, raw_score=False, drift_report=False, round=4, verbose=True, ml_usecase=None, preprocess=True, replace_labels_in_column=<function _SupervisedExperiment.predict_model.<locals>.replace_labels_in_column at 0x7fd367f90ee0>)
2022-07-24 21:37:58,961:INFO:Checking exceptions
2022-07-24 21:37:58,961:INFO:Preloading libraries
2022-07-24 21:37:58,976:INFO:Set up data.
