index,voted
0,1.6409653425216675
1,1.9723150730133057
2,1.3267029523849487
3,1.212323546409607
4,1.758692979812622
5,1.5257269144058228
6,1.9248379468917847
7,1.4674361944198608
8,1.316508173942566
9,1.5827513933181763
10,1.259773850440979
11,1.8824329376220703
12,1.4355459213256836
13,1.4775559902191162
14,1.311220407485962
15,1.990262508392334
16,1.931466817855835
17,1.4250677824020386
18,1.4651076793670654
19,1.6088320016860962
20,1.2599447965621948
21,1.4274953603744507
22,1.2252658605575562
23,1.356020212173462
24,1.7021383047103882
25,1.123795509338379
26,1.9870636463165283
27,1.480251431465149
28,1.3962618112564087
29,1.2429698705673218
30,1.4864726066589355
31,1.8690341711044312
32,1.2263230085372925
33,1.7170153856277466
34,1.484546422958374
35,1.173421025276184
36,1.366774559020996
37,1.5509884357452393
38,1.3819941282272339
39,1.4206738471984863
40,1.438032865524292
41,1.8960274457931519
42,1.9483667612075806
43,1.5605039596557617
44,1.989706039428711
45,1.3423458337783813
46,1.752510666847229
47,1.97754967212677
48,1.543851613998413
49,1.9266630411148071
50,1.2165266275405884
51,1.9501771926879883
52,1.5578080415725708
53,1.899842619895935
54,1.9970344305038452
55,1.6489824056625366
56,1.5833383798599243
57,1.697327971458435
58,1.7269535064697266
59,1.3359355926513672
60,1.9077363014221191
61,1.4983830451965332
62,1.524802327156067
63,1.4646306037902832
64,1.328262448310852
65,1.756367802619934
66,1.4007138013839722
67,1.3162503242492676
68,1.492274284362793
69,1.62490975856781
70,1.2857660055160522
71,1.4760148525238037
72,1.278397798538208
73,1.7518254518508911
74,1.9140721559524536
75,1.1364641189575195
76,1.9127858877182007
77,1.3512858152389526
78,1.5343836545944214
79,1.349790096282959
80,1.9942641258239746
81,1.4249980449676514
82,1.4496102333068848
83,1.4635281562805176
84,1.85189688205719
85,1.4321123361587524
86,1.789018154144287
87,1.3701152801513672
88,1.307761788368225
89,1.7070364952087402
90,1.9968072175979614
91,1.3225475549697876
92,1.344511866569519
93,1.325194239616394
94,1.5133342742919922
95,1.865616798400879
96,1.7615532875061035
97,1.9042613506317139
98,1.5544846057891846
99,1.6309080123901367
100,1.1639108657836914
101,1.4583499431610107
102,1.7618736028671265
103,1.3900526762008667
104,1.2287788391113281
105,1.3766509294509888
106,1.4319690465927124
107,1.3847172260284424
108,1.8029937744140625
109,1.3616281747817993
110,1.6228129863739014
111,1.2526602745056152
112,1.9332040548324585
113,1.8936703205108643
114,1.958355188369751
115,1.9826899766921997
116,1.4780529737472534
117,1.2738890647888184
118,1.2117942571640015
119,1.2798805236816406
120,1.4198201894760132
121,1.8664538860321045
122,1.998275637626648
123,1.2396498918533325
124,1.3779239654541016
125,1.6444263458251953
126,1.9935474395751953
127,1.7814304828643799
128,1.995753288269043
129,1.609312653541565
130,1.3733378648757935
131,1.2945822477340698
132,1.3016810417175293
133,1.8881322145462036
134,1.9977185726165771
135,1.9387831687927246
136,1.2476274967193604
137,1.6589840650558472
138,1.2530840635299683
139,1.9948008060455322
140,1.5055042505264282
141,1.9020804166793823
142,1.1960811614990234
143,1.3207368850708008
144,1.4996039867401123
145,1.341413974761963
146,1.9090001583099365
147,1.1341568231582642
148,1.4922840595245361
149,1.5823793411254883
150,1.3635586500167847
151,1.454749584197998
152,1.7884019613265991
153,1.4720706939697266
154,1.477185845375061
155,1.473742127418518
156,1.8658454418182373
157,1.3404711484909058
158,1.9959120750427246
159,1.4537184238433838
160,1.881037712097168
161,1.4423025846481323
162,1.3789831399917603
163,1.5171658992767334
164,1.7633963823318481
165,1.6510751247406006
166,1.4719270467758179
167,1.9031122922897339
168,1.4730024337768555
169,1.9948433637619019
170,1.996074914932251
171,1.4545687437057495
172,1.1500051021575928
173,1.8484853506088257
174,1.7999423742294312
175,1.7337785959243774
176,1.9073835611343384
177,1.459843397140503
178,1.1571059226989746
179,1.9937186241149902
180,1.9951716661453247
181,1.550795555114746
182,1.8595695495605469
183,1.3989800214767456
184,1.3454303741455078
185,1.3509103059768677
186,1.5648666620254517
187,1.6511346101760864
188,1.785990595817566
189,1.6747573614120483
190,1.6111583709716797
191,1.616528868675232
192,1.8348143100738525
193,1.2898739576339722
194,1.5021618604660034
195,1.3272044658660889
196,1.3932183980941772
197,1.1453303098678589
198,1.1947436332702637
199,1.5829323530197144
200,1.4086862802505493
201,1.5235893726348877
202,1.1699104309082031
203,1.304452657699585
204,1.9895811080932617
205,1.231580138206482
206,1.355151891708374
207,1.28728187084198
208,1.2339775562286377
209,1.852651596069336
210,1.9975802898406982
211,1.3548848628997803
212,1.2435073852539062
213,1.9910968542099
214,1.3326444625854492
215,1.4918158054351807
216,1.7335125207901
217,1.3769786357879639
218,1.259272813796997
219,1.283109426498413
220,1.4882875680923462
221,1.3367873430252075
222,1.8566526174545288
223,1.1528669595718384
224,1.400865912437439
225,1.3079700469970703
226,1.3689453601837158
227,1.9983112812042236
228,1.4760668277740479
229,1.4198757410049438
230,1.3936493396759033
231,1.255622386932373
232,1.2079997062683105
233,1.8649343252182007
234,1.9948257207870483
235,1.6903258562088013
236,1.9952963590621948
237,1.8241877555847168
238,1.843733549118042
239,1.4407010078430176
240,1.5921173095703125
241,1.4910070896148682
242,1.3174684047698975
243,1.755375623703003
244,1.4130269289016724
245,1.2258458137512207
246,1.3395559787750244
247,1.669283390045166
248,1.24314546585083
249,1.9017821550369263
250,1.8468250036239624
251,1.1160378456115723
252,1.4552708864212036
253,1.7067557573318481
254,1.1168301105499268
255,1.3688955307006836
256,1.2440707683563232
257,1.385542392730713
258,1.9158085584640503
259,1.391329288482666
260,1.995151400566101
261,1.5428175926208496
262,1.301602840423584
263,1.6637316942214966
264,1.3849432468414307
265,1.2247822284698486
266,1.8529176712036133
267,1.8770736455917358
268,1.6138612031936646
269,1.846010446548462
270,1.367112159729004
271,1.3369550704956055
272,1.5191904306411743
273,1.3616849184036255
274,1.3332421779632568
275,1.552725911140442
276,1.9963667392730713
277,1.9940859079360962
278,1.7329477071762085
279,1.2779841423034668
280,1.4169182777404785
281,1.8565425872802734
282,1.8268173933029175
283,1.464639663696289
284,1.3480503559112549
285,1.3116461038589478
286,1.36900794506073
287,1.3300429582595825
288,1.1613610982894897
289,1.868944525718689
290,1.0709292888641357
291,1.7858039140701294
292,1.244312047958374
293,1.6375417709350586
294,1.5883468389511108
295,1.4340966939926147
296,1.2876251935958862
297,1.1610113382339478
298,1.3127248287200928
299,1.8667449951171875
300,1.8858989477157593
301,1.631783366203308
302,1.8565973043441772
303,1.433815360069275
304,1.9956438541412354
305,1.9252777099609375
306,1.429301142692566
307,1.4580237865447998
308,1.5145702362060547
309,1.6390551328659058
310,1.1550437211990356
311,1.7192059755325317
312,1.6330243349075317
313,1.7368967533111572
314,1.2182040214538574
315,1.9945108890533447
316,1.425226092338562
317,1.3779233694076538
318,1.5090433359146118
319,1.3450188636779785
320,1.4434462785720825
321,1.3921412229537964
322,1.7775557041168213
323,1.4080947637557983
324,1.5834789276123047
325,1.400532841682434
326,1.3416616916656494
327,1.3858795166015625
328,1.3041539192199707
329,1.9114757776260376
330,1.9947717189788818
331,1.259973406791687
332,1.350494146347046
333,1.573860764503479
334,1.991276502609253
335,1.7822582721710205
336,1.4571843147277832
337,1.7304933071136475
338,1.5795187950134277
339,1.9688913822174072
340,1.9460049867630005
341,1.3565654754638672
342,1.8947207927703857
343,1.3246164321899414
344,1.6751160621643066
345,1.3851923942565918
346,1.2421706914901733
347,1.940047025680542
348,1.3091497421264648
349,1.3523478507995605
350,1.9928889274597168
351,1.9941495656967163
352,1.2021182775497437
353,1.290311336517334
354,1.8841609954833984
355,1.2838356494903564
356,1.6787357330322266
357,1.3847438097000122
358,1.995427131652832
359,1.3358449935913086
360,1.902029275894165
361,1.8598952293395996
362,1.549659252166748
363,1.7807725667953491
364,1.5244414806365967
365,1.8159180879592896
366,1.5315417051315308
367,1.7289271354675293
368,1.30074143409729
369,1.2795014381408691
370,1.3280185461044312
371,1.6476709842681885
372,1.3453530073165894
373,1.8110508918762207
374,1.368958592414856
375,1.9516452550888062
376,1.3309444189071655
377,1.3317921161651611
378,1.4128667116165161
379,1.3169158697128296
380,1.6030948162078857
381,1.750657320022583
382,1.60189688205719
383,1.8274850845336914
384,1.3735471963882446
385,1.2231897115707397
386,1.3999183177947998
387,1.3737432956695557
388,1.760653018951416
389,1.3294016122817993
390,1.6147871017456055
391,1.5534566640853882
392,1.3910232782363892
393,1.5914019346237183
394,1.1592129468917847
395,1.7095941305160522
396,1.3119831085205078
397,1.4952480792999268
398,1.8141591548919678
399,1.2986828088760376
400,1.3982319831848145
401,1.9414901733398438
402,1.6381336450576782
403,1.9945566654205322
404,1.377943992614746
405,1.3533779382705688
406,1.204817295074463
407,1.381468415260315
408,1.3479206562042236
409,1.556869387626648
410,1.3988773822784424
411,1.5155607461929321
412,1.5323716402053833
413,1.5350990295410156
414,1.3249655961990356
415,1.3473613262176514
416,1.4882079362869263
417,1.9593969583511353
418,1.9982736110687256
419,1.5762418508529663
420,1.7601680755615234
421,1.2835276126861572
422,1.260473608970642
423,1.4399220943450928
424,1.1940476894378662
425,1.223567008972168
426,1.3019500970840454
427,1.4152237176895142
428,1.381994605064392
429,1.3004355430603027
430,1.3711665868759155
431,1.2731895446777344
432,1.364234209060669
433,1.3728779554367065
434,1.3963572978973389
435,1.2547210454940796
436,1.658769130706787
437,1.5981656312942505
438,1.3376065492630005
439,1.9961949586868286
440,1.5238282680511475
441,1.4352225065231323
442,1.5295015573501587
443,1.5158573389053345
444,1.2029727697372437
445,1.309995174407959
446,1.3078361749649048
447,1.4464775323867798
448,1.373289704322815
449,1.809851050376892
450,1.3414547443389893
451,1.4610358476638794
452,1.4550526142120361
453,1.482053518295288
454,1.4067363739013672
455,1.2412679195404053
456,1.5166994333267212
457,1.881257176399231
458,1.6437530517578125
459,1.9930505752563477
460,1.3963613510131836
461,1.2438104152679443
462,1.997218370437622
463,1.6038130521774292
464,1.2504547834396362
465,1.390389323234558
466,1.3026177883148193
467,1.9811702966690063
468,1.5114690065383911
469,1.8328359127044678
470,1.8751760721206665
471,1.8054170608520508
472,1.7352263927459717
473,1.162977695465088
474,1.4637653827667236
475,1.680185079574585
476,1.5697951316833496
477,1.86207914352417
478,1.7598762512207031
479,1.9955298900604248
480,1.279237151145935
481,1.685316562652588
482,1.40375554561615
483,1.5774680376052856
484,1.9935766458511353
485,1.9909327030181885
486,1.4143633842468262
487,1.2222508192062378
488,1.4659878015518188
489,1.325218915939331
490,1.6542713642120361
491,1.2340611219406128
492,1.305328607559204
493,1.377109408378601
494,1.849767804145813
495,1.4985450506210327
496,1.5644444227218628
497,1.8286391496658325
498,1.299001693725586
499,1.482043981552124
500,1.563584566116333
501,1.9475033283233643
502,1.3750606775283813
503,1.4452459812164307
504,1.2327628135681152
505,1.4830329418182373
506,1.4577587842941284
507,1.286765217781067
508,1.3562979698181152
509,1.868526577949524
510,1.3607640266418457
511,1.630131721496582
512,1.4799190759658813
513,1.386425495147705
514,1.9517134428024292
515,1.4787297248840332
516,1.3773813247680664
517,1.3889503479003906
518,1.322436809539795
519,1.7502349615097046
520,1.3532702922821045
521,1.395579218864441
522,1.9378355741500854
523,1.3548568487167358
524,1.1499172449111938
525,1.9415347576141357
526,1.9770786762237549
527,1.8654487133026123
528,1.9939038753509521
529,1.9014701843261719
530,1.9908453226089478
531,1.4530038833618164
532,1.3735620975494385
533,1.5244406461715698
534,1.309707522392273
535,1.3159626722335815
536,1.4846718311309814
537,1.5397462844848633
538,1.4241381883621216
539,1.1639834642410278
540,1.4555222988128662
541,1.501198172569275
542,1.9897569417953491
543,1.304586410522461
544,1.4797831773757935
545,1.4855833053588867
546,1.9942362308502197
547,1.2955125570297241
548,1.9544707536697388
549,1.6133650541305542
550,1.3483630418777466
551,1.3277587890625
552,1.119917392730713
553,1.8522740602493286
554,1.2859913110733032
555,1.3686106204986572
556,1.2867010831832886
557,1.8832870721817017
558,1.5688583850860596
559,1.7795534133911133
560,1.7879160642623901
561,1.6335049867630005
562,1.4248400926589966
563,1.9930644035339355
564,1.5711864233016968
565,1.8740746974945068
566,1.4007034301757812
567,1.4548227787017822
568,1.9877002239227295
569,1.2961225509643555
570,1.44240140914917
571,1.927296757698059
572,1.1939564943313599
573,1.8150019645690918
574,1.2472202777862549
575,1.8977998495101929
576,1.3232272863388062
577,1.4785231351852417
578,1.7184339761734009
579,1.9390469789505005
580,1.337433099746704
581,1.8280889987945557
582,1.7533793449401855
583,1.412455677986145
584,1.794820785522461
585,1.807032585144043
586,1.2668282985687256
587,1.473840594291687
588,1.6132949590682983
589,1.31705904006958
590,1.840386986732483
591,1.2074694633483887
592,1.4483925104141235
593,1.1963952779769897
594,1.4058239459991455
595,1.4855903387069702
596,1.3525891304016113
597,1.306333065032959
598,1.7084174156188965
599,1.378724217414856
600,1.5409975051879883
601,1.3024166822433472
602,1.9280810356140137
603,1.8044826984405518
604,1.3485006093978882
605,1.4134435653686523
606,1.2638663053512573
607,1.262925624847412
608,1.9906260967254639
609,1.8539735078811646
610,1.3911840915679932
611,1.5268257856369019
612,1.4821784496307373
613,1.467014193534851
614,1.2158713340759277
615,1.2985798120498657
616,1.3699802160263062
617,1.3546165227890015
618,1.3263951539993286
619,1.6560139656066895
620,1.1810110807418823
621,1.4287954568862915
622,1.4891151189804077
623,1.448697805404663
624,1.6781132221221924
625,1.356570839881897
626,1.544394850730896
627,1.8974413871765137
628,1.9939160346984863
629,1.987924575805664
630,1.8626881837844849
631,1.4407075643539429
632,1.8377026319503784
633,1.375414252281189
634,1.3751505613327026
635,1.9324030876159668
636,1.2845368385314941
637,1.5248515605926514
638,1.2334543466567993
639,1.5300438404083252
640,1.7635977268218994
641,1.497931957244873
642,1.2735759019851685
643,1.5590968132019043
644,1.3871192932128906
645,1.473665475845337
646,1.8573940992355347
647,1.2183822393417358
648,1.4029200077056885
649,1.4529141187667847
650,1.9933115243911743
651,1.3760359287261963
652,1.8713346719741821
653,1.3523554801940918
654,1.4641799926757812
655,1.5406708717346191
656,1.4442603588104248
657,1.3771942853927612
658,1.982622504234314
659,1.8564143180847168
660,1.3458044528961182
661,1.8360211849212646
662,1.466910719871521
663,1.8016047477722168
664,1.8766623735427856
665,1.294639229774475
666,1.688605785369873
667,1.3304786682128906
668,1.88589608669281
669,1.4966859817504883
670,1.3611478805541992
671,1.4874497652053833
672,1.983685851097107
673,1.9901540279388428
674,1.4009850025177002
675,1.1908550262451172
676,1.9654343128204346
677,1.2074863910675049
678,1.7969239950180054
679,1.37117338180542
680,1.398842692375183
681,1.9677895307540894
682,1.9948869943618774
683,1.6704837083816528
684,1.4051762819290161
685,1.7148230075836182
686,1.2155312299728394
687,1.5185447931289673
688,1.4590507745742798
689,1.4644049406051636
690,1.2988773584365845
691,1.6375384330749512
692,1.9886668920516968
693,1.639268398284912
694,1.3427512645721436
695,1.4433351755142212
696,1.9964497089385986
697,1.429650902748108
698,1.5087206363677979
699,1.2203055620193481
700,1.3828493356704712
701,1.3470969200134277
702,1.3114359378814697
703,1.327834129333496
704,1.995754361152649
705,1.994744896888733
706,1.748938798904419
707,1.9895836114883423
708,1.628751516342163
709,1.5738396644592285
710,1.9060598611831665
711,1.404374599456787
712,1.4366698265075684
713,1.3051342964172363
714,1.9906837940216064
715,1.8688907623291016
716,1.3834290504455566
717,1.6381603479385376
718,1.5454397201538086
719,1.1185919046401978
720,1.6950023174285889
721,1.9870080947875977
722,1.405829906463623
723,1.9874491691589355
724,1.3669484853744507
725,1.1771695613861084
726,1.8023219108581543
727,1.9929918050765991
728,1.1834720373153687
729,1.5047043561935425
730,1.9121228456497192
731,1.6709535121917725
732,1.9921021461486816
733,1.6260759830474854
734,1.3804266452789307
735,1.9351170063018799
736,1.9955272674560547
737,1.8620798587799072
738,1.8269625902175903
739,1.562117338180542
740,1.2855267524719238
741,1.8896369934082031
742,1.9930540323257446
743,1.6357852220535278
744,1.8726463317871094
745,1.4011598825454712
746,1.3924192190170288
747,1.2510550022125244
748,1.2976336479187012
749,1.5017714500427246
750,1.4288296699523926
751,1.7861279249191284
752,1.4492290019989014
753,1.9233036041259766
754,1.2987545728683472
755,1.769055724143982
756,1.869044542312622
757,1.3766157627105713
758,1.853150725364685
759,1.440333604812622
760,1.3924003839492798
761,1.8228392601013184
762,1.2795100212097168
763,1.2661303281784058
764,1.8506540060043335
765,1.2773302793502808
766,1.99081289768219
767,1.204781413078308
768,1.9355181455612183
769,1.9785765409469604
770,1.4056541919708252
771,1.737538456916809
772,1.9897775650024414
773,1.7853202819824219
774,1.3047415018081665
775,1.4143891334533691
776,1.3412517309188843
777,1.2283576726913452
778,1.4071667194366455
779,1.7842862606048584
780,1.8694356679916382
781,1.6900466680526733
782,1.4475324153900146
783,1.810075044631958
784,1.8681867122650146
785,1.394325852394104
786,1.341321349143982
787,1.2686008214950562
788,1.2000188827514648
789,1.2744934558868408
790,1.2813371419906616
791,1.4572299718856812
792,1.4611772298812866
793,1.576006531715393
794,1.7440906763076782
795,1.5249907970428467
796,1.3003449440002441
797,1.8922041654586792
798,1.3055328130722046
799,1.3971747159957886
800,1.993786096572876
801,1.7225525379180908
802,1.8140380382537842
803,1.8884406089782715
804,1.4738173484802246
805,1.3877300024032593
806,1.43479323387146
807,1.3377444744110107
808,1.3189506530761719
809,1.490139365196228
810,1.8452154397964478
811,1.397013545036316
812,1.2942503690719604
813,1.4292246103286743
814,1.993764877319336
815,1.091943621635437
816,1.4654145240783691
817,1.8585681915283203
818,1.4274624586105347
819,1.9269777536392212
820,1.3907651901245117
821,1.996429443359375
822,1.449897050857544
823,1.1737600564956665
824,1.9938101768493652
825,1.4346483945846558
826,1.4658886194229126
827,1.664828896522522
828,1.8150854110717773
829,1.668811321258545
830,1.2570055723190308
831,1.5536056756973267
832,1.8579789400100708
833,1.1793529987335205
834,1.4137794971466064
835,1.9132057428359985
836,1.312907099723816
837,1.1504650115966797
838,1.1761115789413452
839,1.3932757377624512
840,1.5715904235839844
841,1.0888333320617676
842,1.9426218271255493
843,1.854318618774414
844,1.3188260793685913
845,1.2326122522354126
846,1.6791636943817139
847,1.4486684799194336
848,1.8297990560531616
849,1.2177042961120605
850,1.6585124731063843
851,1.5632082223892212
852,1.846460223197937
853,1.6578654050827026
854,1.2664180994033813
855,1.988356590270996
856,1.6544528007507324
857,1.512652039527893
858,1.4110831022262573
859,1.413468599319458
860,1.9199395179748535
861,1.4474587440490723
862,1.3641505241394043
863,1.3248686790466309
864,1.4769295454025269
865,1.9239202737808228
866,1.3557910919189453
867,1.2788938283920288
868,1.3886396884918213
869,1.1554515361785889
870,1.2249590158462524
871,1.4582104682922363
872,1.400442123413086
873,1.7588610649108887
874,1.3646732568740845
875,1.4792354106903076
876,1.4237594604492188
877,1.36769437789917
878,1.2395137548446655
879,1.5491901636123657
880,1.667220950126648
881,1.5589640140533447
882,1.7785429954528809
883,1.994524598121643
884,1.3927745819091797
885,1.5921106338500977
886,1.4611150026321411
887,1.6321654319763184
888,1.4037054777145386
889,1.5245156288146973
890,1.7160656452178955
891,1.8332860469818115
892,1.3667371273040771
893,1.3541661500930786
894,1.4055304527282715
895,1.2778371572494507
896,1.4615033864974976
897,1.9959330558776855
898,1.9948465824127197
899,1.8728560209274292
900,1.9136080741882324
901,1.7045199871063232
902,1.4014959335327148
903,1.5824339389801025
904,1.473818302154541
905,1.6647964715957642
906,1.4164000749588013
907,1.3125345706939697
908,1.3908605575561523
909,1.8505617380142212
910,1.3695276975631714
911,1.4336267709732056
912,1.4629075527191162
913,1.2964740991592407
914,1.3792502880096436
915,1.178174376487732
916,1.7900670766830444
917,1.8148820400238037
918,1.4023686647415161
919,1.4724870920181274
920,1.2767704725265503
921,1.2280131578445435
922,1.3314518928527832
923,1.9843000173568726
924,1.6161620616912842
925,1.3815090656280518
926,1.8472157716751099
927,1.3839983940124512
928,1.9947385787963867
929,1.1947886943817139
930,1.4202797412872314
931,1.527815341949463
932,1.6920759677886963
933,1.9811878204345703
934,1.340813159942627
935,1.529526710510254
936,1.2813035249710083
937,1.9701967239379883
938,1.9582300186157227
939,1.3452908992767334
940,1.592732310295105
941,1.2315887212753296
942,1.4497703313827515
943,1.298714280128479
944,1.3937252759933472
945,1.9980477094650269
946,1.4049087762832642
947,1.8568105697631836
948,1.3609508275985718
949,1.3860877752304077
950,1.5846260786056519
951,1.3488683700561523
952,1.4791831970214844
953,1.48002290725708
954,1.3032846450805664
955,1.4012690782546997
956,1.3450641632080078
957,1.200225591659546
958,1.9093633890151978
959,1.515726923942566
960,1.4315123558044434
961,1.3737258911132812
962,1.3980258703231812
963,1.326631784439087
964,1.2998015880584717
965,1.9822663068771362
966,1.1856253147125244
967,1.6019351482391357
968,1.8797944784164429
969,1.4127168655395508
970,1.5106171369552612
971,1.4765496253967285
972,1.494263768196106
973,1.4734045267105103
974,1.584510087966919
975,1.482832670211792
976,1.4453142881393433
977,1.99428391456604
978,1.4496984481811523
979,1.299395203590393
980,1.9937922954559326
981,1.3597514629364014
982,1.990046739578247
983,1.362152099609375
984,1.628468632698059
985,1.9973946809768677
986,1.6779134273529053
987,1.9044467210769653
988,1.509611964225769
989,1.359350562095642
990,1.419256567955017
991,1.4755059480667114
992,1.8036099672317505
993,1.3506231307983398
994,1.5972621440887451
995,1.2616212368011475
996,1.613387942314148
997,1.347286581993103
998,1.6408106088638306
999,1.189092993736267
1000,1.350862979888916
1001,1.4091380834579468
1002,1.5225322246551514
1003,1.2685755491256714
1004,1.8907181024551392
1005,1.631762981414795
1006,1.2225407361984253
1007,1.5896623134613037
1008,1.5442897081375122
1009,1.3201709985733032
1010,1.3888049125671387
1011,1.4656509160995483
1012,1.6164380311965942
1013,1.428711175918579
1014,1.9098957777023315
1015,1.708733320236206
1016,1.9884711503982544
1017,1.249590277671814
1018,1.4248161315917969
1019,1.2775872945785522
1020,1.5498782396316528
1021,1.7916672229766846
1022,1.6605384349822998
1023,1.417330265045166
1024,1.4894262552261353
1025,1.2665530443191528
1026,1.4582680463790894
1027,1.3271105289459229
1028,1.3944237232208252
1029,1.2734159231185913
1030,1.8422387838363647
1031,1.9943004846572876
1032,1.9361584186553955
1033,1.3166396617889404
1034,1.4777605533599854
1035,1.7024333477020264
1036,1.4276012182235718
1037,1.4526960849761963
1038,1.5238523483276367
1039,1.9884259700775146
1040,1.516948938369751
1041,1.3188656568527222
1042,1.3497653007507324
1043,1.4146217107772827
1044,1.9906290769577026
1045,1.3126680850982666
1046,1.3640302419662476
1047,1.7542744874954224
1048,1.291948914527893
1049,1.4237319231033325
1050,1.929370403289795
1051,1.691691279411316
1052,1.3204292058944702
1053,1.4824671745300293
1054,1.727180004119873
1055,1.3011823892593384
1056,1.8601982593536377
1057,1.7470464706420898
1058,1.239318609237671
1059,1.3333715200424194
1060,1.3224362134933472
1061,1.35148024559021
1062,1.2881230115890503
1063,1.5055040121078491
1064,1.4160405397415161
1065,1.4314478635787964
1066,1.9030444622039795
1067,1.3658993244171143
1068,1.1808018684387207
1069,1.5491989850997925
1070,1.3930140733718872
1071,1.9077361822128296
1072,1.339209794998169
1073,1.3336296081542969
1074,1.879130244255066
1075,1.3210530281066895
1076,1.5061975717544556
1077,1.9939440488815308
1078,1.4017791748046875
1079,1.8243662118911743
1080,1.9945870637893677
1081,1.1838326454162598
1082,1.2693004608154297
1083,1.9972381591796875
1084,1.2136831283569336
1085,1.4321527481079102
1086,1.4059287309646606
1087,1.5873357057571411
1088,1.6047956943511963
1089,1.9741514921188354
1090,1.4769681692123413
1091,1.434782862663269
1092,1.7018423080444336
1093,1.4073137044906616
1094,1.1525518894195557
1095,1.1101047992706299
1096,1.7865269184112549
1097,1.9956634044647217
1098,1.9960591793060303
1099,1.561596155166626
1100,1.4092926979064941
1101,1.3945653438568115
1102,1.5571634769439697
1103,1.9950244426727295
1104,1.4789273738861084
1105,1.5723488330841064
1106,1.3498436212539673
1107,1.539415955543518
1108,1.548224687576294
1109,1.5425206422805786
1110,1.4055371284484863
1111,1.390341877937317
1112,1.2126305103302002
1113,1.4400874376296997
1114,1.9906009435653687
1115,1.8311206102371216
1116,1.82071852684021
1117,1.4244259595870972
1118,1.6291908025741577
1119,1.3142436742782593
1120,1.4102654457092285
1121,1.5307846069335938
1122,1.5122320652008057
1123,1.8834089040756226
1124,1.8300542831420898
1125,1.7215412855148315
1126,1.867687702178955
1127,1.891332983970642
1128,1.2693233489990234
1129,1.3203401565551758
1130,1.6056296825408936
1131,1.6387709379196167
1132,1.310957908630371
1133,1.4591478109359741
1134,1.3853988647460938
1135,1.8323034048080444
1136,1.2753379344940186
1137,1.1841282844543457
1138,1.6604148149490356
1139,1.3702890872955322
1140,1.8745452165603638
1141,1.9484550952911377
1142,1.4595866203308105
1143,1.4311705827713013
1144,1.2588508129119873
1145,1.3754043579101562
1146,1.4795821905136108
1147,1.264940857887268
1148,1.489851951599121
1149,1.8856487274169922
1150,1.2848834991455078
1151,1.8112120628356934
1152,1.3520206212997437
1153,1.7829360961914062
1154,1.3930639028549194
1155,1.248883843421936
1156,1.1484315395355225
1157,1.4006142616271973
1158,1.3530701398849487
1159,1.4286714792251587
1160,1.9845048189163208
1161,1.2395533323287964
1162,1.4532513618469238
1163,1.3231804370880127
1164,1.4741638898849487
1165,1.2368650436401367
1166,1.3206952810287476
1167,1.233159065246582
1168,1.4833892583847046
1169,1.9928784370422363
1170,1.482551097869873
1171,1.607443928718567
1172,1.4002163410186768
1173,1.994123935699463
1174,1.4499146938323975
1175,1.2673081159591675
1176,1.8122490644454956
1177,1.8377147912979126
1178,1.3339037895202637
1179,1.820542812347412
1180,1.4735081195831299
1181,1.8811556100845337
1182,1.3529000282287598
1183,1.3990625143051147
1184,1.4432517290115356
1185,1.413781762123108
1186,1.233208417892456
1187,1.9948687553405762
1188,1.9029041528701782
1189,1.7382175922393799
1190,1.4138505458831787
1191,1.434022307395935
1192,1.9224560260772705
1193,1.436611294746399
1194,1.416090726852417
1195,1.7544037103652954
1196,1.5090354681015015
1197,1.433722972869873
1198,1.8038190603256226
1199,1.433910846710205
1200,1.4430274963378906
1201,1.9910651445388794
1202,1.4787898063659668
1203,1.692078709602356
1204,1.3584837913513184
1205,1.3388986587524414
1206,1.9117107391357422
1207,1.910321831703186
1208,1.2117362022399902
1209,1.98814058303833
1210,1.4229700565338135
1211,1.4641138315200806
1212,1.8581180572509766
1213,1.6755555868148804
1214,1.597367286682129
1215,1.4499820470809937
1216,1.344745397567749
1217,1.2520257234573364
1218,1.2717962265014648
1219,1.8252549171447754
1220,1.9230742454528809
1221,1.9951980113983154
1222,1.3173425197601318
1223,1.4882842302322388
1224,1.9385876655578613
1225,1.515392541885376
1226,1.3063377141952515
1227,1.3205580711364746
1228,1.3747122287750244
1229,1.3560017347335815
1230,1.390487790107727
1231,1.597063422203064
1232,1.278812289237976
1233,1.7736225128173828
1234,1.5984536409378052
1235,1.265507698059082
1236,1.4612762928009033
1237,1.358943223953247
1238,1.817700982093811
1239,1.288007378578186
1240,1.3858437538146973
1241,1.2397104501724243
1242,1.2822654247283936
1243,1.198710322380066
1244,1.5433412790298462
1245,1.5916049480438232
1246,1.9875681400299072
1247,1.3193682432174683
1248,1.4832078218460083
1249,1.8370816707611084
1250,1.432105541229248
1251,1.880476713180542
1252,1.5748883485794067
1253,1.88744056224823
1254,1.3833563327789307
1255,1.8204267024993896
1256,1.8542282581329346
1257,1.9684756994247437
1258,1.2444504499435425
1259,1.238993525505066
1260,1.824913740158081
1261,1.9973033666610718
1262,1.5289068222045898
1263,1.3745514154434204
1264,1.6749426126480103
1265,1.2517198324203491
1266,1.8095035552978516
1267,1.4745968580245972
1268,1.9962652921676636
1269,1.2257654666900635
1270,1.292099952697754
1271,1.455004334449768
1272,1.4013938903808594
1273,1.9903655052185059
1274,1.9863139390945435
1275,1.8188451528549194
1276,1.3784180879592896
1277,1.9725208282470703
1278,1.3403569459915161
1279,1.927962303161621
1280,1.996218204498291
1281,1.54347825050354
1282,1.2760570049285889
1283,1.420546531677246
1284,1.3210901021957397
1285,1.3128939867019653
1286,1.4612642526626587
1287,1.7662439346313477
1288,1.8839069604873657
1289,1.6618303060531616
1290,1.9161231517791748
1291,1.4495351314544678
1292,1.481803059577942
1293,1.295495629310608
1294,1.3017102479934692
1295,1.9502534866333008
1296,1.286840558052063
1297,1.4269766807556152
1298,1.1493008136749268
1299,1.3678361177444458
1300,1.9454386234283447
1301,1.8337115049362183
1302,1.5748616456985474
1303,1.423736572265625
1304,1.3787238597869873
1305,1.8991503715515137
1306,1.985589861869812
1307,1.334750771522522
1308,1.2399718761444092
1309,1.4940658807754517
1310,1.3276339769363403
1311,1.860236406326294
1312,1.6916325092315674
1313,1.9971237182617188
1314,1.7745161056518555
1315,1.1664917469024658
1316,1.5783804655075073
1317,1.7333259582519531
1318,1.2553422451019287
1319,1.733516812324524
1320,1.2052686214447021
1321,1.9834284782409668
1322,1.9285646677017212
1323,1.3385595083236694
1324,1.5904680490493774
1325,1.5549758672714233
1326,1.996103048324585
1327,1.331762671470642
1328,1.3488801717758179
1329,1.9221934080123901
1330,1.5804777145385742
1331,1.4359692335128784
1332,1.3178142309188843
1333,1.4193470478057861
1334,1.2667813301086426
1335,1.7013087272644043
1336,1.5667693614959717
1337,1.2418674230575562
1338,1.4217637777328491
1339,1.931643009185791
1340,1.8434337377548218
1341,1.8648247718811035
1342,1.7488170862197876
1343,1.454269289970398
1344,1.210869550704956
1345,1.2381715774536133
1346,1.8635653257369995
1347,1.8282335996627808
1348,1.9493299722671509
1349,1.8052490949630737
1350,1.8507745265960693
1351,1.16903817653656
1352,1.2278337478637695
1353,1.7198805809020996
1354,1.996429443359375
1355,1.3937588930130005
1356,1.218904733657837
1357,1.8593065738677979
1358,1.8000552654266357
1359,1.7567293643951416
1360,1.9594584703445435
1361,1.2345139980316162
1362,1.8359057903289795
1363,1.4344992637634277
1364,1.3971807956695557
1365,1.484931468963623
1366,1.454714298248291
1367,1.355205774307251
1368,1.2680530548095703
1369,1.9063236713409424
1370,1.8954330682754517
1371,1.434643030166626
1372,1.326264500617981
1373,1.3999961614608765
1374,1.242297887802124
1375,1.315321445465088
1376,1.3294436931610107
1377,1.9337340593338013
1378,1.3593676090240479
1379,1.5542969703674316
1380,1.9956364631652832
1381,1.39348304271698
1382,1.2618170976638794
1383,1.6730406284332275
1384,1.551092267036438
1385,1.356614589691162
1386,1.1800141334533691
1387,1.3768088817596436
1388,1.3831751346588135
1389,1.7711803913116455
1390,1.6158050298690796
1391,1.862140417098999
1392,1.320910930633545
1393,1.906911849975586
1394,1.197606086730957
1395,1.3103562593460083
1396,1.4843846559524536
1397,1.8227295875549316
1398,1.3710432052612305
1399,1.8743882179260254
1400,1.3246394395828247
1401,1.4776887893676758
1402,1.8973177671432495
1403,1.437560796737671
1404,1.5260608196258545
1405,1.4954142570495605
1406,1.3412774801254272
1407,1.9221810102462769
1408,1.5524076223373413
1409,1.396012544631958
1410,1.7399793863296509
1411,1.5156793594360352
1412,1.7327452898025513
1413,1.3189550638198853
1414,1.3653478622436523
1415,1.3063580989837646
1416,1.5078686475753784
1417,1.396151065826416
1418,1.9971438646316528
1419,1.7910895347595215
1420,1.2647267580032349
1421,1.4476478099822998
1422,1.506261944770813
1423,1.8364310264587402
1424,1.9759756326675415
1425,1.9136028289794922
1426,1.2917015552520752
1427,1.6514705419540405
1428,1.483520746231079
1429,1.2606045007705688
1430,1.2568988800048828
1431,1.2012203931808472
1432,1.8825830221176147
1433,1.2932536602020264
1434,1.4056624174118042
1435,1.3510290384292603
1436,1.8467934131622314
1437,1.2047446966171265
1438,1.531820297241211
1439,1.6904692649841309
1440,1.3887995481491089
1441,1.6002079248428345
1442,1.404428243637085
1443,1.8242088556289673
1444,1.6639084815979004
1445,1.7477922439575195
1446,1.3599750995635986
1447,1.9538586139678955
1448,1.1977009773254395
1449,1.690285086631775
1450,1.398930311203003
1451,1.5394651889801025
1452,1.6522305011749268
1453,1.7595168352127075
1454,1.455196499824524
1455,1.7788141965866089
1456,1.6868815422058105
1457,1.4785605669021606
1458,1.2472856044769287
1459,1.4553900957107544
1460,1.597476840019226
1461,1.3652453422546387
1462,1.641186237335205
1463,1.2826180458068848
1464,1.2102417945861816
1465,1.294739842414856
1466,1.2603387832641602
1467,1.307773470878601
1468,1.9944907426834106
1469,1.7986656427383423
1470,1.4266124963760376
1471,1.9866005182266235
1472,1.4502662420272827
1473,1.9872009754180908
1474,1.9924864768981934
1475,1.4537667036056519
1476,1.4138764142990112
1477,1.189422369003296
1478,1.884717345237732
1479,1.3148571252822876
1480,1.4253205060958862
1481,1.6856520175933838
1482,1.9268693923950195
1483,1.336282730102539
1484,1.7827696800231934
1485,1.2546484470367432
1486,1.5388580560684204
1487,1.5746079683303833
1488,1.2170238494873047
1489,1.2696510553359985
1490,1.4308903217315674
1491,1.8634666204452515
1492,1.4545034170150757
1493,1.9949206113815308
1494,1.2824671268463135
1495,1.5674114227294922
1496,1.4070994853973389
1497,1.3765373229980469
1498,1.0869269371032715
1499,1.6535677909851074
1500,1.9881012439727783
1501,1.4207730293273926
1502,1.4652081727981567
1503,1.431199073791504
1504,1.2086198329925537
1505,1.3516677618026733
1506,1.7733255624771118
1507,1.9961050748825073
1508,1.417760968208313
1509,1.205898642539978
1510,1.2897775173187256
1511,1.7825363874435425
1512,1.9836171865463257
1513,1.293547511100769
1514,1.1980559825897217
1515,1.5138134956359863
1516,1.567545771598816
1517,1.9908795356750488
1518,1.5876158475875854
1519,1.297131061553955
1520,1.6006674766540527
1521,1.9168179035186768
1522,1.792504072189331
1523,1.9221330881118774
1524,1.6160541772842407
1525,1.4531586170196533
1526,1.3087974786758423
1527,1.399684190750122
1528,1.8019278049468994
1529,1.462859034538269
1530,1.4944857358932495
1531,1.5074292421340942
1532,1.8913484811782837
1533,1.7362096309661865
1534,1.5067269802093506
1535,1.7564045190811157
1536,1.4166704416275024
1537,1.3956106901168823
1538,1.7999541759490967
1539,1.8086137771606445
1540,1.2801629304885864
1541,1.3709930181503296
1542,1.4986785650253296
1543,1.4404056072235107
1544,1.326821208000183
1545,1.4619648456573486
1546,1.4700367450714111
1547,1.1384838819503784
1548,1.323107361793518
1549,1.983384609222412
1550,1.34559965133667
1551,1.2568541765213013
1552,1.3048886060714722
1553,1.40876305103302
1554,1.1956863403320312
1555,1.6784696578979492
1556,1.4312937259674072
1557,1.831842303276062
1558,1.9919979572296143
1559,1.30758535861969
1560,1.6574608087539673
1561,1.9398733377456665
1562,1.8478775024414062
1563,1.9786018133163452
1564,1.4210383892059326
1565,1.3569116592407227
1566,1.9982961416244507
1567,1.9733984470367432
1568,1.4794561862945557
1569,1.9796442985534668
1570,1.2579654455184937
1571,1.4301425218582153
1572,1.722488284111023
1573,1.2832950353622437
1574,1.1960277557373047
1575,1.3513140678405762
1576,1.2598299980163574
1577,1.9224767684936523
1578,1.3788869380950928
1579,1.9965815544128418
1580,1.3831337690353394
1581,1.4808175563812256
1582,1.4433318376541138
1583,1.3249105215072632
1584,1.818042516708374
1585,1.223992943763733
1586,1.5610673427581787
1587,1.368205189704895
1588,1.726538896560669
1589,1.9414297342300415
1590,1.5109176635742188
1591,1.4727259874343872
1592,1.995985984802246
1593,1.459046721458435
1594,1.2549293041229248
1595,1.6990388631820679
1596,1.9726150035858154
1597,1.269954800605774
1598,1.5252234935760498
1599,1.980224847793579
1600,1.4763480424880981
1601,1.238472819328308
1602,1.7426975965499878
1603,1.472614049911499
1604,1.1327919960021973
1605,1.8248552083969116
1606,1.4198048114776611
1607,1.4104427099227905
1608,1.4254837036132812
1609,1.991485834121704
1610,1.5028619766235352
1611,1.456878900527954
1612,1.8464367389678955
1613,1.3658556938171387
1614,1.4562538862228394
1615,1.4816277027130127
1616,1.784933090209961
1617,1.3388721942901611
1618,1.3040263652801514
1619,1.7997483015060425
1620,1.2484358549118042
1621,1.2013523578643799
1622,1.0992568731307983
1623,1.7170523405075073
1624,1.5180392265319824
1625,1.4694713354110718
1626,1.477484941482544
1627,1.9959251880645752
1628,1.462843656539917
1629,1.8855184316635132
1630,1.5501859188079834
1631,1.9801543951034546
1632,1.4076555967330933
1633,1.2262941598892212
1634,1.2157270908355713
1635,1.827682375907898
1636,1.9948581457138062
1637,1.2800168991088867
1638,1.4532209634780884
1639,1.4753947257995605
1640,1.8495204448699951
1641,1.8142313957214355
1642,1.7680938243865967
1643,1.4568191766738892
1644,1.993705153465271
1645,1.2322715520858765
1646,1.432449460029602
1647,1.2071318626403809
1648,1.4421050548553467
1649,1.5064162015914917
1650,1.322867512702942
1651,1.2321699857711792
1652,1.3207646608352661
1653,1.5628938674926758
1654,1.9104886054992676
1655,1.8846473693847656
1656,1.9934066534042358
1657,1.3486734628677368
1658,1.448834776878357
1659,1.7174140214920044
1660,1.9912528991699219
1661,1.287164330482483
1662,1.3506438732147217
1663,1.319374918937683
1664,1.4346599578857422
1665,1.3856045007705688
1666,1.3535486459732056
1667,1.9917124509811401
1668,1.404982328414917
1669,1.894667625427246
1670,1.3509422540664673
1671,1.2762072086334229
1672,1.8171112537384033
1673,1.8281129598617554
1674,1.9932310581207275
1675,1.4554659128189087
1676,1.610780954360962
1677,1.5325654745101929
1678,1.984200358390808
1679,1.1832071542739868
1680,1.2769125699996948
1681,1.6476616859436035
1682,1.4362223148345947
1683,1.419783592224121
1684,1.0823898315429688
1685,1.988013505935669
1686,1.7475799322128296
1687,1.5032737255096436
1688,1.2930115461349487
1689,1.427595615386963
1690,1.3799080848693848
1691,1.216936707496643
1692,1.7137036323547363
1693,1.992622971534729
1694,1.3552889823913574
1695,1.2784792184829712
1696,1.395236849784851
1697,1.259210228919983
1698,1.8482969999313354
1699,1.3223870992660522
1700,1.3083865642547607
1701,1.4108335971832275
1702,1.2517083883285522
1703,1.4023065567016602
1704,1.5386089086532593
1705,1.4459178447723389
1706,1.9964995384216309
1707,1.367756962776184
1708,1.3194025754928589
1709,1.2142475843429565
1710,1.9948214292526245
1711,1.4625908136367798
1712,1.895117998123169
1713,1.3903366327285767
1714,1.410673975944519
1715,1.3183754682540894
1716,1.3266009092330933
1717,1.7349809408187866
1718,1.3606656789779663
1719,1.261655569076538
1720,1.99568510055542
1721,1.3519093990325928
1722,1.2865023612976074
1723,1.271302580833435
1724,1.9954062700271606
1725,1.55418062210083
1726,1.3093987703323364
1727,1.453174352645874
1728,1.657982587814331
1729,1.4560778141021729
1730,1.3465467691421509
1731,1.9885108470916748
1732,1.9020400047302246
1733,1.4042837619781494
1734,1.8522288799285889
1735,1.9864311218261719
1736,1.3779706954956055
1737,1.4127964973449707
1738,1.8685364723205566
1739,1.282450556755066
1740,1.9142897129058838
1741,1.5833361148834229
1742,1.473209023475647
1743,1.2879102230072021
1744,1.4509577751159668
1745,1.4443109035491943
1746,1.3183510303497314
1747,1.454601526260376
1748,1.5017882585525513
1749,1.2212121486663818
1750,1.4196972846984863
1751,1.7114129066467285
1752,1.2685892581939697
1753,1.942155361175537
1754,1.3415464162826538
1755,1.2287483215332031
1756,1.3310472965240479
1757,1.9808704853057861
1758,1.3279331922531128
1759,1.2383569478988647
1760,1.6324230432510376
1761,1.2103791236877441
1762,1.2406059503555298
1763,1.66796875
1764,1.7560333013534546
1765,1.3640259504318237
1766,1.5134261846542358
1767,1.932944893836975
1768,1.7190349102020264
1769,1.3555625677108765
1770,1.9947664737701416
1771,1.282190203666687
1772,1.466472864151001
1773,1.223836064338684
1774,1.4355778694152832
1775,1.407840371131897
1776,1.6294307708740234
1777,1.240616798400879
1778,1.9958150386810303
1779,1.2892067432403564
1780,1.2740368843078613
1781,1.1810184717178345
1782,1.4124505519866943
1783,1.6243464946746826
1784,1.239249587059021
1785,1.4512939453125
1786,1.7211997509002686
1787,1.4284272193908691
1788,1.3357864618301392
1789,1.7697134017944336
1790,1.3296964168548584
1791,1.239288568496704
1792,1.4846272468566895
1793,1.3087849617004395
1794,1.9764766693115234
1795,1.2738614082336426
1796,1.780950665473938
1797,1.3474111557006836
1798,1.9931161403656006
1799,1.6591384410858154
1800,1.7811775207519531
1801,1.3527249097824097
1802,1.990016222000122
1803,1.6356333494186401
1804,1.9961214065551758
1805,1.463437795639038
1806,1.4968875646591187
1807,1.136642336845398
1808,1.5091044902801514
1809,1.9860886335372925
1810,1.4857590198516846
1811,1.3387781381607056
1812,1.3516745567321777
1813,1.347243070602417
1814,1.7142329216003418
1815,1.6123994588851929
1816,1.1369677782058716
1817,1.4318668842315674
1818,1.4852073192596436
1819,1.2742584943771362
1820,1.1962003707885742
1821,1.5621002912521362
1822,1.5450201034545898
1823,1.90311598777771
1824,1.3865057229995728
1825,1.7817323207855225
1826,1.1954469680786133
1827,1.4586864709854126
1828,1.942173719406128
1829,1.4176647663116455
1830,1.3126022815704346
1831,1.5664350986480713
1832,1.3425601720809937
1833,1.2916524410247803
1834,1.3326421976089478
1835,1.2061034440994263
1836,1.2022205591201782
1837,1.3248498439788818
1838,1.414916753768921
1839,1.6073298454284668
1840,1.851809024810791
1841,1.7748826742172241
1842,1.9004027843475342
1843,1.985731840133667
1844,1.8812717199325562
1845,1.5248217582702637
1846,1.2247319221496582
1847,1.9845184087753296
1848,1.4698243141174316
1849,1.8353376388549805
1850,1.338718056678772
1851,1.5044152736663818
1852,1.8038519620895386
1853,1.3282601833343506
1854,1.7560839653015137
1855,1.9859724044799805
1856,1.2940547466278076
1857,1.8721153736114502
1858,1.4037295579910278
1859,1.3126511573791504
1860,1.3930529356002808
1861,1.8193966150283813
1862,1.3548619747161865
1863,1.4062305688858032
1864,1.352501630783081
1865,1.4841673374176025
1866,1.8659696578979492
1867,1.4639801979064941
1868,1.2090188264846802
1869,1.2916033267974854
1870,1.4115575551986694
1871,1.9091405868530273
1872,1.3002570867538452
1873,1.3531700372695923
1874,1.9238659143447876
1875,1.9340838193893433
1876,1.3345195055007935
1877,1.4280413389205933
1878,1.4545042514801025
1879,1.7187449932098389
1880,1.8982521295547485
1881,1.1746721267700195
1882,1.9793550968170166
1883,1.7848668098449707
1884,1.6189038753509521
1885,1.3590576648712158
1886,1.254488468170166
1887,1.5311353206634521
1888,1.2948622703552246
1889,1.2969844341278076
1890,1.3877067565917969
1891,1.6319624185562134
1892,1.8004058599472046
1893,1.4871691465377808
1894,1.557201862335205
1895,1.3579250574111938
1896,1.2613232135772705
1897,1.4684256315231323
1898,1.4266985654830933
1899,1.3578567504882812
1900,1.442399024963379
1901,1.591225028038025
1902,1.9849034547805786
1903,1.8083797693252563
1904,1.4964114427566528
1905,1.333666443824768
1906,1.6091063022613525
1907,1.8482673168182373
1908,1.7534152269363403
1909,1.456952691078186
1910,1.4071048498153687
1911,1.7877916097640991
1912,1.4179683923721313
1913,1.3627326488494873
1914,1.9984627962112427
1915,1.3948675394058228
1916,1.514911413192749
1917,1.4219835996627808
1918,1.2980998754501343
1919,1.4804587364196777
1920,1.6760703325271606
1921,1.9959673881530762
1922,1.9966483116149902
1923,1.3675591945648193
1924,1.3023301362991333
1925,1.7315518856048584
1926,1.4398205280303955
1927,1.4976249933242798
1928,1.9958442449569702
1929,1.3981683254241943
1930,1.9919569492340088
1931,1.2488386631011963
1932,1.260481595993042
1933,1.4856659173965454
1934,1.9931654930114746
1935,1.9286036491394043
1936,1.2890329360961914
1937,1.9284595251083374
1938,1.2257989645004272
1939,1.8214770555496216
1940,1.5269875526428223
1941,1.991320252418518
1942,1.298510193824768
1943,1.3558670282363892
1944,1.4245811700820923
1945,1.4683269262313843
1946,1.3337805271148682
1947,1.1910228729248047
1948,1.8882051706314087
1949,1.5060888528823853
1950,1.2626721858978271
1951,1.3402315378189087
1952,1.275433897972107
1953,1.2712931632995605
1954,1.3235366344451904
1955,1.4001637697219849
1956,1.4239176511764526
1957,1.3536901473999023
1958,1.4033442735671997
1959,1.5979374647140503
1960,1.763596773147583
1961,1.3386294841766357
1962,1.6036194562911987
1963,1.851466417312622
1964,1.8717262744903564
1965,1.9983525276184082
1966,1.6056859493255615
1967,1.99713933467865
1968,1.9049067497253418
1969,1.3215444087982178
1970,1.1636030673980713
1971,1.5509917736053467
1972,1.524039626121521
1973,1.3848263025283813
1974,1.2735282182693481
1975,1.7146316766738892
1976,1.3779925107955933
1977,1.907868504524231
1978,1.9530876874923706
1979,1.3075149059295654
1980,1.2500789165496826
1981,1.9220958948135376
1982,1.6811449527740479
1983,1.2966030836105347
1984,1.3077143430709839
1985,1.1725077629089355
1986,1.2706810235977173
1987,1.9951680898666382
1988,1.3376315832138062
1989,1.521251916885376
1990,1.293516755104065
1991,1.5038813352584839
1992,1.6127026081085205
1993,1.1653766632080078
1994,1.7455264329910278
1995,1.2150180339813232
1996,1.994486689567566
1997,1.440586805343628
1998,1.9945080280303955
1999,1.8412474393844604
2000,1.1945573091506958
2001,1.9948264360427856
2002,1.3828896284103394
2003,1.5521411895751953
2004,1.5654170513153076
2005,1.3775581121444702
2006,1.373114824295044
2007,1.4455935955047607
2008,1.159001350402832
2009,1.5042576789855957
2010,1.8329910039901733
2011,1.3252485990524292
2012,1.4397248029708862
2013,1.4945194721221924
2014,1.4011609554290771
2015,1.2948107719421387
2016,1.4157310724258423
2017,1.459201693534851
2018,1.3121181726455688
2019,1.43778657913208
2020,1.2016783952713013
2021,1.314537763595581
2022,1.3026092052459717
2023,1.3306525945663452
2024,1.5335127115249634
2025,1.3279186487197876
2026,1.7220635414123535
2027,1.7085167169570923
2028,1.8078300952911377
2029,1.6376521587371826
2030,1.3220856189727783
2031,1.3028062582015991
2032,1.391509771347046
2033,1.991750955581665
2034,1.6013307571411133
2035,1.7353068590164185
2036,1.8453224897384644
2037,1.472406029701233
2038,1.997890591621399
2039,1.4081426858901978
2040,1.4036459922790527
2041,1.3718137741088867
2042,1.3047605752944946
2043,1.4529660940170288
2044,1.2644413709640503
2045,1.2464919090270996
2046,1.9656784534454346
2047,1.9657129049301147
2048,1.8270257711410522
2049,1.4112802743911743
2050,1.417876958847046
2051,1.9924342632293701
2052,1.9426202774047852
2053,1.4865667819976807
2054,1.4656929969787598
2055,1.1927080154418945
2056,1.4277217388153076
2057,1.7147897481918335
2058,1.3853578567504883
2059,1.6184589862823486
2060,1.5322624444961548
2061,1.5515131950378418
2062,1.3232604265213013
2063,1.3897467851638794
2064,1.9963384866714478
2065,1.8345592021942139
2066,1.5542998313903809
2067,1.6110796928405762
2068,1.351860761642456
2069,1.2861289978027344
2070,1.2176918983459473
2071,1.255940318107605
2072,1.7270838022232056
2073,1.4782437086105347
2074,1.4852759838104248
2075,1.995362401008606
2076,1.6887388229370117
2077,1.2181662321090698
2078,1.3204727172851562
2079,1.9962236881256104
2080,1.99216890335083
2081,1.289262294769287
2082,1.9165229797363281
2083,1.4826558828353882
2084,1.337485671043396
2085,1.3894810676574707
2086,1.9889124631881714
2087,1.9793708324432373
2088,1.7742522954940796
2089,1.359147071838379
2090,1.5447224378585815
2091,1.9787516593933105
2092,1.202715277671814
2093,1.2503325939178467
2094,1.394660472869873
2095,1.8208085298538208
2096,1.3475916385650635
2097,1.8790746927261353
2098,1.307234764099121
2099,1.9928628206253052
2100,1.716128945350647
2101,1.301621913909912
2102,1.4501240253448486
2103,1.3987900018692017
2104,1.8914282321929932
2105,1.427327036857605
2106,1.720424771308899
2107,1.4042867422103882
2108,1.993259310722351
2109,1.3171758651733398
2110,1.225706934928894
2111,1.5254924297332764
2112,1.5112966299057007
2113,1.6456735134124756
2114,1.9879519939422607
2115,1.983136773109436
2116,1.271376609802246
2117,1.446984887123108
2118,1.6695775985717773
2119,1.5508966445922852
2120,1.9136762619018555
2121,1.5776480436325073
2122,1.562455654144287
2123,1.9967056512832642
2124,1.4640860557556152
2125,1.8454684019088745
2126,1.2261263132095337
2127,1.631177544593811
2128,1.614258050918579
2129,1.2969012260437012
2130,1.4995394945144653
2131,1.7664921283721924
2132,1.3849595785140991
2133,1.3023484945297241
2134,1.976785659790039
2135,1.4278193712234497
2136,1.3973078727722168
2137,1.2475587129592896
2138,1.3244225978851318
2139,1.9662342071533203
2140,1.9904987812042236
2141,1.386520504951477
2142,1.8678719997406006
2143,1.2118723392486572
2144,1.9892044067382812
2145,1.3851706981658936
2146,1.9866169691085815
2147,1.5768764019012451
2148,1.994635820388794
2149,1.5307413339614868
2150,1.3331828117370605
2151,1.81391179561615
2152,1.561069130897522
2153,1.6269423961639404
2154,1.6588953733444214
2155,1.8509076833724976
2156,1.3257455825805664
2157,1.5426428318023682
2158,1.3050663471221924
2159,1.3712797164916992
2160,1.254582166671753
2161,1.5643352270126343
2162,1.8630152940750122
2163,1.5050065517425537
2164,1.3948862552642822
2165,1.2374482154846191
2166,1.4699463844299316
2167,1.162341833114624
2168,1.1664905548095703
2169,1.9259053468704224
2170,1.3419389724731445
2171,1.0949839353561401
2172,1.4500930309295654
2173,1.6238315105438232
2174,1.1971956491470337
2175,1.8857946395874023
2176,1.8729476928710938
2177,1.2106051445007324
2178,1.3277885913848877
2179,1.4034713506698608
2180,1.4181169271469116
2181,1.4578500986099243
2182,1.6889883279800415
2183,1.4107898473739624
2184,1.7400423288345337
2185,1.7366002798080444
2186,1.8025254011154175
2187,1.4657574892044067
2188,1.2358239889144897
2189,1.9045580625534058
2190,1.555372714996338
2191,1.4560695886611938
2192,1.3419557809829712
2193,1.5370128154754639
2194,1.3112897872924805
2195,1.4463623762130737
2196,1.8684345483779907
2197,1.5619103908538818
2198,1.2707993984222412
2199,1.2974684238433838
2200,1.360568642616272
2201,1.7096449136734009
2202,1.3549226522445679
2203,1.4025756120681763
2204,1.9954323768615723
2205,1.5583196878433228
2206,1.4249110221862793
2207,1.5744887590408325
2208,1.199253797531128
2209,1.2778449058532715
2210,1.7141501903533936
2211,1.3816330432891846
2212,1.3649393320083618
2213,1.6999160051345825
2214,1.3841716051101685
2215,1.8371336460113525
2216,1.4298722743988037
2217,1.5819438695907593
2218,1.4593005180358887
2219,1.5138936042785645
2220,1.340714454650879
2221,1.4208660125732422
2222,1.509786605834961
2223,1.5449161529541016
2224,1.7600094079971313
2225,1.6713591814041138
2226,1.6725645065307617
2227,1.390852928161621
2228,1.6178635358810425
2229,1.8787184953689575
2230,1.3693863153457642
2231,1.3406487703323364
2232,1.7488136291503906
2233,1.3168532848358154
2234,1.2094658613204956
2235,1.380643367767334
2236,1.9480007886886597
2237,1.20447838306427
2238,1.7384144067764282
2239,1.3260667324066162
2240,1.46601140499115
2241,1.8829699754714966
2242,1.1951868534088135
2243,1.492566704750061
2244,1.5006943941116333
2245,1.1763330698013306
2246,1.8336384296417236
2247,1.2251414060592651
2248,1.6819789409637451
2249,1.99229097366333
2250,1.9872647523880005
2251,1.3718328475952148
2252,1.509830117225647
2253,1.6090753078460693
2254,1.432804822921753
2255,1.2700879573822021
2256,1.9890098571777344
2257,1.1835601329803467
2258,1.3868495225906372
2259,1.2806276082992554
2260,1.9911259412765503
2261,1.2874218225479126
2262,1.3986375331878662
2263,1.2406805753707886
2264,1.4403494596481323
2265,1.9894171953201294
2266,1.1481057405471802
2267,1.6385620832443237
2268,1.3744909763336182
2269,1.3873265981674194
2270,1.3956847190856934
2271,1.2963961362838745
2272,1.6486599445343018
2273,1.366990089416504
2274,1.9487740993499756
2275,1.9904437065124512
2276,1.9933158159255981
2277,1.2210553884506226
2278,1.4144567251205444
2279,1.272641658782959
2280,1.3274282217025757
2281,1.9940142631530762
2282,1.4292532205581665
2283,1.3510611057281494
2284,1.2195003032684326
2285,1.3453850746154785
2286,1.3337491750717163
2287,1.135866641998291
2288,1.378413200378418
2289,1.2934269905090332
2290,1.41695237159729
2291,1.622875690460205
2292,1.244207501411438
2293,1.5514901876449585
2294,1.8997136354446411
2295,1.3955134153366089
2296,1.3459163904190063
2297,1.3634499311447144
2298,1.444139838218689
2299,1.4737844467163086
2300,1.6140341758728027
2301,1.9876487255096436
2302,1.8769030570983887
2303,1.3705426454544067
2304,1.2892165184020996
2305,1.727069616317749
2306,1.9937208890914917
2307,1.720773458480835
2308,1.5537514686584473
2309,1.3274503946304321
2310,1.8500767946243286
2311,1.506317377090454
2312,1.282820224761963
2313,1.338788628578186
2314,1.394193410873413
2315,1.9979355335235596
2316,1.9365249872207642
2317,1.7342807054519653
2318,1.596490502357483
2319,1.2639381885528564
2320,1.4061620235443115
2321,1.7992414236068726
2322,1.9945863485336304
2323,1.5753260850906372
2324,1.7617892026901245
2325,1.1147665977478027
2326,1.2658427953720093
2327,1.755216360092163
2328,1.3332672119140625
2329,1.1170541048049927
2330,1.5631078481674194
2331,1.9936789274215698
2332,1.6722278594970703
2333,1.306166410446167
2334,1.3583757877349854
2335,1.2454677820205688
2336,1.4229649305343628
2337,1.3075932264328003
2338,1.3163249492645264
2339,1.388384461402893
2340,1.5267560482025146
2341,1.8665883541107178
2342,1.2218176126480103
2343,1.9961148500442505
2344,1.2519406080245972
2345,1.4267306327819824
2346,1.3070588111877441
2347,1.2891342639923096
2348,1.4482407569885254
2349,1.5846678018569946
2350,1.684104084968567
2351,1.3125876188278198
2352,1.5312352180480957
2353,1.5914863348007202
2354,1.9961795806884766
2355,1.2029080390930176
2356,1.8511605262756348
2357,1.1415244340896606
2358,1.8241393566131592
2359,1.5800601243972778
2360,1.3053532838821411
2361,1.310688853263855
2362,1.9127901792526245
2363,1.3096510171890259
2364,1.457846999168396
2365,1.4545624256134033
2366,1.3280348777770996
2367,1.3777447938919067
2368,1.2387597560882568
2369,1.7276395559310913
2370,1.4523035287857056
2371,1.5753777027130127
2372,1.377036213874817
2373,1.3627585172653198
2374,1.3149698972702026
2375,1.4051777124404907
2376,1.3237451314926147
2377,1.2484161853790283
2378,1.4781687259674072
2379,1.4365640878677368
2380,1.6332740783691406
2381,1.7579853534698486
2382,1.705721139907837
2383,1.9919359683990479
2384,1.990967869758606
2385,1.5947318077087402
2386,1.9487783908843994
2387,1.440962553024292
2388,1.5133640766143799
2389,1.3282493352890015
2390,1.416159749031067
2391,1.6724603176116943
2392,1.4120169878005981
2393,1.6151891946792603
2394,1.273756504058838
2395,1.2679575681686401
2396,1.799904704093933
2397,1.466783046722412
2398,1.6191160678863525
2399,1.9901738166809082
2400,1.7317770719528198
2401,1.5631287097930908
2402,1.6841195821762085
2403,1.4671443700790405
2404,1.718522071838379
2405,1.3975094556808472
2406,1.2958446741104126
2407,1.9620956182479858
2408,1.2408695220947266
2409,1.5998103618621826
2410,1.4288585186004639
2411,1.3828426599502563
2412,1.674839973449707
2413,1.5012403726577759
2414,1.2385510206222534
2415,1.4477696418762207
2416,1.3265372514724731
2417,1.9749865531921387
2418,1.1738346815109253
2419,1.8295960426330566
2420,1.9933253526687622
2421,1.527490258216858
2422,1.9457156658172607
2423,1.9922151565551758
2424,1.2585440874099731
2425,1.7389771938323975
2426,1.4612325429916382
2427,1.2907874584197998
2428,1.2930309772491455
2429,1.9944100379943848
2430,1.434791088104248
2431,1.1481049060821533
2432,1.9913685321807861
2433,1.2513129711151123
2434,1.349070429801941
2435,1.4836734533309937
2436,1.2726186513900757
2437,1.6588428020477295
2438,1.918412446975708
2439,1.728261113166809
2440,1.4031964540481567
2441,1.7946107387542725
2442,1.30830979347229
2443,1.5766546726226807
2444,1.9199472665786743
2445,1.2531564235687256
2446,1.9952151775360107
2447,1.4475233554840088
2448,1.993528127670288
2449,1.4972517490386963
2450,1.3789318799972534
2451,1.4203020334243774
2452,1.8250888586044312
2453,1.290640950202942
2454,1.6078296899795532
2455,1.6838605403900146
2456,1.4263513088226318
2457,1.2722694873809814
2458,1.8569929599761963
2459,1.9202444553375244
2460,1.9894447326660156
2461,1.811403512954712
2462,1.9933178424835205
2463,1.9874788522720337
2464,1.920499563217163
2465,1.4089566469192505
2466,1.4587441682815552
2467,1.507565975189209
2468,1.4441273212432861
2469,1.4384567737579346
2470,1.406911849975586
2471,1.4306598901748657
2472,1.2512528896331787
2473,1.46234929561615
2474,1.4703161716461182
2475,1.4440524578094482
2476,1.3440378904342651
2477,1.4865102767944336
2478,1.504724383354187
2479,1.2164565324783325
2480,1.3440030813217163
2481,1.3908549547195435
2482,1.9850356578826904
2483,1.3925766944885254
2484,1.4634517431259155
2485,1.266036868095398
2486,1.4261592626571655
2487,1.3260184526443481
2488,1.3334369659423828
2489,1.5923513174057007
2490,1.3640249967575073
2491,1.2691956758499146
2492,1.9808354377746582
2493,1.8080596923828125
2494,1.4980590343475342
2495,1.4635987281799316
2496,1.854417085647583
2497,1.9956893920898438
2498,1.317995309829712
2499,1.8479620218276978
2500,1.4208409786224365
2501,1.321407437324524
2502,1.2529609203338623
2503,1.7349072694778442
2504,1.7951076030731201
2505,1.310309648513794
2506,1.4883230924606323
2507,1.5822254419326782
2508,1.3469184637069702
2509,1.4429080486297607
2510,1.4837102890014648
2511,1.8457872867584229
2512,1.6102888584136963
2513,1.3981668949127197
2514,1.6676685810089111
2515,1.2778311967849731
2516,1.357010841369629
2517,1.188449501991272
2518,1.991248607635498
2519,1.9946590662002563
2520,1.66085946559906
2521,1.3712280988693237
2522,1.4983080625534058
2523,1.5380606651306152
2524,1.7244093418121338
2525,1.8349815607070923
2526,1.2943336963653564
2527,1.615129828453064
2528,1.9690911769866943
2529,1.7024005651474
2530,1.4377639293670654
2531,1.765329122543335
2532,1.3546913862228394
2533,1.38166344165802
2534,1.5958725214004517
2535,1.318634271621704
2536,1.4748013019561768
2537,1.5949417352676392
2538,1.3618627786636353
2539,1.359842300415039
2540,1.4478293657302856
2541,1.359074592590332
2542,1.477174997329712
2543,1.881969928741455
2544,1.3298879861831665
2545,1.2624868154525757
2546,1.2800003290176392
2547,1.9978796243667603
2548,1.4054696559906006
2549,1.40232515335083
2550,1.257203221321106
2551,1.4699723720550537
2552,1.280454397201538
2553,1.7709763050079346
2554,1.4582339525222778
2555,1.4964985847473145
2556,1.9962936639785767
2557,1.4504046440124512
2558,1.225267767906189
2559,1.7221494913101196
2560,1.3191050291061401
2561,1.9255391359329224
2562,1.6066186428070068
2563,1.2083561420440674
2564,1.8404988050460815
2565,1.474562168121338
2566,1.6030237674713135
2567,1.280612826347351
2568,1.4031962156295776
2569,1.5141875743865967
2570,1.4536941051483154
2571,1.3200514316558838
2572,1.9960705041885376
2573,1.9357630014419556
2574,1.3792239427566528
2575,1.4359242916107178
2576,1.3300749063491821
2577,1.8248748779296875
2578,1.1701736450195312
2579,1.9924601316452026
2580,1.9921926259994507
2581,1.2745375633239746
2582,1.2415692806243896
2583,1.6529844999313354
2584,1.200067162513733
2585,1.5376992225646973
2586,1.443221926689148
2587,1.9651790857315063
2588,1.2409687042236328
2589,1.2283110618591309
2590,1.9250776767730713
2591,1.4995191097259521
2592,1.90220046043396
2593,1.6873661279678345
2594,1.1447317600250244
2595,1.4986093044281006
2596,1.5854371786117554
2597,1.9911816120147705
2598,1.3755558729171753
2599,1.8104522228240967
2600,1.439155101776123
2601,1.3930318355560303
2602,1.3507966995239258
2603,1.391451120376587
2604,1.2873190641403198
2605,1.5444152355194092
2606,1.8915259838104248
2607,1.2059870958328247
2608,1.810326337814331
2609,1.9433330297470093
2610,1.4079450368881226
2611,1.6678335666656494
2612,1.5540379285812378
2613,1.849304437637329
2614,1.988196849822998
2615,1.9638066291809082
2616,1.4126819372177124
2617,1.8973621129989624
2618,1.7068501710891724
2619,1.8908947706222534
2620,1.2885665893554688
2621,1.8289549350738525
2622,1.440630555152893
2623,1.2439428567886353
2624,1.3420233726501465
2625,1.3476243019104004
2626,1.7367011308670044
2627,1.4130886793136597
2628,1.4080179929733276
2629,1.7138159275054932
2630,1.167450189590454
2631,1.5881203413009644
2632,1.2194594144821167
2633,1.4328126907348633
2634,1.9964208602905273
2635,1.5340698957443237
2636,1.4620869159698486
2637,1.2146317958831787
2638,1.376082420349121
2639,1.591413140296936
2640,1.1990740299224854
2641,1.9392365217208862
2642,1.5756256580352783
2643,1.2901976108551025
2644,1.4408396482467651
2645,1.4563125371932983
2646,1.4170968532562256
2647,1.2895723581314087
2648,1.4063173532485962
2649,1.288108229637146
2650,1.5004819631576538
2651,1.2100977897644043
2652,1.2795021533966064
2653,1.4400451183319092
2654,1.264970064163208
2655,1.980791449546814
2656,1.9519586563110352
2657,1.9912757873535156
2658,1.943375587463379
2659,1.9961156845092773
2660,1.6623318195343018
2661,1.3488034009933472
2662,1.4109967947006226
2663,1.422410011291504
2664,1.416117787361145
2665,1.7254036664962769
2666,1.362464189529419
2667,1.232852816581726
2668,1.1996043920516968
2669,1.1815346479415894
2670,1.3462480306625366
2671,1.2627980709075928
2672,1.2491774559020996
2673,1.4248192310333252
2674,1.2320737838745117
2675,1.2951544523239136
2676,1.699954628944397
2677,1.3064037561416626
2678,1.4657832384109497
2679,1.297037959098816
2680,1.8736190795898438
2681,1.9934171438217163
2682,1.3830039501190186
2683,1.3034756183624268
2684,1.3850665092468262
2685,1.775471806526184
2686,1.5964127779006958
2687,1.8884979486465454
2688,1.5029889345169067
2689,1.274078130722046
2690,1.5971285104751587
2691,1.4353034496307373
2692,1.482354998588562
2693,1.7418898344039917
2694,1.9585058689117432
2695,1.5828888416290283
2696,1.7600692510604858
2697,1.9979474544525146
2698,1.3379613161087036
2699,1.931201696395874
2700,1.207371711730957
2701,1.842670202255249
2702,1.3377031087875366
2703,1.3309441804885864
2704,1.5251271724700928
2705,1.248012900352478
2706,1.3438405990600586
2707,1.3528109788894653
2708,1.6358022689819336
2709,1.8069953918457031
2710,1.6015801429748535
2711,1.9054731130599976
2712,1.19694983959198
2713,1.3841111660003662
2714,1.5374119281768799
2715,1.3136584758758545
2716,1.8581814765930176
2717,1.2992931604385376
2718,1.6514451503753662
2719,1.3218427896499634
2720,1.9924277067184448
2721,1.994163990020752
2722,1.4729723930358887
2723,1.544004201889038
2724,1.9941141605377197
2725,1.401939868927002
2726,1.9433740377426147
2727,1.9888715744018555
2728,1.4342669248580933
2729,1.3312854766845703
2730,1.7241034507751465
2731,1.5358504056930542
2732,1.4103037118911743
2733,1.4677884578704834
2734,1.8283543586730957
2735,1.286691427230835
2736,1.504491925239563
2737,1.3774399757385254
2738,1.25140380859375
2739,1.9215378761291504
2740,1.9936727285385132
2741,1.35209059715271
2742,1.3380491733551025
2743,1.3196218013763428
2744,1.987471103668213
2745,1.6942992210388184
2746,1.866416573524475
2747,1.320058822631836
2748,1.374019742012024
2749,1.3135929107666016
2750,1.276806354522705
2751,1.2771023511886597
2752,1.9962583780288696
2753,1.8728986978530884
2754,1.352620005607605
2755,1.4340243339538574
2756,1.2176848649978638
2757,1.8043692111968994
2758,1.6641144752502441
2759,1.377535343170166
2760,1.9962174892425537
2761,1.2844592332839966
2762,1.2760573625564575
2763,1.3254790306091309
2764,1.7702243328094482
2765,1.4721499681472778
2766,1.8674122095108032
2767,1.4742892980575562
2768,1.499068021774292
2769,1.6884559392929077
2770,1.3025884628295898
2771,1.9080337285995483
2772,1.5859043598175049
2773,1.658522367477417
2774,1.4211050271987915
2775,1.8296871185302734
2776,1.35556161403656
2777,1.4914299249649048
2778,1.5738959312438965
2779,1.2946056127548218
2780,1.3687132596969604
2781,1.8807013034820557
2782,1.2936216592788696
2783,1.8385976552963257
2784,1.9314320087432861
2785,1.8375544548034668
2786,1.4206725358963013
2787,1.2720779180526733
2788,1.1790817975997925
2789,1.6293597221374512
2790,1.3355599641799927
2791,1.2944523096084595
2792,1.3535373210906982
2793,1.348556399345398
2794,1.3343980312347412
2795,1.25311279296875
2796,1.9959615468978882
2797,1.338505506515503
2798,1.8632725477218628
2799,1.3723721504211426
2800,1.2811734676361084
2801,1.8269397020339966
2802,1.8050044775009155
2803,1.822782278060913
2804,1.3519527912139893
2805,1.4987235069274902
2806,1.670715570449829
2807,1.4199278354644775
2808,1.2119643688201904
2809,1.3011431694030762
2810,1.4943147897720337
2811,1.4858499765396118
2812,1.979190707206726
2813,1.4270788431167603
2814,1.3906834125518799
2815,1.4640945196151733
2816,1.9130395650863647
2817,1.3990768194198608
2818,1.9889742136001587
2819,1.6209807395935059
2820,1.3166282176971436
2821,1.3019535541534424
2822,1.720965027809143
2823,1.9846278429031372
2824,1.24821138381958
2825,1.9922287464141846
2826,1.3751615285873413
2827,1.9899067878723145
2828,1.519320011138916
2829,1.9349007606506348
2830,1.224205493927002
2831,1.2846759557724
2832,1.3547617197036743
2833,1.721132516860962
2834,1.9942233562469482
2835,1.3298187255859375
2836,1.385227918624878
2837,1.4136857986450195
2838,1.419704794883728
2839,1.8843735456466675
2840,1.5126675367355347
2841,1.3066104650497437
2842,1.6708875894546509
2843,1.30340576171875
2844,1.491638422012329
2845,1.977131962776184
2846,1.5666598081588745
2847,1.8232567310333252
2848,1.2838791608810425
2849,1.4514780044555664
2850,1.7797391414642334
2851,1.9608867168426514
2852,1.6117169857025146
2853,1.4062312841415405
2854,1.547041416168213
2855,1.4457616806030273
2856,1.9254157543182373
2857,1.9959009885787964
2858,1.2989832162857056
2859,1.7288538217544556
2860,1.976628065109253
2861,1.7650281190872192
2862,1.4757564067840576
2863,1.2886401414871216
2864,1.996025800704956
2865,1.3111273050308228
2866,1.4540979862213135
2867,1.5305579900741577
2868,1.8631738424301147
2869,1.7875087261199951
2870,1.7739113569259644
2871,1.5156278610229492
2872,1.442869782447815
2873,1.8224705457687378
2874,1.4799963235855103
2875,1.8183192014694214
2876,1.6331405639648438
2877,1.4503637552261353
2878,1.5305571556091309
2879,1.6518900394439697
2880,1.3151066303253174
2881,1.9929653406143188
2882,1.318071722984314
2883,1.3025678396224976
2884,1.4186182022094727
2885,1.9767591953277588
2886,1.3023390769958496
2887,1.312911868095398
2888,1.660497784614563
2889,1.538427472114563
2890,1.3320554494857788
2891,1.8501996994018555
2892,1.4192122220993042
2893,1.2593820095062256
2894,1.85683274269104
2895,1.5230882167816162
2896,1.9992625713348389
2897,1.2831504344940186
2898,1.4450335502624512
2899,1.9265704154968262
2900,1.642688512802124
2901,1.9947500228881836
2902,1.2683794498443604
2903,1.3202093839645386
2904,1.5119199752807617
2905,1.418251633644104
2906,1.7821531295776367
2907,1.6126296520233154
2908,1.9958078861236572
2909,1.3092049360275269
2910,1.4806052446365356
2911,1.4086898565292358
2912,1.264297366142273
2913,1.416324496269226
2914,1.652718424797058
2915,1.7452324628829956
2916,1.3219972848892212
2917,1.7632956504821777
2918,1.4620777368545532
2919,1.5556989908218384
2920,1.5552558898925781
2921,1.7604552507400513
2922,1.7047089338302612
2923,1.238789439201355
2924,1.4304523468017578
2925,1.4822425842285156
2926,1.7261983156204224
2927,1.8266395330429077
2928,1.5014334917068481
2929,1.3502473831176758
2930,1.3373111486434937
2931,1.9905840158462524
2932,1.9108127355575562
2933,1.6291894912719727
2934,1.8478894233703613
2935,1.427518367767334
2936,1.4331551790237427
2937,1.9889774322509766
2938,1.4520820379257202
2939,1.260987401008606
2940,1.4808210134506226
2941,1.6218363046646118
2942,1.2721993923187256
2943,1.462356448173523
2944,1.9460244178771973
2945,1.410614013671875
2946,1.5639725923538208
2947,1.683680772781372
2948,1.9826103448867798
2949,1.8698172569274902
2950,1.927223801612854
2951,1.5862479209899902
2952,1.5736991167068481
2953,1.3767706155776978
2954,1.4197499752044678
2955,1.9866219758987427
2956,1.9868618249893188
2957,1.1759425401687622
2958,1.836232304573059
2959,1.4338359832763672
2960,1.35688316822052
2961,1.406558871269226
2962,1.4625669717788696
2963,1.260566234588623
2964,1.7782961130142212
2965,1.394791603088379
2966,1.9911155700683594
2967,1.3817483186721802
2968,1.519728660583496
2969,1.987284779548645
2970,1.30177903175354
2971,1.9839868545532227
2972,1.2830034494400024
2973,1.3884987831115723
2974,1.3448678255081177
2975,1.23085355758667
2976,1.8290770053863525
2977,1.2828084230422974
2978,1.6549454927444458
2979,1.4190634489059448
2980,1.3450878858566284
2981,1.3104850053787231
2982,1.9900553226470947
2983,1.405842661857605
2984,1.9233607053756714
2985,1.8530832529067993
2986,1.5390923023223877
2987,1.5317142009735107
2988,1.3710585832595825
2989,1.7217884063720703
2990,1.4359084367752075
2991,1.993939995765686
2992,1.2721260786056519
2993,1.1762510538101196
2994,1.5560927391052246
2995,1.753739595413208
2996,1.3466625213623047
2997,1.472652554512024
2998,1.3052631616592407
2999,1.6939419507980347
3000,1.3222439289093018
3001,1.6698464155197144
3002,1.5781933069229126
3003,1.6581875085830688
3004,1.409617304801941
3005,1.467746376991272
3006,1.4784600734710693
3007,1.4072120189666748
3008,1.3197028636932373
3009,1.8149700164794922
3010,1.238999843597412
3011,1.5500473976135254
3012,1.8577260971069336
3013,1.372604489326477
3014,1.7311391830444336
3015,1.992580533027649
3016,1.4421570301055908
3017,1.338599681854248
3018,1.2972936630249023
3019,1.9901176691055298
3020,1.3876694440841675
3021,1.3177510499954224
3022,1.374132513999939
3023,1.3728508949279785
3024,1.4631298780441284
3025,1.3342682123184204
3026,1.2408490180969238
3027,1.1718523502349854
3028,1.978517770767212
3029,1.431323528289795
3030,1.7519174814224243
3031,1.6083412170410156
3032,1.971754789352417
3033,1.3542468547821045
3034,1.3143367767333984
3035,1.257408618927002
3036,1.8928632736206055
3037,1.2871617078781128
3038,1.4547786712646484
3039,1.3893688917160034
3040,1.465430498123169
3041,1.662484049797058
3042,1.753822684288025
3043,1.3985273838043213
3044,1.3474332094192505
3045,1.9861679077148438
3046,1.5018932819366455
3047,1.4168168306350708
3048,1.8954766988754272
3049,1.3964921236038208
3050,1.1577460765838623
3051,1.4050250053405762
3052,1.4486308097839355
3053,1.2748162746429443
3054,1.9928501844406128
3055,1.3082853555679321
3056,1.3530817031860352
3057,1.3132857084274292
3058,1.492835283279419
3059,1.3150461912155151
3060,1.3060652017593384
3061,1.8857828378677368
3062,1.812550663948059
3063,1.3891514539718628
3064,1.9557976722717285
3065,1.2720756530761719
3066,1.3828067779541016
3067,1.2834428548812866
3068,1.93064284324646
3069,1.2844358682632446
3070,1.4068692922592163
3071,1.5904030799865723
3072,1.7264914512634277
3073,1.996709942817688
3074,1.777903437614441
3075,1.4630271196365356
3076,1.3977291584014893
3077,1.3224180936813354
3078,1.4101825952529907
3079,1.52338445186615
3080,1.4251042604446411
3081,1.4738459587097168
3082,1.7817355394363403
3083,1.994149923324585
3084,1.4516923427581787
3085,1.398959994316101
3086,1.4615581035614014
3087,1.7257167100906372
3088,1.9340144395828247
3089,1.7590465545654297
3090,1.9868929386138916
3091,1.9967411756515503
3092,1.3838152885437012
3093,1.5229657888412476
3094,1.4171113967895508
3095,1.4536659717559814
3096,1.989455223083496
3097,1.9930505752563477
3098,1.2338882684707642
3099,1.5709201097488403
3100,1.80070161819458
3101,1.5943695306777954
3102,1.5025527477264404
3103,1.925897240638733
3104,1.4220064878463745
3105,1.4740159511566162
3106,1.6860957145690918
3107,1.1460970640182495
3108,1.5497668981552124
3109,1.5685657262802124
3110,1.8915839195251465
3111,1.5298547744750977
3112,1.3617180585861206
3113,1.356362223625183
3114,1.3547451496124268
3115,1.6300716400146484
3116,1.9884220361709595
3117,1.464023232460022
3118,1.9788908958435059
3119,1.8772709369659424
3120,1.5441797971725464
3121,1.9110249280929565
3122,1.995424747467041
3123,1.3578777313232422
3124,1.463234782218933
3125,1.4854868650436401
3126,1.6411856412887573
3127,1.5938332080841064
3128,1.4166958332061768
3129,1.4569857120513916
3130,1.292006015777588
3131,1.4406620264053345
3132,1.4719411134719849
3133,1.3551338911056519
3134,1.5075730085372925
3135,1.5987610816955566
3136,1.3588435649871826
3137,1.3806949853897095
3138,1.9921913146972656
3139,1.2276115417480469
3140,1.6994856595993042
3141,1.273419737815857
3142,1.5611861944198608
3143,1.395613670349121
3144,1.150399923324585
3145,1.6083561182022095
3146,1.4992668628692627
3147,1.5446619987487793
3148,1.5183597803115845
3149,1.2909941673278809
3150,1.9215912818908691
3151,1.5463659763336182
3152,1.7984997034072876
3153,1.996225118637085
3154,1.173791766166687
3155,1.5064047574996948
3156,1.3582936525344849
3157,1.5253313779830933
3158,1.3418190479278564
3159,1.4957623481750488
3160,1.5330557823181152
3161,1.4204466342926025
3162,1.4099793434143066
3163,1.979771614074707
3164,1.3148247003555298
3165,1.4387120008468628
3166,1.352218747138977
3167,1.252058744430542
3168,1.491509199142456
3169,1.491525411605835
3170,1.3459830284118652
3171,1.188178300857544
3172,1.7413606643676758
3173,1.3699926137924194
3174,1.934861660003662
3175,1.7959785461425781
3176,1.5747114419937134
3177,1.840586543083191
3178,1.3417116403579712
3179,1.3527177572250366
3180,1.2563520669937134
3181,1.7781251668930054
3182,1.3789029121398926
3183,1.5628820657730103
3184,1.341636300086975
3185,1.3745050430297852
3186,1.1731443405151367
3187,1.5112751722335815
3188,1.3144952058792114
3189,1.5571961402893066
3190,1.6797209978103638
3191,1.3349666595458984
3192,1.9926949739456177
3193,1.8990610837936401
3194,1.7901610136032104
3195,1.8022668361663818
3196,1.3013850450515747
3197,1.0651696920394897
3198,1.5334341526031494
3199,1.8317822217941284
3200,1.401769995689392
3201,1.254494547843933
3202,1.5438342094421387
3203,1.562955617904663
3204,1.1863269805908203
3205,1.669514775276184
3206,1.76832914352417
3207,1.5529769659042358
3208,1.7083178758621216
3209,1.994270920753479
3210,1.3474403619766235
3211,1.4594467878341675
3212,1.648634433746338
3213,1.260657787322998
3214,1.7162588834762573
3215,1.56791353225708
3216,1.9256638288497925
3217,1.730505347251892
3218,1.5935786962509155
3219,1.8631647825241089
3220,1.5068297386169434
3221,1.619173526763916
3222,1.7103908061981201
3223,1.3714754581451416
3224,1.5899162292480469
3225,1.3223906755447388
3226,1.5419137477874756
3227,1.3750265836715698
3228,1.4227888584136963
3229,1.884050965309143
3230,1.4801594018936157
3231,1.4284143447875977
3232,1.3200360536575317
3233,1.3922054767608643
3234,1.9901037216186523
3235,1.5502997636795044
3236,1.9908634424209595
3237,1.7535150051116943
3238,1.4262659549713135
3239,1.5481817722320557
3240,1.9074662923812866
3241,1.1635264158248901
3242,1.537314772605896
3243,1.2853021621704102
3244,1.4113984107971191
3245,1.3638423681259155
3246,1.9974970817565918
3247,1.2941776514053345
3248,1.3153939247131348
3249,1.327206015586853
3250,1.7935367822647095
3251,1.4121086597442627
3252,1.9944452047348022
3253,1.3409136533737183
3254,1.4775441884994507
3255,1.2479945421218872
3256,1.296926736831665
3257,1.4762375354766846
3258,1.4827531576156616
3259,1.5200971364974976
3260,1.4882280826568604
3261,1.8337891101837158
3262,1.4458693265914917
3263,1.2206141948699951
3264,1.439575433731079
3265,1.6390661001205444
3266,1.9550561904907227
3267,1.631537675857544
3268,1.5369564294815063
3269,1.9938995838165283
3270,1.3210082054138184
3271,1.5150439739227295
3272,1.393369436264038
3273,1.314087986946106
3274,1.3664823770523071
3275,1.5267404317855835
3276,1.5311635732650757
3277,1.8335753679275513
3278,1.7690998315811157
3279,1.9940415620803833
3280,1.2974107265472412
3281,1.3864951133728027
3282,1.699769377708435
3283,1.643486738204956
3284,1.526442050933838
3285,1.2917449474334717
3286,1.3907719850540161
3287,1.3651137351989746
3288,1.897076964378357
3289,1.5982918739318848
3290,1.583230972290039
3291,1.4504566192626953
3292,1.4634859561920166
3293,1.993283748626709
3294,1.255646824836731
3295,1.8831956386566162
3296,1.4399983882904053
3297,1.4075077772140503
3298,1.982932448387146
3299,1.778226613998413
3300,1.4083610773086548
3301,1.6144012212753296
3302,1.3362517356872559
3303,1.6575100421905518
3304,1.1752142906188965
3305,1.860058069229126
3306,1.3627641201019287
3307,1.3162158727645874
3308,1.549628734588623
3309,1.3014037609100342
3310,1.4955300092697144
3311,1.4538788795471191
3312,1.4628843069076538
3313,1.1745306253433228
3314,1.8887951374053955
3315,1.2863205671310425
3316,1.4257146120071411
3317,1.7327167987823486
3318,1.8265321254730225
3319,1.4400964975357056
3320,1.235373854637146
3321,1.4727436304092407
3322,1.850803017616272
3323,1.2946341037750244
3324,1.3479728698730469
3325,1.9035570621490479
3326,1.4454749822616577
3327,1.4700688123703003
3328,1.861582636833191
3329,1.8666713237762451
3330,1.5264642238616943
3331,1.421867847442627
3332,1.4065908193588257
3333,1.1558390855789185
3334,1.986193060874939
3335,1.4800854921340942
3336,1.9920403957366943
3337,1.9314274787902832
3338,1.3598949909210205
3339,1.375586748123169
3340,1.989246129989624
3341,1.1868505477905273
3342,1.9949613809585571
3343,1.2784793376922607
3344,1.3073617219924927
3345,1.5313236713409424
3346,1.5083107948303223
3347,1.4151419401168823
3348,1.9711759090423584
3349,1.2238482236862183
3350,1.5137808322906494
3351,1.6395039558410645
3352,1.9918053150177002
3353,1.5642826557159424
3354,1.514055848121643
3355,1.3886380195617676
3356,1.9895797967910767
3357,1.2726614475250244
3358,1.5980143547058105
3359,1.560667872428894
3360,1.26715886592865
3361,1.4542429447174072
3362,1.3777923583984375
3363,1.6226739883422852
3364,1.9607367515563965
3365,1.2715356349945068
3366,1.7531687021255493
3367,1.3630142211914062
3368,1.9963371753692627
3369,1.3892635107040405
3370,1.2649924755096436
3371,1.4972457885742188
3372,1.402950406074524
3373,1.2266284227371216
3374,1.7464195489883423
3375,1.9551223516464233
3376,1.5799429416656494
3377,1.5592848062515259
3378,1.4036983251571655
3379,1.9947212934494019
3380,1.4025429487228394
3381,1.5781923532485962
3382,1.9964275360107422
3383,1.3112555742263794
3384,1.7946196794509888
3385,1.4906799793243408
3386,1.539172887802124
3387,1.6752498149871826
3388,1.3361842632293701
3389,1.9474620819091797
3390,1.302901029586792
3391,1.139244794845581
3392,1.4662024974822998
3393,1.51973557472229
3394,1.2757378816604614
3395,1.7342560291290283
3396,1.7729096412658691
3397,1.238214135169983
3398,1.454315185546875
3399,1.454681396484375
3400,1.370428204536438
3401,1.3357882499694824
3402,1.6056023836135864
3403,1.3786892890930176
3404,1.3188362121582031
3405,1.3411264419555664
3406,1.9925373792648315
3407,1.4100738763809204
3408,1.8025227785110474
3409,1.4515368938446045
3410,1.4350749254226685
3411,1.416922926902771
3412,1.2766834497451782
3413,1.533186674118042
3414,1.5413495302200317
3415,1.9934699535369873
3416,1.347845196723938
3417,1.993087887763977
3418,1.988307237625122
3419,1.1245909929275513
3420,1.28458833694458
3421,1.317893624305725
3422,1.1928646564483643
3423,1.4349045753479004
3424,1.4636609554290771
3425,1.5478098392486572
3426,1.4006332159042358
3427,1.6299773454666138
3428,1.1912931203842163
3429,1.4128422737121582
3430,1.7867599725723267
3431,1.487947702407837
3432,1.357698917388916
3433,1.309848427772522
3434,1.3673409223556519
3435,1.4469119310379028
3436,1.9934155941009521
3437,1.361129641532898
3438,1.2751308679580688
3439,1.4318464994430542
3440,1.6950303316116333
3441,1.9199334383010864
3442,1.807060718536377
3443,1.423147201538086
3444,1.471323847770691
3445,1.984500765800476
3446,1.2344907522201538
3447,1.503875732421875
3448,1.472041130065918
3449,1.3508577346801758
3450,1.3361111879348755
3451,1.1055289506912231
3452,1.4978421926498413
3453,1.5516234636306763
3454,1.99543297290802
3455,1.8876953125
3456,1.414009690284729
3457,1.7788187265396118
3458,1.9929600954055786
3459,1.9805549383163452
3460,1.5540156364440918
3461,1.4456628561019897
3462,1.6880769729614258
3463,1.4564125537872314
3464,1.2640076875686646
3465,1.955432653427124
3466,1.3187224864959717
3467,1.4301561117172241
3468,1.2892987728118896
3469,1.7738807201385498
3470,1.4437966346740723
3471,1.4010772705078125
3472,1.714856505393982
3473,1.3079652786254883
3474,1.4175981283187866
3475,1.7566587924957275
3476,1.2907047271728516
3477,1.3429479598999023
3478,1.4757068157196045
3479,1.6379637718200684
3480,1.5342777967453003
3481,1.826525092124939
3482,1.394953966140747
3483,1.9613195657730103
3484,1.9927529096603394
3485,1.5828193426132202
3486,1.3747751712799072
3487,1.9542179107666016
3488,1.4264271259307861
3489,1.9906095266342163
3490,1.984439730644226
3491,1.5258395671844482
3492,1.2904037237167358
3493,1.9668681621551514
3494,1.3837438821792603
3495,1.903120994567871
3496,1.8812830448150635
3497,1.7540122270584106
3498,1.540169358253479
3499,1.7880386114120483
3500,1.4071300029754639
3501,1.3611173629760742
3502,1.4813711643218994
3503,1.5283136367797852
3504,1.1735472679138184
3505,1.4391694068908691
3506,1.4971930980682373
3507,1.9953091144561768
3508,1.2979799509048462
3509,1.6121673583984375
3510,1.3720060586929321
3511,1.293533205986023
3512,1.2640339136123657
3513,1.4545211791992188
3514,1.3436253070831299
3515,1.8517718315124512
3516,1.2554073333740234
3517,1.273580551147461
3518,1.866264820098877
3519,1.3744840621948242
3520,1.3509271144866943
3521,1.366462230682373
3522,1.3575708866119385
3523,1.9441860914230347
3524,1.9902966022491455
3525,1.470127820968628
3526,1.3100250959396362
3527,1.9171605110168457
3528,1.546615481376648
3529,1.7219873666763306
3530,1.5977451801300049
3531,1.9872655868530273
3532,1.2133514881134033
3533,1.735353708267212
3534,1.9933369159698486
3535,1.2540528774261475
3536,1.9138151407241821
3537,1.992106318473816
3538,1.4675685167312622
3539,1.9266282320022583
3540,1.4026826620101929
3541,1.5563277006149292
3542,1.4969744682312012
3543,1.8444181680679321
3544,1.4065951108932495
3545,1.985474944114685
3546,1.2626672983169556
3547,1.5571531057357788
3548,1.248133659362793
3549,1.9972065687179565
3550,1.2702478170394897
3551,1.9873281717300415
3552,1.4225449562072754
3553,1.6812820434570312
3554,1.2688554525375366
3555,1.5720082521438599
3556,1.4929097890853882
3557,1.9736130237579346
3558,1.575456142425537
3559,1.3795158863067627
3560,1.3281285762786865
3561,1.457003116607666
3562,1.1560355424880981
3563,1.367997407913208
3564,1.9540073871612549
3565,1.3251283168792725
3566,1.3196156024932861
3567,1.4057291746139526
3568,1.7748585939407349
3569,1.4868154525756836
3570,1.2808269262313843
3571,1.532427191734314
3572,1.9886082410812378
3573,1.9530009031295776
3574,1.1516083478927612
3575,1.8210564851760864
3576,1.1399811506271362
3577,1.2162675857543945
3578,1.9931222200393677
3579,1.89806067943573
3580,1.4302672147750854
3581,1.5896196365356445
3582,1.9539270401000977
3583,1.2339553833007812
3584,1.8299477100372314
3585,1.351946473121643
3586,1.7957297563552856
3587,1.9916203022003174
3588,1.4867311716079712
3589,1.3443219661712646
3590,1.2995615005493164
3591,1.555690050125122
3592,1.2285414934158325
3593,1.3705319166183472
3594,1.816878080368042
3595,1.9924402236938477
3596,1.4413533210754395
3597,1.3977469205856323
3598,1.1550647020339966
3599,1.3942222595214844
3600,1.389150619506836
3601,1.4975371360778809
3602,1.9792877435684204
3603,1.9205243587493896
3604,1.6938350200653076
3605,1.723497748374939
3606,1.4561192989349365
3607,1.8949172496795654
3608,1.3796015977859497
3609,1.3275911808013916
3610,1.4410449266433716
3611,1.1131738424301147
3612,1.427550196647644
3613,1.989701271057129
3614,1.423539638519287
3615,1.981447458267212
3616,1.8947855234146118
3617,1.243080973625183
3618,1.8832597732543945
3619,1.7472995519638062
3620,1.3306432962417603
3621,1.2935236692428589
3622,1.1685895919799805
3623,1.5691195726394653
3624,1.6199054718017578
3625,1.9869444370269775
3626,1.8425829410552979
3627,1.667795181274414
3628,1.4694581031799316
3629,1.6289652585983276
3630,1.3408480882644653
3631,1.3421862125396729
3632,1.3266654014587402
3633,1.333625316619873
3634,1.4248381853103638
3635,1.2695292234420776
3636,1.3671915531158447
3637,1.8961918354034424
3638,1.9867308139801025
3639,1.4115281105041504
3640,1.8957575559616089
3641,1.7521603107452393
3642,1.566925048828125
3643,1.256365180015564
3644,1.8370901346206665
3645,1.2194987535476685
3646,1.1977133750915527
3647,1.4494271278381348
3648,1.1807479858398438
3649,1.392033338546753
3650,1.514711618423462
3651,1.4760642051696777
3652,1.2179545164108276
3653,1.8778260946273804
3654,1.5279885530471802
3655,1.326940894126892
3656,1.4695096015930176
3657,1.2209380865097046
3658,1.9529005289077759
3659,1.3664610385894775
3660,1.9970061779022217
3661,1.3614431619644165
3662,1.4909148216247559
3663,1.2349079847335815
3664,1.323777675628662
3665,1.4934605360031128
3666,1.672966480255127
3667,1.40181565284729
3668,1.7926745414733887
3669,1.419930100440979
3670,1.4691561460494995
3671,1.5057200193405151
3672,1.7443747520446777
3673,1.617708683013916
3674,1.7072478532791138
3675,1.2970727682113647
3676,1.3393336534500122
3677,1.3463599681854248
3678,1.1763191223144531
3679,1.1366909742355347
3680,1.9121636152267456
3681,1.4526597261428833
3682,1.6445064544677734
3683,1.6098307371139526
3684,1.3285051584243774
3685,1.4435032606124878
3686,1.407080888748169
3687,1.3985344171524048
3688,1.7652226686477661
3689,1.9841976165771484
3690,1.230373740196228
3691,1.3016914129257202
3692,1.9642890691757202
3693,1.906490445137024
3694,1.4647715091705322
3695,1.3211843967437744
3696,1.4323538541793823
3697,1.320467233657837
3698,1.7063581943511963
3699,1.6312283277511597
3700,1.1558539867401123
3701,1.8595030307769775
3702,1.4748966693878174
3703,1.763506531715393
3704,1.769387125968933
3705,1.2697662115097046
3706,1.805324912071228
3707,1.5482745170593262
3708,1.6276315450668335
3709,1.5725136995315552
3710,1.6141407489776611
3711,1.087365984916687
3712,1.4612140655517578
3713,1.996704339981079
3714,1.7552735805511475
3715,1.1795103549957275
3716,1.3381133079528809
3717,1.9713170528411865
3718,1.377276062965393
3719,1.3590096235275269
3720,1.5744889974594116
3721,1.7066456079483032
3722,1.9957152605056763
3723,1.431420922279358
3724,1.4594303369522095
3725,1.3135578632354736
3726,1.3455016613006592
3727,1.7268835306167603
3728,1.3635189533233643
3729,1.6454559564590454
3730,1.2905970811843872
3731,1.434308409690857
3732,1.8708178997039795
3733,1.5946279764175415
3734,1.7288810014724731
3735,1.3625901937484741
3736,1.4159568548202515
3737,1.3978115320205688
3738,1.7209193706512451
3739,1.3964139223098755
3740,1.1573326587677002
3741,1.3591434955596924
3742,1.917175054550171
3743,1.2984564304351807
3744,1.3379446268081665
3745,1.3837660551071167
3746,1.8306344747543335
3747,1.2906054258346558
3748,1.4650086164474487
3749,1.4501391649246216
3750,1.995481252670288
3751,1.9069792032241821
3752,1.3644981384277344
3753,1.2505635023117065
3754,1.8566839694976807
3755,1.5346617698669434
3756,1.8657094240188599
3757,1.278762698173523
3758,1.5554988384246826
3759,1.992087721824646
3760,1.2152057886123657
3761,1.3661377429962158
3762,1.7904870510101318
3763,1.2997750043869019
3764,1.7727954387664795
3765,1.3873391151428223
3766,1.3633780479431152
3767,1.3393193483352661
3768,1.9904664754867554
3769,1.9923535585403442
3770,1.8165242671966553
3771,1.993528962135315
3772,1.9890254735946655
3773,1.911669135093689
3774,1.5970271825790405
3775,1.3093997240066528
3776,1.543130874633789
3777,1.1600133180618286
3778,1.994331955909729
3779,1.8238372802734375
3780,1.8931159973144531
3781,1.4932379722595215
3782,1.509883999824524
3783,1.6756956577301025
3784,1.8174782991409302
3785,1.9860901832580566
3786,1.3704807758331299
3787,1.7650843858718872
3788,1.9852373600006104
3789,1.5313524007797241
3790,1.273984432220459
3791,1.9944771528244019
3792,1.6928449869155884
3793,1.3217707872390747
3794,1.3739910125732422
3795,1.359287142753601
3796,1.7321906089782715
3797,1.2590651512145996
3798,1.5652875900268555
3799,1.4585977792739868
3800,1.4393385648727417
3801,1.4573719501495361
3802,1.317505955696106
3803,1.9443776607513428
3804,1.7004551887512207
3805,1.9970059394836426
3806,1.9292320013046265
3807,1.2062963247299194
3808,1.996754765510559
3809,1.4627572298049927
3810,1.4421448707580566
3811,1.992313265800476
3812,1.5821303129196167
3813,1.3540310859680176
3814,1.9935284852981567
3815,1.2833874225616455
3816,1.7238752841949463
3817,1.8898247480392456
3818,1.2126203775405884
3819,1.814828634262085
3820,1.4629440307617188
3821,1.9967480897903442
3822,1.292480707168579
3823,1.3501558303833008
3824,1.2491475343704224
3825,1.1261835098266602
3826,1.1042098999023438
3827,1.609225869178772
3828,1.4224470853805542
3829,1.1976474523544312
3830,1.402104377746582
3831,1.5524256229400635
3832,1.2625676393508911
3833,1.3689531087875366
3834,1.2612308263778687
3835,1.4508230686187744
3836,1.3395699262619019
3837,1.4579392671585083
3838,1.1939023733139038
3839,1.5246402025222778
3840,1.1942440271377563
3841,1.8082650899887085
3842,1.982908844947815
3843,1.5668035745620728
3844,1.5975197553634644
3845,1.269487977027893
3846,1.8414148092269897
3847,1.2482335567474365
3848,1.9867184162139893
3849,1.3761076927185059
3850,1.398938775062561
3851,1.512677550315857
3852,1.3026657104492188
3853,1.3737083673477173
3854,1.875028371810913
3855,1.317793369293213
3856,1.459470510482788
3857,1.4706367254257202
3858,1.5266412496566772
3859,1.3983993530273438
3860,1.6014440059661865
3861,1.2553719282150269
3862,1.6015368700027466
3863,1.6684679985046387
3864,1.9152207374572754
3865,1.8779799938201904
3866,1.291204571723938
3867,1.3339998722076416
3868,1.3525605201721191
3869,1.3629542589187622
3870,1.937394380569458
3871,1.9507529735565186
3872,1.3982484340667725
3873,1.3843235969543457
3874,1.8364074230194092
3875,1.4214380979537964
3876,1.9131581783294678
3877,1.5913861989974976
3878,1.463618278503418
3879,1.2943847179412842
3880,1.3516250848770142
3881,1.4078587293624878
3882,1.4096568822860718
3883,1.2191002368927002
3884,1.9925850629806519
3885,1.33622407913208
3886,1.0661958456039429
3887,1.4029520750045776
3888,1.2183568477630615
3889,1.294950246810913
3890,1.3515243530273438
3891,1.5325756072998047
3892,1.9944095611572266
3893,1.1165616512298584
3894,1.3944395780563354
3895,1.4730052947998047
3896,1.557382583618164
3897,1.898867130279541
3898,1.511085033416748
3899,1.2695670127868652
3900,1.2562484741210938
3901,1.769088625907898
3902,1.3140573501586914
3903,1.4211660623550415
3904,1.7270115613937378
3905,1.7317074537277222
3906,1.5032291412353516
3907,1.3705270290374756
3908,1.6881929636001587
3909,1.5004645586013794
3910,1.5009204149246216
3911,1.3951866626739502
3912,1.632332444190979
3913,1.3891657590866089
3914,1.3739198446273804
3915,1.9954203367233276
3916,1.7940964698791504
3917,1.3546878099441528
3918,1.5388990640640259
3919,1.2906008958816528
3920,1.6204383373260498
3921,1.2962886095046997
3922,1.995120644569397
3923,1.3949806690216064
3924,1.850242257118225
3925,1.7625269889831543
3926,1.4222379922866821
3927,1.9935592412948608
3928,1.9251399040222168
3929,1.929539680480957
3930,1.2114169597625732
3931,1.4664733409881592
3932,1.4815601110458374
3933,1.4016612768173218
3934,1.9825057983398438
3935,1.4598908424377441
3936,1.4261887073516846
3937,1.4128178358078003
3938,1.3665250539779663
3939,1.0899477005004883
3940,1.495947241783142
3941,1.4809343814849854
3942,1.472703456878662
3943,1.44069242477417
3944,1.0895947217941284
3945,1.3616366386413574
3946,1.3222094774246216
3947,1.5295816659927368
3948,1.3472325801849365
3949,1.3118709325790405
3950,1.4707090854644775
3951,1.4329968690872192
3952,1.3543894290924072
3953,1.1649364233016968
3954,1.6110475063323975
3955,1.3143259286880493
3956,1.1994380950927734
3957,1.3010339736938477
3958,1.99380624294281
3959,1.5403213500976562
3960,1.7657228708267212
3961,1.312595248222351
3962,1.316010594367981
3963,1.295239806175232
3964,1.3336186408996582
3965,1.7511178255081177
3966,1.4795132875442505
3967,1.4944157600402832
3968,1.7919700145721436
3969,1.4912502765655518
3970,1.4546126127243042
3971,1.9941316843032837
3972,1.5519886016845703
3973,1.5807552337646484
3974,1.7249643802642822
3975,1.424343228340149
3976,1.4112414121627808
3977,1.4616293907165527
3978,1.8843687772750854
3979,1.4985758066177368
3980,1.9930697679519653
3981,1.3966249227523804
3982,1.2321298122406006
3983,1.4664219617843628
3984,1.183937668800354
3985,1.9789460897445679
3986,1.4674657583236694
3987,1.6266157627105713
3988,1.6718047857284546
3989,1.4759951829910278
3990,1.8785806894302368
3991,1.9961293935775757
3992,1.6543793678283691
3993,1.2348358631134033
3994,1.4727510213851929
3995,1.3658597469329834
3996,1.4035836458206177
3997,1.322092056274414
3998,1.1948435306549072
3999,1.6774300336837769
4000,1.6073499917984009
4001,1.297348976135254
4002,1.345981478691101
4003,1.2784596681594849
4004,1.42275869846344
4005,1.4621864557266235
4006,1.253841757774353
4007,1.3210370540618896
4008,1.665498971939087
4009,1.3601570129394531
4010,1.8748034238815308
4011,1.4767158031463623
4012,1.4321218729019165
4013,1.9948291778564453
4014,1.6077864170074463
4015,1.809272289276123
4016,1.6974589824676514
4017,1.5546481609344482
4018,1.9871549606323242
4019,1.4907820224761963
4020,1.9857594966888428
4021,1.4742846488952637
4022,1.9894654750823975
4023,1.249651551246643
4024,1.3864370584487915
4025,1.4025980234146118
4026,1.289859414100647
4027,1.2875584363937378
4028,1.4313757419586182
4029,1.3781358003616333
4030,1.5443217754364014
4031,1.6321429014205933
4032,1.6142730712890625
4033,1.5238876342773438
4034,1.9689321517944336
4035,1.2695823907852173
4036,1.9052636623382568
4037,1.6746666431427002
4038,1.7249606847763062
4039,1.9680771827697754
4040,1.561442255973816
4041,1.9231562614440918
4042,1.774310827255249
4043,1.9943428039550781
4044,1.7452645301818848
4045,1.6386735439300537
4046,1.7580790519714355
4047,1.3120062351226807
4048,1.3584108352661133
4049,1.2784334421157837
4050,1.3789103031158447
4051,1.4677481651306152
4052,1.9697341918945312
4053,1.99881911277771
4054,1.981561303138733
4055,1.9949592351913452
4056,1.4388108253479004
4057,1.455159306526184
4058,1.4515624046325684
4059,1.2731624841690063
4060,1.9791048765182495
4061,1.4346284866333008
4062,1.3456342220306396
4063,1.3040612936019897
4064,1.2687090635299683
4065,1.3600889444351196
4066,1.9841017723083496
4067,1.5503921508789062
4068,1.2436678409576416
4069,1.3656121492385864
4070,1.492478370666504
4071,1.2148653268814087
4072,1.4276049137115479
4073,1.5478547811508179
4074,1.5103569030761719
4075,1.1289455890655518
4076,1.478638768196106
4077,1.2083592414855957
4078,1.8364683389663696
4079,1.457988977432251
4080,1.9048680067062378
4081,1.7459322214126587
4082,1.3336306810379028
4083,1.4678964614868164
4084,1.9844626188278198
4085,1.3375529050827026
4086,1.8738831281661987
4087,1.174456238746643
4088,1.4201515913009644
4089,1.44292414188385
4090,1.2211918830871582
4091,1.3437695503234863
4092,1.463065266609192
4093,1.9304693937301636
4094,1.219583511352539
4095,1.263056993484497
4096,1.3331351280212402
4097,1.4068422317504883
4098,1.2770156860351562
4099,1.992483139038086
4100,1.5027092695236206
4101,1.3653844594955444
4102,1.4811784029006958
4103,1.2222874164581299
4104,1.997382402420044
4105,1.386540412902832
4106,1.993219017982483
4107,1.674378752708435
4108,1.9970568418502808
4109,1.45167875289917
4110,1.4184322357177734
4111,1.3557251691818237
4112,1.978617548942566
4113,1.3825913667678833
4114,1.4089369773864746
4115,1.8405245542526245
4116,1.9928592443466187
4117,1.3976942300796509
4118,1.4632339477539062
4119,1.5089184045791626
4120,1.8296868801116943
4121,1.9951902627944946
4122,1.2432984113693237
4123,1.5455231666564941
4124,1.392615556716919
4125,1.3471909761428833
4126,1.2963330745697021
4127,1.5634472370147705
4128,1.976736068725586
4129,1.354256272315979
4130,1.39280366897583
4131,1.759919285774231
4132,1.5008213520050049
4133,1.3559321165084839
4134,1.471935510635376
4135,1.4486004114151
4136,1.9258729219436646
4137,1.3717056512832642
4138,1.2667185068130493
4139,1.9117178916931152
4140,1.5834319591522217
4141,1.4218072891235352
4142,1.8193495273590088
4143,1.3260223865509033
4144,1.2919905185699463
4145,1.827750325202942
4146,1.3908665180206299
4147,1.4410104751586914
4148,1.2785670757293701
4149,1.7367525100708008
4150,1.2981315851211548
4151,1.5273510217666626
4152,1.3066860437393188
4153,1.4256356954574585
4154,1.2132930755615234
4155,1.335578441619873
4156,1.304039478302002
4157,1.9343924522399902
4158,1.9747604131698608
4159,1.5050959587097168
4160,1.4138824939727783
4161,1.5547202825546265
4162,1.2972970008850098
4163,1.510602593421936
4164,1.8228484392166138
4165,1.3601255416870117
4166,1.1476939916610718
4167,1.5367109775543213
4168,1.697899341583252
4169,1.3783695697784424
4170,1.3894855976104736
4171,1.4020172357559204
4172,1.468896746635437
4173,1.7423272132873535
4174,1.2961875200271606
4175,1.4746962785720825
4176,1.9187290668487549
4177,1.3142671585083008
4178,1.9929085969924927
4179,1.9934152364730835
4180,1.5587334632873535
4181,1.493267297744751
4182,1.5054426193237305
4183,1.9185923337936401
4184,1.5257692337036133
4185,1.323310375213623
4186,1.5159584283828735
4187,1.3138494491577148
4188,1.957719087600708
4189,1.4701335430145264
4190,1.2720762491226196
4191,1.8606504201889038
4192,1.363613247871399
4193,1.2217943668365479
4194,1.327619194984436
4195,1.2907912731170654
4196,1.315152883529663
4197,1.9209944009780884
4198,1.7665390968322754
4199,1.822065830230713
4200,1.783429503440857
4201,1.8648581504821777
4202,1.7731807231903076
4203,1.519203543663025
4204,1.3210725784301758
4205,1.5421638488769531
4206,1.7523574829101562
4207,1.9232757091522217
4208,1.266756534576416
4209,1.3396658897399902
4210,1.2942384481430054
4211,1.609926462173462
4212,1.471670389175415
4213,1.9984580278396606
4214,1.7651965618133545
4215,1.165329098701477
4216,1.4759047031402588
4217,1.914798617362976
4218,1.8532487154006958
4219,1.386780858039856
4220,1.353851556777954
4221,1.5262037515640259
4222,1.403255820274353
4223,1.416275143623352
4224,1.2829099893569946
4225,1.3328211307525635
4226,1.4553678035736084
4227,1.300794243812561
4228,1.3594143390655518
4229,1.952836275100708
4230,1.4798794984817505
4231,1.3771400451660156
4232,1.734973430633545
4233,1.395406723022461
4234,1.780956506729126
4235,1.4592188596725464
4236,1.2429585456848145
4237,1.4538108110427856
4238,1.7426400184631348
4239,1.5417711734771729
4240,1.3180168867111206
4241,1.4374351501464844
4242,1.2226333618164062
4243,1.5137701034545898
4244,1.3168383836746216
4245,1.438779592514038
4246,1.3847761154174805
4247,1.7628384828567505
4248,1.450286865234375
4249,1.2640376091003418
4250,1.66640305519104
4251,1.3899390697479248
4252,1.4309760332107544
4253,1.2328760623931885
4254,1.6028636693954468
4255,1.3095192909240723
4256,1.2323095798492432
4257,1.3966550827026367
4258,1.2330299615859985
4259,1.4108437299728394
4260,1.3874304294586182
4261,1.5448845624923706
4262,1.1729481220245361
4263,1.4976162910461426
4264,1.392552137374878
4265,1.2505813837051392
4266,1.2173895835876465
4267,1.9936624765396118
4268,1.9949618577957153
4269,1.2616218328475952
4270,1.5425149202346802
4271,1.220241904258728
4272,1.375996708869934
4273,1.5809588432312012
4274,1.4125202894210815
4275,1.353810429573059
4276,1.2738875150680542
4277,1.7225545644760132
4278,1.5638453960418701
4279,1.4757970571517944
4280,1.2678544521331787
4281,1.2076712846755981
4282,1.489469289779663
4283,1.3350093364715576
4284,1.9732197523117065
4285,1.6034995317459106
4286,1.8461225032806396
4287,1.4416720867156982
4288,1.6835581064224243
4289,1.97577702999115
4290,1.3099241256713867
4291,1.2929918766021729
4292,1.5010414123535156
4293,1.4252816438674927
4294,1.1886839866638184
4295,1.4364526271820068
4296,1.3809831142425537
4297,1.6988780498504639
4298,1.440454125404358
4299,1.9164403676986694
4300,1.4879955053329468
4301,1.7944127321243286
4302,1.5618927478790283
4303,1.9936401844024658
4304,1.1337473392486572
4305,1.9977226257324219
4306,1.4149764776229858
4307,1.290860652923584
4308,1.5507060289382935
4309,1.3301842212677002
4310,1.181348443031311
4311,1.2835726737976074
4312,1.982728362083435
4313,1.7799527645111084
4314,1.5759042501449585
4315,1.9991297721862793
4316,1.9965053796768188
4317,1.4766204357147217
4318,1.9783313274383545
4319,1.8791977167129517
4320,1.2248742580413818
4321,1.989380955696106
4322,1.3026067018508911
4323,1.9411115646362305
4324,1.9853439331054688
4325,1.3551671504974365
4326,1.348099708557129
4327,1.3151662349700928
4328,1.9960037469863892
4329,1.7471822500228882
4330,1.8122299909591675
4331,1.2971912622451782
4332,1.8373422622680664
4333,1.9947845935821533
4334,1.4060317277908325
4335,1.817710518836975
4336,1.2847539186477661
4337,1.2108869552612305
4338,1.9790246486663818
4339,1.5169367790222168
4340,1.9643296003341675
4341,1.4123897552490234
4342,1.3451305627822876
4343,1.2987953424453735
4344,1.361145257949829
4345,1.246209740638733
4346,1.6274467706680298
4347,1.3508760929107666
4348,1.363393783569336
4349,1.9929918050765991
4350,1.3751683235168457
4351,1.9310081005096436
4352,1.388062834739685
4353,1.8325029611587524
4354,1.5696067810058594
4355,1.9913610219955444
4356,1.329598069190979
4357,1.8542999029159546
4358,1.9960144758224487
4359,1.6692404747009277
4360,1.9832346439361572
4361,1.8172619342803955
4362,1.4754942655563354
4363,1.4445457458496094
4364,1.7649896144866943
4365,1.3812707662582397
4366,1.4545414447784424
4367,1.1132384538650513
4368,1.9975470304489136
4369,1.4125999212265015
4370,1.9887465238571167
4371,1.791783332824707
4372,1.5683470964431763
4373,1.5370899438858032
4374,1.362456202507019
4375,1.3565446138381958
4376,1.4192521572113037
4377,1.8935679197311401
4378,1.363996982574463
4379,1.7710390090942383
4380,1.9285041093826294
4381,1.2071281671524048
4382,1.836219072341919
4383,1.7207448482513428
4384,1.3917739391326904
4385,1.4131627082824707
4386,1.3948328495025635
4387,1.764660358428955
4388,1.8781259059906006
4389,1.3549885749816895
4390,1.3133771419525146
4391,1.785097599029541
4392,1.3984556198120117
4393,1.9767508506774902
4394,1.7913258075714111
4395,1.4102189540863037
4396,1.4695525169372559
4397,1.3181403875350952
4398,1.858363389968872
4399,1.9759385585784912
4400,1.3421612977981567
4401,1.6253714561462402
4402,1.3875150680541992
4403,1.2599798440933228
4404,1.3028414249420166
4405,1.3210773468017578
4406,1.4487839937210083
4407,1.8673137426376343
4408,1.4442505836486816
4409,1.36141037940979
4410,1.485250473022461
4411,1.9246348142623901
4412,1.2764967679977417
4413,1.3975980281829834
4414,1.6792325973510742
4415,1.8309653997421265
4416,1.8267983198165894
4417,1.2794212102890015
4418,1.4095537662506104
4419,1.506041407585144
4420,1.248061180114746
4421,1.762931227684021
4422,1.9941513538360596
4423,1.3699774742126465
4424,1.387252926826477
4425,1.4699299335479736
4426,1.3645172119140625
4427,1.8792963027954102
4428,1.9760377407073975
4429,1.463343620300293
4430,1.656996726989746
4431,1.4790642261505127
4432,1.2297245264053345
4433,1.4019627571105957
4434,1.304777979850769
4435,1.9770785570144653
4436,1.9282771348953247
4437,1.99888277053833
4438,1.446061611175537
4439,1.4931474924087524
4440,1.5139601230621338
4441,1.9437777996063232
4442,1.8444703817367554
4443,1.470588207244873
4444,1.4370402097702026
4445,1.3058077096939087
4446,1.369585633277893
4447,1.291535496711731
4448,1.3526064157485962
4449,1.2382501363754272
4450,1.275084137916565
4451,1.9385923147201538
4452,1.2760158777236938
4453,1.251502275466919
4454,1.598257064819336
4455,1.9240587949752808
4456,1.9892064332962036
4457,1.4226672649383545
4458,1.3979344367980957
4459,1.3096235990524292
4460,1.8295522928237915
4461,1.3882355690002441
4462,1.1392147541046143
4463,1.4207432270050049
4464,1.2530136108398438
4465,1.6072661876678467
4466,1.3077735900878906
4467,1.3945029973983765
4468,1.993416428565979
4469,1.996906042098999
4470,1.633681058883667
4471,1.32382333278656
4472,1.9004300832748413
4473,1.8587872982025146
4474,1.4898979663848877
4475,1.8352268934249878
4476,1.4946876764297485
4477,1.3188772201538086
4478,1.4533461332321167
4479,1.4676097631454468
4480,1.4141099452972412
4481,1.2619917392730713
4482,1.7450485229492188
4483,1.414755940437317
4484,1.9828758239746094
4485,1.979230523109436
4486,1.9361026287078857
4487,1.8662810325622559
4488,1.2413101196289062
4489,1.3631361722946167
4490,1.4066036939620972
4491,1.3562816381454468
4492,1.9040664434432983
4493,1.6374428272247314
4494,1.36896812915802
4495,1.4550693035125732
4496,1.566428542137146
4497,1.2454293966293335
4498,1.3850592374801636
4499,1.9221076965332031
4500,1.2474418878555298
4501,1.9202263355255127
4502,1.5498998165130615
4503,1.3536564111709595
4504,1.4202646017074585
4505,1.5906926393508911
4506,1.9955836534500122
4507,1.5132718086242676
4508,1.9530868530273438
4509,1.516819715499878
4510,1.9464037418365479
4511,1.7877864837646484
4512,1.380990982055664
4513,1.3302586078643799
4514,1.4135583639144897
4515,1.8738760948181152
4516,1.8834316730499268
4517,1.5275906324386597
4518,1.5558528900146484
4519,1.344699501991272
4520,1.4551992416381836
4521,1.4741404056549072
4522,1.820379376411438
4523,1.3941137790679932
4524,1.3800134658813477
4525,1.2935758829116821
4526,1.5312708616256714
4527,1.1022121906280518
4528,1.2367955446243286
4529,1.3310608863830566
4530,1.8476696014404297
4531,1.4375228881835938
4532,1.570171594619751
4533,1.3401399850845337
4534,1.1883251667022705
4535,1.537124752998352
4536,1.6262502670288086
4537,1.8675243854522705
4538,1.94119393825531
4539,1.9987634420394897
4540,1.3347461223602295
4541,1.1980406045913696
4542,1.526068091392517
4543,1.1069813966751099
4544,1.245314121246338
4545,1.6061646938323975
4546,1.4648447036743164
4547,1.7257035970687866
4548,1.9846763610839844
4549,1.8348208665847778
4550,1.3437224626541138
4551,1.3015954494476318
4552,1.9348549842834473
4553,1.36017644405365
4554,1.3332955837249756
4555,1.357018232345581
4556,1.338167667388916
4557,1.1303517818450928
4558,1.3668711185455322
4559,1.7082122564315796
4560,1.8754217624664307
4561,1.285841464996338
4562,1.4637417793273926
4563,1.3159607648849487
4564,1.4821516275405884
4565,1.4119795560836792
4566,1.4110896587371826
4567,1.4074435234069824
4568,1.1945050954818726
4569,1.8878154754638672
4570,1.3174545764923096
4571,1.8127663135528564
4572,1.4085450172424316
4573,1.9313920736312866
4574,1.3515859842300415
4575,1.325819492340088
4576,1.4995707273483276
4577,1.257467269897461
4578,1.341667652130127
4579,1.377931833267212
4580,1.3827919960021973
4581,1.747549295425415
4582,1.7133408784866333
4583,1.7954754829406738
4584,1.488215684890747
4585,1.5185573101043701
4586,1.4362305402755737
4587,1.267119288444519
4588,1.420310378074646
4589,1.1792688369750977
4590,1.4271823167800903
4591,1.405876636505127
4592,1.3922977447509766
4593,1.2260581254959106
4594,1.3821930885314941
4595,1.2658402919769287
4596,1.416815161705017
4597,1.3868374824523926
4598,1.9935214519500732
4599,1.4494878053665161
4600,1.93929922580719
4601,1.2680063247680664
4602,1.4714196920394897
4603,1.46156907081604
4604,1.8134852647781372
4605,1.615578532218933
4606,1.340120792388916
4607,1.9921367168426514
4608,1.9314862489700317
4609,1.6109051704406738
4610,1.5477913618087769
4611,1.466435432434082
4612,1.4462463855743408
4613,1.386328101158142
4614,1.746317744255066
4615,1.5267817974090576
4616,1.2609505653381348
4617,1.5043835639953613
4618,1.97048819065094
4619,1.8419458866119385
4620,1.193363070487976
4621,1.354698896408081
4622,1.4718393087387085
4623,1.319366455078125
4624,1.2956537008285522
4625,1.3752340078353882
4626,1.4827412366867065
4627,1.4857497215270996
4628,1.3289066553115845
4629,1.2490472793579102
4630,1.3718547821044922
4631,1.4005587100982666
4632,1.9407587051391602
4633,1.4219563007354736
4634,1.5702120065689087
4635,1.2286031246185303
4636,1.5427539348602295
4637,1.7406240701675415
4638,1.9240201711654663
4639,1.4628592729568481
4640,1.459878921508789
4641,1.258020043373108
4642,1.825501799583435
4643,1.2279484272003174
4644,1.5687800645828247
4645,1.4325639009475708
4646,1.547706127166748
4647,1.9876397848129272
4648,1.9959052801132202
4649,1.3491058349609375
4650,1.2735376358032227
4651,1.895139455795288
4652,1.1959969997406006
4653,1.3109675645828247
4654,1.4349156618118286
4655,1.3803147077560425
4656,1.3727244138717651
4657,1.3156160116195679
4658,1.849945068359375
4659,1.2945204973220825
4660,1.8948301076889038
4661,1.3437728881835938
4662,1.9073820114135742
4663,1.9888110160827637
4664,1.380892276763916
4665,1.367906928062439
4666,1.5391337871551514
4667,1.564839243888855
4668,1.2629687786102295
4669,1.9099470376968384
4670,1.2575289011001587
4671,1.4326956272125244
4672,1.3233387470245361
4673,1.824211835861206
4674,1.407515287399292
4675,1.996930718421936
4676,1.5306235551834106
4677,1.7624828815460205
4678,1.5098726749420166
4679,1.3930152654647827
4680,1.4931831359863281
4681,1.6371296644210815
4682,1.9301588535308838
4683,1.1306629180908203
4684,1.9871788024902344
4685,1.4870498180389404
4686,1.4016356468200684
4687,1.4565757513046265
4688,1.271024465560913
4689,1.570678949356079
4690,1.2620817422866821
4691,1.405836582183838
4692,1.3130580186843872
4693,1.732532024383545
4694,1.3349840641021729
4695,1.678752064704895
4696,1.8196803331375122
4697,1.4576241970062256
4698,1.991108775138855
4699,1.1369138956069946
4700,1.995341420173645
4701,1.8055232763290405
4702,1.3004379272460938
4703,1.9318866729736328
4704,1.447312355041504
4705,1.727752685546875
4706,1.248694896697998
4707,1.4549498558044434
4708,1.7789642810821533
4709,1.3148771524429321
4710,1.92887544631958
4711,1.4583015441894531
4712,1.924869179725647
4713,1.9853345155715942
4714,1.2075053453445435
4715,1.273573637008667
4716,1.2986531257629395
4717,1.6742058992385864
4718,1.298790693283081
4719,1.8901679515838623
4720,1.4294356107711792
4721,1.3964974880218506
4722,1.18852961063385
4723,1.2405565977096558
4724,1.2756352424621582
4725,1.778670310974121
4726,1.427685022354126
4727,1.3469363451004028
4728,1.6469987630844116
4729,1.9916510581970215
4730,1.6513468027114868
4731,1.4045785665512085
4732,1.2363817691802979
4733,1.362167477607727
4734,1.7771273851394653
4735,1.2993215322494507
4736,1.4085484743118286
4737,1.8544055223464966
4738,1.7631165981292725
4739,1.570602536201477
4740,1.3326644897460938
4741,1.578189492225647
4742,1.3042720556259155
4743,1.4138100147247314
4744,1.470941185951233
4745,1.5897008180618286
4746,1.3298848867416382
4747,1.827301025390625
4748,1.8340226411819458
4749,1.9959146976470947
4750,1.989654541015625
4751,1.9891060590744019
4752,1.941656470298767
4753,1.3531615734100342
4754,1.7318178415298462
4755,1.3744380474090576
4756,1.4128419160842896
4757,1.7986479997634888
4758,1.3477054834365845
4759,1.9902665615081787
4760,1.3647449016571045
4761,1.9855555295944214
4762,1.451155424118042
4763,1.9953742027282715
4764,1.1594117879867554
4765,1.2702544927597046
4766,1.6483160257339478
4767,1.4030126333236694
4768,1.2308412790298462
4769,1.3695226907730103
4770,1.4137799739837646
4771,1.388413667678833
4772,1.8032727241516113
4773,1.4374585151672363
4774,1.923539400100708
4775,1.848849892616272
4776,1.4737218618392944
4777,1.1768585443496704
4778,1.9103777408599854
4779,1.4947988986968994
4780,1.2574981451034546
4781,1.254032850265503
4782,1.3409678936004639
4783,1.4854316711425781
4784,1.8706876039505005
4785,1.990426778793335
4786,1.2794060707092285
4787,1.9857755899429321
4788,1.2024308443069458
4789,1.5850995779037476
4790,1.453913688659668
4791,1.4509872198104858
4792,1.2134926319122314
4793,1.7523430585861206
4794,1.3310357332229614
4795,1.9868303537368774
4796,1.1552784442901611
4797,1.425349235534668
4798,1.4155009984970093
4799,1.4732611179351807
4800,1.6426411867141724
4801,1.4382917881011963
4802,1.263939619064331
4803,1.4719500541687012
4804,1.2925212383270264
4805,1.6254584789276123
4806,1.3465938568115234
4807,1.89512300491333
4808,1.2217992544174194
4809,1.383400321006775
4810,1.989032506942749
4811,1.9877159595489502
4812,1.2403095960617065
4813,1.3173664808273315
4814,1.687880277633667
4815,1.4800065755844116
4816,1.7000212669372559
4817,1.7051738500595093
4818,1.8795545101165771
4819,1.250032901763916
4820,1.7020039558410645
4821,1.395452857017517
4822,1.83757746219635
4823,1.2441757917404175
4824,1.984943151473999
4825,1.8078511953353882
4826,1.4427872896194458
4827,1.5464551448822021
4828,1.2926090955734253
4829,1.8607908487319946
4830,1.737707257270813
4831,1.4658803939819336
4832,1.4314258098602295
4833,1.9896827936172485
4834,1.4372870922088623
4835,1.4225647449493408
4836,1.4101569652557373
4837,1.9719536304473877
4838,1.2864950895309448
4839,1.3337538242340088
4840,1.5629948377609253
4841,1.7760365009307861
4842,1.6757097244262695
4843,1.4646050930023193
4844,1.1146734952926636
4845,1.3378371000289917
4846,1.0611517429351807
4847,1.3891735076904297
4848,1.346786618232727
4849,1.783774733543396
4850,1.3527213335037231
4851,1.315617561340332
4852,1.5602750778198242
4853,1.3937995433807373
4854,1.2079070806503296
4855,1.3871265649795532
4856,1.4023057222366333
4857,1.7630183696746826
4858,1.9369239807128906
4859,1.223087191581726
4860,1.3883466720581055
4861,1.7015352249145508
4862,1.5447912216186523
4863,1.4114607572555542
4864,1.2979313135147095
4865,1.3947274684906006
4866,1.7578498125076294
4867,1.332130789756775
4868,1.5997859239578247
4869,1.692156434059143
4870,1.336771845817566
4871,1.6256119012832642
4872,1.9946777820587158
4873,1.4256095886230469
4874,1.4378628730773926
4875,1.5771385431289673
4876,1.4475864171981812
4877,1.370338797569275
4878,1.4702935218811035
4879,1.4044514894485474
4880,1.0339051485061646
4881,1.188929557800293
4882,1.9944250583648682
4883,1.9014537334442139
4884,1.994227409362793
4885,1.3833976984024048
4886,1.4554516077041626
4887,1.9283883571624756
4888,1.4798882007598877
4889,1.237267255783081
4890,1.5958702564239502
4891,1.4408202171325684
4892,1.4428341388702393
4893,1.8157316446304321
4894,1.378469705581665
4895,1.4549438953399658
4896,1.7747796773910522
4897,1.2738163471221924
4898,1.2316091060638428
4899,1.3866782188415527
4900,1.4345723390579224
4901,1.8719440698623657
4902,1.3048292398452759
4903,1.411503553390503
4904,1.4195630550384521
4905,1.5527393817901611
4906,1.3748670816421509
4907,1.9173938035964966
4908,1.4953062534332275
4909,1.444061040878296
4910,1.802144169807434
4911,1.8745789527893066
4912,1.9287301301956177
4913,1.808502435684204
4914,1.4442269802093506
4915,1.8607375621795654
4916,1.990903377532959
4917,1.4020801782608032
4918,1.9938006401062012
4919,1.9661539793014526
4920,1.3954484462738037
4921,1.706153154373169
4922,1.7291734218597412
4923,1.981336236000061
4924,1.266570806503296
4925,1.3634755611419678
4926,1.840106725692749
4927,1.9240622520446777
4928,1.4171277284622192
4929,1.9919118881225586
4930,1.3272504806518555
4931,1.472707986831665
4932,1.4536349773406982
4933,1.606218695640564
4934,1.9218008518218994
4935,1.0412733554840088
4936,1.9958748817443848
4937,1.4233331680297852
4938,1.4266393184661865
4939,1.4218106269836426
4940,1.383073329925537
4941,1.4714078903198242
4942,1.5569477081298828
4943,1.4325817823410034
4944,1.3051226139068604
4945,1.4704307317733765
4946,1.630139708518982
4947,1.373844027519226
4948,1.4034521579742432
4949,1.2905491590499878
4950,1.580866813659668
4951,1.5006370544433594
4952,1.3052996397018433
4953,1.4604074954986572
4954,1.4610363245010376
4955,1.4662935733795166
4956,1.800492525100708
4957,1.361802577972412
4958,1.5823994874954224
4959,1.3270543813705444
4960,1.2639127969741821
4961,1.6781415939331055
4962,1.4208916425704956
4963,1.289319634437561
4964,1.296602725982666
4965,1.3287802934646606
4966,1.825628399848938
4967,1.4683880805969238
4968,1.5236306190490723
4969,1.3448678255081177
4970,1.5919625759124756
4971,1.8292732238769531
4972,1.602876901626587
4973,1.9961864948272705
4974,1.5646557807922363
4975,1.4365808963775635
4976,1.535362958908081
4977,1.264134407043457
4978,1.3066071271896362
4979,1.1988948583602905
4980,1.1965001821517944
4981,1.403838872909546
4982,1.5222011804580688
4983,1.811721682548523
4984,1.537186622619629
4985,1.7324519157409668
4986,1.9695706367492676
4987,1.640909194946289
4988,1.7710260152816772
4989,1.6681885719299316
4990,1.7334717512130737
4991,1.2993779182434082
4992,1.4721139669418335
4993,1.3585108518600464
4994,1.3836276531219482
4995,1.430871844291687
4996,1.8110828399658203
4997,1.9838799238204956
4998,1.7509196996688843
4999,1.2791348695755005
5000,1.9154078960418701
5001,1.9561867713928223
5002,1.5383327007293701
5003,1.5352813005447388
5004,1.9888595342636108
5005,1.1777337789535522
5006,1.5255190134048462
5007,1.3936406373977661
5008,1.3674556016921997
5009,1.8199951648712158
5010,1.3873286247253418
5011,1.4603074789047241
5012,1.0896908044815063
5013,1.9885605573654175
5014,1.6566814184188843
5015,1.2593742609024048
5016,1.3652373552322388
5017,1.4364842176437378
5018,1.3213237524032593
5019,1.4908826351165771
5020,1.4573975801467896
5021,1.9228417873382568
5022,1.171355962753296
5023,1.4563013315200806
5024,1.9993321895599365
5025,1.5129449367523193
5026,1.3805561065673828
5027,1.4361343383789062
5028,1.3217326402664185
5029,1.2176942825317383
5030,1.1522655487060547
5031,1.1674469709396362
5032,1.9960280656814575
5033,1.815190315246582
5034,1.5620218515396118
5035,1.5546246767044067
5036,1.3781076669692993
5037,1.424494743347168
5038,1.4776211977005005
5039,1.2808971405029297
5040,1.9483169317245483
5041,1.4764056205749512
5042,1.324412226676941
5043,1.286881923675537
5044,1.4125797748565674
5045,1.2823765277862549
5046,1.3172024488449097
5047,1.5664407014846802
5048,1.3943761587142944
5049,1.5896074771881104
5050,1.4519572257995605
5051,1.3509734869003296
5052,1.991766095161438
5053,1.5352354049682617
5054,1.9887479543685913
5055,1.6581231355667114
5056,1.4080787897109985
5057,1.5678752660751343
5058,1.1359844207763672
5059,1.2512798309326172
5060,1.73809015750885
5061,1.3126697540283203
5062,1.6292965412139893
5063,1.4055168628692627
5064,1.9895720481872559
5065,1.4845924377441406
5066,1.2078908681869507
5067,1.2662169933319092
5068,1.4451518058776855
5069,1.3876880407333374
5070,1.5007904767990112
5071,1.7669825553894043
5072,1.3119802474975586
5073,1.9801418781280518
5074,1.3193565607070923
5075,1.2391095161437988
5076,1.3045613765716553
5077,1.5573163032531738
5078,1.6320750713348389
5079,1.4171628952026367
5080,1.7076166868209839
5081,1.9929965734481812
5082,1.274275302886963
5083,1.4348068237304688
5084,1.4738365411758423
5085,1.6848429441452026
5086,1.9938498735427856
5087,1.8797519207000732
5088,1.286754846572876
5089,1.3548451662063599
5090,1.435118556022644
5091,1.852790355682373
5092,1.4234391450881958
5093,1.3901973962783813
5094,1.411458969116211
5095,1.4744099378585815
5096,1.510027289390564
5097,1.2866361141204834
5098,1.510854959487915
5099,1.3203482627868652
5100,1.991072654724121
5101,1.560775876045227
5102,1.2870469093322754
5103,1.5303196907043457
5104,1.4752362966537476
5105,1.5393288135528564
5106,1.943852186203003
5107,1.9934557676315308
5108,1.508894920349121
5109,1.5090947151184082
5110,1.7841565608978271
5111,1.5297071933746338
5112,1.2590689659118652
5113,1.4725168943405151
5114,1.994215965270996
5115,1.7575557231903076
5116,1.4538474082946777
5117,1.7896409034729004
5118,1.767258882522583
5119,1.7464784383773804
5120,1.4169658422470093
5121,1.3855904340744019
5122,1.5751330852508545
5123,1.4597563743591309
5124,1.8861712217330933
5125,1.412643313407898
5126,1.4615753889083862
5127,1.3731826543807983
5128,1.397251844406128
5129,1.4183615446090698
5130,1.4064112901687622
5131,1.3049712181091309
5132,1.3792928457260132
5133,1.616392970085144
5134,1.595771074295044
5135,1.8415520191192627
5136,1.3889214992523193
5137,1.1707592010498047
5138,1.5057713985443115
5139,1.7582674026489258
5140,1.2878952026367188
5141,1.9261630773544312
5142,1.442203402519226
5143,1.2953674793243408
5144,1.6587932109832764
5145,1.8989943265914917
5146,1.9809627532958984
5147,1.3269203901290894
5148,1.4153376817703247
5149,1.9919734001159668
5150,1.5176446437835693
5151,1.7461246252059937
5152,1.536368727684021
5153,1.3761823177337646
5154,1.549522042274475
5155,1.3792872428894043
5156,1.4467509984970093
5157,1.3099080324172974
5158,1.4331694841384888
5159,1.2597827911376953
5160,1.4142323732376099
5161,1.2692142724990845
5162,1.4763973951339722
5163,1.9052139520645142
5164,1.507554292678833
5165,1.884283185005188
5166,1.4278267621994019
5167,1.1382343769073486
5168,1.8780016899108887
5169,1.2867155075073242
5170,1.5072429180145264
5171,1.226733922958374
5172,1.2520219087600708
5173,1.9916194677352905
5174,1.8416001796722412
5175,1.8796964883804321
5176,1.3442749977111816
5177,1.6119184494018555
5178,1.2673397064208984
5179,1.257888913154602
5180,1.858536958694458
5181,1.5901695489883423
5182,1.8110328912734985
5183,1.2667943239212036
5184,1.7555915117263794
5185,1.5137289762496948
5186,1.9508644342422485
5187,1.981975793838501
5188,1.4763164520263672
5189,1.7669776678085327
5190,1.3701059818267822
5191,1.6048035621643066
5192,1.2406415939331055
5193,1.405044674873352
5194,1.8174526691436768
5195,1.679345965385437
5196,1.7553822994232178
5197,1.2828922271728516
5198,1.3292125463485718
5199,1.4065417051315308
5200,1.7879719734191895
5201,1.8071280717849731
5202,1.978872537612915
5203,1.9377574920654297
5204,1.308607578277588
5205,1.8251224756240845
5206,1.2098740339279175
5207,1.8842650651931763
5208,1.329189419746399
5209,1.877617359161377
5210,1.5708813667297363
5211,1.53147292137146
5212,1.5914825201034546
5213,1.7080177068710327
5214,1.9130353927612305
5215,1.467916488647461
5216,1.8047902584075928
5217,1.377830982208252
5218,1.378228783607483
5219,1.8853857517242432
5220,1.8899532556533813
5221,1.456847906112671
5222,1.4417273998260498
5223,1.5234545469284058
5224,1.406887173652649
5225,1.9949707984924316
5226,1.2661592960357666
5227,1.9583160877227783
5228,1.3894444704055786
5229,1.210541844367981
5230,1.6076747179031372
5231,1.6617518663406372
5232,1.2527726888656616
5233,1.3256843090057373
5234,1.2742846012115479
5235,1.2703524827957153
5236,1.3874433040618896
5237,1.9893467426300049
5238,1.6037485599517822
5239,1.9868460893630981
5240,1.530115008354187
5241,1.8747731447219849
5242,1.942092776298523
5243,1.2363522052764893
5244,1.474207878112793
5245,1.9079102277755737
5246,1.615147590637207
5247,1.2250357866287231
5248,1.2288495302200317
5249,1.490069031715393
5250,1.50770103931427
5251,1.5998848676681519
5252,1.917801022529602
5253,1.4290214776992798
5254,1.280256748199463
5255,1.4949713945388794
5256,1.9033522605895996
5257,1.7182557582855225
5258,1.9948879480361938
5259,1.3488436937332153
5260,1.450136423110962
5261,1.470449447631836
5262,1.3053627014160156
5263,1.2495708465576172
5264,1.9963642358779907
5265,1.872180700302124
5266,1.4677305221557617
5267,1.9940139055252075
5268,1.4930188655853271
5269,1.4217264652252197
5270,1.5929921865463257
5271,1.6387401819229126
5272,1.4320964813232422
5273,1.3767119646072388
5274,1.3312913179397583
5275,1.2921022176742554
5276,1.5235517024993896
5277,1.3354109525680542
5278,1.447787880897522
5279,1.4866496324539185
5280,1.6008743047714233
5281,1.995588779449463
5282,1.9446866512298584
5283,1.3909492492675781
5284,1.901989221572876
5285,1.9895575046539307
5286,1.4264105558395386
5287,1.3230044841766357
5288,1.4393333196640015
5289,1.3139355182647705
5290,1.3573156595230103
5291,1.7431560754776
5292,1.3767781257629395
5293,1.5070769786834717
5294,1.4856922626495361
5295,1.365313172340393
5296,1.4207918643951416
5297,1.3384737968444824
5298,1.4364320039749146
5299,1.3961650133132935
5300,1.6055241823196411
5301,1.339943289756775
5302,1.3818049430847168
5303,1.836972951889038
5304,1.5186023712158203
5305,1.6489132642745972
5306,1.8685802221298218
5307,1.7382153272628784
5308,1.5913197994232178
5309,1.5159825086593628
5310,1.6592648029327393
5311,1.334779977798462
5312,1.9943902492523193
5313,1.2134339809417725
5314,1.3249201774597168
5315,1.42075777053833
5316,1.7784122228622437
5317,1.3268665075302124
5318,1.5146950483322144
5319,1.6146039962768555
5320,1.989208698272705
5321,1.423326849937439
5322,1.4404568672180176
5323,1.771271824836731
5324,1.9943771362304688
5325,1.3064333200454712
5326,1.4165245294570923
5327,1.4480725526809692
5328,1.5386232137680054
5329,1.6035585403442383
5330,1.7675598859786987
5331,1.3629417419433594
5332,1.937865138053894
5333,1.2203419208526611
5334,1.5829102993011475
5335,1.4008500576019287
5336,1.3870689868927002
5337,1.433934211730957
5338,1.5666637420654297
5339,1.3701786994934082
5340,1.3798834085464478
5341,1.8931623697280884
5342,1.4340382814407349
5343,1.9755293130874634
5344,1.6144981384277344
5345,1.2264553308486938
5346,1.471174955368042
5347,1.9884823560714722
5348,1.757492184638977
5349,1.3990530967712402
5350,1.325825810432434
5351,1.4653652906417847
5352,1.9644206762313843
5353,1.2861295938491821
5354,1.827940821647644
5355,1.3529491424560547
5356,1.5021761655807495
5357,1.6167601346969604
5358,1.4707305431365967
5359,1.368438959121704
5360,1.322399377822876
5361,1.3668264150619507
5362,1.9938688278198242
5363,1.9176629781723022
5364,1.9396545886993408
5365,1.3472462892532349
5366,1.8518891334533691
5367,1.9516099691390991
5368,1.327669620513916
5369,1.9944792985916138
5370,1.7973954677581787
5371,1.4333316087722778
5372,1.7460206747055054
5373,1.6735557317733765
5374,1.7277626991271973
5375,1.9929656982421875
5376,1.2729837894439697
5377,1.2427226305007935
5378,1.3524913787841797
5379,1.2810208797454834
5380,1.5292444229125977
5381,1.2811496257781982
5382,1.495504379272461
5383,1.619638442993164
5384,1.4920307397842407
5385,1.2277811765670776
5386,1.2608532905578613
5387,1.3893591165542603
5388,1.5459249019622803
5389,1.8709555864334106
5390,1.9476428031921387
5391,1.4892414808273315
5392,1.9892014265060425
5393,1.364578366279602
5394,1.2837661504745483
5395,1.8967945575714111
5396,1.9949949979782104
5397,1.3243778944015503
5398,1.99541175365448
5399,1.4258264303207397
5400,1.3010528087615967
5401,1.8514249324798584
5402,1.711496114730835
5403,1.3210210800170898
5404,1.2442336082458496
5405,1.457911491394043
5406,1.204563021659851
5407,1.2945396900177002
5408,1.2899092435836792
5409,1.7563506364822388
5410,1.4046027660369873
5411,1.9930174350738525
5412,1.2778769731521606
5413,1.439195156097412
5414,1.9607188701629639
5415,1.2381322383880615
5416,1.9932814836502075
5417,1.3923534154891968
5418,1.9941247701644897
5419,1.9830653667449951
5420,1.9962475299835205
5421,1.8037587404251099
5422,1.7791907787322998
5423,1.3741445541381836
5424,1.2452470064163208
5425,1.933190941810608
5426,1.356799602508545
5427,1.6760494709014893
5428,1.9875593185424805
5429,1.3592865467071533
5430,1.3217476606369019
5431,1.890810489654541
5432,1.666646122932434
5433,1.3379582166671753
5434,1.4107775688171387
5435,1.7422518730163574
5436,1.9938042163848877
5437,1.8220207691192627
5438,1.1369409561157227
5439,1.3176218271255493
5440,1.6901206970214844
5441,1.1846680641174316
5442,1.3709909915924072
5443,1.3797940015792847
5444,1.42019522190094
5445,1.2990700006484985
5446,1.8666958808898926
5447,1.6284713745117188
5448,1.3616811037063599
5449,1.386513113975525
5450,1.5507755279541016
5451,1.4670162200927734
5452,1.719123125076294
5453,1.342587947845459
5454,1.2634445428848267
5455,1.3587045669555664
5456,1.896108627319336
5457,1.1868529319763184
5458,1.9938998222351074
5459,1.2203514575958252
5460,1.2375621795654297
5461,1.3616431951522827
5462,1.9934948682785034
5463,1.8154680728912354
5464,1.3076367378234863
5465,1.3611760139465332
5466,1.2746710777282715
5467,1.380784273147583
5468,1.765315294265747
5469,1.9957307577133179
5470,1.2181339263916016
5471,1.3132774829864502
5472,1.6753307580947876
5473,1.3625187873840332
5474,1.6548480987548828
5475,1.3632957935333252
5476,1.3788442611694336
5477,1.907691240310669
5478,1.3476474285125732
5479,1.4110822677612305
5480,1.3416746854782104
5481,1.497963309288025
5482,1.2158761024475098
5483,1.4534635543823242
5484,1.437864899635315
5485,1.2925289869308472
5486,1.36380934715271
5487,1.1744768619537354
5488,1.233903169631958
5489,1.980627179145813
5490,1.4948275089263916
5491,1.4589585065841675
5492,1.4584136009216309
5493,1.3707764148712158
5494,1.9899288415908813
5495,1.1898679733276367
5496,1.8995342254638672
5497,1.4872615337371826
5498,1.3018101453781128
5499,1.5043630599975586
5500,1.3438498973846436
5501,1.2775819301605225
5502,1.3120285272598267
5503,1.8674530982971191
5504,1.786022663116455
5505,1.1301110982894897
5506,1.2864848375320435
5507,1.3945589065551758
5508,1.143615484237671
5509,1.9870977401733398
5510,1.6795064210891724
5511,1.4133590459823608
5512,1.6354931592941284
5513,1.6583467721939087
5514,1.3546029329299927
5515,1.2829771041870117
5516,1.5111781358718872
5517,1.7396740913391113
5518,1.7180198431015015
5519,1.3325560092926025
5520,1.3476282358169556
5521,1.32893705368042
5522,1.4228134155273438
5523,1.4288742542266846
5524,1.1409728527069092
5525,1.9931660890579224
5526,1.3977200984954834
5527,1.3077799081802368
5528,1.997545599937439
5529,1.994676113128662
5530,1.6838984489440918
5531,1.3614623546600342
5532,1.5630791187286377
5533,1.2981394529342651
5534,1.6075519323349
5535,1.2296652793884277
5536,1.8182390928268433
5537,1.606636881828308
5538,1.3692373037338257
5539,1.5464544296264648
5540,1.2386465072631836
5541,1.4995503425598145
5542,1.3486778736114502
5543,1.8024667501449585
5544,1.3544191122055054
5545,1.795487403869629
5546,1.9950164556503296
5547,1.2975678443908691
5548,1.4837406873703003
5549,1.2768080234527588
5550,1.3665212392807007
5551,1.5924437046051025
5552,1.710357427597046
5553,1.5189508199691772
5554,1.2002252340316772
5555,1.4133981466293335
5556,1.9346604347229004
5557,1.7855185270309448
5558,1.3573927879333496
5559,1.9055768251419067
5560,1.267709493637085
5561,1.985255241394043
5562,1.4792706966400146
5563,1.497066855430603
5564,1.939858078956604
5565,1.9933055639266968
5566,1.2349209785461426
5567,1.1364033222198486
5568,1.4357064962387085
5569,1.610020399093628
5570,1.311192274093628
5571,1.4206266403198242
5572,1.7591909170150757
5573,1.7502440214157104
5574,1.8211157321929932
5575,1.5482759475708008
5576,1.4104222059249878
5577,1.8315448760986328
5578,1.3514798879623413
5579,1.323632001876831
5580,1.4519095420837402
5581,1.4585034847259521
5582,1.3773150444030762
5583,1.8185052871704102
5584,1.5569795370101929
5585,1.505197525024414
5586,1.2522306442260742
5587,1.3948482275009155
5588,1.5155500173568726
5589,1.598575234413147
5590,1.925962209701538
5591,1.3203558921813965
5592,1.3060646057128906
5593,1.390526533126831
5594,1.9047086238861084
5595,1.446743130683899
5596,1.190706491470337
5597,1.9416694641113281
5598,1.359660029411316
5599,1.376152515411377
5600,1.3568651676177979
5601,1.3634744882583618
5602,1.9941965341567993
5603,1.37274169921875
5604,1.538039207458496
5605,1.771356463432312
5606,1.9889581203460693
5607,1.7895939350128174
5608,1.4317302703857422
5609,1.4792866706848145
5610,1.6757198572158813
5611,1.505486011505127
5612,1.9615588188171387
5613,1.385521411895752
5614,1.8095488548278809
5615,1.3199001550674438
5616,1.2560161352157593
5617,1.6066620349884033
5618,1.881074070930481
5619,1.3267277479171753
5620,1.3286302089691162
5621,1.3484783172607422
5622,1.89849054813385
5623,1.6829702854156494
5624,1.9960538148880005
5625,1.464119791984558
5626,1.8633172512054443
5627,1.8118195533752441
5628,1.4927244186401367
5629,1.6145720481872559
5630,1.4093533754348755
5631,1.9838461875915527
5632,1.5056220293045044
5633,1.3071001768112183
5634,1.9961082935333252
5635,1.7835108041763306
5636,1.4807379245758057
5637,1.9935038089752197
5638,1.4018704891204834
5639,1.8015943765640259
5640,1.9959133863449097
5641,1.390626311302185
5642,1.6096807718276978
5643,1.2731318473815918
5644,1.3032925128936768
5645,1.434736967086792
5646,1.8505159616470337
5647,1.7911180257797241
5648,1.494225263595581
5649,1.9966115951538086
5650,1.8765476942062378
5651,1.7095110416412354
5652,1.2907705307006836
5653,1.9894399642944336
5654,1.413659691810608
5655,1.6846493482589722
5656,1.5332458019256592
5657,1.510406255722046
5658,1.9766925573349
5659,1.4492160081863403
5660,1.8630942106246948
5661,1.449057936668396
5662,1.4934794902801514
5663,1.8166213035583496
5664,1.1278246641159058
5665,1.311476469039917
5666,1.8144478797912598
5667,1.4279558658599854
5668,1.8695300817489624
5669,1.9950333833694458
5670,1.4758244752883911
5671,1.5426172018051147
5672,1.4983700513839722
5673,1.7079106569290161
5674,1.2630594968795776
5675,1.2472927570343018
5676,1.3364537954330444
5677,1.2710169553756714
5678,1.9846404790878296
5679,1.5010097026824951
5680,1.8090708255767822
5681,1.3884574174880981
5682,1.42021644115448
5683,1.5308833122253418
5684,1.6911853551864624
5685,1.8819290399551392
5686,1.989771842956543
5687,1.602189302444458
5688,1.3410452604293823
5689,1.3031811714172363
5690,1.425909161567688
5691,1.4254217147827148
5692,1.3729711771011353
5693,1.3406873941421509
5694,1.414079189300537
5695,1.521268606185913
5696,1.7729530334472656
5697,1.1886155605316162
5698,1.3437786102294922
5699,1.382370948791504
5700,1.5679537057876587
5701,1.7031854391098022
5702,1.1956732273101807
5703,1.9972227811813354
5704,1.635425090789795
5705,1.1770731210708618
5706,1.6579796075820923
5707,1.38905930519104
5708,1.328105092048645
5709,1.4398903846740723
5710,1.2042266130447388
5711,1.3475757837295532
5712,1.793554425239563
5713,1.4795602560043335
5714,1.2036386728286743
5715,1.9498342275619507
5716,1.3554607629776
5717,1.545568823814392
5718,1.3402681350708008
5719,1.7233428955078125
5720,1.993715524673462
5721,1.3899073600769043
5722,1.5042210817337036
5723,1.358652114868164
5724,1.8372257947921753
5725,1.373997449874878
5726,1.8339663743972778
5727,1.8840407133102417
5728,1.3098127841949463
5729,1.3296611309051514
5730,1.5444499254226685
5731,1.3830984830856323
5732,1.2186423540115356
5733,1.353277325630188
5734,1.3591339588165283
5735,1.4219970703125
5736,1.33427894115448
5737,1.2970130443572998
5738,1.4310023784637451
5739,1.9025654792785645
5740,1.9753780364990234
5741,1.6718591451644897
5742,1.3358781337738037
5743,1.1666288375854492
5744,1.5986992120742798
5745,1.3510664701461792
5746,1.6163583993911743
5747,1.690459132194519
5748,1.2952396869659424
5749,1.995733618736267
5750,1.3398181200027466
5751,1.9953991174697876
5752,1.5860116481781006
5753,1.7992016077041626
5754,1.5999528169631958
5755,1.7400450706481934
5756,1.8861135244369507
5757,1.2464516162872314
5758,1.362377643585205
5759,1.3416104316711426
5760,1.3400497436523438
5761,1.339889645576477
5762,1.8886630535125732
5763,1.4607514142990112
5764,1.3313628435134888
5765,1.4902763366699219
5766,1.2670116424560547
5767,1.7669023275375366
5768,1.9191477298736572
5769,1.6045578718185425
5770,1.2325489521026611
5771,1.7998895645141602
5772,1.241605281829834
5773,1.978295922279358
5774,1.3607945442199707
5775,1.5973608493804932
5776,1.3398109674453735
5777,1.8384672403335571
5778,1.7590579986572266
5779,1.2461979389190674
5780,1.9344720840454102
5781,1.9967933893203735
5782,1.1310548782348633
5783,1.3815999031066895
5784,1.3907653093338013
5785,1.564501166343689
5786,1.982947587966919
5787,1.4587934017181396
5788,1.8535261154174805
5789,1.324420690536499
5790,1.4335561990737915
5791,1.8252602815628052
5792,1.3182216882705688
5793,1.844045639038086
5794,1.99257493019104
5795,1.6558171510696411
5796,1.3626195192337036
5797,1.3160732984542847
5798,1.7228254079818726
5799,1.7197515964508057
5800,1.937573790550232
5801,1.9961278438568115
5802,1.3747777938842773
5803,1.366387128829956
5804,1.411386251449585
5805,1.3700376749038696
5806,1.3872480392456055
5807,1.5279757976531982
5808,1.400120496749878
5809,1.903807282447815
5810,1.4284515380859375
5811,1.8980658054351807
5812,1.5174942016601562
5813,1.875172734260559
5814,1.398478627204895
5815,1.3293615579605103
5816,1.7591230869293213
5817,1.353293776512146
5818,1.4878175258636475
5819,1.889133334159851
5820,1.9424443244934082
5821,1.6309868097305298
5822,1.305411458015442
5823,1.587829828262329
5824,1.1204345226287842
5825,1.355360746383667
5826,1.4536049365997314
5827,1.4270108938217163
5828,1.8549432754516602
5829,1.0801868438720703
5830,1.8102483749389648
5831,1.1475491523742676
5832,1.5882858037948608
5833,1.7113620042800903
5834,1.3128373622894287
5835,1.6269919872283936
5836,1.3044074773788452
5837,1.9244961738586426
5838,1.444117546081543
5839,1.4674931764602661
5840,1.9216527938842773
5841,1.7520710229873657
5842,1.3147188425064087
5843,1.3048101663589478
5844,1.6450222730636597
5845,1.9847369194030762
5846,1.2378966808319092
5847,1.392700433731079
5848,1.8670709133148193
5849,1.9944547414779663
5850,1.443325161933899
5851,1.9920122623443604
5852,1.981257677078247
5853,1.3125728368759155
5854,1.43682861328125
5855,1.886083722114563
5856,1.32911217212677
5857,1.4342554807662964
5858,1.8788317441940308
5859,1.4505420923233032
5860,1.4366796016693115
5861,1.2994554042816162
5862,1.413511872291565
5863,1.417677879333496
5864,1.2613108158111572
5865,1.638540267944336
5866,1.3513946533203125
5867,1.4409496784210205
5868,1.4955155849456787
5869,1.5347892045974731
5870,1.5070936679840088
5871,1.3372782468795776
5872,1.4538321495056152
5873,1.9543440341949463
5874,1.4075243473052979
5875,1.3437327146530151
5876,1.435914397239685
5877,1.4371830224990845
5878,1.386369228363037
5879,1.7816157341003418
5880,1.21636164188385
5881,1.6280063390731812
5882,1.6287742853164673
5883,1.2186057567596436
5884,1.9013785123825073
5885,1.307540774345398
5886,1.7226347923278809
5887,1.8826112747192383
5888,1.9433660507202148
5889,1.2853695154190063
5890,1.3705806732177734
5891,1.550538182258606
5892,1.6879831552505493
5893,1.2480777502059937
5894,1.5383375883102417
5895,1.651060700416565
5896,1.4036831855773926
5897,1.9951937198638916
5898,1.2817070484161377
5899,1.7487518787384033
5900,1.4300601482391357
5901,1.438438057899475
5902,1.289942979812622
5903,1.9631500244140625
5904,1.386197566986084
5905,1.555253267288208
5906,1.4567673206329346
5907,1.7659873962402344
5908,1.5133732557296753
5909,1.7291141748428345
5910,1.993760108947754
5911,1.4428398609161377
5912,1.9923627376556396
5913,1.4444438219070435
5914,1.4377026557922363
5915,1.6850475072860718
5916,1.4419608116149902
5917,1.2537940740585327
5918,1.7098352909088135
5919,1.3010410070419312
5920,1.351605772972107
5921,1.415846347808838
5922,1.8988134860992432
5923,1.5344915390014648
5924,1.497426152229309
5925,1.3594117164611816
5926,1.461168885231018
5927,1.6768189668655396
5928,1.4217673540115356
5929,1.3505269289016724
5930,1.2523643970489502
5931,1.2130892276763916
5932,1.3398003578186035
5933,1.5595592260360718
5934,1.833143711090088
5935,1.916327714920044
5936,1.2610722780227661
5937,1.3326237201690674
5938,1.9314069747924805
5939,1.7851301431655884
5940,1.5663450956344604
5941,1.6713894605636597
5942,1.140861988067627
5943,1.9376840591430664
5944,1.7469791173934937
5945,1.240731954574585
5946,1.5360491275787354
5947,1.3224135637283325
5948,1.9958181381225586
5949,1.4642186164855957
5950,1.994441032409668
5951,1.2131297588348389
5952,1.5086325407028198
5953,1.4536106586456299
5954,1.716870665550232
5955,1.7528555393218994
5956,1.9937245845794678
5957,1.9949671030044556
5958,1.2346408367156982
5959,1.9883553981781006
5960,1.1784440279006958
5961,1.3908896446228027
5962,1.5509824752807617
5963,1.4046497344970703
5964,1.5067440271377563
5965,1.2237151861190796
5966,1.4804009199142456
5967,1.314884901046753
5968,1.9932825565338135
5969,1.4371079206466675
5970,1.4659571647644043
5971,1.41004478931427
5972,1.6316052675247192
5973,1.7528859376907349
5974,1.2795205116271973
5975,1.795414686203003
5976,1.2740119695663452
5977,1.5246576070785522
5978,1.3257129192352295
5979,1.5091285705566406
5980,1.4324440956115723
5981,1.599475383758545
5982,1.4800828695297241
5983,1.3488587141036987
5984,1.3214547634124756
5985,1.8899750709533691
5986,1.8175172805786133
5987,1.4094942808151245
5988,1.4059423208236694
5989,1.5315712690353394
5990,1.377545714378357
5991,1.5810341835021973
5992,1.685777187347412
5993,1.366802453994751
5994,1.944465160369873
5995,1.9914277791976929
5996,1.9963679313659668
5997,1.8549962043762207
5998,1.653119683265686
5999,1.202812910079956
6000,1.3050168752670288
6001,1.455491065979004
6002,1.5208367109298706
6003,1.1978240013122559
6004,1.2281603813171387
6005,1.9976063966751099
6006,1.4060566425323486
6007,1.595353364944458
6008,1.6479591131210327
6009,1.9964717626571655
6010,1.252699375152588
6011,1.946668267250061
6012,1.92560613155365
6013,1.4240893125534058
6014,1.2753064632415771
6015,1.4307341575622559
6016,1.405780553817749
6017,1.3594259023666382
6018,1.9947130680084229
6019,1.4488639831542969
6020,1.996117353439331
6021,1.9332584142684937
6022,1.3359249830245972
6023,1.3368817567825317
6024,1.249233603477478
6025,1.4095412492752075
6026,1.6064091920852661
6027,1.996549129486084
6028,1.4909536838531494
6029,1.9969189167022705
6030,1.89437735080719
6031,1.3829107284545898
6032,1.9583425521850586
6033,1.6047770977020264
6034,1.5284664630889893
6035,1.2828915119171143
6036,1.9971081018447876
6037,1.7410157918930054
6038,1.811350703239441
6039,1.893758773803711
6040,1.838988184928894
6041,1.9971760511398315
6042,1.4771480560302734
6043,1.2564321756362915
6044,1.804322361946106
6045,1.4732491970062256
6046,1.3523224592208862
6047,1.507685899734497
6048,1.5052134990692139
6049,1.3045318126678467
6050,1.9852111339569092
6051,1.6378368139266968
6052,1.858986735343933
6053,1.9645885229110718
6054,1.3659268617630005
6055,1.8193539381027222
6056,1.399497389793396
6057,1.2630375623703003
6058,1.7649046182632446
6059,1.9389631748199463
6060,1.2736612558364868
6061,1.6881946325302124
6062,1.42366361618042
6063,1.5950124263763428
6064,1.797008752822876
6065,1.3359038829803467
6066,1.4673597812652588
6067,1.568297266960144
6068,1.9913296699523926
6069,1.2040884494781494
6070,1.9683420658111572
6071,1.5201760530471802
6072,1.7703046798706055
6073,1.8745566606521606
6074,1.813717246055603
6075,1.4393658638000488
6076,1.4285519123077393
6077,1.729095697402954
6078,1.8312954902648926
6079,1.3099420070648193
6080,1.2008178234100342
6081,1.3839470148086548
6082,1.7494468688964844
6083,1.4354093074798584
6084,1.513542890548706
6085,1.2129755020141602
6086,1.7844866514205933
6087,1.9937411546707153
6088,1.3187800645828247
6089,1.9232009649276733
6090,1.2352361679077148
6091,1.2441314458847046
6092,1.8141807317733765
6093,1.443307876586914
6094,1.232261061668396
6095,1.9967057704925537
6096,1.3887649774551392
6097,1.9189903736114502
6098,1.269927978515625
6099,1.4460595846176147
6100,1.9879000186920166
6101,1.304208755493164
6102,1.2533643245697021
6103,1.7217868566513062
6104,1.5551940202713013
6105,1.789207100868225
6106,1.3750996589660645
6107,1.4946666955947876
6108,1.271321415901184
6109,1.2673258781433105
6110,1.9960793256759644
6111,1.250356674194336
6112,1.5254857540130615
6113,1.3465529680252075
6114,1.978097915649414
6115,1.9238529205322266
6116,1.9881049394607544
6117,1.2591667175292969
6118,1.914383888244629
6119,1.551282286643982
6120,1.4561017751693726
6121,1.8580535650253296
6122,1.3250997066497803
6123,1.6559593677520752
6124,1.4018465280532837
6125,1.5812987089157104
6126,1.4939391613006592
6127,1.3667397499084473
6128,1.3405616283416748
6129,1.6537854671478271
6130,1.3295180797576904
6131,1.9128022193908691
6132,1.467947006225586
6133,1.461106538772583
6134,1.9050076007843018
6135,1.3176538944244385
6136,1.5023044347763062
6137,1.5868291854858398
6138,1.2327719926834106
6139,1.1434342861175537
6140,1.3313183784484863
6141,1.5297881364822388
6142,1.9946753978729248
6143,1.404528021812439
6144,1.4848392009735107
6145,1.3112941980361938
6146,1.5069849491119385
6147,1.3136866092681885
6148,1.4645994901657104
6149,1.369612455368042
6150,1.4904329776763916
6151,1.8448065519332886
6152,1.2905679941177368
6153,1.7006527185440063
6154,1.5468131303787231
6155,1.2493479251861572
6156,1.396224856376648
6157,1.9339662790298462
6158,1.9890100955963135
6159,1.3580507040023804
6160,1.7618626356124878
6161,1.5399155616760254
6162,1.5201679468154907
6163,1.4501688480377197
6164,1.666113257408142
6165,1.469639778137207
6166,1.3639841079711914
6167,1.3736311197280884
6168,1.5604887008666992
6169,1.2551581859588623
6170,1.4589145183563232
6171,1.4448118209838867
6172,1.6861236095428467
6173,1.5789034366607666
6174,1.9478811025619507
6175,1.9792500734329224
6176,1.4588640928268433
6177,1.2503176927566528
6178,1.4384808540344238
6179,1.2288681268692017
6180,1.4405921697616577
6181,1.8639720678329468
6182,1.9953194856643677
6183,1.1430004835128784
6184,1.6157515048980713
6185,1.3318291902542114
6186,1.283698320388794
6187,1.5067859888076782
6188,1.3566176891326904
6189,1.688947319984436
6190,1.172033667564392
6191,1.6962366104125977
6192,1.8693736791610718
6193,1.2028727531433105
6194,1.2921030521392822
6195,1.348099946975708
6196,1.4534318447113037
6197,1.3601220846176147
6198,1.870532751083374
6199,1.7225335836410522
6200,1.9969464540481567
6201,1.2772362232208252
6202,1.993600845336914
6203,1.9954171180725098
6204,1.3898944854736328
6205,1.5759602785110474
6206,1.7083714008331299
6207,1.9963386058807373
6208,1.826082468032837
6209,1.9336134195327759
6210,1.7331994771957397
6211,1.3826789855957031
6212,1.4717130661010742
6213,1.4454301595687866
6214,1.4723776578903198
6215,1.4104795455932617
6216,1.3880547285079956
6217,1.4203872680664062
6218,1.4140141010284424
6219,1.5762770175933838
6220,1.2943849563598633
6221,1.4914507865905762
6222,1.3045365810394287
6223,1.8199385404586792
6224,1.0907143354415894
6225,1.8092436790466309
6226,1.9138951301574707
6227,1.5321359634399414
6228,1.9875030517578125
6229,1.4505126476287842
6230,1.215023398399353
6231,1.2410380840301514
6232,1.3041445016860962
6233,1.3370392322540283
6234,1.817988395690918
6235,1.3989313840866089
6236,1.4249457120895386
6237,1.9423643350601196
6238,1.2712677717208862
6239,1.3647414445877075
6240,1.3836228847503662
6241,1.9212141036987305
6242,1.32159423828125
6243,1.354654312133789
6244,1.7260041236877441
6245,1.2611393928527832
6246,1.123485803604126
6247,1.4415628910064697
6248,1.1750376224517822
6249,1.5493881702423096
6250,1.9900659322738647
6251,1.3105874061584473
6252,1.3274743556976318
6253,1.4703342914581299
6254,1.997550129890442
6255,1.3238749504089355
6256,1.5420900583267212
6257,1.556704044342041
6258,1.4094569683074951
6259,1.8613576889038086
6260,1.8375798463821411
6261,1.9839409589767456
6262,1.422541618347168
6263,1.8008902072906494
6264,1.2971484661102295
6265,1.4893189668655396
6266,1.4613085985183716
6267,1.3092727661132812
6268,1.282156229019165
6269,1.2728755474090576
6270,1.2927091121673584
6271,1.7314339876174927
6272,1.5467240810394287
6273,1.4593197107315063
6274,1.4635825157165527
6275,1.996117353439331
6276,1.5135303735733032
6277,1.9852535724639893
6278,1.746329665184021
6279,1.4134258031845093
6280,1.2867755889892578
6281,1.432201623916626
6282,1.5600186586380005
6283,1.6980749368667603
6284,1.2451167106628418
6285,1.3489781618118286
6286,1.267241358757019
6287,1.559178113937378
6288,1.4784542322158813
6289,1.4752130508422852
6290,1.997097134590149
6291,1.886811375617981
6292,1.932612419128418
6293,1.468258023262024
6294,1.3985965251922607
6295,1.5208566188812256
6296,1.9912477731704712
6297,1.3438457250595093
6298,1.8466871976852417
6299,1.3304275274276733
6300,1.470215916633606
6301,1.9063729047775269
6302,1.5329471826553345
6303,1.2917535305023193
6304,1.5632209777832031
6305,1.3182843923568726
6306,1.4841431379318237
6307,1.2223694324493408
6308,1.2783774137496948
6309,1.4597517251968384
6310,1.8601975440979004
6311,1.9946988821029663
6312,1.6531901359558105
6313,1.9315053224563599
6314,1.2014901638031006
6315,1.3863155841827393
6316,1.8361117839813232
6317,1.84764564037323
6318,1.6405061483383179
6319,1.2625236511230469
6320,1.2795193195343018
6321,1.3534375429153442
6322,1.3152029514312744
6323,1.3352361917495728
6324,1.4405430555343628
6325,1.4768260717391968
6326,1.4818263053894043
6327,1.4918755292892456
6328,1.4766813516616821
6329,1.5231095552444458
6330,1.525447130203247
6331,1.274045467376709
6332,1.921888828277588
6333,1.7692703008651733
6334,1.7255061864852905
6335,1.9893224239349365
6336,1.2820191383361816
6337,1.513534426689148
6338,1.3751609325408936
6339,1.442672610282898
6340,1.7563276290893555
6341,1.1590080261230469
6342,1.344063639640808
6343,1.4782423973083496
6344,1.9845829010009766
6345,1.9943166971206665
6346,1.251253604888916
6347,1.4750471115112305
6348,1.4058020114898682
6349,1.874484896659851
6350,1.3775933980941772
6351,1.7063950300216675
6352,1.9918519258499146
6353,1.741483449935913
6354,1.8900039196014404
6355,1.7266383171081543
6356,1.493594765663147
6357,1.4598579406738281
6358,1.5165201425552368
6359,1.5450913906097412
6360,1.5725395679473877
6361,1.4621657133102417
6362,1.8834742307662964
6363,1.3173344135284424
6364,1.3427472114562988
6365,1.1839557886123657
6366,1.4390945434570312
6367,1.3564486503601074
6368,1.2608562707901
6369,1.3686844110488892
6370,1.289484977722168
6371,1.8940092325210571
6372,1.3683215379714966
6373,1.2640429735183716
6374,1.3209668397903442
6375,1.7758229970932007
6376,1.349493145942688
6377,1.4151350259780884
6378,1.8719921112060547
6379,1.994431495666504
6380,1.3631421327590942
6381,1.5237480401992798
6382,1.991174340248108
6383,1.377617597579956
6384,1.3514440059661865
6385,1.381680965423584
6386,1.2815215587615967
6387,1.6988286972045898
6388,1.379866361618042
6389,1.921678900718689
6390,1.5781971216201782
6391,1.3142151832580566
6392,1.3362878561019897
6393,1.2990068197250366
6394,1.3915774822235107
6395,1.6495816707611084
6396,1.5169122219085693
6397,1.2173945903778076
6398,1.964141845703125
6399,1.7860966920852661
6400,1.8526115417480469
6401,1.402728796005249
6402,1.9887759685516357
6403,1.8205986022949219
6404,1.8902353048324585
6405,1.7311725616455078
6406,1.4808173179626465
6407,1.1882466077804565
6408,1.217000961303711
6409,1.9195992946624756
6410,1.4174870252609253
6411,1.279579758644104
6412,1.2939666509628296
6413,1.6369566917419434
6414,1.4162267446517944
6415,1.9737229347229004
6416,1.9889581203460693
6417,1.3837281465530396
6418,1.4070501327514648
6419,1.3126871585845947
6420,1.549501895904541
6421,1.3320368528366089
6422,1.4088244438171387
6423,1.4920631647109985
6424,1.274998426437378
6425,1.3889164924621582
6426,1.318586826324463
6427,1.46287202835083
6428,1.9897640943527222
6429,1.9910722970962524
6430,1.6196225881576538
6431,1.4146968126296997
6432,1.9964993000030518
6433,1.282195806503296
6434,1.8292052745819092
6435,1.3541532754898071
6436,1.4660733938217163
6437,1.6706597805023193
6438,1.3346951007843018
6439,1.8203251361846924
6440,1.547716736793518
6441,1.3345412015914917
6442,1.9838569164276123
6443,1.4723260402679443
6444,1.787534475326538
6445,1.7634212970733643
6446,1.3608314990997314
6447,1.3036924600601196
6448,1.8556969165802002
6449,1.8875986337661743
6450,1.2611842155456543
6451,1.2906053066253662
6452,1.9945534467697144
6453,1.3562712669372559
6454,1.4269486665725708
6455,1.3108242750167847
6456,1.397658348083496
6457,1.97744882106781
6458,1.6832836866378784
6459,1.6340357065200806
6460,1.457728624343872
6461,1.5583387613296509
6462,1.885040044784546
6463,1.293060064315796
6464,1.3995205163955688
6465,1.9921139478683472
6466,1.1638948917388916
6467,1.2252470254898071
6468,1.2934945821762085
6469,1.4636518955230713
6470,1.568274736404419
6471,1.8419880867004395
6472,1.4457701444625854
6473,1.2366424798965454
6474,1.419082760810852
6475,1.3074512481689453
6476,1.9926973581314087
6477,1.5723702907562256
6478,1.8347444534301758
6479,1.3422017097473145
6480,1.4266557693481445
6481,1.6878811120986938
6482,1.9948533773422241
6483,1.990501046180725
6484,1.415263295173645
6485,1.9612116813659668
6486,1.236458659172058
6487,1.9934823513031006
6488,1.4809874296188354
6489,1.2343310117721558
6490,1.2829886674880981
6491,1.9082893133163452
6492,1.994299292564392
6493,1.5037181377410889
6494,1.6568983793258667
6495,1.9265170097351074
6496,1.6464858055114746
6497,1.4325098991394043
6498,1.9362014532089233
6499,1.4425771236419678
6500,1.4921603202819824
6501,1.9908241033554077
6502,1.4578996896743774
6503,1.4420467615127563
6504,1.4146325588226318
6505,1.994773268699646
6506,1.9916110038757324
6507,1.719646692276001
6508,1.4067493677139282
6509,1.496719479560852
6510,1.6407861709594727
6511,1.3958988189697266
6512,1.457642912864685
6513,1.5409843921661377
6514,1.5751535892486572
6515,1.304669976234436
6516,1.9849735498428345
6517,1.769639015197754
6518,1.5391476154327393
6519,1.2378660440444946
6520,1.3948436975479126
6521,1.5839595794677734
6522,1.4510002136230469
6523,1.4105528593063354
6524,1.6363259553909302
6525,1.452885389328003
6526,1.6693379878997803
6527,1.450418472290039
6528,1.3728910684585571
6529,1.5131239891052246
6530,1.795884370803833
6531,1.02288019657135
6532,1.4416484832763672
6533,1.6330724954605103
6534,1.3438115119934082
6535,1.4580262899398804
6536,1.3306927680969238
6537,1.9391372203826904
6538,1.3414924144744873
6539,1.733239769935608
6540,1.969874382019043
6541,1.3594623804092407
6542,1.7615817785263062
6543,1.5134130716323853
6544,1.4687144756317139
6545,1.264701008796692
6546,1.4085910320281982
6547,1.3562504053115845
6548,1.2128592729568481
6549,1.458354115486145
6550,1.3310199975967407
6551,1.4548890590667725
6552,1.8254164457321167
6553,1.763445496559143
6554,1.338661789894104
6555,1.709363341331482
6556,1.3207253217697144
6557,1.991216778755188
6558,1.5463322401046753
6559,1.4744906425476074
6560,1.2035527229309082
6561,1.3850288391113281
6562,1.983534336090088
6563,1.4472795724868774
6564,1.3520604372024536
6565,1.3360282182693481
6566,1.3235136270523071
6567,1.9889780282974243
6568,1.3950526714324951
6569,1.9899872541427612
6570,1.387918472290039
6571,1.9057376384735107
6572,1.691503882408142
6573,1.8912447690963745
6574,1.252415418624878
6575,1.2670354843139648
6576,1.3511662483215332
6577,1.6576175689697266
6578,1.4868942499160767
6579,1.378674030303955
6580,1.459338665008545
6581,1.972350001335144
6582,1.5794644355773926
6583,1.9562323093414307
6584,1.3936359882354736
6585,1.787435531616211
6586,1.3211767673492432
6587,1.866567850112915
6588,1.994759202003479
6589,1.3086378574371338
6590,1.2213900089263916
6591,1.4508172273635864
6592,1.9945656061172485
6593,1.4750821590423584
6594,1.7207186222076416
6595,1.995748519897461
6596,1.3786824941635132
6597,1.424545407295227
6598,1.3251771926879883
6599,1.980493426322937
6600,1.9923794269561768
6601,1.2719224691390991
6602,1.577385425567627
6603,1.212522268295288
6604,1.88410484790802
6605,1.3587007522583008
6606,1.290234088897705
6607,1.8865060806274414
6608,1.764885663986206
6609,1.3596452474594116
6610,1.286196231842041
6611,1.277971863746643
6612,1.9000487327575684
6613,1.2188695669174194
6614,1.5007106065750122
6615,1.3980274200439453
6616,1.6310632228851318
6617,1.7692545652389526
6618,1.200738787651062
6619,1.9961352348327637
6620,1.3293203115463257
6621,1.3805859088897705
6622,1.7698228359222412
6623,1.9842861890792847
6624,1.9242665767669678
6625,1.551734209060669
6626,1.7744580507278442
6627,1.2525073289871216
6628,1.3120089769363403
6629,1.932154655456543
6630,1.9962105751037598
6631,1.8366414308547974
6632,1.434980869293213
6633,1.3776341676712036
6634,1.368577480316162
6635,1.3838374614715576
6636,1.8241103887557983
6637,1.647961974143982
6638,1.44377863407135
6639,1.9679203033447266
6640,1.4311021566390991
6641,1.4509884119033813
6642,1.8230571746826172
6643,1.5360993146896362
6644,1.3757461309432983
6645,1.502116084098816
6646,1.3442386388778687
6647,1.407703161239624
6648,1.9881268739700317
6649,1.2559155225753784
6650,1.502432942390442
6651,1.6046644449234009
6652,1.3276853561401367
6653,1.4492655992507935
6654,1.9804171323776245
6655,1.7440141439437866
6656,1.9056499004364014
6657,1.2495278120040894
6658,1.345097303390503
6659,1.3674958944320679
6660,1.8883172273635864
6661,1.528123140335083
6662,1.7868338823318481
6663,1.861279845237732
6664,1.7579655647277832
6665,1.4978861808776855
6666,1.4563312530517578
6667,1.23002290725708
6668,1.9958970546722412
6669,1.3137272596359253
6670,1.2863478660583496
6671,1.4624611139297485
6672,1.2101131677627563
6673,1.4036033153533936
6674,1.9908217191696167
6675,1.4666792154312134
6676,1.7083497047424316
6677,1.997246265411377
6678,1.2953258752822876
6679,1.3624385595321655
6680,1.2840911149978638
6681,1.2591545581817627
6682,1.3181250095367432
6683,1.963376760482788
6684,1.5598781108856201
6685,1.31840181350708
6686,1.5122778415679932
6687,1.7444608211517334
6688,1.377691388130188
6689,1.5169190168380737
6690,1.3321173191070557
6691,1.3572049140930176
6692,1.3779370784759521
6693,1.412933588027954
6694,1.1472162008285522
6695,1.2796341180801392
6696,1.9320696592330933
6697,1.997273564338684
6698,1.247780680656433
6699,1.3381688594818115
6700,1.9835370779037476
6701,1.3218761682510376
6702,1.5502922534942627
6703,1.4374933242797852
6704,1.4467359781265259
6705,1.992740273475647
6706,1.7725605964660645
6707,1.1988922357559204
6708,1.500274896621704
6709,1.9965429306030273
6710,1.3547090291976929
6711,1.562757968902588
6712,1.4390028715133667
6713,1.310579776763916
6714,1.241645336151123
6715,1.1934031248092651
6716,1.7655510902404785
6717,1.3617771863937378
6718,1.3875006437301636
6719,1.5616639852523804
6720,1.9573744535446167
6721,1.983670711517334
6722,1.2366725206375122
6723,1.7271647453308105
6724,1.4819190502166748
6725,1.2935084104537964
6726,1.9095560312271118
6727,1.8269851207733154
6728,1.686532974243164
6729,1.3151291608810425
6730,1.9966704845428467
6731,1.4395729303359985
6732,1.4587966203689575
6733,1.282773733139038
6734,1.2119972705841064
6735,1.1873061656951904
6736,1.2222884893417358
6737,1.4213316440582275
6738,1.9946160316467285
6739,1.77760648727417
6740,1.4027223587036133
6741,1.2754732370376587
6742,1.4284489154815674
6743,1.2174216508865356
6744,1.337479591369629
6745,1.494929313659668
6746,1.7647533416748047
6747,1.7257235050201416
6748,1.3941702842712402
6749,1.5947366952896118
6750,1.5122463703155518
6751,1.409319281578064
6752,1.3592678308486938
6753,1.9974286556243896
6754,1.4847874641418457
6755,1.9967538118362427
6756,1.2560765743255615
6757,1.9165371656417847
6758,1.37968909740448
6759,1.4399075508117676
6760,1.7997863292694092
6761,1.4417222738265991
6762,1.2884819507598877
6763,1.8961784839630127
6764,1.2527213096618652
6765,1.8537166118621826
6766,1.9964511394500732
6767,1.8196723461151123
6768,1.4099514484405518
6769,1.131243348121643
6770,1.7861908674240112
6771,1.9134138822555542
6772,1.7214784622192383
6773,1.9973077774047852
6774,1.2671033143997192
6775,1.6336983442306519
6776,1.297459363937378
6777,1.1641539335250854
6778,1.494973063468933
6779,1.987481713294983
6780,1.7568325996398926
6781,1.1863737106323242
6782,1.3763717412948608
6783,1.9919791221618652
6784,1.9921340942382812
6785,1.3707331418991089
6786,1.4283943176269531
6787,1.996315360069275
6788,1.4764559268951416
6789,1.4416890144348145
6790,1.8849942684173584
6791,1.723766803741455
6792,1.3532350063323975
6793,1.987207293510437
6794,1.4427838325500488
6795,1.6697430610656738
6796,1.9910911321640015
6797,1.387843370437622
6798,1.7905548810958862
6799,1.2814327478408813
6800,1.9088377952575684
6801,1.3929744958877563
6802,1.531455397605896
6803,1.880879521369934
6804,1.286502718925476
6805,1.4371260404586792
6806,1.981685757637024
6807,1.6846896409988403
6808,1.529056191444397
6809,1.619015097618103
6810,1.3471009731292725
6811,1.9613275527954102
6812,1.3334420919418335
6813,1.8024895191192627
6814,1.98320472240448
6815,1.1561558246612549
6816,1.6908217668533325
6817,1.6538478136062622
6818,1.8497395515441895
6819,1.9098001718521118
6820,1.178274154663086
6821,1.6245670318603516
6822,1.405877947807312
6823,1.2318270206451416
6824,1.8159133195877075
6825,1.3634040355682373
6826,1.9629020690917969
6827,1.31270432472229
6828,1.6047290563583374
6829,1.9281457662582397
6830,1.2958874702453613
6831,1.7926933765411377
6832,1.4277253150939941
6833,1.1912510395050049
6834,1.4798040390014648
6835,1.9743701219558716
6836,1.2514913082122803
6837,1.918449878692627
6838,1.3856468200683594
6839,1.9906405210494995
6840,1.4304301738739014
6841,1.811455249786377
6842,1.9117579460144043
6843,1.3018404245376587
6844,1.4523807764053345
6845,1.154274582862854
6846,1.3663688898086548
6847,1.376901626586914
6848,1.3246922492980957
6849,1.4100888967514038
6850,1.3600847721099854
6851,1.2658216953277588
6852,1.6443058252334595
6853,1.7886722087860107
6854,1.9345566034317017
6855,1.3880441188812256
6856,1.2607507705688477
6857,1.635966181755066
6858,1.4736528396606445
6859,1.9951534271240234
6860,1.2640554904937744
6861,1.4367104768753052
6862,1.3508591651916504
6863,1.3301786184310913
6864,1.3761518001556396
6865,1.3698978424072266
6866,1.7214653491973877
6867,1.3877900838851929
6868,1.4241844415664673
6869,1.3405598402023315
6870,1.8283791542053223
6871,1.4305751323699951
6872,1.5034823417663574
6873,1.3428161144256592
6874,1.5655282735824585
6875,1.4366856813430786
6876,1.3815096616744995
6877,1.4760358333587646
6878,1.894849419593811
6879,1.4566844701766968
6880,1.4127706289291382
6881,1.922266960144043
6882,1.1606920957565308
6883,1.3702629804611206
6884,1.6850558519363403
6885,1.6485596895217896
6886,1.3692532777786255
6887,1.4005000591278076
6888,1.1531198024749756
6889,1.9916740655899048
6890,1.343008041381836
6891,1.992302417755127
6892,1.34830641746521
6893,1.4478836059570312
6894,1.8223696947097778
6895,1.7831792831420898
6896,1.283750295639038
6897,1.9745157957077026
6898,1.9907563924789429
6899,1.7264660596847534
6900,1.3134679794311523
6901,1.99497389793396
6902,1.5365585088729858
6903,1.5108774900436401
6904,1.505799651145935
6905,1.9949796199798584
6906,1.7342973947525024
6907,1.9918746948242188
6908,1.312090516090393
6909,1.3004311323165894
6910,1.5495848655700684
6911,1.5129187107086182
6912,1.8965915441513062
6913,1.4716418981552124
6914,1.2387049198150635
6915,1.997041940689087
6916,1.784427285194397
6917,1.4904371500015259
6918,1.99300217628479
6919,1.4076086282730103
6920,1.5016438961029053
6921,1.2886723279953003
6922,1.8212401866912842
6923,1.8535796403884888
6924,1.2503371238708496
6925,1.4654682874679565
6926,1.5326201915740967
6927,1.989893913269043
6928,1.3878400325775146
6929,1.4382812976837158
6930,1.4378303289413452
6931,1.5249665975570679
6932,1.395786166191101
6933,1.5961980819702148
6934,1.8068379163742065
6935,1.6571006774902344
6936,1.3289891481399536
6937,1.8867101669311523
6938,1.6393531560897827
6939,1.464124321937561
6940,1.4008920192718506
6941,1.7398372888565063
6942,1.6941652297973633
6943,1.5172359943389893
6944,1.8516911268234253
6945,1.3576653003692627
6946,1.8658186197280884
6947,1.6357924938201904
6948,1.3577426671981812
6949,1.9091469049453735
6950,1.3186125755310059
6951,1.4753267765045166
6952,1.418460726737976
6953,1.7573354244232178
6954,1.9962695837020874
6955,1.2892931699752808
6956,1.3902803659439087
6957,1.3935627937316895
6958,1.9208050966262817
6959,1.3218305110931396
6960,1.2636651992797852
6961,1.7405346632003784
6962,1.2949415445327759
6963,1.4495965242385864
6964,1.2994334697723389
6965,1.5516936779022217
6966,1.811011791229248
6967,1.4151359796524048
6968,1.802018642425537
6969,1.9958494901657104
6970,1.9921927452087402
6971,1.6024090051651
6972,1.2889574766159058
6973,1.4151296615600586
6974,1.5957449674606323
6975,1.5899624824523926
6976,1.6316090822219849
6977,1.482079029083252
6978,1.1751084327697754
6979,1.3924640417099
6980,1.5113499164581299
6981,1.6387310028076172
6982,1.232696294784546
6983,1.4374322891235352
6984,1.558652639389038
6985,1.3884999752044678
6986,1.1848890781402588
6987,1.3887995481491089
6988,1.3182284832000732
6989,1.5755828619003296
6990,1.454908013343811
6991,1.1724227666854858
6992,1.9318772554397583
6993,1.4232407808303833
6994,1.9873237609863281
6995,1.5572105646133423
6996,1.58001708984375
6997,1.2363826036453247
6998,1.3570231199264526
6999,1.4921079874038696
7000,1.2820245027542114
7001,1.1730408668518066
7002,1.3354240655899048
7003,1.448453664779663
7004,1.8667689561843872
7005,1.432113766670227
7006,1.5153499841690063
7007,1.3324220180511475
7008,1.9098206758499146
7009,1.411757469177246
7010,1.638289451599121
7011,1.8534964323043823
7012,1.6134639978408813
7013,1.776082992553711
7014,1.5451626777648926
7015,1.5667375326156616
7016,1.370352029800415
7017,1.9107986688613892
7018,1.1676493883132935
7019,1.5860060453414917
7020,1.9791319370269775
7021,1.987554669380188
7022,1.3288902044296265
7023,1.5206358432769775
7024,1.5286978483200073
7025,1.914301872253418
7026,1.4290602207183838
7027,1.9949710369110107
7028,1.6005218029022217
7029,1.5011508464813232
7030,1.3962363004684448
7031,1.991326093673706
7032,1.3169938325881958
7033,1.404685616493225
7034,1.5124950408935547
7035,1.9145786762237549
7036,1.2139780521392822
7037,1.6652826070785522
7038,1.8153822422027588
7039,1.3753244876861572
7040,1.6199896335601807
7041,1.357109546661377
7042,1.2222061157226562
7043,1.9127700328826904
7044,1.822444200515747
7045,1.6522328853607178
7046,1.318177342414856
7047,1.995639681816101
7048,1.552281141281128
7049,1.4245996475219727
7050,1.9977600574493408
7051,1.4435977935791016
7052,1.398047924041748
7053,1.5440059900283813
7054,1.266822338104248
7055,1.6295682191848755
7056,1.3635528087615967
7057,1.895909070968628
7058,1.4621260166168213
7059,1.3143988847732544
7060,1.940561056137085
7061,1.419053316116333
7062,1.3551164865493774
7063,1.4485327005386353
7064,1.2232321500778198
7065,1.2378966808319092
7066,1.27240788936615
7067,1.3423736095428467
7068,1.3914737701416016
7069,1.9952938556671143
7070,1.237654209136963
7071,1.2095211744308472
7072,1.7509193420410156
7073,1.4753578901290894
7074,1.3140485286712646
7075,1.6650282144546509
7076,1.422785997390747
7077,1.3816969394683838
7078,1.400428056716919
7079,1.5486607551574707
7080,1.2519029378890991
7081,1.9507088661193848
7082,1.5488773584365845
7083,1.4289857149124146
7084,1.2600017786026
7085,1.242118000984192
7086,1.8506969213485718
7087,1.4340962171554565
7088,1.4348465204238892
7089,1.37841796875
7090,1.5916646718978882
7091,1.383352518081665
7092,1.6580572128295898
7093,1.7446247339248657
7094,1.333460807800293
7095,1.608834981918335
7096,1.8150150775909424
7097,1.8507554531097412
7098,1.6944106817245483
7099,1.425829291343689
7100,1.2082759141921997
7101,1.4297921657562256
7102,1.4046260118484497
7103,1.1918513774871826
7104,1.917123794555664
7105,1.8347638845443726
7106,1.3705676794052124
7107,1.2888338565826416
7108,1.8160793781280518
7109,1.2307826280593872
7110,1.2854357957839966
7111,1.534329891204834
7112,1.4733084440231323
7113,1.691380500793457
7114,1.269266128540039
7115,1.3289837837219238
7116,1.3554264307022095
7117,1.490642786026001
7118,1.4149686098098755
7119,1.7638410329818726
7120,1.5531270503997803
7121,1.197210431098938
7122,1.9208612442016602
7123,1.1472855806350708
7124,1.8779830932617188
7125,1.542126178741455
7126,1.45249342918396
7127,1.4904783964157104
7128,1.2839815616607666
7129,1.5018967390060425
7130,1.3548657894134521
7131,1.1847680807113647
7132,1.975598931312561
7133,1.3065508604049683
7134,1.61631178855896
7135,1.586145281791687
7136,1.485487461090088
7137,1.2034488916397095
7138,1.766808271408081
7139,1.7851550579071045
7140,1.9921038150787354
7141,1.3970491886138916
7142,1.6015493869781494
7143,1.994303822517395
7144,1.2134425640106201
7145,1.677283763885498
7146,1.3457590341567993
7147,1.262142539024353
7148,1.3040392398834229
7149,1.7999706268310547
7150,1.8660187721252441
7151,1.9952665567398071
7152,1.2832163572311401
7153,1.3667241334915161
7154,1.2176902294158936
7155,1.2560036182403564
7156,1.3484479188919067
7157,1.2775812149047852
7158,1.993072509765625
7159,1.5288331508636475
7160,1.7542626857757568
7161,1.4893180131912231
7162,1.7336348295211792
7163,1.3389794826507568
7164,1.7929747104644775
7165,1.4704387187957764
7166,1.9942240715026855
7167,1.2221059799194336
7168,1.7222973108291626
7169,1.3716845512390137
7170,1.270720362663269
7171,1.8238744735717773
7172,1.5555148124694824
7173,1.1581404209136963
7174,1.1623830795288086
7175,1.3997442722320557
7176,1.9865707159042358
7177,1.9928276538848877
7178,1.447605013847351
7179,1.4498721361160278
7180,1.9878253936767578
7181,1.9664411544799805
7182,1.3434512615203857
7183,1.1988824605941772
7184,1.5072470903396606
7185,1.3567370176315308
7186,1.6747972965240479
7187,1.7645792961120605
7188,1.9874780178070068
7189,1.8608640432357788
7190,1.4645668268203735
7191,1.3416540622711182
7192,1.4178760051727295
7193,1.7152624130249023
7194,1.4054793119430542
7195,1.308405876159668
7196,1.5824849605560303
7197,1.4542105197906494
7198,1.3523435592651367
7199,1.2739143371582031
7200,1.5164239406585693
7201,1.2139406204223633
7202,1.7631397247314453
7203,1.348427653312683
7204,1.9180721044540405
7205,1.640293002128601
7206,1.9987943172454834
7207,1.403507947921753
7208,1.5015437602996826
7209,1.685492753982544
7210,1.2407160997390747
7211,1.260359287261963
7212,1.2704050540924072
7213,1.388622522354126
7214,1.5381516218185425
7215,1.4280651807785034
7216,1.2359347343444824
7217,1.732884407043457
7218,1.5144813060760498
7219,1.4281152486801147
7220,1.9432975053787231
7221,1.5156984329223633
7222,1.1716548204421997
7223,1.9396662712097168
7224,1.5115265846252441
7225,1.8695570230484009
7226,1.5797419548034668
7227,1.3233481645584106
7228,1.4795494079589844
7229,1.8623777627944946
7230,1.8639206886291504
7231,1.3650239706039429
7232,1.7184604406356812
7233,1.8175417184829712
7234,1.4029511213302612
7235,1.4740921258926392
7236,1.3590242862701416
7237,1.384361982345581
7238,1.388799786567688
7239,1.4125944375991821
7240,1.4632318019866943
7241,1.4321695566177368
7242,1.9445289373397827
7243,1.4287667274475098
7244,1.4182565212249756
7245,1.730956792831421
7246,1.3753398656845093
7247,1.6747400760650635
7248,1.2921090126037598
7249,1.8392959833145142
7250,1.3566498756408691
7251,1.3232702016830444
7252,1.375070333480835
7253,1.3648899793624878
7254,1.2394964694976807
7255,1.7535606622695923
7256,1.5296610593795776
7257,1.5654340982437134
7258,1.3774409294128418
7259,1.1528674364089966
7260,1.3426876068115234
7261,1.2855737209320068
7262,1.5625979900360107
7263,1.25006103515625
7264,1.7996057271957397
7265,1.3563989400863647
7266,1.670290470123291
7267,1.4432971477508545
7268,1.9838699102401733
7269,1.355391025543213
7270,1.3419299125671387
7271,1.8178091049194336
7272,1.9945762157440186
7273,1.3943556547164917
7274,1.4600458145141602
7275,1.3950304985046387
7276,1.3796294927597046
7277,1.8162652254104614
7278,1.5525604486465454
7279,1.4552041292190552
7280,1.1712586879730225
7281,1.326292634010315
7282,1.1447410583496094
7283,1.454529047012329
7284,1.6895241737365723
7285,1.9965722560882568
7286,1.4463778734207153
7287,1.9863760471343994
7288,1.8233604431152344
7289,1.3898297548294067
7290,1.457122802734375
7291,1.2383333444595337
7292,1.7205469608306885
7293,1.4205950498580933
7294,1.8564800024032593
7295,1.4176818132400513
7296,1.4664438962936401
7297,1.993254542350769
7298,1.184268832206726
7299,1.9937039613723755
7300,1.3202319145202637
7301,1.2779144048690796
7302,1.2685425281524658
7303,1.2969646453857422
7304,1.9876341819763184
7305,1.9692020416259766
7306,1.3458541631698608
7307,1.3301222324371338
7308,1.4720988273620605
7309,1.3295174837112427
7310,1.418265700340271
7311,1.3120977878570557
7312,1.721842885017395
7313,1.3419044017791748
7314,1.429066777229309
7315,1.2039289474487305
7316,1.984321117401123
7317,1.993788480758667
7318,1.4426034688949585
7319,1.7559291124343872
7320,1.935390591621399
7321,1.4050929546356201
7322,1.733156681060791
7323,1.4756850004196167
7324,1.351855754852295
7325,1.3966981172561646
7326,1.9977974891662598
7327,1.4817016124725342
7328,1.271529197692871
7329,1.2975198030471802
7330,1.6743298768997192
7331,1.4636216163635254
7332,1.6990901231765747
7333,1.7126508951187134
7334,1.548195242881775
7335,1.5263127088546753
7336,1.7700644731521606
7337,1.8867063522338867
7338,1.4172322750091553
7339,1.3491311073303223
7340,1.6223962306976318
7341,1.5260236263275146
7342,1.4406356811523438
7343,1.191046953201294
7344,1.3221831321716309
7345,1.1901146173477173
7346,1.4444677829742432
7347,1.3094263076782227
7348,1.432016372680664
7349,1.4000580310821533
7350,1.9499149322509766
7351,1.4033408164978027
7352,1.876082181930542
7353,1.5247201919555664
7354,1.5120943784713745
7355,1.6274800300598145
7356,1.2995250225067139
7357,1.9025400876998901
7358,1.7317501306533813
7359,1.747262954711914
7360,1.2344896793365479
7361,1.5078797340393066
7362,1.8925848007202148
7363,1.283402681350708
7364,1.556264042854309
7365,1.6906973123550415
7366,1.2712411880493164
7367,1.7502098083496094
7368,1.9892077445983887
7369,1.428357720375061
7370,1.4988118410110474
7371,1.7949402332305908
7372,1.9818967580795288
7373,1.2507052421569824
7374,1.2776093482971191
7375,1.364121437072754
7376,1.7025772333145142
7377,1.9517805576324463
7378,1.1319156885147095
7379,1.3815937042236328
7380,1.985556960105896
7381,1.4748345613479614
7382,1.5128167867660522
7383,1.8018556833267212
7384,1.6784396171569824
7385,1.4170644283294678
7386,1.3222736120224
7387,1.717844009399414
7388,1.9895259141921997
7389,1.9527850151062012
7390,1.6883348226547241
7391,1.5222982168197632
7392,1.7495368719100952
7393,1.9504725933074951
7394,1.224294662475586
7395,1.2138538360595703
7396,1.3364919424057007
7397,1.9820287227630615
7398,1.4714839458465576
7399,1.8853652477264404
7400,1.473201870918274
7401,1.36942720413208
7402,1.480025291442871
7403,1.393303394317627
7404,1.430791974067688
7405,1.321629285812378
7406,1.3145537376403809
7407,1.6860363483428955
7408,1.4331839084625244
7409,1.4838495254516602
7410,1.2959704399108887
7411,1.120823860168457
7412,1.795879602432251
7413,1.7792985439300537
7414,1.5817641019821167
7415,1.2796286344528198
7416,1.4198741912841797
7417,1.6843796968460083
7418,1.3938136100769043
7419,1.4231454133987427
7420,1.8832776546478271
7421,1.24088716506958
7422,1.283267855644226
7423,1.5014675855636597
7424,1.931225061416626
7425,1.4360703229904175
7426,1.4921164512634277
7427,1.99430513381958
7428,1.558535099029541
7429,1.3467648029327393
7430,1.3974393606185913
7431,1.4787495136260986
7432,1.2313039302825928
7433,1.3728410005569458
7434,1.5688804388046265
7435,1.4159773588180542
7436,1.9874273538589478
7437,1.9773263931274414
7438,1.3024094104766846
7439,1.3549734354019165
7440,1.6206004619598389
7441,1.3594410419464111
7442,1.2983981370925903
7443,1.9929015636444092
7444,1.257420539855957
7445,1.4584729671478271
7446,1.4303538799285889
7447,1.9841231107711792
7448,1.631956696510315
7449,1.6768563985824585
7450,1.403354525566101
7451,1.7633497714996338
7452,1.3644012212753296
7453,1.8656346797943115
7454,1.4700027704238892
7455,1.3569393157958984
7456,1.7188798189163208
7457,1.4124493598937988
7458,1.329224944114685
7459,1.8597675561904907
7460,1.465111494064331
7461,1.3666883707046509
7462,1.9977598190307617
7463,1.492763638496399
7464,1.539880633354187
7465,1.4903957843780518
7466,1.8907798528671265
7467,1.9891998767852783
7468,1.2781884670257568
7469,1.5259572267532349
7470,1.9954338073730469
7471,1.3351110219955444
7472,1.8165639638900757
7473,1.9921671152114868
7474,1.9814941883087158
7475,1.8837337493896484
7476,1.4346383810043335
7477,1.106380820274353
7478,1.4047775268554688
7479,1.9708735942840576
7480,1.2475837469100952
7481,1.2699530124664307
7482,1.9900155067443848
7483,1.8947478532791138
7484,1.8461308479309082
7485,1.5444929599761963
7486,1.3926352262496948
7487,1.389628529548645
7488,1.4474091529846191
7489,1.788638710975647
7490,1.4841820001602173
7491,1.5562678575515747
7492,1.9834564924240112
7493,1.4245645999908447
7494,1.1680964231491089
7495,1.9968560934066772
7496,1.8155142068862915
7497,1.315462350845337
7498,1.6535394191741943
7499,1.9389028549194336
7500,1.5618960857391357
7501,1.451244592666626
7502,1.2920994758605957
7503,1.3168028593063354
7504,1.830501914024353
7505,1.2431354522705078
7506,1.2626937627792358
7507,1.911145567893982
7508,1.3910655975341797
7509,1.444203495979309
7510,1.4046610593795776
7511,1.2972321510314941
7512,1.873051643371582
7513,1.3189165592193604
7514,1.4510287046432495
7515,1.4356127977371216
7516,1.687403917312622
7517,1.3586384057998657
7518,1.3721601963043213
7519,1.5815521478652954
7520,1.3960834741592407
7521,1.3817027807235718
7522,1.3218914270401
7523,1.4659758806228638
7524,1.3628895282745361
7525,1.793326497077942
7526,1.8031668663024902
7527,1.8702301979064941
7528,1.6492488384246826
7529,1.972461223602295
7530,1.4516699314117432
7531,1.3854161500930786
7532,1.8638019561767578
7533,1.2641777992248535
7534,1.8083440065383911
7535,1.536227822303772
7536,1.9113613367080688
7537,1.8133584260940552
7538,1.4055887460708618
7539,1.8921148777008057
7540,1.6643242835998535
7541,1.3874398469924927
7542,1.7959686517715454
7543,1.7607334852218628
7544,1.7986727952957153
7545,1.517821192741394
7546,1.8952361345291138
7547,1.4258767366409302
7548,1.8239988088607788
7549,1.9971859455108643
7550,1.639290452003479
7551,1.188735008239746
7552,1.46394944190979
7553,1.5148224830627441
7554,1.8935632705688477
7555,1.7973567247390747
7556,1.8476295471191406
7557,1.6207834482192993
7558,1.8874738216400146
7559,1.3602522611618042
7560,1.5880887508392334
7561,1.8823904991149902
7562,1.3900758028030396
7563,1.3614345788955688
7564,1.4615559577941895
7565,1.1483616828918457
7566,1.3565547466278076
7567,1.4996062517166138
7568,1.5413293838500977
7569,1.3074204921722412
7570,1.2899419069290161
7571,1.507189393043518
7572,1.9412893056869507
7573,1.6037172079086304
7574,1.335366129875183
7575,1.3197321891784668
7576,1.8202433586120605
7577,1.6147704124450684
7578,1.3480020761489868
7579,1.9949090480804443
7580,1.4795234203338623
7581,1.4752404689788818
7582,1.4370067119598389
7583,1.7514499425888062
7584,1.818136215209961
7585,1.9898204803466797
7586,1.7509931325912476
7587,1.5585486888885498
7588,1.4472681283950806
7589,1.9940451383590698
7590,1.9573497772216797
7591,1.508507490158081
7592,1.4551559686660767
7593,1.2897220849990845
7594,1.4150779247283936
7595,1.6918830871582031
7596,1.2865886688232422
7597,1.380676507949829
7598,1.3898706436157227
7599,1.224784016609192
7600,1.4214882850646973
7601,1.6626040935516357
7602,1.4357877969741821
7603,1.304627537727356
7604,1.481902003288269
7605,1.4059759378433228
7606,1.2372028827667236
7607,1.4619231224060059
7608,1.3574542999267578
7609,1.9174432754516602
7610,1.2970209121704102
7611,1.33100163936615
7612,1.2524442672729492
7613,1.3106495141983032
7614,1.304405927658081
7615,1.4187779426574707
7616,1.8231478929519653
7617,1.3184975385665894
7618,1.340602993965149
7619,1.5256325006484985
7620,1.1903883218765259
7621,1.9369792938232422
7622,1.4439748525619507
7623,1.7145181894302368
7624,1.5325062274932861
7625,1.3429059982299805
7626,1.3129945993423462
7627,1.993513584136963
7628,1.1488043069839478
7629,1.2489606142044067
7630,1.3402715921401978
7631,1.2984015941619873
7632,1.2929184436798096
7633,1.3621020317077637
7634,1.409879446029663
7635,1.4010370969772339
7636,1.4307501316070557
7637,1.4265875816345215
7638,1.5775222778320312
7639,1.8196492195129395
7640,1.2600829601287842
7641,1.3428502082824707
7642,1.4937735795974731
7643,1.6593366861343384
7644,1.5973401069641113
7645,1.366469144821167
7646,1.4590097665786743
7647,1.761007308959961
7648,1.4514312744140625
7649,1.8815003633499146
7650,1.471986174583435
7651,1.6519428491592407
7652,1.3295620679855347
7653,1.3111541271209717
7654,1.3640424013137817
7655,1.89998197555542
7656,1.4993641376495361
7657,1.9992713928222656
7658,1.9975810050964355
7659,1.4812570810317993
7660,1.6510075330734253
7661,1.5555692911148071
7662,1.440804123878479
7663,1.3974316120147705
7664,1.4532371759414673
7665,1.3160955905914307
7666,1.4697383642196655
7667,1.6115034818649292
7668,1.7457283735275269
7669,1.3131521940231323
7670,1.463905692100525
7671,1.3027913570404053
7672,1.3019983768463135
7673,1.2123435735702515
7674,1.4365538358688354
7675,1.5200753211975098
7676,1.9449903964996338
7677,1.4086655378341675
7678,1.3402783870697021
7679,1.5690038204193115
7680,1.329694390296936
7681,1.447819471359253
7682,1.424120545387268
7683,1.9932748079299927
7684,1.886078119277954
7685,1.8792979717254639
7686,1.9887503385543823
7687,1.329959511756897
7688,1.3864953517913818
7689,1.1651923656463623
7690,1.7472344636917114
7691,1.6062098741531372
7692,1.7079670429229736
7693,1.5441523790359497
7694,1.9803016185760498
7695,1.795776128768921
7696,1.9910544157028198
7697,1.9255653619766235
7698,1.7687560319900513
7699,1.8181318044662476
7700,1.2620983123779297
7701,1.3485106229782104
7702,1.9926064014434814
7703,1.4790810346603394
7704,1.3502110242843628
7705,1.3612784147262573
7706,1.8766487836837769
7707,1.5383691787719727
7708,1.8899167776107788
7709,1.419822096824646
7710,1.3455241918563843
7711,1.69545578956604
7712,1.3620425462722778
7713,1.9976916313171387
7714,1.3531417846679688
7715,1.993014931678772
7716,1.5209614038467407
7717,1.7205079793930054
7718,1.9903143644332886
7719,1.4123674631118774
7720,1.4906671047210693
7721,1.4393370151519775
7722,1.9339377880096436
7723,1.9760394096374512
7724,1.6317888498306274
7725,1.8973450660705566
7726,1.8967866897583008
7727,1.8472659587860107
7728,1.485626459121704
7729,1.9603279829025269
7730,1.7834151983261108
7731,1.5017918348312378
7732,1.9913054704666138
7733,1.471278190612793
7734,1.874011754989624
7735,1.992872714996338
7736,1.9945330619812012
7737,1.4222497940063477
7738,1.7443749904632568
7739,1.2436248064041138
7740,1.1593190431594849
7741,1.715613842010498
7742,1.2563800811767578
7743,1.9936652183532715
7744,1.518486499786377
7745,1.8179906606674194
7746,1.983091115951538
7747,1.970361590385437
7748,1.3915847539901733
7749,1.981116771697998
7750,1.6962523460388184
7751,1.9937942028045654
7752,1.7335044145584106
7753,1.5330989360809326
7754,1.2293473482131958
7755,1.2296987771987915
7756,1.2282545566558838
7757,1.3246369361877441
7758,1.4020766019821167
7759,1.874321699142456
7760,1.4242819547653198
7761,1.7338007688522339
7762,1.841543197631836
7763,1.6580283641815186
7764,1.980080008506775
7765,1.9924412965774536
7766,1.4904932975769043
7767,1.5697851181030273
7768,1.581178069114685
7769,1.7334102392196655
7770,1.4095972776412964
7771,1.2812793254852295
7772,1.8720513582229614
7773,1.5470701456069946
7774,1.1525577306747437
7775,1.990156888961792
7776,1.3858294486999512
7777,1.795299768447876
7778,1.3151925802230835
7779,1.3794320821762085
7780,1.8521358966827393
7781,1.3363546133041382
7782,1.173093557357788
7783,1.988725185394287
7784,1.44743812084198
7785,1.3350476026535034
7786,1.3611910343170166
7787,1.9150928258895874
7788,1.9483146667480469
7789,1.1766165494918823
7790,1.5548168420791626
7791,1.6074330806732178
7792,1.9643646478652954
7793,1.4649008512496948
7794,1.4180426597595215
7795,1.911318063735962
7796,1.5490529537200928
7797,1.40050208568573
7798,1.838474988937378
7799,1.430983066558838
7800,1.3446828126907349
7801,1.3011561632156372
7802,1.3254289627075195
7803,1.4746081829071045
7804,1.4470391273498535
7805,1.2060562372207642
7806,1.3520091772079468
7807,1.2382475137710571
7808,1.1586869955062866
7809,1.2780990600585938
7810,1.4472990036010742
7811,1.4149692058563232
7812,1.9157299995422363
7813,1.219472050666809
7814,1.4340301752090454
7815,1.1345309019088745
7816,1.8612691164016724
7817,1.3578661680221558
7818,1.3923039436340332
7819,1.3493127822875977
7820,1.885353922843933
7821,1.8068829774856567
7822,1.8145946264266968
7823,1.9398020505905151
7824,1.4783366918563843
7825,1.995367169380188
7826,1.7491673231124878
7827,1.3972322940826416
7828,1.5085833072662354
7829,1.7112877368927002
7830,1.1647287607192993
7831,1.3520621061325073
7832,1.3223732709884644
7833,1.3729649782180786
7834,1.733020544052124
7835,1.4589825868606567
7836,1.4984298944473267
7837,1.8533439636230469
7838,1.9973559379577637
7839,1.4972491264343262
7840,1.3959572315216064
7841,1.3910413980484009
7842,1.5142614841461182
7843,1.8919594287872314
7844,1.2449190616607666
7845,1.1796821355819702
7846,1.210078239440918
7847,1.9933760166168213
7848,1.256546974182129
7849,1.4532275199890137
7850,1.7610794305801392
7851,1.3367277383804321
7852,1.5409166812896729
7853,1.4450368881225586
7854,1.8464187383651733
7855,1.723724365234375
7856,1.7073485851287842
7857,1.41871178150177
7858,1.4131938219070435
7859,1.4182997941970825
7860,1.2206242084503174
7861,1.8547695875167847
7862,1.7918286323547363
7863,1.424978494644165
7864,1.8803982734680176
7865,1.3797796964645386
7866,1.9349093437194824
7867,1.761093020439148
7868,1.3350329399108887
7869,1.0709326267242432
7870,1.9923416376113892
7871,1.9952762126922607
7872,1.3019341230392456
7873,1.3189828395843506
7874,1.82095468044281
7875,1.3522052764892578
7876,1.987658977508545
7877,1.9758026599884033
7878,1.427356243133545
7879,1.442674160003662
7880,1.3625375032424927
7881,1.5325860977172852
7882,1.1708697080612183
7883,1.6845165491104126
7884,1.8540655374526978
7885,1.882794737815857
7886,1.398676872253418
7887,1.4061243534088135
7888,1.8148279190063477
7889,1.4300591945648193
7890,1.7816888093948364
7891,1.3833194971084595
7892,1.571913719177246
7893,1.9957261085510254
7894,1.991310477256775
7895,1.818203330039978
7896,1.40579092502594
7897,1.2470009326934814
7898,1.8622556924819946
7899,1.3045002222061157
7900,1.4407553672790527
7901,1.6270266771316528
7902,1.6239326000213623
7903,1.4513543844223022
7904,1.993879795074463
7905,1.4850085973739624
7906,1.2924063205718994
7907,1.6392483711242676
7908,1.6973174810409546
7909,1.3343425989151
7910,1.4963501691818237
7911,1.4863370656967163
7912,1.395419716835022
7913,1.993345856666565
7914,1.3038331270217896
7915,1.6456031799316406
7916,1.4992104768753052
7917,1.2919445037841797
7918,1.4128743410110474
7919,1.9919145107269287
7920,1.3690253496170044
7921,1.2699090242385864
7922,1.4903086423873901
7923,1.2601104974746704
7924,1.4660139083862305
7925,1.350528359413147
7926,1.7608602046966553
7927,1.4357380867004395
7928,1.9958539009094238
7929,1.9394567012786865
7930,1.2637498378753662
7931,1.3671730756759644
7932,1.0737568140029907
7933,1.4726814031600952
7934,1.2703603506088257
7935,1.4521645307540894
7936,1.911505937576294
7937,1.2652665376663208
7938,1.3568611145019531
7939,1.368058443069458
7940,1.6338874101638794
7941,1.8430023193359375
7942,1.277832269668579
7943,1.7385551929473877
7944,1.402147889137268
7945,1.3019447326660156
7946,1.6531343460083008
7947,1.8209903240203857
7948,1.4755029678344727
7949,1.8342199325561523
7950,1.4473602771759033
7951,1.2551089525222778
7952,1.3820443153381348
7953,1.4141583442687988
7954,1.4894390106201172
7955,1.9242610931396484
7956,1.644263744354248
7957,1.4039331674575806
7958,1.2618809938430786
7959,1.4983711242675781
7960,1.2948064804077148
7961,1.7433702945709229
7962,1.406720519065857
7963,1.3679471015930176
7964,1.913482666015625
7965,1.3335027694702148
7966,1.2510533332824707
7967,1.4587817192077637
7968,1.5032621622085571
7969,1.4946452379226685
7970,1.878915548324585
7971,1.5798819065093994
7972,1.991520643234253
7973,1.2783199548721313
7974,1.3940047025680542
7975,1.2259386777877808
7976,1.982948660850525
7977,1.1788264513015747
7978,1.7154130935668945
7979,1.4884834289550781
7980,1.4877893924713135
7981,1.2994909286499023
7982,1.9940215349197388
7983,1.1835706233978271
7984,1.7840793132781982
7985,1.2448863983154297
7986,1.4031357765197754
7987,1.9918988943099976
7988,1.3339433670043945
7989,1.2937378883361816
7990,1.9960275888442993
7991,1.421230673789978
7992,1.2219940423965454
7993,1.2431411743164062
7994,1.433026671409607
7995,1.361157774925232
7996,1.2372442483901978
7997,1.2976760864257812
7998,1.239607572555542
7999,1.412410855293274
8000,1.926025629043579
8001,1.4735989570617676
8002,1.3559298515319824
8003,1.9349523782730103
8004,1.997199296951294
8005,1.220283031463623
8006,1.8198288679122925
8007,1.3183308839797974
8008,1.9911556243896484
8009,1.448230504989624
8010,1.2614439725875854
8011,1.4901076555252075
8012,1.253149390220642
8013,1.3816653490066528
8014,1.432193636894226
8015,1.368414044380188
8016,1.4741424322128296
8017,1.5921372175216675
8018,1.983106255531311
8019,1.3010534048080444
8020,1.4053621292114258
8021,1.3400583267211914
8022,1.6848701238632202
8023,1.5876078605651855
8024,1.3197345733642578
8025,1.319432258605957
8026,1.3685801029205322
8027,1.406675100326538
8028,1.4235166311264038
8029,1.9934731721878052
8030,1.261655330657959
8031,1.402066946029663
8032,1.6960021257400513
8033,1.3449677228927612
8034,1.416980266571045
8035,1.8963593244552612
8036,1.3653329610824585
8037,1.4276704788208008
8038,1.344299554824829
8039,1.7730937004089355
8040,1.9872288703918457
8041,1.5052675008773804
8042,1.4873722791671753
8043,1.3162575960159302
8044,1.4410572052001953
8045,1.9354718923568726
8046,1.8005491495132446
8047,1.3599079847335815
8048,1.4050376415252686
8049,1.564181923866272
8050,1.3894001245498657
8051,1.7653862237930298
8052,1.2534297704696655
8053,1.2318248748779297
8054,1.3453006744384766
8055,1.765742540359497
8056,1.2287660837173462
8057,1.3678292036056519
8058,1.6270229816436768
8059,1.3696948289871216
8060,1.3304156064987183
8061,1.2896244525909424
8062,1.3427793979644775
8063,1.937172532081604
8064,1.3757469654083252
8065,1.7737305164337158
8066,1.277331829071045
8067,1.9912127256393433
8068,1.3639470338821411
8069,1.1982463598251343
8070,1.4615154266357422
8071,1.2803153991699219
8072,1.987149953842163
8073,1.7564507722854614
8074,1.4381461143493652
8075,1.18974769115448
8076,1.3268852233886719
8077,1.3902305364608765
8078,1.577250361442566
8079,1.3651572465896606
8080,1.3147501945495605
8081,1.4535627365112305
8082,1.752463936805725
8083,1.3878635168075562
8084,1.1587114334106445
8085,1.3171931505203247
8086,1.4423736333847046
8087,1.9435588121414185
8088,1.979264497756958
8089,1.275653600692749
8090,1.3515748977661133
8091,1.3585002422332764
8092,1.4563616514205933
8093,1.3018211126327515
8094,1.9868264198303223
8095,1.8755695819854736
8096,1.8833345174789429
8097,1.4934687614440918
8098,1.443835973739624
8099,1.356974720954895
8100,1.4640146493911743
8101,1.3780075311660767
8102,1.4226301908493042
8103,1.4638330936431885
8104,1.9977362155914307
8105,1.8431429862976074
8106,1.4175910949707031
8107,1.4474977254867554
8108,1.5313336849212646
8109,1.4647563695907593
8110,1.9197229146957397
8111,1.203724980354309
8112,1.8958461284637451
8113,1.4170228242874146
8114,1.8014237880706787
8115,1.5081082582473755
8116,1.991234302520752
8117,1.5219995975494385
8118,1.4562675952911377
8119,1.3671886920928955
8120,1.8423043489456177
8121,1.4862467050552368
8122,1.4713858366012573
8123,1.4656859636306763
8124,1.4390099048614502
8125,1.8987175226211548
8126,1.588968276977539
8127,1.6130962371826172
8128,1.8870060443878174
8129,1.7120709419250488
8130,1.2499661445617676
8131,1.2652703523635864
8132,1.2002707719802856
8133,1.2979377508163452
8134,1.3802372217178345
8135,1.2603371143341064
8136,1.3594095706939697
8137,1.5218249559402466
8138,1.5221911668777466
8139,1.6886060237884521
8140,1.4913545846939087
8141,1.4538930654525757
8142,1.326925277709961
8143,1.4506498575210571
8144,1.4536035060882568
8145,1.3379961252212524
8146,1.5862085819244385
8147,1.376038908958435
8148,1.991341471672058
8149,1.4368681907653809
8150,1.7777369022369385
8151,1.4465751647949219
8152,1.2555184364318848
8153,1.4357757568359375
8154,1.8175557851791382
8155,1.3892699480056763
8156,1.9285691976547241
8157,1.984176516532898
8158,1.4323559999465942
8159,1.2947185039520264
8160,1.6117514371871948
8161,1.341491460800171
8162,1.4909076690673828
8163,1.6388366222381592
8164,1.1987788677215576
8165,1.1678932905197144
8166,1.9941372871398926
8167,1.2732958793640137
8168,1.8589651584625244
8169,1.803467035293579
8170,1.3108148574829102
8171,1.4165335893630981
8172,1.392869234085083
8173,1.1862977743148804
8174,1.3923527002334595
8175,1.3207669258117676
8176,1.7147066593170166
8177,1.4031593799591064
8178,1.3685239553451538
8179,1.4587340354919434
8180,1.7883307933807373
8181,1.2850310802459717
8182,1.5650081634521484
8183,1.3929182291030884
8184,1.9719854593276978
8185,1.4427205324172974
8186,1.2823878526687622
8187,1.2486968040466309
8188,1.2235300540924072
8189,1.460922360420227
8190,1.4657620191574097
8191,1.5704092979431152
8192,1.7624903917312622
8193,1.3005168437957764
8194,1.4945811033248901
8195,1.4156663417816162
8196,1.4603439569473267
8197,1.7444461584091187
8198,1.2656077146530151
8199,1.2797061204910278
8200,1.3275600671768188
8201,1.3903212547302246
8202,1.819484829902649
8203,1.127866506576538
8204,1.3678934574127197
8205,1.5725737810134888
8206,1.9868972301483154
8207,1.2221344709396362
8208,1.649202823638916
8209,1.2562599182128906
8210,1.4913655519485474
8211,1.2301170825958252
8212,1.892516016960144
8213,1.3525476455688477
8214,1.8227574825286865
8215,1.8252387046813965
8216,1.3761342763900757
8217,1.882766842842102
8218,1.4037922620773315
8219,1.5786951780319214
8220,1.3312429189682007
8221,1.8065532445907593
8222,1.9768368005752563
8223,1.3024444580078125
8224,1.9408482313156128
8225,1.2255927324295044
8226,1.3471598625183105
8227,1.4174444675445557
8228,1.3013741970062256
8229,1.4722634553909302
8230,1.3279476165771484
8231,1.26030695438385
8232,1.442706823348999
8233,1.5386152267456055
8234,1.4485818147659302
8235,1.423846960067749
8236,1.3526949882507324
8237,1.293850302696228
8238,1.9933762550354004
8239,1.6178339719772339
8240,1.434528112411499
8241,1.9851710796356201
8242,1.566533088684082
8243,1.571811556816101
8244,1.9370428323745728
8245,1.3163938522338867
8246,1.5234116315841675
8247,1.3167285919189453
8248,1.436240315437317
8249,1.4569793939590454
8250,1.6551016569137573
8251,1.930726170539856
8252,1.2223639488220215
8253,1.4946409463882446
8254,1.993861436843872
8255,1.3035417795181274
8256,1.7763792276382446
8257,1.526963472366333
8258,1.6111438274383545
8259,1.9850431680679321
8260,1.9438188076019287
8261,1.9953957796096802
8262,1.3629332780838013
8263,1.4297640323638916
8264,1.5290241241455078
8265,1.3848323822021484
8266,1.45830500125885
8267,1.380307674407959
8268,1.4287617206573486
8269,1.4630372524261475
8270,1.2394285202026367
8271,1.3557536602020264
8272,1.99392831325531
8273,1.3053131103515625
8274,1.2259992361068726
8275,1.3829799890518188
8276,1.9939898252487183
8277,1.7092037200927734
8278,1.9789166450500488
8279,1.371593952178955
8280,1.2945032119750977
8281,1.7927601337432861
8282,1.8281428813934326
8283,1.3214370012283325
8284,1.6583974361419678
8285,1.9870432615280151
8286,1.9855763912200928
8287,1.530436635017395
8288,1.262399435043335
8289,1.3473007678985596
8290,1.3080244064331055
8291,1.32905912399292
8292,1.218637466430664
8293,1.272897720336914
8294,1.479866862297058
8295,1.9325400590896606
8296,1.759885311126709
8297,1.3031785488128662
8298,1.9875909090042114
8299,1.371768832206726
8300,1.3281713724136353
8301,1.7387069463729858
8302,1.2719340324401855
8303,1.4306212663650513
8304,1.96829354763031
8305,1.1636474132537842
8306,1.2910304069519043
8307,1.563677430152893
8308,1.349891185760498
8309,1.6575026512145996
8310,1.515272617340088
8311,1.496109962463379
8312,1.1637338399887085
8313,1.3141155242919922
8314,1.280092477798462
8315,1.514932632446289
8316,1.853484869003296
8317,1.3165053129196167
8318,1.325297236442566
8319,1.2718013525009155
8320,1.3278840780258179
8321,1.5340945720672607
8322,1.4739726781845093
8323,1.2846580743789673
8324,1.4497206211090088
8325,1.7334895133972168
8326,1.3079609870910645
8327,1.4374405145645142
8328,1.3158884048461914
8329,1.9922959804534912
8330,1.3100405931472778
8331,1.4131097793579102
8332,1.1852563619613647
8333,1.4694329500198364
8334,1.3819847106933594
8335,1.4047598838806152
8336,1.3138833045959473
8337,1.439987063407898
8338,1.531507968902588
8339,1.9080772399902344
8340,1.408228874206543
8341,1.9868966341018677
8342,1.8777213096618652
8343,1.2720471620559692
8344,1.5360444784164429
8345,1.9648314714431763
8346,1.3523309230804443
8347,1.1705429553985596
8348,1.9913408756256104
8349,1.9907026290893555
8350,1.7733367681503296
8351,1.4024746417999268
8352,1.4464519023895264
8353,1.2238271236419678
8354,1.4597522020339966
8355,1.1425005197525024
8356,1.9890189170837402
8357,1.9573742151260376
8358,1.7053636312484741
8359,1.2740424871444702
8360,1.4457237720489502
8361,1.3058089017868042
8362,1.538346767425537
8363,1.293106198310852
8364,1.9935237169265747
8365,1.2149511575698853
8366,1.3610899448394775
8367,1.4943801164627075
8368,1.3419792652130127
8369,1.734025239944458
8370,1.4090664386749268
8371,1.5911985635757446
8372,1.2460002899169922
8373,1.3908439874649048
8374,1.8203469514846802
8375,1.8891154527664185
8376,1.1915721893310547
8377,1.1959569454193115
8378,1.9940823316574097
8379,1.3049194812774658
8380,1.8788433074951172
8381,1.3899517059326172
8382,1.7563509941101074
8383,1.3959156274795532
8384,1.4083716869354248
8385,1.3982291221618652
8386,1.7735005617141724
8387,1.301679253578186
8388,1.3844577074050903
8389,1.9825313091278076
8390,1.3457435369491577
8391,1.9863532781600952
8392,1.8991868495941162
8393,1.4730277061462402
8394,1.230670690536499
8395,1.2555522918701172
8396,1.3394347429275513
8397,1.2475777864456177
8398,1.3633100986480713
8399,1.3559426069259644
8400,1.389686942100525
8401,1.7862590551376343
8402,1.3602057695388794
8403,1.331979751586914
8404,1.2635871171951294
8405,1.4241031408309937
8406,1.2949163913726807
8407,1.9158563613891602
8408,1.2704153060913086
8409,1.214282751083374
8410,1.214142084121704
8411,1.2874759435653687
8412,1.2061240673065186
8413,1.8313610553741455
8414,1.3856556415557861
8415,1.8647801876068115
8416,1.2440592050552368
8417,1.361322283744812
8418,1.8611032962799072
8419,1.4963833093643188
8420,1.3182952404022217
8421,1.976499080657959
8422,1.9854114055633545
8423,1.404910922050476
8424,1.323353886604309
8425,1.6075046062469482
8426,1.464392900466919
8427,1.4604017734527588
8428,1.8553191423416138
8429,1.8364508152008057
8430,1.5329859256744385
8431,1.7178106307983398
8432,1.251559853553772
8433,1.335749864578247
8434,1.4763332605361938
8435,1.4279704093933105
8436,1.3486860990524292
8437,1.4469735622406006
8438,1.9960395097732544
8439,1.7356191873550415
8440,1.6884618997573853
8441,1.3761123418807983
8442,1.7998212575912476
8443,1.2615668773651123
8444,1.8709725141525269
8445,1.985795259475708
8446,1.2966411113739014
8447,1.5226867198944092
8448,1.3254082202911377
8449,1.3876829147338867
8450,1.5274138450622559
8451,1.6376625299453735
8452,1.2393052577972412
8453,1.995506763458252
8454,1.2504770755767822
8455,1.3175992965698242
8456,1.4926072359085083
8457,1.293884038925171
8458,1.4474562406539917
8459,1.7365514039993286
8460,1.466971755027771
8461,1.6969563961029053
8462,1.3713140487670898
8463,1.418728232383728
8464,1.5471606254577637
8465,1.219096302986145
8466,1.5085492134094238
8467,1.2396436929702759
8468,1.8797358274459839
8469,1.5273572206497192
8470,1.9849170446395874
8471,1.3516031503677368
8472,1.3453483581542969
8473,1.4432052373886108
8474,1.5863505601882935
8475,1.7944713830947876
8476,1.4479491710662842
8477,1.816329836845398
8478,1.6734782457351685
8479,1.9924352169036865
8480,1.3121134042739868
8481,1.6805307865142822
8482,1.4330865144729614
8483,1.988023281097412
8484,1.4510130882263184
8485,1.479828119277954
8486,1.29218590259552
8487,1.9948430061340332
8488,1.9895650148391724
8489,1.7545498609542847
8490,1.4487783908843994
8491,1.9202566146850586
8492,1.9843909740447998
8493,1.8906360864639282
8494,1.2733243703842163
8495,1.9945858716964722
8496,1.3467100858688354
8497,1.508729338645935
8498,1.4443358182907104
8499,1.4369806051254272
8500,1.8135120868682861
8501,1.3664542436599731
8502,1.5016436576843262
8503,1.8036253452301025
8504,1.3925281763076782
8505,1.5082767009735107
8506,1.2248220443725586
8507,1.7706451416015625
8508,1.4931753873825073
8509,1.93272864818573
8510,1.1416492462158203
8511,1.8878647089004517
8512,1.344796061515808
8513,1.917310357093811
8514,1.559359073638916
8515,1.5097591876983643
8516,1.3338474035263062
8517,1.4513531923294067
8518,1.3811328411102295
8519,1.4139090776443481
8520,1.3623801469802856
8521,1.5211169719696045
8522,1.6577448844909668
8523,1.807456374168396
8524,1.9772288799285889
8525,1.8784618377685547
8526,1.3923066854476929
8527,1.094375491142273
8528,1.2651447057724
8529,1.4915227890014648
8530,1.282371997833252
8531,1.4517360925674438
8532,1.8452558517456055
8533,1.6470147371292114
8534,1.994506597518921
8535,1.2949292659759521
8536,1.6599960327148438
8537,1.3300893306732178
8538,1.4453424215316772
8539,1.8995634317398071
8540,1.8542996644973755
8541,1.8405565023422241
8542,1.3426995277404785
8543,1.2433973550796509
8544,1.63163423538208
8545,1.2558132410049438
8546,1.9804041385650635
8547,1.4395954608917236
8548,1.5204569101333618
8549,1.2960056066513062
8550,1.3606864213943481
8551,1.6476818323135376
8552,1.6823912858963013
8553,1.2936679124832153
8554,1.446760654449463
8555,1.8266313076019287
8556,1.4236057996749878
8557,1.3912875652313232
8558,1.7216176986694336
8559,1.9952423572540283
8560,1.9868272542953491
8561,1.31610107421875
8562,1.2352865934371948
8563,1.9880977869033813
8564,1.915662407875061
8565,1.878760576248169
8566,1.839815616607666
8567,1.599948763847351
8568,1.6464285850524902
8569,1.8310843706130981
8570,1.8841437101364136
8571,1.985169529914856
8572,1.21583890914917
8573,1.7798845767974854
8574,1.9451916217803955
8575,1.4859344959259033
8576,1.9176849126815796
8577,1.9900662899017334
8578,1.5428699254989624
8579,1.573665738105774
8580,1.2442998886108398
8581,1.8342171907424927
8582,1.5425983667373657
8583,1.925419807434082
8584,1.3327531814575195
8585,1.8793208599090576
8586,1.9287524223327637
8587,1.4309802055358887
8588,1.7188390493392944
8589,1.4211766719818115
8590,1.2224962711334229
8591,1.477006435394287
8592,1.5569353103637695
8593,1.7066816091537476
8594,1.3641308546066284
8595,1.3041971921920776
8596,1.7285009622573853
8597,1.776010274887085
8598,1.3959341049194336
8599,1.3300960063934326
8600,1.2287474870681763
8601,1.3757673501968384
8602,1.444322109222412
8603,1.4164793491363525
8604,1.4497599601745605
8605,1.8319687843322754
8606,1.4574893712997437
8607,1.4024096727371216
8608,1.433469295501709
8609,1.916965365409851
8610,1.4276002645492554
8611,1.5179630517959595
8612,1.378495693206787
8613,1.3839552402496338
8614,1.6076500415802002
8615,1.7287439107894897
8616,1.1871018409729004
8617,1.371435523033142
8618,1.2765955924987793
8619,1.8159067630767822
8620,1.988734245300293
8621,1.274898648262024
8622,1.2128769159317017
8623,1.2309885025024414
8624,1.3596088886260986
8625,1.8959534168243408
8626,1.3680312633514404
8627,1.990026593208313
8628,1.4850530624389648
8629,1.9264190196990967
8630,1.4345521926879883
8631,1.4482662677764893
8632,1.569998860359192
8633,1.3003430366516113
8634,1.453965187072754
8635,1.9181146621704102
8636,1.360804796218872
8637,1.5516698360443115
8638,1.6190340518951416
8639,1.2371373176574707
8640,1.3337712287902832
8641,1.986096978187561
8642,1.549213171005249
8643,1.4788981676101685
8644,1.3462402820587158
8645,1.4334983825683594
8646,1.2526763677597046
8647,1.2434093952178955
8648,1.8852354288101196
8649,1.3027291297912598
8650,1.9910377264022827
8651,1.4545307159423828
8652,1.3794407844543457
8653,1.9907681941986084
8654,1.3959227800369263
8655,1.4345476627349854
8656,1.4937299489974976
8657,1.235905647277832
8658,1.9127540588378906
8659,1.8280454874038696
8660,1.437699317932129
8661,1.241315245628357
8662,1.3778717517852783
8663,1.7092252969741821
8664,1.4201761484146118
8665,1.123779535293579
8666,1.7575368881225586
8667,1.220685601234436
8668,1.7596561908721924
8669,1.3775752782821655
8670,1.5395694971084595
8671,1.2909233570098877
8672,1.3555569648742676
8673,1.4090299606323242
8674,1.4784518480300903
8675,1.5407531261444092
8676,1.2855942249298096
8677,1.2413829565048218
8678,1.39516282081604
8679,1.457391381263733
8680,1.376146674156189
8681,1.7572247982025146
8682,1.525583267211914
8683,1.5005024671554565
8684,1.7957531213760376
8685,1.4063653945922852
8686,1.3826298713684082
8687,1.306265115737915
8688,1.4360650777816772
8689,1.9614007472991943
8690,1.2736902236938477
8691,1.608641505241394
8692,1.3534029722213745
8693,1.3039885759353638
8694,1.187524676322937
8695,1.9738948345184326
8696,1.9913333654403687
8697,1.9775182008743286
8698,1.3827840089797974
8699,1.2946996688842773
8700,1.6922893524169922
8701,1.4174600839614868
8702,1.364484429359436
8703,1.3958674669265747
8704,1.652618408203125
8705,1.3529882431030273
8706,1.7373096942901611
8707,1.2984373569488525
8708,1.981921911239624
8709,1.987553358078003
8710,1.5824296474456787
8711,1.3511157035827637
8712,1.6984549760818481
8713,1.9478670358657837
8714,1.2201924324035645
8715,1.4313180446624756
8716,1.8032509088516235
8717,1.8073285818099976
8718,1.7204235792160034
8719,1.5722469091415405
8720,1.354485034942627
8721,1.9809530973434448
8722,1.3967278003692627
8723,1.8700917959213257
8724,1.2661089897155762
8725,1.9764946699142456
8726,1.9698606729507446
8727,1.5500671863555908
8728,1.4493316411972046
8729,1.384405255317688
8730,1.924633264541626
8731,1.7786049842834473
8732,1.8856592178344727
8733,1.9973981380462646
8734,1.3236780166625977
8735,1.5707836151123047
8736,1.1147339344024658
8737,1.9955662488937378
8738,1.3710509538650513
8739,1.4156461954116821
8740,1.9937613010406494
8741,1.996415376663208
8742,1.3023498058319092
8743,1.5549455881118774
8744,1.6106634140014648
8745,1.5374174118041992
8746,1.3098615407943726
8747,1.450548529624939
8748,1.3841683864593506
8749,1.44326651096344
8750,1.3656214475631714
8751,1.982667326927185
8752,1.6378867626190186
8753,1.4056951999664307
8754,1.429466962814331
8755,1.9971683025360107
8756,1.2979751825332642
8757,1.5573439598083496
8758,1.4352186918258667
8759,1.8709200620651245
8760,1.2469236850738525
8761,1.5330543518066406
8762,1.4290317296981812
8763,1.2468135356903076
8764,1.652511477470398
8765,1.5200998783111572
8766,1.4709434509277344
8767,1.9816668033599854
8768,1.4917688369750977
8769,1.5424821376800537
8770,1.402298927307129
8771,1.6604539155960083
8772,1.4352309703826904
8773,1.4727745056152344
8774,1.388198733329773
8775,1.48042893409729
8776,1.7745617628097534
8777,1.9874130487442017
8778,1.5887497663497925
8779,1.1709891557693481
8780,1.4483979940414429
8781,1.6414008140563965
8782,1.449537992477417
8783,1.283976674079895
8784,1.4923839569091797
8785,1.719298243522644
8786,1.2126017808914185
8787,1.9954493045806885
8788,1.3507215976715088
8789,1.2497371435165405
8790,1.8391109704971313
8791,1.4784029722213745
8792,1.4980413913726807
8793,1.3010845184326172
8794,1.5693756341934204
8795,1.3323392868041992
8796,1.3976209163665771
8797,1.7663090229034424
8798,1.6043628454208374
8799,1.2408479452133179
8800,1.8100707530975342
8801,1.3345978260040283
8802,1.1772392988204956
8803,1.477113127708435
8804,1.465306282043457
8805,1.127383828163147
8806,1.3781524896621704
8807,1.7572951316833496
8808,1.2975924015045166
8809,1.9915107488632202
8810,1.3598209619522095
8811,1.3190995454788208
8812,1.6340347528457642
8813,1.4047852754592896
8814,1.447068452835083
8815,1.845781683921814
8816,1.6678416728973389
8817,1.5198713541030884
8818,1.5612668991088867
8819,1.4662251472473145
8820,1.380355715751648
8821,1.4242866039276123
8822,1.3464508056640625
8823,1.3580448627471924
8824,1.830184817314148
8825,1.9717662334442139
8826,1.6961556673049927
8827,1.6630618572235107
8828,1.9461661577224731
8829,1.4721689224243164
8830,1.3607147932052612
8831,1.5297355651855469
8832,1.8221627473831177
8833,1.7004083395004272
8834,1.3707236051559448
8835,1.4604523181915283
8836,1.4236085414886475
8837,1.3906410932540894
8838,1.9372942447662354
8839,1.3032550811767578
8840,1.9953594207763672
8841,1.6443300247192383
8842,1.9899312257766724
8843,1.487107515335083
8844,1.801671028137207
8845,1.3927719593048096
8846,1.9914989471435547
8847,1.3657140731811523
8848,1.474908471107483
8849,1.154323935508728
8850,1.4659075736999512
8851,1.988633155822754
8852,1.8175534009933472
8853,1.3421860933303833
8854,1.3423662185668945
8855,1.1086645126342773
8856,1.7343127727508545
8857,1.200661540031433
8858,1.4303723573684692
8859,1.8200781345367432
8860,1.995362401008606
8861,1.5009604692459106
8862,1.1732515096664429
8863,1.699087142944336
8864,1.7217135429382324
8865,1.2239793539047241
8866,1.6159083843231201
8867,1.343985915184021
8868,1.5419851541519165
8869,1.3982899188995361
8870,1.4725048542022705
8871,1.9193333387374878
8872,1.1294564008712769
8873,1.9616347551345825
8874,1.394573450088501
8875,1.6707810163497925
8876,1.3800280094146729
8877,1.3627740144729614
8878,1.760480284690857
8879,1.300633430480957
8880,1.9631582498550415
8881,1.4642415046691895
8882,1.3217287063598633
8883,1.4405393600463867
8884,1.5180720090866089
8885,1.712468147277832
8886,1.2887409925460815
8887,1.3482005596160889
8888,1.4032065868377686
8889,1.7451304197311401
8890,1.1607705354690552
8891,1.2962088584899902
8892,1.7356473207473755
8893,1.563015103340149
8894,1.991094708442688
8895,1.2965772151947021
8896,1.5782296657562256
8897,1.2415039539337158
8898,1.803945541381836
8899,1.454507827758789
8900,1.185711145401001
8901,1.4077850580215454
8902,1.2455997467041016
8903,1.9957492351531982
8904,1.301403522491455
8905,1.612130045890808
8906,1.991638422012329
8907,1.9799507856369019
8908,1.7727183103561401
8909,1.2797980308532715
8910,1.7821720838546753
8911,1.1611862182617188
8912,1.9955074787139893
8913,1.1017770767211914
8914,1.4551817178726196
8915,1.4150663614273071
8916,1.2432277202606201
8917,1.8834234476089478
8918,1.9718317985534668
8919,1.5539417266845703
8920,1.9974935054779053
8921,1.8680291175842285
8922,1.2635581493377686
8923,1.2910346984863281
8924,1.322162389755249
8925,1.666186809539795
8926,1.2979635000228882
8927,1.4049789905548096
8928,1.5975689888000488
8929,1.7561755180358887
8930,1.4974733591079712
8931,1.3203481435775757
8932,1.4423285722732544
8933,1.589701771736145
8934,1.2801265716552734
8935,1.9940381050109863
8936,1.4485169649124146
8937,1.4610025882720947
8938,1.9863848686218262
8939,1.561005711555481
8940,1.4647454023361206
8941,1.5469988584518433
8942,1.4614378213882446
8943,1.664886713027954
8944,1.4015607833862305
8945,1.6123484373092651
8946,1.893495798110962
8947,1.2666312456130981
8948,1.7507922649383545
8949,1.4697999954223633
8950,1.5358362197875977
8951,1.8310816287994385
8952,1.353728175163269
8953,1.3718234300613403
8954,1.6344645023345947
8955,1.7963738441467285
8956,1.4501277208328247
8957,1.2807848453521729
8958,1.7570888996124268
8959,1.2795497179031372
8960,1.993177890777588
8961,1.2751818895339966
8962,1.4610754251480103
8963,1.6394281387329102
8964,1.4117685556411743
8965,1.6820449829101562
8966,1.3031774759292603
8967,1.9259181022644043
8968,1.786051630973816
8969,1.4098485708236694
8970,1.979084849357605
8971,1.3405908346176147
8972,1.8512210845947266
8973,1.5192968845367432
8974,1.9891501665115356
8975,1.4005223512649536
8976,1.9229176044464111
8977,1.424187421798706
8978,1.8407745361328125
8979,1.4904683828353882
8980,1.4589486122131348
8981,1.8012166023254395
8982,1.6011080741882324
8983,1.7312272787094116
8984,1.3096247911453247
8985,1.4891493320465088
8986,1.3450993299484253
8987,1.2788503170013428
8988,1.637300729751587
8989,1.7101619243621826
8990,1.9179269075393677
8991,1.526524543762207
8992,1.7718722820281982
8993,1.1910728216171265
8994,1.4199036359786987
8995,1.4149222373962402
8996,1.8797471523284912
8997,1.218858003616333
8998,1.9943783283233643
8999,1.9093354940414429
9000,1.9858742952346802
9001,1.4542551040649414
9002,1.488408088684082
9003,1.3713960647583008
9004,1.2994513511657715
9005,1.4354746341705322
9006,1.4066202640533447
9007,1.3312158584594727
9008,1.9936819076538086
9009,1.329092025756836
9010,1.4600657224655151
9011,1.2991175651550293
9012,1.2943544387817383
9013,1.8617039918899536
9014,1.6425813436508179
9015,1.896200180053711
9016,1.6707053184509277
9017,1.282767415046692
9018,1.9895039796829224
9019,1.6312366724014282
9020,1.5305522680282593
9021,1.9897794723510742
9022,1.2301106452941895
9023,1.5883150100708008
9024,1.3436481952667236
9025,1.842642068862915
9026,1.9953422546386719
9027,1.5109779834747314
9028,1.6984055042266846
9029,1.5340487957000732
9030,1.360184669494629
9031,1.4833377599716187
9032,1.6144486665725708
9033,1.9683133363723755
9034,1.9905004501342773
9035,1.2779773473739624
9036,1.5262185335159302
9037,1.5215380191802979
9038,1.425337791442871
9039,1.724706768989563
9040,1.9834729433059692
9041,1.916821002960205
9042,1.3467272520065308
9043,1.7113239765167236
9044,1.788534164428711
9045,1.4223228693008423
9046,1.991796612739563
9047,1.409084439277649
9048,1.903037667274475
9049,1.5252623558044434
9050,1.3788386583328247
9051,1.46477472782135
9052,1.9948363304138184
9053,1.6327615976333618
9054,1.6615104675292969
9055,1.5053471326828003
9056,1.4745651483535767
9057,1.7950400114059448
9058,1.540342092514038
9059,1.3785194158554077
9060,1.7418668270111084
9061,1.4337706565856934
9062,1.7841891050338745
9063,1.450405240058899
9064,1.2053828239440918
9065,1.4577983617782593
9066,1.9324700832366943
9067,1.5208531618118286
9068,1.8933886289596558
9069,1.7084295749664307
9070,1.4657399654388428
9071,1.801618218421936
9072,1.1477769613265991
9073,1.3386790752410889
9074,1.3748438358306885
9075,1.3186789751052856
9076,1.2118680477142334
9077,1.8249857425689697
9078,1.411757469177246
9079,1.4628921747207642
9080,1.4117354154586792
9081,1.691650152206421
9082,1.9943114519119263
9083,1.9947246313095093
9084,1.471084475517273
9085,1.3140404224395752
9086,1.4818352460861206
9087,1.2854574918746948
9088,1.98967444896698
9089,1.7773452997207642
9090,1.2877007722854614
9091,1.6595938205718994
9092,1.8123414516448975
9093,1.7269903421401978
9094,1.2420611381530762
9095,1.4432497024536133
9096,1.5025413036346436
9097,1.8611953258514404
9098,1.6062068939208984
9099,1.442220687866211
9100,1.7246770858764648
9101,1.6476563215255737
9102,1.749340534210205
9103,1.4656050205230713
9104,1.4543190002441406
9105,1.8920249938964844
9106,1.505704641342163
9107,1.2681256532669067
9108,1.5929830074310303
9109,1.9597946405410767
9110,1.2881650924682617
9111,1.3694357872009277
9112,1.7511017322540283
9113,1.4686921834945679
9114,1.9895707368850708
9115,1.991364598274231
9116,1.249204397201538
9117,1.9169057607650757
9118,1.909475326538086
9119,1.3906893730163574
9120,1.5721608400344849
9121,1.529454231262207
9122,1.4006189107894897
9123,1.274613618850708
9124,1.2393592596054077
9125,1.3643109798431396
9126,1.3728710412979126
9127,1.4688928127288818
9128,1.7373284101486206
9129,1.9936244487762451
9130,1.3469699621200562
9131,1.3668012619018555
9132,1.8328338861465454
9133,1.7664122581481934
9134,1.1563174724578857
9135,1.8432739973068237
9136,1.481300711631775
9137,1.574222445487976
9138,1.4704184532165527
9139,1.6602026224136353
9140,1.6777902841567993
9141,1.5852222442626953
9142,1.515038013458252
9143,1.3853578567504883
9144,1.1419748067855835
9145,1.7004220485687256
9146,1.7778477668762207
9147,1.3135026693344116
9148,1.3474345207214355
9149,1.7188600301742554
9150,1.4949665069580078
9151,1.4359986782073975
9152,1.3363573551177979
9153,1.1634501218795776
9154,1.2626076936721802
9155,1.2263325452804565
9156,1.2764877080917358
9157,1.5846762657165527
9158,1.9877519607543945
9159,1.4294198751449585
9160,1.5656256675720215
9161,1.4025295972824097
9162,1.6304916143417358
9163,1.4191972017288208
9164,1.3208417892456055
9165,1.1493183374404907
9166,1.442600965499878
9167,1.4410593509674072
9168,1.2803139686584473
9169,1.375734806060791
9170,1.4595361948013306
9171,1.352133870124817
9172,1.1965532302856445
9173,1.8380478620529175
9174,1.4263118505477905
9175,1.3280102014541626
9176,1.245186686515808
9177,1.5356491804122925
9178,1.48488450050354
9179,1.4485362768173218
9180,1.5076053142547607
9181,1.9324631690979004
9182,1.6019841432571411
9183,1.4144271612167358
9184,1.4052813053131104
9185,1.367595911026001
9186,1.326779842376709
9187,1.9738037586212158
9188,1.3150204420089722
9189,1.209411382675171
9190,1.5161592960357666
9191,1.422188401222229
9192,1.2021799087524414
9193,1.485332727432251
9194,1.4256495237350464
9195,1.2789815664291382
9196,1.2004011869430542
9197,1.2287402153015137
9198,1.2634189128875732
9199,1.5233824253082275
9200,1.3723400831222534
9201,1.2870211601257324
9202,1.5484594106674194
9203,1.3538522720336914
9204,1.3849378824234009
9205,1.2794630527496338
9206,1.5735372304916382
9207,1.804208517074585
9208,1.4331111907958984
9209,1.8310540914535522
9210,1.7121028900146484
9211,1.7537859678268433
9212,1.9155274629592896
9213,1.3748339414596558
9214,1.8103086948394775
9215,1.6887516975402832
9216,1.9887585639953613
9217,1.6281687021255493
9218,1.1787612438201904
9219,1.64597487449646
9220,1.3594553470611572
9221,1.8055691719055176
9222,1.348585844039917
9223,1.1864525079727173
9224,1.2727231979370117
9225,1.208402156829834
9226,1.4725000858306885
9227,1.863771677017212
9228,1.9519404172897339
9229,1.3965250253677368
9230,1.3479548692703247
9231,1.2269635200500488
9232,1.989793062210083
9233,1.409955382347107
9234,1.2394239902496338
9235,1.2026431560516357
9236,1.49070143699646
9237,1.2683062553405762
9238,1.859721302986145
9239,1.2942519187927246
9240,1.6699804067611694
9241,1.3233942985534668
9242,1.5224206447601318
9243,1.345184564590454
9244,1.4093283414840698
9245,1.5109199285507202
9246,1.834525465965271
9247,1.9935497045516968
9248,1.3064520359039307
9249,1.456311583518982
9250,1.9733625650405884
9251,1.3310060501098633
9252,1.9819738864898682
9253,1.950256586074829
9254,1.9941036701202393
9255,1.135862112045288
9256,1.283912181854248
9257,1.3790273666381836
9258,1.4047420024871826
9259,1.6512079238891602
9260,1.7710554599761963
9261,1.9187856912612915
9262,1.4727765321731567
9263,1.3239610195159912
9264,1.7062087059020996
9265,1.4859099388122559
9266,1.4255576133728027
9267,1.3358240127563477
9268,1.6321463584899902
9269,1.2014691829681396
9270,1.460741400718689
9271,1.3570773601531982
9272,1.9540239572525024
9273,1.5430588722229004
9274,1.8963005542755127
9275,1.5859403610229492
9276,1.350175380706787
9277,1.4795438051223755
9278,1.2230292558670044
9279,1.2188115119934082
9280,1.9919475317001343
9281,1.3878871202468872
9282,1.8660550117492676
9283,1.9927095174789429
9284,1.7737350463867188
9285,1.4803143739700317
9286,1.366298794746399
9287,1.9857733249664307
9288,1.5854716300964355
9289,1.2865631580352783
9290,1.4483567476272583
9291,1.3556283712387085
9292,1.3568270206451416
9293,1.3580533266067505
9294,1.8152557611465454
9295,1.9923222064971924
9296,1.2407379150390625
9297,1.991258144378662
9298,1.7136059999465942
9299,1.8371561765670776
9300,1.0745595693588257
9301,1.471932053565979
9302,1.4622116088867188
9303,1.2929253578186035
9304,1.6871281862258911
9305,1.2976936101913452
9306,1.3437631130218506
9307,1.4283485412597656
9308,1.6846897602081299
9309,1.4231206178665161
9310,1.340038776397705
9311,1.4035295248031616
9312,1.3360155820846558
9313,1.4067540168762207
9314,1.357712745666504
9315,1.499548077583313
9316,1.6976253986358643
9317,1.3735908269882202
9318,1.8817501068115234
9319,1.3389683961868286
9320,1.3323695659637451
9321,1.3717197179794312
9322,1.316878318786621
9323,1.9951837062835693
9324,1.4452184438705444
9325,1.9902472496032715
9326,1.1852452754974365
9327,1.3413922786712646
9328,1.4029055833816528
9329,1.4488965272903442
9330,1.8801268339157104
9331,1.8452820777893066
9332,1.7405790090560913
9333,1.377175211906433
9334,1.7970303297042847
9335,1.235875129699707
9336,1.5490374565124512
9337,1.2808252573013306
9338,1.5749967098236084
9339,1.4646711349487305
9340,1.4857070446014404
9341,1.8958492279052734
9342,1.8165992498397827
9343,1.224759817123413
9344,1.9238282442092896
9345,1.2289857864379883
9346,1.4288862943649292
9347,1.3826818466186523
9348,1.5442126989364624
9349,1.4710302352905273
9350,1.9925537109375
9351,1.3967039585113525
9352,1.2978187799453735
9353,1.8378545045852661
9354,1.735526442527771
9355,1.1578649282455444
9356,1.4709289073944092
9357,1.6487911939620972
9358,1.3699287176132202
9359,1.9896941184997559
9360,1.3608605861663818
9361,1.2261041402816772
9362,1.5721685886383057
9363,1.5792920589447021
9364,1.3231576681137085
9365,1.9920612573623657
9366,1.4867541790008545
9367,1.5865267515182495
9368,1.9896320104599
9369,1.3123164176940918
9370,1.9847813844680786
9371,1.4340417385101318
9372,1.8303297758102417
9373,1.179636836051941
9374,1.5099979639053345
9375,1.2220380306243896
9376,1.232327938079834
9377,1.5766681432724
9378,1.5138150453567505
9379,1.4131428003311157
9380,1.8543602228164673
9381,1.9709993600845337
9382,1.3747557401657104
9383,1.4206995964050293
9384,1.217895269393921
9385,1.4112472534179688
9386,1.9940769672393799
9387,1.1842650175094604
9388,1.5123039484024048
9389,1.3691911697387695
9390,1.5424302816390991
9391,1.4255900382995605
9392,1.3125020265579224
9393,1.5467575788497925
9394,1.5030887126922607
9395,1.9525024890899658
9396,1.9412598609924316
9397,1.8963887691497803
9398,1.3929152488708496
9399,1.9941917657852173
9400,1.3634910583496094
9401,1.161617398262024
9402,1.4477202892303467
9403,1.4563007354736328
9404,1.9857945442199707
9405,1.884738802909851
9406,1.90679931640625
9407,1.429789662361145
9408,1.3360586166381836
9409,1.1944382190704346
9410,1.3553436994552612
9411,1.5239049196243286
9412,1.3314521312713623
9413,1.5302118062973022
9414,1.9821267127990723
9415,1.994498372077942
9416,1.2815624475479126
9417,1.5570439100265503
9418,1.2497638463974
9419,1.5669593811035156
9420,1.2983157634735107
9421,1.2776926755905151
9422,1.8110257387161255
9423,1.7292370796203613
9424,1.529480218887329
9425,1.4081299304962158
9426,1.7913950681686401
9427,1.421685814857483
9428,1.864292860031128
9429,1.3618367910385132
9430,1.166346549987793
9431,1.3666914701461792
9432,1.2635210752487183
9433,1.4271379709243774
9434,1.448460340499878
9435,1.5503495931625366
9436,1.996794581413269
9437,1.2058886289596558
9438,1.6446250677108765
9439,1.9145886898040771
9440,1.8756523132324219
9441,1.9930908679962158
9442,1.9358795881271362
9443,1.396735668182373
9444,1.636537790298462
9445,1.9955071210861206
9446,1.5422755479812622
9447,1.3064578771591187
9448,1.5073020458221436
9449,1.7120485305786133
9450,1.5600812435150146
9451,1.6394089460372925
9452,1.8799378871917725
9453,1.4165408611297607
9454,1.3939012289047241
9455,1.4124797582626343
9456,1.2283384799957275
9457,1.3388420343399048
9458,1.8433228731155396
9459,1.445499062538147
9460,1.8942997455596924
9461,1.4657881259918213
9462,1.9995464086532593
9463,1.551607608795166
9464,1.9618525505065918
9465,1.3249651193618774
9466,1.4385247230529785
9467,1.3003613948822021
9468,1.4391322135925293
9469,1.4590920209884644
9470,1.465240478515625
9471,1.316333532333374
9472,1.2006511688232422
9473,1.9956973791122437
9474,1.9854562282562256
9475,1.714062213897705
9476,1.3018532991409302
9477,1.180544376373291
9478,1.5147089958190918
9479,1.3684272766113281
9480,1.9897363185882568
9481,1.2635835409164429
9482,1.4250705242156982
9483,1.4582393169403076
9484,1.670361042022705
9485,1.9638290405273438
9486,1.5139036178588867
9487,1.8737913370132446
9488,1.2787127494812012
9489,1.4689167737960815
9490,1.3804616928100586
9491,1.8888020515441895
9492,1.3043752908706665
9493,1.6834279298782349
9494,1.4683769941329956
9495,1.995110273361206
9496,1.617303729057312
9497,1.9722362756729126
9498,1.7538390159606934
9499,1.360710859298706
9500,1.1851003170013428
9501,1.4786121845245361
9502,1.3330929279327393
9503,1.40593421459198
9504,1.434169888496399
9505,1.3529704809188843
9506,1.79753577709198
9507,1.994038462638855
9508,1.3139511346817017
9509,1.375533103942871
9510,1.6025514602661133
9511,1.4699463844299316
9512,1.3263474702835083
9513,1.9840877056121826
9514,1.5834178924560547
9515,1.9834836721420288
9516,1.1793984174728394
9517,1.783371925354004
9518,1.9948099851608276
9519,1.8897830247879028
9520,1.4909718036651611
9521,1.3933943510055542
9522,1.365566372871399
9523,1.3523576259613037
9524,1.3275117874145508
9525,1.8379416465759277
9526,1.2426862716674805
9527,1.284250020980835
9528,1.8582104444503784
9529,1.4283920526504517
9530,1.254988670349121
9531,1.6464155912399292
9532,1.4605783224105835
9533,1.556452989578247
9534,1.2977672815322876
9535,1.7367146015167236
9536,1.7164949178695679
9537,1.4011839628219604
9538,1.2380776405334473
9539,1.6688469648361206
9540,1.3874719142913818
9541,1.430702805519104
9542,1.4142348766326904
9543,1.4218735694885254
9544,1.9910736083984375
9545,1.403192400932312
9546,1.3979467153549194
9547,1.5660834312438965
9548,1.8575042486190796
9549,1.4816997051239014
9550,1.9059946537017822
9551,1.5779565572738647
9552,1.8716200590133667
9553,1.4844882488250732
9554,1.3288836479187012
9555,1.9808696508407593
9556,1.9845529794692993
9557,1.402574062347412
9558,1.32135808467865
9559,1.5126744508743286
9560,1.2487268447875977
9561,1.7168221473693848
9562,1.8224389553070068
9563,1.260693907737732
9564,1.8216187953948975
9565,1.6516754627227783
9566,1.1254498958587646
9567,1.5337837934494019
9568,1.3729420900344849
9569,1.9626234769821167
9570,1.4169319868087769
9571,1.3729100227355957
9572,1.991268277168274
9573,1.98714017868042
9574,1.9918813705444336
9575,1.441989541053772
9576,1.1901553869247437
9577,1.3643590211868286
9578,1.314298152923584
9579,1.990039587020874
9580,1.5546867847442627
9581,1.4491084814071655
9582,1.3772425651550293
9583,1.6147104501724243
9584,1.3294851779937744
9585,1.7809514999389648
9586,1.9882227182388306
9587,1.5653835535049438
9588,1.7085790634155273
9589,1.414742350578308
9590,1.993093729019165
9591,1.5725172758102417
9592,1.5507326126098633
9593,1.4066072702407837
9594,1.2024441957473755
9595,1.2332149744033813
9596,1.6721547842025757
9597,1.9871795177459717
9598,1.7892969846725464
9599,1.8380199670791626
9600,1.9155306816101074
9601,1.5482654571533203
9602,1.4321386814117432
9603,1.9948794841766357
9604,1.3058265447616577
9605,1.2923880815505981
9606,1.259324312210083
9607,1.690197467803955
9608,1.3455169200897217
9609,1.177775263786316
9610,1.3199032545089722
9611,1.7922730445861816
9612,1.4606826305389404
9613,1.4109904766082764
9614,1.4696723222732544
9615,1.6117202043533325
9616,1.4406931400299072
9617,1.5874590873718262
9618,1.8076260089874268
9619,1.8736402988433838
9620,1.1966382265090942
9621,1.184398889541626
9622,1.99712073802948
9623,1.3070036172866821
9624,1.205073356628418
9625,1.7118510007858276
9626,1.8591949939727783
9627,1.8013694286346436
9628,1.911774754524231
9629,1.2515966892242432
9630,1.7033231258392334
9631,1.4422041177749634
9632,1.992426872253418
9633,1.487114667892456
9634,1.4250473976135254
9635,1.9894686937332153
9636,1.5158036947250366
9637,1.3158788681030273
9638,1.783210277557373
9639,1.4350923299789429
9640,1.3976309299468994
9641,1.617517113685608
9642,1.4492307901382446
9643,1.8519760370254517
9644,1.3280893564224243
9645,1.787440538406372
9646,1.2622071504592896
9647,1.4149458408355713
9648,1.9877532720565796
9649,1.6105458736419678
9650,1.2434206008911133
9651,1.3506050109863281
9652,1.7966872453689575
9653,1.6682090759277344
9654,1.7081098556518555
9655,1.6659576892852783
9656,1.2372050285339355
9657,1.2046115398406982
9658,1.4223896265029907
9659,1.3935152292251587
9660,1.4717986583709717
9661,1.1856352090835571
9662,1.346295714378357
9663,1.8385668992996216
9664,1.7908815145492554
9665,1.3460845947265625
9666,1.3684158325195312
9667,1.757861852645874
9668,1.9611505270004272
9669,1.6000698804855347
9670,1.9854823350906372
9671,1.385905146598816
9672,1.913848638534546
9673,1.254451036453247
9674,1.444179892539978
9675,1.6835061311721802
9676,1.1857097148895264
9677,1.1851996183395386
9678,1.1631759405136108
9679,1.3485538959503174
9680,1.811421275138855
9681,1.8596314191818237
9682,1.2390577793121338
9683,1.968839168548584
9684,1.383315086364746
9685,1.843244194984436
9686,1.4420216083526611
9687,1.3373420238494873
9688,1.7280248403549194
9689,1.9833523035049438
9690,1.5501335859298706
9691,1.6452363729476929
9692,1.361319661140442
9693,1.4533863067626953
9694,1.3995047807693481
9695,1.3606332540512085
9696,1.3879804611206055
9697,1.9265251159667969
9698,1.9012658596038818
9699,1.9931591749191284
9700,1.2929664850234985
9701,1.728723168373108
9702,1.466918706893921
9703,1.4194413423538208
9704,1.2961844205856323
9705,1.9870527982711792
9706,1.9205446243286133
9707,1.5461887121200562
9708,1.3923509120941162
9709,1.3381102085113525
9710,1.7653136253356934
9711,1.4331650733947754
9712,1.8170901536941528
9713,1.4634779691696167
9714,1.6680779457092285
9715,1.1591156721115112
9716,1.2357451915740967
9717,1.8853143453598022
9718,1.8836796283721924
9719,1.6101163625717163
9720,1.6480196714401245
9721,1.3973935842514038
9722,1.9722096920013428
9723,1.3447321653366089
9724,1.6192893981933594
9725,1.9768661260604858
9726,1.4607067108154297
9727,1.9946935176849365
9728,1.6091758012771606
9729,1.6898521184921265
9730,1.5957999229431152
9731,1.8469058275222778
9732,1.3740416765213013
9733,1.4397664070129395
9734,1.3344550132751465
9735,1.5110571384429932
9736,1.7255710363388062
9737,1.5036078691482544
9738,1.198378086090088
9739,1.9947307109832764
9740,1.7104965448379517
9741,1.4979509115219116
9742,1.6691975593566895
9743,1.5040276050567627
9744,1.9057002067565918
9745,1.8719156980514526
9746,1.2621432542800903
9747,1.8047428131103516
9748,1.2647820711135864
9749,1.9096298217773438
9750,1.427520751953125
9751,1.5211278200149536
9752,1.448415994644165
9753,1.2861295938491821
9754,1.2924655675888062
9755,1.6574233770370483
9756,1.2620853185653687
9757,1.2864347696304321
9758,1.851660132408142
9759,1.5026423931121826
9760,1.9816352128982544
9761,1.8373386859893799
9762,1.3136253356933594
9763,1.994417667388916
9764,1.8693170547485352
9765,1.243580937385559
9766,1.6557285785675049
9767,1.5592398643493652
9768,1.9757027626037598
9769,1.4627907276153564
9770,1.5113862752914429
9771,1.9906713962554932
9772,1.8932099342346191
9773,1.3963266611099243
9774,1.4300602674484253
9775,1.9973853826522827
9776,1.9938476085662842
9777,1.3169662952423096
9778,1.5002349615097046
9779,1.4433777332305908
9780,1.4708783626556396
9781,1.3494417667388916
9782,1.6298938989639282
9783,1.4807109832763672
9784,1.2475351095199585
9785,1.312355875968933
9786,1.701932430267334
9787,1.2765036821365356
9788,1.7284924983978271
9789,1.2794121503829956
9790,1.3296810388565063
9791,1.2720227241516113
9792,1.9828613996505737
9793,1.8776123523712158
9794,1.7383613586425781
9795,1.314385175704956
9796,1.385695219039917
9797,1.3321479558944702
9798,1.7753231525421143
9799,1.4605867862701416
9800,1.458635687828064
9801,1.429690957069397
9802,1.447832703590393
9803,1.5551055669784546
9804,1.4494737386703491
9805,1.4195228815078735
9806,1.868404507637024
9807,1.4149819612503052
9808,1.4516959190368652
9809,1.5762786865234375
9810,1.4168514013290405
9811,1.8169506788253784
9812,1.1815658807754517
9813,1.5190470218658447
9814,1.340099573135376
9815,1.457674264907837
9816,1.1730809211730957
9817,1.9431695938110352
9818,1.2006733417510986
9819,1.9955394268035889
9820,1.20287024974823
9821,1.7646896839141846
9822,1.9941508769989014
9823,1.9958280324935913
9824,1.3819178342819214
9825,1.3334919214248657
9826,1.4135559797286987
9827,1.6498284339904785
9828,1.3364834785461426
9829,1.46873939037323
9830,1.652124047279358
9831,1.3271864652633667
9832,1.9920369386672974
9833,1.9872980117797852
9834,1.3389097452163696
9835,1.9967589378356934
9836,1.461951494216919
9837,1.4834400415420532
9838,1.7999458312988281
9839,1.9909024238586426
9840,1.7356359958648682
9841,1.413792371749878
9842,1.9942903518676758
9843,1.282457709312439
9844,1.4116055965423584
9845,1.34736168384552
9846,1.3658816814422607
9847,1.9889901876449585
9848,1.4396110773086548
9849,1.4767261743545532
9850,1.2535206079483032
9851,1.664209008216858
9852,1.8250075578689575
9853,1.5273661613464355
9854,1.6055740118026733
9855,1.176990032196045
9856,1.3756552934646606
9857,1.9341840744018555
9858,1.2862980365753174
9859,1.33822500705719
9860,1.411370873451233
9861,1.9899290800094604
9862,1.2792671918869019
9863,1.4212108850479126
9864,1.7330307960510254
9865,1.7577457427978516
9866,1.4441416263580322
9867,1.3680697679519653
9868,1.250893473625183
9869,1.386688470840454
9870,1.249531626701355
9871,1.188650131225586
9872,1.2960858345031738
9873,1.984346628189087
9874,1.6055572032928467
9875,1.441572904586792
9876,1.9876269102096558
9877,1.3771167993545532
9878,1.417277216911316
9879,1.5979090929031372
9880,1.9905221462249756
9881,1.896304726600647
9882,1.2900536060333252
9883,1.4385476112365723
9884,1.748953938484192
9885,1.4034373760223389
9886,1.8399157524108887
9887,1.4151453971862793
9888,1.3219988346099854
9889,1.7195024490356445
9890,1.4596649408340454
9891,1.2584267854690552
9892,1.3456779718399048
9893,1.6761868000030518
9894,1.6997144222259521
9895,1.1579548120498657
9896,1.5909234285354614
9897,1.1703567504882812
9898,1.3962613344192505
9899,1.466277837753296
9900,1.3625552654266357
9901,1.2782961130142212
9902,1.957959771156311
9903,1.4482693672180176
9904,1.3759491443634033
9905,1.4206199645996094
9906,1.8358927965164185
9907,1.6207767724990845
9908,1.738450288772583
9909,1.9907474517822266
9910,1.2826337814331055
9911,1.9636545181274414
9912,1.448634147644043
9913,1.3461956977844238
9914,1.285804271697998
9915,1.3992302417755127
9916,1.3436267375946045
9917,1.4486370086669922
9918,1.7515455484390259
9919,1.6337450742721558
9920,1.872994303703308
9921,1.662698745727539
9922,1.3453949689865112
9923,1.578505039215088
9924,1.762060284614563
9925,1.553041696548462
9926,1.714974284172058
9927,1.9790244102478027
9928,1.3594532012939453
9929,1.993397831916809
9930,1.3834891319274902
9931,1.3230466842651367
9932,1.199083685874939
9933,1.2916079759597778
9934,1.4642982482910156
9935,1.9903266429901123
9936,1.8552249670028687
9937,1.5636669397354126
9938,1.2281464338302612
9939,1.5091723203659058
9940,1.5157146453857422
9941,1.6011579036712646
9942,1.2315417528152466
9943,1.2637369632720947
9944,1.41371750831604
9945,1.3074216842651367
9946,1.5923681259155273
9947,1.4536772966384888
9948,1.2979471683502197
9949,1.4956743717193604
9950,1.192561149597168
9951,1.6355260610580444
9952,1.9924144744873047
9953,1.7234611511230469
9954,1.4472355842590332
9955,1.2227061986923218
9956,1.1112030744552612
9957,1.9934577941894531
9958,1.9853497743606567
9959,1.9076809883117676
9960,1.218083381652832
9961,1.9843417406082153
9962,1.3194462060928345
9963,1.3890496492385864
9964,1.980499267578125
9965,1.9576669931411743
9966,1.1319422721862793
9967,1.4028056859970093
9968,1.4518553018569946
9969,1.5090028047561646
9970,1.9981228113174438
9971,1.353796362876892
9972,1.3265700340270996
9973,1.461405873298645
9974,1.5195072889328003
9975,1.889625906944275
9976,1.3006433248519897
9977,1.5981371402740479
9978,1.7246822118759155
9979,1.717254877090454
9980,1.3262386322021484
9981,1.5555959939956665
9982,1.4047722816467285
9983,1.7022089958190918
9984,1.4025349617004395
9985,1.4109206199645996
9986,1.1672754287719727
9987,1.884340524673462
9988,1.632630705833435
9989,1.8375781774520874
9990,1.9790894985198975
9991,1.830535888671875
9992,1.9284416437149048
9993,1.2653566598892212
9994,1.8427159786224365
9995,1.9692559242248535
9996,1.9952356815338135
9997,1.572205662727356
9998,1.3515708446502686
9999,1.430755376815796
10000,1.3239092826843262
10001,1.693521499633789
10002,1.2101645469665527
10003,1.4323492050170898
10004,1.3754910230636597
10005,1.9936692714691162
10006,1.7067993879318237
10007,1.36250638961792
10008,1.93697988986969
10009,1.3458501100540161
10010,1.9936290979385376
10011,1.378251314163208
10012,1.8846839666366577
10013,1.422087550163269
10014,1.8560116291046143
10015,1.417942762374878
10016,1.3705650568008423
10017,1.5571571588516235
10018,1.9811748266220093
10019,1.350043773651123
10020,1.2912182807922363
10021,1.8187811374664307
10022,1.3915185928344727
10023,1.5883204936981201
10024,1.291803240776062
10025,1.993481993675232
10026,1.744915246963501
10027,1.450850009918213
10028,1.8770543336868286
10029,1.5908644199371338
10030,1.6559909582138062
10031,1.3611783981323242
10032,1.924678087234497
10033,1.2781790494918823
10034,1.5436254739761353
10035,1.36769437789917
10036,1.513725996017456
10037,1.6782433986663818
10038,1.85071861743927
10039,1.3727976083755493
10040,1.2307113409042358
10041,1.6573500633239746
10042,1.393601655960083
10043,1.617539882659912
10044,1.802507996559143
10045,1.3880647420883179
10046,1.2229909896850586
10047,1.9824793338775635
10048,1.3707258701324463
10049,1.5997930765151978
10050,1.1913583278656006
10051,1.2863348722457886
10052,1.3036248683929443
10053,1.8384273052215576
10054,1.9888989925384521
10055,1.2341917753219604
10056,1.402396559715271
10057,1.5840814113616943
10058,1.381008505821228
10059,1.6095168590545654
10060,1.9203606843948364
10061,1.4030683040618896
10062,1.3857243061065674
10063,1.2579679489135742
10064,1.3895809650421143
10065,1.3908891677856445
10066,1.3502041101455688
10067,1.9873164892196655
10068,1.4419630765914917
10069,1.166603922843933
10070,1.330541968345642
10071,1.4740585088729858
10072,1.608018159866333
10073,1.2499490976333618
10074,1.9718492031097412
10075,1.2824798822402954
10076,1.3095524311065674
10077,1.4266796112060547
10078,1.3928661346435547
10079,1.445895791053772
10080,1.6625113487243652
10081,1.4423307180404663
10082,1.389685034751892
10083,1.8303858041763306
10084,1.7154998779296875
10085,1.8447870016098022
10086,1.8934448957443237
10087,1.9516817331314087
10088,1.8074215650558472
10089,1.5478360652923584
10090,1.2854559421539307
10091,1.3633296489715576
10092,1.296278476715088
10093,1.2936913967132568
10094,1.86222505569458
10095,1.4495810270309448
10096,1.9914880990982056
10097,1.991428256034851
10098,1.6102421283721924
10099,1.3682328462600708
10100,1.4704220294952393
10101,1.7216849327087402
10102,1.4177478551864624
10103,1.9592727422714233
10104,1.9929065704345703
10105,1.990218162536621
10106,1.3138316869735718
10107,1.2051270008087158
10108,1.9963732957839966
10109,1.994368076324463
10110,1.2958827018737793
10111,1.4429540634155273
10112,1.4784265756607056
10113,1.4155592918395996
10114,1.6070352792739868
10115,1.274070382118225
10116,1.2647662162780762
10117,1.3159279823303223
10118,1.4522216320037842
10119,1.8133524656295776
10120,1.9242342710494995
10121,1.292181134223938
10122,1.5969856977462769
10123,1.1974977254867554
10124,1.6405830383300781
10125,1.1295456886291504
10126,1.983096957206726
10127,1.2582099437713623
10128,1.796990990638733
10129,1.9915651082992554
10130,1.6344084739685059
10131,1.3562324047088623
10132,1.8242942094802856
10133,1.7313363552093506
10134,1.8773086071014404
10135,1.5937130451202393
10136,1.1924333572387695
10137,1.4583860635757446
10138,1.3886659145355225
10139,1.7788140773773193
10140,1.6766142845153809
10141,1.2372652292251587
10142,1.914261817932129
10143,1.8794348239898682
10144,1.4095234870910645
10145,1.8832995891571045
10146,1.4142628908157349
10147,1.703840970993042
10148,1.0434468984603882
10149,1.3322322368621826
10150,1.492156982421875
10151,1.520163655281067
10152,1.3678172826766968
10153,1.9747313261032104
10154,1.8732609748840332
10155,1.757845401763916
10156,1.9510760307312012
10157,1.697628378868103
10158,1.5551948547363281
10159,1.432191014289856
10160,1.3259919881820679
10161,1.5210237503051758
10162,1.7410175800323486
10163,1.4715373516082764
10164,1.4012678861618042
10165,1.6072776317596436
10166,1.3714872598648071
10167,1.305943489074707
10168,1.212717890739441
10169,1.1739434003829956
10170,1.304273009300232
10171,1.9287457466125488
10172,1.9664099216461182
10173,1.9047051668167114
10174,1.8242307901382446
10175,1.5465919971466064
10176,1.3517836332321167
10177,1.3910107612609863
10178,1.8132789134979248
10179,1.2533867359161377
10180,1.6507558822631836
10181,1.3736811876296997
10182,1.4360146522521973
10183,1.5292117595672607
10184,1.3118020296096802
10185,1.576015830039978
10186,1.272767186164856
10187,1.8791860342025757
10188,1.3163797855377197
10189,1.3712342977523804
10190,1.3946585655212402
10191,1.3892534971237183
10192,1.1398062705993652
10193,1.5651779174804688
10194,1.4190449714660645
10195,1.9481161832809448
10196,1.3293976783752441
10197,1.5765010118484497
10198,1.8197367191314697
10199,1.6097279787063599
10200,1.2166677713394165
10201,1.270676851272583
10202,1.9943242073059082
10203,1.213308334350586
10204,1.3319652080535889
10205,1.6658331155776978
10206,1.2854888439178467
10207,1.2724957466125488
10208,1.7680175304412842
10209,1.9634543657302856
10210,1.4806616306304932
10211,1.6200693845748901
10212,1.5674214363098145
10213,1.8186936378479004
10214,1.9914305210113525
10215,1.4560818672180176
10216,1.9902287721633911
10217,1.4165898561477661
10218,1.683005690574646
10219,1.991623044013977
10220,1.9808080196380615
10221,1.4467551708221436
10222,1.4984986782073975
10223,1.4515753984451294
10224,1.7883071899414062
10225,1.441092848777771
10226,1.9918761253356934
10227,1.5196568965911865
10228,1.3943164348602295
10229,1.9918112754821777
10230,1.454168438911438
10231,1.9920687675476074
10232,1.3568062782287598
10233,1.8237746953964233
10234,1.2797318696975708
10235,1.5010395050048828
10236,1.4650620222091675
10237,1.3415406942367554
10238,1.340579628944397
10239,1.9797630310058594
10240,1.2098164558410645
10241,1.5399703979492188
10242,1.1923011541366577
10243,1.134899616241455
10244,1.8709096908569336
10245,1.484144687652588
10246,1.3211091756820679
10247,1.4834246635437012
10248,1.233554482460022
10249,1.3958204984664917
10250,1.4441156387329102
10251,1.3776041269302368
10252,1.407077431678772
10253,1.3016692399978638
10254,1.7614555358886719
10255,1.4001524448394775
10256,1.4801372289657593
10257,1.4087687730789185
10258,1.4178653955459595
10259,1.444292664527893
10260,1.979249119758606
10261,1.3761042356491089
10262,1.1553702354431152
10263,1.47779381275177
10264,1.751724123954773
10265,1.4442274570465088
10266,1.4339431524276733
10267,1.6917750835418701
10268,1.2439417839050293
10269,1.810214638710022
10270,1.6977710723876953
10271,1.8762478828430176
10272,1.7431604862213135
10273,1.311481237411499
10274,1.616997480392456
10275,1.681820273399353
10276,1.634537935256958
10277,1.3550314903259277
10278,1.9635423421859741
10279,1.3172942399978638
10280,1.3401455879211426
10281,1.4377856254577637
10282,1.891201138496399
10283,1.4039790630340576
10284,1.9708833694458008
10285,1.3182361125946045
10286,1.4032061100006104
10287,1.1948951482772827
10288,1.4288736581802368
10289,1.2960690259933472
10290,1.3044911623001099
10291,1.3643274307250977
10292,1.8400079011917114
10293,1.3511213064193726
10294,1.5694167613983154
10295,1.7227765321731567
10296,1.338289737701416
10297,1.6895641088485718
10298,1.484877586364746
10299,1.9972012042999268
10300,1.2989587783813477
10301,1.95003080368042
10302,1.8479993343353271
10303,1.8732895851135254
10304,1.9905561208724976
10305,1.493442177772522
10306,1.952392339706421
10307,1.9899911880493164
10308,1.9875952005386353
10309,1.3302983045578003
10310,1.4620068073272705
10311,1.7606054544448853
10312,1.276238203048706
10313,1.691713809967041
10314,1.5757513046264648
10315,1.4829734563827515
10316,1.9619417190551758
10317,1.8961457014083862
10318,1.9814784526824951
10319,1.4304579496383667
10320,1.2367842197418213
10321,1.382250189781189
10322,1.2168641090393066
10323,1.0774998664855957
10324,1.5953457355499268
10325,1.568143367767334
10326,1.3568824529647827
10327,1.938078761100769
10328,1.3544566631317139
10329,1.5958257913589478
10330,1.378953218460083
10331,1.228497862815857
10332,1.9196234941482544
10333,1.9875493049621582
10334,1.8251668214797974
10335,1.4822750091552734
10336,1.8813718557357788
10337,1.881220817565918
10338,1.3795493841171265
10339,1.2614096403121948
10340,1.4578197002410889
10341,1.4107774496078491
10342,1.9047483205795288
10343,1.7389986515045166
10344,1.3160507678985596
10345,1.3509955406188965
10346,1.4736322164535522
10347,1.418137788772583
10348,1.6088593006134033
10349,1.995263934135437
10350,1.2262870073318481
10351,1.6656643152236938
10352,1.4028959274291992
10353,1.3303275108337402
10354,1.4283502101898193
10355,1.357632040977478
10356,1.857895851135254
10357,1.8855690956115723
10358,1.8720722198486328
10359,1.851108193397522
10360,1.4239726066589355
10361,1.3673948049545288
10362,1.2978463172912598
10363,1.5440670251846313
10364,1.8040711879730225
10365,1.356728196144104
10366,1.7986973524093628
10367,1.854058027267456
10368,1.2225185632705688
10369,1.9937468767166138
10370,1.994641900062561
10371,1.9889873266220093
10372,1.987149953842163
10373,1.3601374626159668
10374,1.3805415630340576
10375,1.4261341094970703
10376,1.8449199199676514
10377,1.8184607028961182
10378,1.3650002479553223
10379,1.7839715480804443
10380,1.9796233177185059
10381,1.406023383140564
10382,1.4611390829086304
10383,1.9926650524139404
10384,1.427112340927124
10385,1.7160204648971558
10386,1.2159414291381836
10387,1.3547239303588867
10388,1.9999539852142334
10389,1.2456940412521362
10390,1.4547502994537354
10391,1.8400014638900757
10392,1.5962129831314087
10393,1.9266040325164795
10394,1.8745230436325073
10395,1.818308711051941
10396,1.6590073108673096
10397,1.6007781028747559
10398,1.4095104932785034
10399,1.4631190299987793
10400,1.222808599472046
10401,1.2855265140533447
10402,1.3879728317260742
10403,1.7061681747436523
10404,1.244674563407898
10405,1.4017122983932495
10406,1.2301353216171265
10407,1.9948997497558594
10408,1.811784029006958
10409,1.4232620000839233
10410,1.9582736492156982
10411,1.751736044883728
10412,1.5053229331970215
10413,1.4233498573303223
10414,1.323952078819275
10415,1.2664551734924316
10416,1.3448786735534668
10417,1.3451470136642456
10418,1.9920978546142578
10419,1.8525499105453491
10420,1.7140166759490967
10421,1.8505725860595703
10422,1.2991806268692017
10423,1.4560283422470093
10424,1.6515467166900635
10425,1.2867393493652344
10426,1.3186928033828735
10427,1.3084348440170288
10428,1.3893413543701172
10429,1.386986494064331
10430,1.4567211866378784
10431,1.4574257135391235
10432,1.8017399311065674
10433,1.3483161926269531
10434,1.43461275100708
10435,1.4196314811706543
10436,1.984627604484558
10437,1.5524401664733887
10438,1.3326783180236816
10439,1.260392427444458
10440,1.61844003200531
10441,1.9895286560058594
10442,1.1816134452819824
10443,1.5156385898590088
10444,1.74049973487854
10445,1.9900634288787842
10446,1.3075939416885376
10447,1.786885142326355
10448,1.2665331363677979
10449,1.3441269397735596
10450,1.6289702653884888
10451,1.4550281763076782
10452,1.9086719751358032
10453,1.407564640045166
10454,1.336458683013916
10455,1.3746591806411743
10456,1.4516438245773315
10457,1.4286370277404785
10458,1.9884092807769775
10459,1.575796365737915
10460,1.4789721965789795
10461,1.362606406211853
10462,1.224469780921936
10463,1.918358325958252
10464,1.6466443538665771
10465,1.7683041095733643
10466,1.3799655437469482
10467,1.4441869258880615
10468,1.994327425956726
10469,1.9861849546432495
10470,1.8893415927886963
10471,1.4615548849105835
10472,1.348503589630127
10473,1.5860000848770142
10474,1.3149104118347168
10475,1.397146463394165
10476,1.3985817432403564
10477,1.9190555810928345
10478,1.9144583940505981
10479,1.9921869039535522
10480,1.3962339162826538
10481,1.4220545291900635
10482,1.2257766723632812
10483,1.4083530902862549
10484,1.1263715028762817
10485,1.2471303939819336
10486,1.3313101530075073
10487,1.2369956970214844
10488,1.3070476055145264
10489,1.5574915409088135
10490,1.565134882926941
10491,1.4185627698898315
10492,1.4223148822784424
10493,1.9920964241027832
10494,1.2749241590499878
10495,1.3549151420593262
10496,1.4224116802215576
10497,1.9931820631027222
10498,1.4611449241638184
10499,1.258683443069458
10500,1.2979099750518799
10501,1.9905171394348145
10502,1.986380934715271
10503,1.2942858934402466
10504,1.9291446208953857
10505,1.2671819925308228
10506,1.9670982360839844
10507,1.6127952337265015
10508,1.8835850954055786
10509,1.8640702962875366
10510,1.3546600341796875
10511,1.3070954084396362
10512,1.3609834909439087
10513,1.247241497039795
10514,1.2841360569000244
10515,1.254236102104187
10516,1.6059536933898926
10517,1.9955860376358032
10518,1.3769618272781372
10519,1.846054196357727
10520,1.2984795570373535
10521,1.9938502311706543
10522,1.507292628288269
10523,1.3168476819992065
10524,1.9958769083023071
10525,1.358018159866333
10526,1.4165126085281372
10527,1.4742014408111572
10528,1.341524362564087
10529,1.9457194805145264
10530,1.4318662881851196
10531,1.3800314664840698
10532,1.1921164989471436
10533,1.6315183639526367
10534,1.415944218635559
10535,1.8782758712768555
10536,1.5617692470550537
10537,1.6301416158676147
10538,1.2724475860595703
10539,1.7868343591690063
10540,1.311819314956665
10541,1.5779457092285156
10542,1.1973927021026611
10543,1.8387781381607056
10544,1.4109244346618652
10545,1.165266990661621
10546,1.793822169303894
10547,1.2202342748641968
10548,1.7405120134353638
10549,1.9379112720489502
10550,1.6785117387771606
10551,1.6740695238113403
10552,1.8969491720199585
10553,1.5268583297729492
10554,1.3418920040130615
10555,1.2264264822006226
10556,1.477834701538086
10557,1.9755271673202515
10558,1.7981566190719604
10559,1.17401123046875
10560,1.6892520189285278
10561,1.4541151523590088
10562,1.385819911956787
10563,1.9149246215820312
10564,1.3170119524002075
10565,1.7690937519073486
10566,1.5427656173706055
10567,1.5214424133300781
10568,1.4069126844406128
10569,1.9129201173782349
10570,1.793265700340271
10571,1.4443401098251343
10572,1.9930710792541504
10573,1.2747235298156738
10574,1.3799402713775635
10575,1.9782791137695312
10576,1.6235218048095703
10577,1.3209550380706787
10578,1.3378455638885498
10579,1.1618603467941284
10580,1.383553147315979
10581,1.4034184217453003
10582,1.6248536109924316
10583,1.4917161464691162
10584,1.3943114280700684
10585,1.258144736289978
10586,1.2342442274093628
10587,1.5184770822525024
10588,1.2013592720031738
10589,1.9119755029678345
10590,1.3712905645370483
10591,1.2788199186325073
10592,1.8014146089553833
10593,1.5029982328414917
10594,1.559253215789795
10595,1.9992552995681763
10596,1.989281415939331
10597,1.6454612016677856
10598,1.372978925704956
10599,1.2904595136642456
10600,1.9468401670455933
10601,1.1169116497039795
10602,1.886695146560669
10603,1.6070650815963745
10604,1.5743305683135986
10605,1.3603723049163818
10606,1.426443099975586
10607,1.5944068431854248
10608,1.4481160640716553
10609,1.4401118755340576
10610,1.3458679914474487
10611,1.5462591648101807
10612,1.5838556289672852
10613,1.3594331741333008
10614,1.6944048404693604
10615,1.9963527917861938
10616,1.5683332681655884
10617,1.3246160745620728
10618,1.3878530263900757
10619,1.9108498096466064
10620,1.3619928359985352
10621,1.3880499601364136
10622,1.7975950241088867
10623,1.4584128856658936
10624,1.2229152917861938
10625,1.2530739307403564
10626,1.7800745964050293
10627,1.8689922094345093
10628,1.143032193183899
10629,1.9034781455993652
10630,1.3744946718215942
10631,1.5843636989593506
10632,1.7757391929626465
10633,1.9941363334655762
10634,1.867018699645996
10635,1.5726368427276611
10636,1.9685084819793701
10637,1.3408218622207642
10638,1.2042796611785889
10639,1.3400403261184692
10640,1.5162392854690552
10641,1.4308083057403564
10642,1.5448046922683716
10643,1.5831660032272339
10644,1.3961743116378784
10645,1.3159199953079224
10646,1.3135987520217896
10647,1.329007625579834
10648,1.8803128004074097
10649,1.399811029434204
10650,1.728055715560913
10651,1.1952580213546753
10652,1.4725563526153564
10653,1.316631555557251
10654,1.6868269443511963
10655,1.9939637184143066
10656,1.3539297580718994
10657,1.4596072435379028
10658,1.9164286851882935
10659,1.5767093896865845
10660,1.8033866882324219
10661,1.575246810913086
10662,1.6170642375946045
10663,1.2295281887054443
10664,1.2019095420837402
10665,1.1960474252700806
10666,1.7398830652236938
10667,1.7461217641830444
10668,1.7747488021850586
10669,1.493030309677124
10670,1.312150239944458
10671,1.879754662513733
10672,1.9121723175048828
10673,1.5973987579345703
10674,1.3258577585220337
10675,1.9570010900497437
10676,1.8749525547027588
10677,1.7958471775054932
10678,1.8658267259597778
10679,1.3498319387435913
10680,1.3002666234970093
10681,1.2639068365097046
10682,1.348055362701416
10683,1.9703174829483032
10684,1.1945195198059082
10685,1.682837724685669
10686,1.7853505611419678
10687,1.62835693359375
10688,1.948801875114441
10689,1.2820683717727661
10690,1.5213572978973389
10691,1.2900967597961426
10692,1.4623340368270874
10693,1.9915803670883179
10694,1.3544952869415283
10695,1.9915179014205933
10696,1.3458274602890015
10697,1.4571528434753418
10698,1.5100256204605103
10699,1.9935669898986816
10700,1.5645763874053955
10701,1.3614683151245117
10702,1.4006410837173462
10703,1.2243845462799072
10704,1.9925860166549683
10705,1.285485029220581
10706,1.3132504224777222
10707,1.7310259342193604
10708,1.8390398025512695
10709,1.3614819049835205
10710,1.9908784627914429
10711,1.6878206729888916
10712,1.8700320720672607
10713,1.9969935417175293
10714,1.30208420753479
10715,1.2868332862854004
10716,1.456807255744934
10717,1.3179107904434204
10718,1.6972867250442505
10719,1.3063266277313232
10720,1.3652734756469727
10721,1.3871508836746216
10722,1.1937114000320435
10723,1.3213931322097778
10724,1.990095853805542
10725,1.2294938564300537
10726,1.9816546440124512
10727,1.500849723815918
10728,1.9931395053863525
10729,1.9846580028533936
10730,1.9891173839569092
10731,1.4884929656982422
10732,1.3523292541503906
10733,1.5719521045684814
10734,1.7033398151397705
10735,1.4251896142959595
10736,1.4483473300933838
10737,1.206287145614624
10738,1.2543087005615234
10739,1.4639816284179688
10740,1.3340685367584229
10741,1.3816543817520142
10742,1.7566440105438232
10743,1.2926725149154663
10744,1.2521919012069702
10745,1.8697670698165894
10746,1.369339942932129
10747,1.4114331007003784
10748,1.4003777503967285
10749,1.3486573696136475
10750,1.3604531288146973
10751,1.7800711393356323
10752,1.9004268646240234
10753,1.2016446590423584
10754,1.141326665878296
10755,1.3622376918792725
10756,1.8608856201171875
10757,1.2320741415023804
10758,1.766099214553833
10759,1.5567505359649658
10760,1.9832210540771484
10761,1.3879975080490112
10762,1.4650670289993286
10763,1.9799293279647827
10764,1.5182621479034424
10765,1.4975805282592773
10766,1.9836385250091553
10767,1.6668230295181274
10768,1.6586251258850098
10769,1.8435086011886597
10770,1.7215510606765747
10771,1.2625439167022705
10772,1.8134651184082031
10773,1.3541759252548218
10774,1.7468364238739014
10775,1.5950064659118652
10776,1.3199915885925293
10777,1.103424310684204
10778,1.3908380270004272
10779,1.8012574911117554
10780,1.2023731470108032
10781,1.3645517826080322
10782,1.8080247640609741
10783,1.843660593032837
10784,1.5004171133041382
10785,1.4318026304244995
10786,1.2756719589233398
10787,1.401277780532837
10788,1.8906973600387573
10789,1.2619163990020752
10790,1.5742771625518799
10791,1.1999205350875854
10792,1.7926440238952637
10793,1.9694092273712158
10794,1.5603028535842896
10795,1.4508424997329712
10796,1.2598419189453125
10797,1.9528926610946655
10798,1.8851717710494995
10799,1.3094819784164429
10800,1.5018291473388672
10801,1.3609751462936401
10802,1.139400839805603
10803,1.3605732917785645
10804,1.3641809225082397
10805,1.8281768560409546
10806,1.5056289434432983
10807,1.3543624877929688
10808,1.9947023391723633
10809,1.8899933099746704
10810,1.3430298566818237
10811,1.7815072536468506
10812,1.7965707778930664
10813,1.985190987586975
10814,1.7175203561782837
10815,1.8122605085372925
10816,1.4659208059310913
10817,1.346794605255127
10818,1.4269864559173584
10819,1.1106256246566772
10820,1.6983023881912231
10821,1.8459761142730713
10822,1.9890624284744263
10823,1.4557040929794312
10824,1.4561859369277954
10825,1.4736130237579346
10826,1.3207353353500366
10827,1.442735195159912
10828,1.4050272703170776
10829,1.9894862174987793
10830,1.3837398290634155
10831,1.3417969942092896
10832,1.8522121906280518
10833,1.4772480726242065
10834,1.416515588760376
10835,1.3388376235961914
10836,1.5288950204849243
10837,1.3639203310012817
10838,1.201014757156372
10839,1.3421366214752197
10840,1.8501218557357788
10841,1.2818107604980469
10842,1.7857965230941772
10843,1.761819839477539
10844,1.9953138828277588
10845,1.2536739110946655
10846,1.9954054355621338
10847,1.4249746799468994
10848,1.4480905532836914
10849,1.4468265771865845
10850,1.2203606367111206
10851,1.4579428434371948
10852,1.433318018913269
10853,1.4371694326400757
10854,1.3971351385116577
10855,1.6482261419296265
10856,1.526005744934082
10857,1.9955953359603882
10858,1.863654375076294
10859,1.13303804397583
10860,1.9858105182647705
10861,1.492635726928711
10862,1.3772915601730347
10863,1.7885857820510864
10864,1.879551887512207
10865,1.8905844688415527
10866,1.5788029432296753
10867,1.2679996490478516
10868,1.883567452430725
10869,1.6150262355804443
10870,1.8308902978897095
10871,1.4873626232147217
10872,1.9366710186004639
10873,1.4360404014587402
10874,1.8139991760253906
10875,1.9958574771881104
10876,1.4042222499847412
10877,1.4987801313400269
10878,1.5129528045654297
10879,1.4159324169158936
10880,1.350073218345642
10881,1.358282208442688
10882,1.7003470659255981
10883,1.5007425546646118
10884,1.294405221939087
10885,1.3903294801712036
10886,1.4552730321884155
10887,1.3538074493408203
10888,1.8931721448898315
10889,1.9832720756530762
10890,1.3467881679534912
10891,1.4781752824783325
10892,1.8609697818756104
10893,1.7453004121780396
10894,1.7120217084884644
10895,1.3005001544952393
10896,1.503983736038208
10897,1.3406517505645752
10898,1.3603252172470093
10899,1.8949506282806396
10900,1.7026758193969727
10901,1.366914987564087
10902,1.8084858655929565
10903,1.7807997465133667
10904,1.9966702461242676
10905,1.8891023397445679
10906,1.6759307384490967
10907,1.9023280143737793
10908,1.6481645107269287
10909,1.2819478511810303
10910,1.7585937976837158
10911,1.9941847324371338
10912,1.486783742904663
10913,1.461328148841858
10914,1.456953763961792
10915,1.2055420875549316
10916,1.527437448501587
10917,1.358888864517212
10918,1.7251133918762207
10919,1.5793877840042114
10920,1.905797004699707
10921,1.8908201456069946
10922,1.2875981330871582
10923,1.3980399370193481
10924,1.637699842453003
10925,1.399935245513916
10926,1.4528346061706543
10927,1.2651695013046265
10928,1.9318491220474243
10929,1.5290652513504028
10930,1.7431819438934326
10931,1.2820334434509277
10932,1.3884401321411133
10933,1.5319108963012695
10934,1.2513116598129272
10935,1.4836264848709106
10936,1.299900770187378
10937,1.3152543306350708
10938,1.2497237920761108
10939,1.2277731895446777
10940,1.6052275896072388
10941,1.2339465618133545
10942,1.7516995668411255
10943,1.8808661699295044
10944,1.3640352487564087
10945,1.49607253074646
10946,1.984478235244751
10947,1.5581218004226685
10948,1.913228154182434
10949,1.210351586341858
10950,1.9234166145324707
10951,1.2695050239562988
10952,1.323531150817871
10953,1.6977758407592773
10954,1.976564884185791
10955,1.8545260429382324
10956,1.4548859596252441
10957,1.4310821294784546
10958,1.2470808029174805
10959,1.2226779460906982
10960,1.5935949087142944
10961,1.2808148860931396
10962,1.2086442708969116
10963,1.2950425148010254
10964,1.425370693206787
10965,1.8971617221832275
10966,1.4796456098556519
10967,1.4582064151763916
10968,1.4959635734558105
10969,1.2935622930526733
10970,1.9967069625854492
10971,1.469155192375183
10972,1.9844000339508057
10973,1.1664094924926758
10974,1.891997218132019
10975,1.8206686973571777
10976,1.8902775049209595
10977,1.8445029258728027
10978,1.2664635181427002
10979,1.9285883903503418
10980,1.4123655557632446
10981,1.3124103546142578
10982,1.4951237440109253
10983,1.4116395711898804
10984,1.3753621578216553
10985,1.9948413372039795
10986,1.5427353382110596
10987,1.8136430978775024
10988,1.369165301322937
10989,1.202623963356018
10990,1.991426706314087
10991,1.3159343004226685
10992,1.2961639165878296
10993,1.4515594244003296
10994,1.4038845300674438
10995,1.3913155794143677
10996,1.3865684270858765
10997,1.8646564483642578
10998,1.3192553520202637
10999,1.2242625951766968
11000,1.515281081199646
11001,1.6730245351791382
11002,1.3623607158660889
11003,1.9938160181045532
11004,1.5770564079284668
11005,1.768377423286438
11006,1.4198893308639526
11007,1.3442387580871582
11008,1.253594994544983
11009,1.4190176725387573
11010,1.9751981496810913
11011,1.9948148727416992
11012,1.555177927017212
11013,1.8502496480941772
11014,1.287753939628601
11015,1.9906713962554932
11016,1.6635719537734985
11017,1.2915652990341187
11018,1.668454647064209
11019,1.7185163497924805
11020,1.3565309047698975
11021,1.3845456838607788
11022,1.601540446281433
11023,1.6170153617858887
11024,1.7285531759262085
11025,1.3876975774765015
11026,1.9183616638183594
11027,1.5863884687423706
11028,1.1296175718307495
11029,1.3346277475357056
11030,1.5910441875457764
11031,1.2067302465438843
11032,1.8407502174377441
11033,1.3686639070510864
11034,1.8801976442337036
11035,1.408969521522522
11036,1.8774034976959229
11037,1.163440465927124
11038,1.350590467453003
11039,1.4699856042861938
11040,1.3771507740020752
11041,1.9926495552062988
11042,1.769203782081604
11043,1.3265501260757446
11044,1.8529763221740723
11045,1.469447135925293
11046,1.2954245805740356
11047,1.4968180656433105
11048,1.5755259990692139
11049,1.8016570806503296
11050,1.5572075843811035
11051,1.2871614694595337
11052,1.6968504190444946
11053,1.383167028427124
11054,1.8699736595153809
11055,1.5382705926895142
11056,1.679134488105774
11057,1.3677504062652588
11058,1.5976003408432007
11059,1.3335074186325073
11060,1.43799889087677
11061,1.4470531940460205
11062,1.6986199617385864
11063,1.2013273239135742
11064,1.390543818473816
11065,1.3857097625732422
11066,1.2737675905227661
11067,1.419454574584961
11068,1.434061884880066
11069,1.4969440698623657
11070,1.980473279953003
11071,1.3670015335083008
11072,1.6429747343063354
11073,1.9045085906982422
11074,1.416472315788269
11075,1.8018544912338257
11076,1.1375616788864136
11077,1.2682796716690063
11078,1.350348949432373
11079,1.4158308506011963
11080,1.9941647052764893
11081,1.7057725191116333
11082,1.5336941480636597
11083,1.3761427402496338
11084,1.3253552913665771
11085,1.9976691007614136
11086,1.443408489227295
11087,1.2766413688659668
11088,1.5218676328659058
11089,1.409166693687439
11090,1.317116618156433
11091,1.4602140188217163
11092,1.4768390655517578
11093,1.995853066444397
11094,1.6122076511383057
11095,1.7366501092910767
11096,1.3965026140213013
11097,1.9791748523712158
11098,1.9941972494125366
11099,1.2165918350219727
11100,1.2265236377716064
11101,1.5488461256027222
11102,1.8405263423919678
11103,1.353712558746338
11104,1.9497934579849243
11105,1.398638129234314
11106,1.718053936958313
11107,1.322227120399475
11108,1.3914967775344849
11109,1.453258752822876
11110,1.2862613201141357
11111,1.5055243968963623
11112,1.926466464996338
11113,1.9935896396636963
11114,1.7532974481582642
11115,1.664097785949707
11116,1.6775258779525757
11117,1.9799131155014038
11118,1.5067329406738281
11119,1.7231261730194092
11120,1.4680544137954712
11121,1.5425413846969604
11122,1.1643314361572266
11123,1.6683281660079956
11124,1.4183080196380615
11125,1.2991244792938232
11126,1.637134075164795
11127,1.3119633197784424
11128,1.2844488620758057
11129,1.655128836631775
11130,1.2644761800765991
11131,1.4468883275985718
11132,1.9970598220825195
11133,1.3745694160461426
11134,1.8946192264556885
11135,1.2934918403625488
11136,1.415218472480774
11137,1.3816169500350952
11138,1.317884087562561
11139,1.4343923330307007
11140,1.1861650943756104
11141,1.1877925395965576
11142,1.6540608406066895
11143,1.988869071006775
11144,1.4298110008239746
11145,1.5253387689590454
11146,1.3822849988937378
11147,1.551079273223877
11148,1.5700145959854126
11149,1.8237056732177734
11150,1.3440864086151123
11151,1.929538607597351
11152,1.0376873016357422
11153,1.3665655851364136
11154,1.9502066373825073
11155,1.245328426361084
11156,1.443268060684204
11157,1.690921664237976
11158,1.3685578107833862
11159,1.8804173469543457
11160,1.4774651527404785
11161,1.386069893836975
11162,1.8948067426681519
11163,1.4669896364212036
11164,1.7080023288726807
11165,1.4458428621292114
11166,1.4066448211669922
11167,1.785325288772583
11168,1.179005742073059
11169,1.7590452432632446
11170,1.3404419422149658
11171,1.848251223564148
11172,1.2996083498001099
11173,1.3087692260742188
11174,1.276686191558838
11175,1.6352875232696533
11176,1.243216872215271
11177,1.5720374584197998
11178,1.2078113555908203
11179,1.6510283946990967
11180,1.9768812656402588
11181,1.5096831321716309
11182,1.1878219842910767
11183,1.3775643110275269
11184,1.6491131782531738
11185,1.229018211364746
11186,1.7735809087753296
11187,1.4623976945877075
11188,1.4384465217590332
11189,1.5313713550567627
11190,1.7325197458267212
11191,1.877596378326416
11192,1.4528007507324219
11193,1.3259578943252563
11194,1.2929850816726685
11195,1.6051498651504517
11196,1.9696087837219238
11197,1.4004433155059814
11198,1.401164174079895
11199,1.2977972030639648
11200,1.8562989234924316
11201,1.3635683059692383
11202,1.6338112354278564
11203,1.042257308959961
11204,1.788062334060669
11205,1.276061773300171
11206,1.9956437349319458
11207,1.3953529596328735
11208,1.3472503423690796
11209,1.4945672750473022
11210,1.3690069913864136
11211,1.5685968399047852
11212,1.4052762985229492
11213,1.3418221473693848
11214,1.3937673568725586
11215,1.3541520833969116
11216,1.9853286743164062
11217,1.3018465042114258
11218,1.4144554138183594
11219,1.3518015146255493
11220,1.4080357551574707
11221,1.4864238500595093
11222,1.4002788066864014
11223,1.3071402311325073
11224,1.4433372020721436
11225,1.2589114904403687
11226,1.9711567163467407
11227,1.3175911903381348
11228,1.4123483896255493
11229,1.384390115737915
11230,1.9958194494247437
11231,1.424767255783081
11232,1.3854482173919678
11233,1.808276891708374
11234,1.1988327503204346
11235,1.2637684345245361
11236,1.983245611190796
11237,1.9926159381866455
11238,1.2410494089126587
11239,1.3062560558319092
11240,1.2948486804962158
11241,1.9487329721450806
11242,1.9939444065093994
11243,1.3781039714813232
11244,1.894575595855713
11245,1.6425237655639648
11246,1.3205583095550537
11247,1.252037525177002
11248,1.3712393045425415
11249,1.6771397590637207
11250,1.5072846412658691
11251,1.348841905593872
11252,1.2480231523513794
11253,1.3411773443222046
11254,1.8218876123428345
11255,1.4753670692443848
11256,1.440151333808899
11257,1.9415463209152222
11258,1.334765911102295
11259,1.3148912191390991
11260,1.4845905303955078
11261,1.7061299085617065
11262,1.2638287544250488
11263,1.233286738395691
11264,1.9877402782440186
11265,1.149010419845581
11266,1.3247731924057007
11267,1.2429566383361816
11268,1.5834519863128662
11269,1.639805793762207
11270,1.9931678771972656
11271,1.5626471042633057
11272,1.9877368211746216
11273,1.8163834810256958
11274,1.4540272951126099
11275,1.988628625869751
11276,1.2875196933746338
11277,1.9743425846099854
11278,1.2195537090301514
11279,1.373132586479187
11280,1.3436369895935059
11281,1.1589022874832153
11282,1.7656095027923584
11283,1.6880677938461304
11284,1.3023561239242554
11285,1.2899155616760254
11286,1.5627421140670776
11287,1.3826156854629517
11288,1.4071919918060303
11289,1.3071231842041016
11290,1.6398019790649414
11291,1.4220274686813354
11292,1.689204454421997
11293,1.4526630640029907
11294,1.4424879550933838
11295,1.2450066804885864
11296,1.4195877313613892
11297,1.4446690082550049
11298,1.7068755626678467
11299,1.7523303031921387
11300,1.345597267150879
11301,1.9404670000076294
11302,1.9009432792663574
11303,1.5354710817337036
11304,1.9139301776885986
11305,1.8616347312927246
11306,1.3446816205978394
11307,1.3980213403701782
11308,1.6759798526763916
11309,1.1128848791122437
11310,1.360600233078003
11311,1.399749517440796
11312,1.4048717021942139
11313,1.5847649574279785
11314,1.384713888168335
11315,1.4300638437271118
11316,1.9654830694198608
11317,1.4379918575286865
11318,1.699312686920166
11319,1.5174994468688965
11320,1.2770813703536987
11321,1.993859052658081
11322,1.1632689237594604
11323,1.7475923299789429
11324,1.9971340894699097
11325,1.3760484457015991
11326,1.359265923500061
11327,1.9896010160446167
11328,1.3249742984771729
11329,1.2913627624511719
11330,1.5222235918045044
11331,1.2215290069580078
11332,1.9952563047409058
11333,1.2821013927459717
11334,1.3439449071884155
11335,1.653272032737732
11336,1.684766173362732
11337,1.4181149005889893
11338,1.5380337238311768
11339,1.9458903074264526
11340,1.801608920097351
11341,1.3176039457321167
11342,1.4934841394424438
11343,1.788791537284851
11344,1.2171306610107422
11345,1.3372730016708374
11346,1.5258904695510864
11347,1.981773018836975
11348,1.9110840559005737
11349,1.3272864818572998
11350,1.4250978231430054
11351,1.5362704992294312
11352,1.9289793968200684
11353,1.2934722900390625
11354,1.3385694026947021
11355,1.680881142616272
11356,1.416730523109436
11357,1.9870885610580444
11358,1.3824838399887085
11359,1.2892979383468628
11360,1.353346347808838
11361,1.8739502429962158
11362,1.3741227388381958
11363,1.5585837364196777
11364,1.380419373512268
11365,1.4425853490829468
11366,1.8931100368499756
11367,1.8007882833480835
11368,1.5462206602096558
11369,1.379065752029419
11370,1.4746688604354858
11371,1.9892946481704712
11372,1.8736613988876343
11373,1.9707340002059937
11374,1.889441967010498
11375,1.4364988803863525
11376,1.9938013553619385
11377,1.1746827363967896
11378,1.4813156127929688
11379,1.8718384504318237
11380,1.2056862115859985
11381,1.2827376127243042
11382,1.7502939701080322
