index,voted
0,0.660987387448591
1,0.7964461551532316
2,0.5259360364474869
3,0.5263883552462618
4,0.6997914398607407
5,0.4904346343510302
6,0.7941711329973024
7,0.6127172707965293
8,0.5329565142214255
9,0.5426315059800979
10,0.5165750801179121
11,0.7035220792266886
12,0.4889005673758967
13,0.5307866608744474
14,0.5340501170008553
15,0.8699928158322741
16,0.7757536731742198
17,0.5493177153147658
18,0.4967952810333677
19,0.5308165745408606
20,0.5427673552955526
21,0.5042678199124696
22,0.5185641794218894
23,0.5038858151558229
24,0.6790700018551107
25,0.542761205341851
26,0.8695650727705126
27,0.5128732130513491
28,0.5474191552201623
29,0.5071770994529686
30,0.4945412259099789
31,0.7306354784213487
32,0.5509287326994543
33,0.5146974337456109
34,0.533390457384193
35,0.6044460211989456
36,0.5387142832176692
37,0.4790963315170921
38,0.5324565146657174
39,0.4894863232850736
40,0.5378721132107993
41,0.8230161179212432
42,0.7739792957293784
43,0.6432949234283444
44,0.8680514299970521
45,0.5349624789568841
46,0.6810930720613606
47,0.8665933813673737
48,0.46690034336272224
49,0.8070909001796471
50,0.5138083681072668
51,0.8197848866992381
52,0.5688156683537737
53,0.7810689076703095
54,0.8710496375277244
55,0.5421862821866209
56,0.5568606548874336
57,0.6208262856274254
58,0.7321285849179946
59,0.5643197944697493
60,0.8329121291058219
61,0.5467044481763991
62,0.5490576789888946
63,0.5182989737035486
64,0.5364749622850872
65,0.7125999238254955
66,0.5093608312805793
67,0.46636455289475504
68,0.49310940230657263
69,0.5447343123721186
70,0.5280271997639046
71,0.48668364821156485
72,0.5319260416359202
73,0.7302338212014862
74,0.8060625676743838
75,0.5653872739392435
76,0.6231239189963718
77,0.5419524125302473
78,0.5607051622011048
79,0.5383702717039959
80,0.8674592871210394
81,0.5608251185046778
82,0.5156156897742493
83,0.5323329237564728
84,0.7277973199383942
85,0.5440018085079206
86,0.7356459525148961
87,0.5228430101428366
88,0.5212213092234746
89,0.6535274081682944
90,0.8719309455486883
91,0.511919965495773
92,0.5244627683146063
93,0.5373747677714414
94,0.5486953671451502
95,0.7800513960545657
96,0.5011952881543248
97,0.803188526077329
98,0.5376473192683391
99,0.5427004379740029
100,0.4920237115281327
101,0.5419159904870169
102,0.7087032533089926
103,0.4808112781291729
104,0.48649666945410436
105,0.5517986851135945
106,0.5288422632956502
107,0.5257030586539089
108,0.7067982296436205
109,0.5180979681624996
110,0.5893382434903794
111,0.5119718709834089
112,0.7780713676575367
113,0.7669292925480002
114,0.7781440401841737
115,0.8706200978151919
116,0.5458379434140933
117,0.5195764026851254
118,0.551098073346332
119,0.5311922292051194
120,0.49093360369227146
121,0.7237366565524843
122,0.869938416930222
123,0.5358789333468038
124,0.5396343506330199
125,0.5583597700317383
126,0.8666302106653663
127,0.7452053461395385
128,0.8689348701345359
129,0.5035641569631659
130,0.4970880857782752
131,0.4806298322568652
132,0.5233637770445483
133,0.7197677760397981
134,0.8720655386576903
135,0.8283941006874599
136,0.5352183176076788
137,0.718844935129383
138,0.559468166390078
139,0.8698047577761023
140,0.49003415014046825
141,0.7722543708322754
142,0.5321777812265324
143,0.5447829364703484
144,0.5160575842667947
145,0.44347703135760674
146,0.7367124717835439
147,0.547592511027483
148,0.49716454486678135
149,0.5297038843659947
150,0.49452895405197456
151,0.5331779115408237
152,0.6923116818948568
153,0.49490986930892744
154,0.6471563433591265
155,0.501204882519431
156,0.7809324681062109
157,0.479169390686508
158,0.8711146439385467
159,0.5174745754135274
160,0.7477757060372352
161,0.5460491938961378
162,0.5020929381434717
163,0.5070425724725673
164,0.6283283100656573
165,0.5239740636719569
166,0.48165690894380375
167,0.7247746914160617
168,0.5233958256425453
169,0.8722770550693117
170,0.8754385911941125
171,0.5096304194949403
172,0.4913870058202425
173,0.7399282246972481
174,0.7282843689824526
175,0.6917731704199849
176,0.7522511316268186
177,0.4674344713376796
178,0.5391398985457966
179,0.8670204748483834
180,0.8684471835661
181,0.5504385505331798
182,0.8483048677028496
183,0.4993854909710395
184,0.5332999065054815
185,0.5176453426030718
186,0.5437412824509635
187,0.679679657007223
188,0.7072997745274638
189,0.5789873973246487
190,0.5996240643175152
191,0.6088684027461572
192,0.698026950589113
193,0.4888254454269614
194,0.5184517428015352
195,0.5412195920491154
196,0.5263431212558757
197,0.5372445987939454
198,0.5390969816428002
199,0.5034839783684966
200,0.5651920401725169
201,0.5246740278620836
202,0.5101826167583194
203,0.4964150158978284
204,0.8670049202840066
205,0.5643624852139021
206,0.5258085184453719
207,0.5423109885876272
208,0.5531231751606679
209,0.7236606575583959
210,0.8707868960001355
211,0.5185031896702593
212,0.5428770613685902
213,0.8713506467632461
214,0.527095904229051
215,0.5323553989640482
216,0.7054632398323402
217,0.4903020726862213
218,0.5196915493186324
219,0.5318536014884329
220,0.4527559324191252
221,0.5029532726895773
222,0.7646713700625127
223,0.5516255025537007
224,0.5347138482498096
225,0.4953236066332128
226,0.551516851914549
227,0.8716632711614539
228,0.5054757471394858
229,0.5211332790134933
230,0.5108206360058556
231,0.5551980911072626
232,0.5399245240200293
233,0.7381690805513987
234,0.8700435640507787
235,0.6967791501510527
236,0.8657325745402835
237,0.7594160942297239
238,0.7429375984065563
239,0.5307408920866552
240,0.6581152940340691
241,0.5298391201284315
242,0.5390185293005291
243,0.6670910733709123
244,0.5193338096190506
245,0.4962758400996944
246,0.5213649195847145
247,0.6068834751037532
248,0.5027222055583939
249,0.7250224737358303
250,0.7605865884593133
251,0.5514077944777726
252,0.495748143018732
253,0.6233576661824779
254,0.5404062002638808
255,0.5543170223732518
256,0.5457662514285618
257,0.5259160109316883
258,0.7744582089723425
259,0.5060793108083628
260,0.8673909969336133
261,0.5415548689695389
262,0.5457550688755971
263,0.6274898393425553
264,0.5015417452294907
265,0.5043246800733749
266,0.7677769069954534
267,0.7877842630525409
268,0.5514752819135363
269,0.7739891848220195
270,0.5022079421726768
271,0.5005034454460409
272,0.5156462028498298
273,0.5378387159359803
274,0.5429194571844783
275,0.5137851095330828
276,0.8721505184244264
277,0.8690146765395252
278,0.4892391765790082
279,0.528697434949246
280,0.5978143778769502
281,0.7482511597507742
282,0.6887200317007347
283,0.5798954869600383
284,0.5321672284919422
285,0.49321690143721664
286,0.526380713393545
287,0.4859852232459254
288,0.5240900931308339
289,0.7603444388216238
290,0.5235838078147558
291,0.6831671613816173
292,0.5570098553800359
293,0.5717963847768881
294,0.5052384011329386
295,0.4930707749709846
296,0.5298183667175483
297,0.5381431537444338
298,0.5183021159726429
299,0.7701319456170455
300,0.7621296683920973
301,0.7163107719602289
302,0.7107922177003997
303,0.5221882370578109
304,0.8695839051446943
305,0.7594672201137425
306,0.4617044088955868
307,0.5039409696377769
308,0.4934477792648698
309,0.6770184168849903
310,0.48431318899393805
311,0.7131467222448736
312,0.5880599087840024
313,0.7301948362644773
314,0.5141174149989485
315,0.8706616743311902
316,0.4706539779745379
317,0.4690624094958259
318,0.4859685993353313
319,0.5424304195392754
320,0.49369401096661036
321,0.5139736984207062
322,0.643717347160674
323,0.5276816992410696
324,0.5447680076119685
325,0.5102936830805395
326,0.5002704284698491
327,0.4879950357217344
328,0.5323661832884928
329,0.8062547203455409
330,0.8709241003726922
331,0.5073143005250405
332,0.48666387490896523
333,0.645520661664807
334,0.8735667899511496
335,0.735290167383776
336,0.526742002002611
337,0.6336287492926147
338,0.5220221852340315
339,0.8050991070329315
340,0.80818903833287
341,0.5333266313296596
342,0.7373605792950612
343,0.5745489680543951
344,0.5746024329833361
345,0.5841579546575196
346,0.520340911719833
347,0.776861121387625
348,0.5655951828737851
349,0.5340239651643257
350,0.8667891424608156
351,0.8704859346073561
352,0.5423093950995661
353,0.48698695057352803
354,0.7753531114005514
355,0.5116896170242613
356,0.6585579177682963
357,0.5141528154371808
358,0.8751811359944219
359,0.5137617496352462
360,0.7569487106083665
361,0.7209632363016778
362,0.6564320070969222
363,0.6881590444862634
364,0.54178004544452
365,0.7148068308932324
366,0.539120733582334
367,0.6231143695611724
368,0.5419293815773837
369,0.5358889988502789
370,0.5646029310392545
371,0.6280986866053524
372,0.5102384045898373
373,0.6809585927746786
374,0.5060202703485712
375,0.800313582918694
376,0.520227194832115
377,0.5410636149251682
378,0.4986996926800391
379,0.5386575489286545
380,0.5807970201467948
381,0.6908579494626552
382,0.6255366729794822
383,0.5396977060541027
384,0.5127540021011016
385,0.5450741067295527
386,0.5352199629330253
387,0.5669998325566055
388,0.6780018846739784
389,0.5262157607916231
390,0.6096089265663902
391,0.6727806348157429
392,0.5288344442577033
393,0.5387568360393643
394,0.5261767559959953
395,0.6135032957614378
396,0.49275865586210543
397,0.5082649886849087
398,0.6985497915443158
399,0.537540871121386
400,0.54223344890603
401,0.7888627161698529
402,0.5637069926845362
403,0.8735941201691853
404,0.5046042955322282
405,0.5232739692046428
406,0.5407803606409947
407,0.5352788181070268
408,0.4870620527525686
409,0.5189850271946428
410,0.5226862806181828
411,0.5178047320284349
412,0.5143532542754039
413,0.5779004068673306
414,0.5388973273414146
415,0.468294349870955
416,0.5262289606253764
417,0.8177852328903624
418,0.8674755645221564
419,0.5257940122406576
420,0.5976040480820406
421,0.5142461093378575
422,0.5462130150529028
423,0.5467824104792962
424,0.5102102097673528
425,0.5138011843339658
426,0.578013952756212
427,0.5221455856465059
428,0.5324789706001131
429,0.5206084518462327
430,0.5254425760519625
431,0.5506915506039003
432,0.5013736690842339
433,0.5125958640908643
434,0.4760540813804911
435,0.5326073956313275
436,0.5900250122141206
437,0.5695771931767653
438,0.5349070648673171
439,0.8686730587447512
440,0.5129736438833714
441,0.5585942673594837
442,0.5419818410167092
443,0.5400858291192234
444,0.5041321489570195
445,0.4697174029847019
446,0.5315160686179947
447,0.529767061614751
448,0.5508948812179993
449,0.6678704905678918
450,0.5093695677315787
451,0.5055461583595838
452,0.515154980484057
453,0.517752102477081
454,0.49041962110839066
455,0.5213978947122222
456,0.5345351088768955
457,0.6928012681421449
458,0.5789609130843774
459,0.8695219320910286
460,0.5233632557448117
461,0.5354128727338773
462,0.8686926455735886
463,0.5989802111806661
464,0.5291651428857305
465,0.5356353913427401
466,0.5543441533771356
467,0.8020613035675324
468,0.5098585276618499
469,0.6194809026035794
470,0.7685682364098022
471,0.7004011037316595
472,0.5970723846697589
473,0.5318973690743942
474,0.5160448383142904
475,0.6111872648467709
476,0.5157523496461556
477,0.7676329355456137
478,0.7841514897134942
479,0.8703817175681348
480,0.5421686616424868
481,0.624593498891392
482,0.5054762634745241
483,0.5060804268025518
484,0.8716007820215279
485,0.8711016327856331
486,0.5418624157185035
487,0.5242336709889952
488,0.5251972553918511
489,0.47845771758802136
490,0.5780936401461871
491,0.5418543076243286
492,0.47777273442409596
493,0.5394008210538962
494,0.7834366225632787
495,0.5044409819040861
496,0.5071937986601825
497,0.725876449656596
498,0.5387419709344112
499,0.4249666596090588
500,0.5294967855034732
501,0.7729046413287253
502,0.5017444237428849
503,0.5542099005567444
504,0.5291572255509719
505,0.5150700916651184
506,0.503509362064672
507,0.5043050908439112
508,0.5000425990247399
509,0.6297494286557983
510,0.5067862781162281
511,0.7084986113859848
512,0.5103313863032792
513,0.5147793969428826
514,0.7637053483199882
515,0.5485047578681472
516,0.4623712036224724
517,0.519988445315874
518,0.5288056739651611
519,0.7383526953220905
520,0.5204983649205729
521,0.5048340682567789
522,0.8037436662704543
523,0.5073258039400466
524,0.5459117685240905
525,0.7844051813613752
526,0.8668002199552923
527,0.7605574527080579
528,0.8665750348573301
529,0.786709951130576
530,0.866141478878369
531,0.5201299246736256
532,0.5349495696829586
533,0.49971570205478966
534,0.5101934969485532
535,0.5323762687392469
536,0.48322852000125904
537,0.5178393482248934
538,0.5177392852028343
539,0.514320330264467
540,0.5148833356792577
541,0.49888121055473067
542,0.868611037482675
543,0.5362717829332484
544,0.509338846335374
545,0.5530395399104632
546,0.8658052877386423
547,0.48114587344285814
548,0.7905123113600233
549,0.649275876325633
550,0.5194264626714267
551,0.5215152293234354
552,0.5009540675938141
553,0.728280943802798
554,0.5474389686841814
555,0.5301221254420282
556,0.5259478420743117
557,0.7691239625975252
558,0.5090838168775504
559,0.6869592159806394
560,0.6694740713412791
561,0.5463484551555331
562,0.5132121581174318
563,0.8671330521762767
564,0.5132767713577715
565,0.8125775563349854
566,0.5465570177233725
567,0.4808417498737213
568,0.8713688800926203
569,0.5471343730998177
570,0.5307839322019787
571,0.7927965804545829
572,0.4621829463757156
573,0.7576309466216875
574,0.5211603738913959
575,0.7877630169609806
576,0.493085284106578
577,0.5166893418335763
578,0.6986851211701456
579,0.8003003586051588
580,0.5051425772378141
581,0.7586918049871074
582,0.6776902053811413
583,0.5486461571217296
584,0.7137020978362293
585,0.6962947020556643
586,0.552862518123246
587,0.4908804567518624
588,0.6492688479812636
589,0.5184602454709774
590,0.7319387532123433
591,0.541445353030728
592,0.5183966891292104
593,0.5348522404574327
594,0.5489515188967398
595,0.5423401822251016
596,0.4950883626740708
597,0.5137493754324896
598,0.6173639610106687
599,0.5757921072666444
600,0.4893812709164224
601,0.5482588956613287
602,0.7998453014381888
603,0.6565076496209908
604,0.49560569766563406
605,0.5163826106348833
606,0.5207426354016214
607,0.5398264431864652
608,0.7391009325779826
609,0.579497575414108
610,0.5156664843205863
611,0.5526601396586628
612,0.5067105501366875
613,0.5501410577058844
614,0.5312244864892434
615,0.5085141772144455
616,0.4653636325426885
617,0.5178871733943325
618,0.49836692691471396
619,0.7099064417072679
620,0.5326275259619481
621,0.5194730114107871
622,0.5077464987348382
623,0.5474999384424879
624,0.5470891483824983
625,0.5091091251466692
626,0.5283782624879259
627,0.7323888556295077
628,0.873612860091426
629,0.8652188652513926
630,0.7783695326271213
631,0.5212510833045403
632,0.7637635211836227
633,0.5051145107948668
634,0.5142407904732231
635,0.8007234928531548
636,0.530822737569237
637,0.5703930120523011
638,0.5506918096804175
639,0.7049331010576043
640,0.7235993301000053
641,0.547781017306005
642,0.5135449516995421
643,0.4988210487458936
644,0.5462079066913785
645,0.5273469647984899
646,0.7791416249639493
647,0.6081130522435718
648,0.4821475799347317
649,0.5497025539894511
650,0.8701725983157536
651,0.5121691318906514
652,0.7693988519347488
653,0.5105152987049397
654,0.5690224217704825
655,0.5324893280230627
656,0.501337285626769
657,0.5424253542962442
658,0.8460020568430091
659,0.7051036822330192
660,0.4964459385117773
661,0.7775558499689501
662,0.4856559375226429
663,0.7379885317473998
664,0.7366647969321604
665,0.5097524036225882
666,0.5752794698759196
667,0.48395520546549564
668,0.7615080270961188
669,0.5233493613331905
670,0.5289862980063909
671,0.4960016344939747
672,0.8630288737875069
673,0.8735155559873794
674,0.5239082204487903
675,0.5256606575644236
676,0.8629842454714498
677,0.5419191119211413
678,0.7611760801931424
679,0.5287863351992933
680,0.5411165207750834
681,0.868136690905446
682,0.865405077475965
683,0.6086425559470618
684,0.5050479569799655
685,0.6788210106282038
686,0.5429542608873552
687,0.5945854475733898
688,0.4968981841276081
689,0.5510541760631327
690,0.560858422054579
691,0.5964584451686197
692,0.8673213143047677
693,0.5350229851991855
694,0.5000367515999145
695,0.49107665148927016
696,0.8718273231470297
697,0.5540837195828792
698,0.5350460089749205
699,0.515194397495581
700,0.4940570008662506
701,0.48406068467751934
702,0.5090269579025293
703,0.5177055874201024
704,0.867454270732102
705,0.8689532227694056
706,0.6418614458094319
707,0.8625610366313902
708,0.641615185161766
709,0.5198238492560823
710,0.802324239510867
711,0.5250632047770526
712,0.5197892462071436
713,0.5494648921272326
714,0.8692669941314872
715,0.8134715394988579
716,0.4807115855586049
717,0.695735587074485
718,0.5296882128522759
719,0.5374745705277021
720,0.6989380991927164
721,0.8649577828297195
722,0.5220121903683863
723,0.8682802658831056
724,0.5447540978237232
725,0.5170805386766747
726,0.6741566535789427
727,0.8716850545447233
728,0.5357496230713161
729,0.5008625338807701
730,0.7488484155582676
731,0.688319295635927
732,0.8656734325240901
733,0.5580927443379523
734,0.5470470992392212
735,0.806858597070413
736,0.872099844172099
737,0.7323452677979106
738,0.7495831773626976
739,0.5498409822793852
740,0.46988679240129605
741,0.8168363486549928
742,0.872765818442832
743,0.7102797451921261
744,0.7987920050773081
745,0.4812529768897216
746,0.5242392360193912
747,0.5270352433433054
748,0.5070227798834275
749,0.47043778931390035
750,0.49567613753620976
751,0.6926941888570239
752,0.4965835052153176
753,0.7521346886798895
754,0.5404976590342976
755,0.7130057296463412
756,0.7749024761222794
757,0.5023924871255707
758,0.7383755222213239
759,0.48286795512267405
760,0.5091001180887891
761,0.7671530670372486
762,0.5417159753494949
763,0.5210546759997394
764,0.6297926511968085
765,0.5870976218012196
766,0.8728603080966406
767,0.473336017344804
768,0.8016727996749047
769,0.8113296328454983
770,0.5349909590781063
771,0.6615811096335666
772,0.8641514645108914
773,0.7108047491629789
774,0.5154667936106486
775,0.5312886983984295
776,0.5187597282599665
777,0.5153085425541549
778,0.5166598313459416
779,0.5966725175977522
780,0.7924549466449823
781,0.6849247462823181
782,0.4932224667331402
783,0.5565098771777226
784,0.7923695704572455
785,0.49647275330680257
786,0.516789453609073
787,0.5337875025245062
788,0.5422718482260172
789,0.5622703454457176
790,0.5157985737874828
791,0.5196352042463285
792,0.5040079024836973
793,0.5605319552148543
794,0.7365005656478454
795,0.5455492016168593
796,0.5097816408590328
797,0.5984046582645162
798,0.5037931202012795
799,0.519373785926425
800,0.8338850643419774
801,0.6456115466136527
802,0.6929447105441757
803,0.7771756224661075
804,0.5062991554101746
805,0.5171120598371155
806,0.5206539181404571
807,0.5384780645645849
808,0.5426336966009826
809,0.4474587814302405
810,0.7127430954998879
811,0.5611382562469542
812,0.5405583546813562
813,0.537407587719745
814,0.8646521753328187
815,0.5749905668590277
816,0.5148088973681288
817,0.7189399045818712
818,0.4896552490802537
819,0.7705769296236538
820,0.49681215691773695
821,0.8732027141728989
822,0.47671748959474225
823,0.5379648804958751
824,0.8718756431024222
825,0.4843236220535756
826,0.5011327381290583
827,0.6610911383607561
828,0.7120050808373037
829,0.5896263676448272
830,0.5606996506105002
831,0.5281596553347198
832,0.7223831436877284
833,0.5430805801508664
834,0.5415897968549166
835,0.8254577354266314
836,0.5342656195220441
837,0.5361725379868901
838,0.5515102936408153
839,0.5291784516029453
840,0.4726215612107647
841,0.4934223619117291
842,0.8164774134764478
843,0.6997649251319549
844,0.4809799090998251
845,0.5173346455318495
846,0.5138506795963587
847,0.5817130361313865
848,0.7330876441968126
849,0.509036026305764
850,0.5976307527503081
851,0.5217380856441335
852,0.6904166451756726
853,0.5614816720325819
854,0.5034817183852203
855,0.8647795106741407
856,0.5875936263866588
857,0.5138716453546089
858,0.467128728687849
859,0.5357121589914856
860,0.7718364486023563
861,0.48663805555974965
862,0.5345717029485182
863,0.5284004971522013
864,0.5105339252765305
865,0.7689631774399119
866,0.5116139503057586
867,0.5266745737759086
868,0.5481889957774679
869,0.5134075387430349
870,0.5231645974044052
871,0.5349792535585126
872,0.5374552220675125
873,0.6964436042928226
874,0.5212810051237535
875,0.5053937681801646
876,0.5178844991535139
877,0.5331967164422139
878,0.5516031200992004
879,0.5420310081256331
880,0.6616042246569581
881,0.4795553059785238
882,0.7204509371067971
883,0.8695633872092883
884,0.5130872018608217
885,0.5114292816719352
886,0.5151044887061483
887,0.6591971231548663
888,0.5273781847459402
889,0.5579904889983321
890,0.6664316653216451
891,0.5815388232808287
892,0.5094085094166857
893,0.540867933551787
894,0.4815221640185565
895,0.5051434779766533
896,0.5262375416705576
897,0.8722344275756162
898,0.8691757107123579
899,0.7440932007192991
900,0.7647849513751558
901,0.5410241390831714
902,0.49052211883375174
903,0.5632039238577938
904,0.5161877088845817
905,0.4895720953024868
906,0.5155010031661891
907,0.5307641132152104
908,0.5148267019218227
909,0.7490516308454459
910,0.501386383028389
911,0.5152695240178162
912,0.49193885416767197
913,0.5312521942755123
914,0.4870924814361993
915,0.5130219410047435
916,0.7340618032262068
917,0.6743745149972145
918,0.5050742186994808
919,0.5225864009337192
920,0.5123776904980487
921,0.5147431549795839
922,0.500365986427972
923,0.8646540871204197
924,0.5163219379786088
925,0.49931259417764395
926,0.6713470814566747
927,0.5239859354188044
928,0.8659941699271664
929,0.5201726020340899
930,0.47994612716190566
931,0.5292620405189885
932,0.6842388571956802
933,0.8668767327126091
934,0.5104658817693833
935,0.5157796196280333
936,0.5035922940574289
937,0.7736165819495187
938,0.7984211557567629
939,0.5402461386370119
940,0.5780811306842326
941,0.5076731987022904
942,0.5425985989266444
943,0.5425619588855473
944,0.522923234310944
945,0.865309712250141
946,0.5319623475049275
947,0.7144407426796922
948,0.5267887068800693
949,0.5008325095039419
950,0.5190036419542247
951,0.5489790539003357
952,0.5162567524665425
953,0.5436945883667167
954,0.5804964895477691
955,0.5239145157966857
956,0.5285372876013529
957,0.5163228325223674
958,0.7670369616427407
959,0.552078886696433
960,0.5337017289906407
961,0.5005308611969012
962,0.5099567710145836
963,0.550067582333396
964,0.5088082456187585
965,0.8624051087306621
966,0.5769397751239085
967,0.515769660469171
968,0.7721991526684355
969,0.533880644940137
970,0.5628696897461387
971,0.534170433255776
972,0.5449244345217786
973,0.5339222542118524
974,0.47891663354730307
975,0.5420562716744326
976,0.5284004544226909
977,0.8716122964399627
978,0.509535053384349
979,0.488677453585677
980,0.8596268186755297
981,0.5005239513001484
982,0.8682201346467431
983,0.4902959136757278
984,0.5623345354982638
985,0.8708117862171821
986,0.6976533982626252
987,0.6469441973532205
988,0.48535707680635815
989,0.4994704530613426
990,0.47361121788801813
991,0.5498938486737448
992,0.7239289421473896
993,0.5091674789741285
994,0.5515395211606396
995,0.4947759768389324
996,0.5492770091318313
997,0.5168762313652484
998,0.5593689317619522
999,0.5204758476368132
1000,0.4952292264625167
1001,0.5634012074560294
1002,0.5067045857602803
1003,0.5350791510729553
1004,0.7882559480308116
1005,0.5447009011891712
1006,0.5575035344612441
1007,0.558910097307898
1008,0.5262498576270421
1009,0.5057700303427277
1010,0.4778709276859666
1011,0.5050096003489477
1012,0.5477959842953569
1013,0.5272179790561698
1014,0.8222033663839103
1015,0.5716339946441135
1016,0.871376714930276
1017,0.5352004307955928
1018,0.5088588070674376
1019,0.5044573002909913
1020,0.616740333508254
1021,0.7383146404846805
1022,0.5095335760735401
1023,0.46648333151608135
1024,0.534657534589968
1025,0.5497341344764174
1026,0.5017182027499804
1027,0.5400546769623746
1028,0.5139878728251867
1029,0.48216328581225243
1030,0.7384272851010663
1031,0.864618057187666
1032,0.7937076099727983
1033,0.540105869669964
1034,0.5313093937016936
1035,0.6380061469973732
1036,0.5228048550986406
1037,0.5113217396117997
1038,0.5399887392918925
1039,0.8627942385558787
1040,0.5126483177692104
1041,0.5363795579398827
1042,0.5562400253495747
1043,0.5372627165199628
1044,0.8677532258168484
1045,0.4755430206300195
1046,0.559678588423185
1047,0.6259979421138913
1048,0.5080435731816342
1049,0.5085902684444923
1050,0.7842450622344114
1051,0.6870571589216876
1052,0.5388652537725123
1053,0.48264217752926813
1054,0.6485349490109311
1055,0.521550867935124
1056,0.7752205569855319
1057,0.6261473984036952
1058,0.4917916969639396
1059,0.5436876708582691
1060,0.5450906676368511
1061,0.5328226366851158
1062,0.5309479136524411
1063,0.4787335970883048
1064,0.4996910307042483
1065,0.5199376658471875
1066,0.7600049988408204
1067,0.5181394842021058
1068,0.49351336353605135
1069,0.5122531617593948
1070,0.5280133634599925
1071,0.7763080902948398
1072,0.5146645316287956
1073,0.5452335465803209
1074,0.7713100665708361
1075,0.517880846736116
1076,0.5653640636216497
1077,0.8690054468774528
1078,0.5347748860411812
1079,0.7206448753478797
1080,0.8707246712472452
1081,0.5128605126963351
1082,0.5299629856954574
1083,0.8721850714190728
1084,0.5398482669310074
1085,0.48684439176326955
1086,0.5482333338048553
1087,0.6202637428971931
1088,0.6135293021830083
1089,0.7981690421514216
1090,0.5021464164685198
1091,0.5329425775123322
1092,0.5737263800543133
1093,0.5143224249128633
1094,0.510066857179038
1095,0.527099611111436
1096,0.7643444246625257
1097,0.867091230174542
1098,0.871410281372921
1099,0.6062344137547189
1100,0.5095129238444327
1101,0.5229988995373467
1102,0.5201795111678421
1103,0.8693802952289866
1104,0.5288965586880432
1105,0.547679994981065
1106,0.5426579749724625
1107,0.5549561464450409
1108,0.5914008670973807
1109,0.5156311621102049
1110,0.4907605233454694
1111,0.5398745311214181
1112,0.5283885326646993
1113,0.4776971957018118
1114,0.8668781325995192
1115,0.6954862228221044
1116,0.7990045035781737
1117,0.5349611058628474
1118,0.544734850084633
1119,0.5543250082684363
1120,0.5606005903225997
1121,0.5612283408766664
1122,0.5270134906308612
1123,0.7564335769177342
1124,0.6923075731079054
1125,0.5938769585728657
1126,0.6548983670032453
1127,0.8121510804039689
1128,0.4726130565336357
1129,0.5002307353263951
1130,0.533967763876177
1131,0.5682728959252257
1132,0.5043467716353093
1133,0.589512394430021
1134,0.5288849875998219
1135,0.7654736787661627
1136,0.519411287689278
1137,0.5326509099484135
1138,0.6118293551259365
1139,0.5299847657367621
1140,0.770361896339401
1141,0.7925479800108257
1142,0.5393363814281327
1143,0.5048698458285574
1144,0.5336885625932475
1145,0.5076809118914066
1146,0.5345744204401648
1147,0.4660932736826116
1148,0.4978189499415965
1149,0.8029433586814915
1150,0.4650349989266965
1151,0.7230993613416159
1152,0.5269603142645631
1153,0.7542221416476149
1154,0.48391754819471633
1155,0.5377782840504135
1156,0.5195958027654024
1157,0.5017638137883895
1158,0.510489106640327
1159,0.4863168984559142
1160,0.8695616414523175
1161,0.5182789455656301
1162,0.5091229331183404
1163,0.513276344754284
1164,0.5547901573393899
1165,0.550458366615138
1166,0.5959295662453603
1167,0.5307541771317441
1168,0.5295091919816595
1169,0.8632012611167914
1170,0.48790473985703814
1171,0.5624827952362783
1172,0.4251038746787282
1173,0.8689650815142059
1174,0.5536044697443046
1175,0.5101450680486295
1176,0.7296825043673651
1177,0.7730025144066088
1178,0.45447214918757917
1179,0.7180355553658032
1180,0.5037064856151724
1181,0.8115832198609372
1182,0.5391966940165761
1183,0.5488728149330511
1184,0.5126887434971783
1185,0.5082230058995807
1186,0.5000388318390248
1187,0.8720811050299706
1188,0.7704324406779604
1189,0.6582148777347772
1190,0.526967521945412
1191,0.527258053177638
1192,0.7747209696236887
1193,0.5073640963939632
1194,0.4800740770649205
1195,0.6903124282635642
1196,0.46136482583576843
1197,0.5376075364427119
1198,0.5785535548378995
1199,0.50935114041279
1200,0.5270819515160385
1201,0.8656134200495104
1202,0.5526751908107086
1203,0.5606664794828261
1204,0.5385600525325298
1205,0.5496015575803098
1206,0.7770576483623348
1207,0.7381019644904568
1208,0.5521267431865569
1209,0.8705654169879549
1210,0.5370787461026438
1211,0.5315293517023654
1212,0.7518513595625094
1213,0.556426692962495
1214,0.592125596801708
1215,0.5438844728045376
1216,0.4871018087694453
1217,0.5284560977121969
1218,0.5444427579816834
1219,0.6804305842658926
1220,0.7468449121952323
1221,0.8757355732747998
1222,0.5048016321735099
1223,0.5512675690652519
1224,0.5850968045270937
1225,0.6088858416862689
1226,0.5210796437312555
1227,0.5001987544509859
1228,0.5456019073797633
1229,0.5137848873134973
1230,0.49435258588173703
1231,0.576540459595099
1232,0.5203738313659598
1233,0.7033672201246802
1234,0.5475621491230476
1235,0.5236840594640927
1236,0.5474516611191701
1237,0.5154699279850972
1238,0.7470438917263872
1239,0.500191488325696
1240,0.527522510900385
1241,0.49388407680944096
1242,0.5700104297405586
1243,0.5136673714155596
1244,0.5559617969572446
1245,0.5483021719072662
1246,0.8664405571205941
1247,0.5138418500604653
1248,0.4871569823824166
1249,0.7395646396767088
1250,0.6000778552446315
1251,0.8089833579430933
1252,0.4919182621630296
1253,0.7007364092427777
1254,0.4871093294672279
1255,0.7696172065682372
1256,0.7180666670046738
1257,0.8634181626932902
1258,0.5292625038691078
1259,0.540427552768153
1260,0.7554870671159168
1261,0.8689665460689319
1262,0.5825091347179422
1263,0.5415389068570289
1264,0.6990630004488676
1265,0.48916870691232855
1266,0.7680050010480606
1267,0.48739404565408356
1268,0.8695381751590339
1269,0.5354244715930561
1270,0.5143458889575762
1271,0.5240467085538861
1272,0.5327396735243818
1273,0.8659401639646349
1274,0.8661833776867053
1275,0.737834454857256
1276,0.4866662843666192
1277,0.8045292777379416
1278,0.5060486840046297
1279,0.7828867306843952
1280,0.868478024096389
1281,0.5754117062402736
1282,0.4879234442581078
1283,0.5081412486117871
1284,0.5389195686973239
1285,0.5118967281405721
1286,0.5475144111289825
1287,0.6228449674828757
1288,0.7836739254581312
1289,0.530755572909798
1290,0.7573651587344217
1291,0.4608089379415319
1292,0.514850039795574
1293,0.5188795932279734
1294,0.5384537005818663
1295,0.7965700183687956
1296,0.5015159953223027
1297,0.533344312107557
1298,0.5012241654050708
1299,0.5353347075315342
1300,0.7776163707534772
1301,0.7786653731259736
1302,0.5839336467431919
1303,0.5249622513248101
1304,0.49320240426731127
1305,0.7658545688480402
1306,0.8659782269540202
1307,0.5083794326512117
1308,0.5199734841704433
1309,0.5276428885221551
1310,0.544552002001822
1311,0.7195226161060042
1312,0.6629960730480646
1313,0.8738243942574274
1314,0.6877968899683752
1315,0.5329557804610198
1316,0.591535220790108
1317,0.6032813783208459
1318,0.5152806563002256
1319,0.7090934487233295
1320,0.5254887516641783
1321,0.8238885143513434
1322,0.8137620935711759
1323,0.5154080017998333
1324,0.5198209986531386
1325,0.5420781272555191
1326,0.8683363351311753
1327,0.5315080920670017
1328,0.5060663714215305
1329,0.7784581515548342
1330,0.5395950651082728
1331,0.5458350036439743
1332,0.4669201274030745
1333,0.4836329585111435
1334,0.5571096574811861
1335,0.6621551507432119
1336,0.6114684078040227
1337,0.497718394867273
1338,0.4903618204240371
1339,0.8040873577066958
1340,0.7194227776420032
1341,0.7355718010215193
1342,0.6465695905184726
1343,0.5525332705170316
1344,0.48521252202088866
1345,0.5394896457126146
1346,0.7920614995362514
1347,0.5232206139448701
1348,0.8191569560715328
1349,0.7419650319140574
1350,0.7855798588651914
1351,0.5403822946291957
1352,0.5167115920149856
1353,0.7234513421258926
1354,0.8693814617355903
1355,0.48685728792271854
1356,0.5336408027186963
1357,0.765523258628258
1358,0.760768439391159
1359,0.725905142725511
1360,0.756078748801405
1361,0.5448230777369266
1362,0.6868419084022208
1363,0.5306436468284228
1364,0.5416138860796598
1365,0.5280698330692124
1366,0.5609389493126105
1367,0.5063887364865344
1368,0.5006719075386379
1369,0.7862202435421369
1370,0.7815761003102037
1371,0.5328194436151327
1372,0.5136745278165711
1373,0.5404503919104322
1374,0.499410787745741
1375,0.5248041221720664
1376,0.5642344414554538
1377,0.7754862745289923
1378,0.50113330484879
1379,0.5762069337022501
1380,0.8699385309368886
1381,0.4825387024454041
1382,0.5191812707555603
1383,0.6590216098213083
1384,0.47343772854237187
1385,0.5303560223454609
1386,0.5274586354429277
1387,0.5042764049175732
1388,0.4910166357979651
1389,0.7056707953888713
1390,0.600085486080504
1391,0.7788293560595665
1392,0.5618508949002121
1393,0.7890764060473359
1394,0.49555679170400385
1395,0.5315192845750433
1396,0.6033904872986035
1397,0.6078454256339727
1398,0.47018675003211696
1399,0.7071500725813883
1400,0.5493019415917728
1401,0.5176935448544326
1402,0.7909857172952193
1403,0.5351591770386349
1404,0.5358562552210708
1405,0.5261997181832063
1406,0.5473228901081195
1407,0.7223692930316179
1408,0.5607370270198995
1409,0.48792578110343954
1410,0.5949217220241767
1411,0.5011793392943322
1412,0.5930491781451582
1413,0.5320009113094887
1414,0.5097212608750398
1415,0.5396050877582137
1416,0.4826506054724235
1417,0.5352075199981501
1418,0.8654751776617169
1419,0.6699086270869785
1420,0.5264890950617838
1421,0.5198599818091612
1422,0.5481107674349887
1423,0.7539971905421541
1424,0.8383394883174661
1425,0.7974692151557652
1426,0.5207611771937724
1427,0.6007704769112334
1428,0.5116536817142155
1429,0.5042665560037757
1430,0.5477911029556521
1431,0.5445277270665474
1432,0.74792780033692
1433,0.5385201281222076
1434,0.5252205764643708
1435,0.4955376421135128
1436,0.7146043664363888
1437,0.5198984719437553
1438,0.5391152836964255
1439,0.5323786542048103
1440,0.5412593463016728
1441,0.6734322822549271
1442,0.4800834873535089
1443,0.7755053263664149
1444,0.5689424758949982
1445,0.6307201652641239
1446,0.4905981229584958
1447,0.8131781421129887
1448,0.5488257695573998
1449,0.710720943982569
1450,0.5545783532597128
1451,0.6964141011081808
1452,0.7223272177928151
1453,0.6722543536787776
1454,0.5179262733291409
1455,0.7300331302765379
1456,0.6198493249478647
1457,0.5208679412197638
1458,0.5386147689338784
1459,0.5324875035295297
1460,0.5385566119148799
1461,0.5303055799861828
1462,0.66140746927043
1463,0.5110661502648908
1464,0.5310664909307
1465,0.5383567434032971
1466,0.5090788812987741
1467,0.5644805419064889
1468,0.8703898721336963
1469,0.7161163938924728
1470,0.5151419798205324
1471,0.870402237751595
1472,0.5243778815415968
1473,0.8623059716121354
1474,0.867052905057035
1475,0.5564505468590831
1476,0.5551492337125387
1477,0.5192667663590946
1478,0.7527520016673839
1479,0.5539839994932996
1480,0.5291239481092561
1481,0.7101209279984994
1482,0.8077704256142684
1483,0.5545365080262046
1484,0.6547766572974176
1485,0.5305502955888981
1486,0.5506239920159905
1487,0.5966484506281732
1488,0.5192343710706556
1489,0.46726369083501273
1490,0.49166306883892785
1491,0.7698398426526654
1492,0.5224050616242957
1493,0.875195276778426
1494,0.5186769777220828
1495,0.5693495250844179
1496,0.5636963049566046
1497,0.5249709227104645
1498,0.534907798343514
1499,0.6328350362350159
1500,0.865159025751046
1501,0.5221210624102541
1502,0.5550204920210954
1503,0.5490364029205009
1504,0.5355639354370751
1505,0.5464589962974893
1506,0.7574831623818032
1507,0.8702781707973206
1508,0.5004603491668337
1509,0.5126533658504475
1510,0.5195469299203677
1511,0.727698895895165
1512,0.871425953922626
1513,0.548375968061621
1514,0.49450939797491733
1515,0.5541226084663686
1516,0.5539962709922859
1517,0.8737766409724377
1518,0.6882058742816826
1519,0.5380268631027653
1520,0.5868307570784363
1521,0.7834304920235755
1522,0.6562099503660469
1523,0.6994581884513578
1524,0.4929703009956335
1525,0.5561425071038826
1526,0.5143308436962497
1527,0.5387842703528513
1528,0.6959416080911389
1529,0.49295459497588184
1530,0.5403882722490709
1531,0.5214714298973491
1532,0.7248245514042104
1533,0.651227845207927
1534,0.6105504905562524
1535,0.6065434018591065
1536,0.46444661787440644
1537,0.4961828351169095
1538,0.7636063892775878
1539,0.7601345761452303
1540,0.5360101264320624
1541,0.536303193658981
1542,0.5167978626904675
1543,0.47776851486704086
1544,0.5564982921585788
1545,0.552504397632603
1546,0.49747247569472675
1547,0.5321698285225261
1548,0.5432043670615412
1549,0.8653777166434025
1550,0.5531718517397469
1551,0.516599545711901
1552,0.5075079855850443
1553,0.5663464709736876
1554,0.5240323348069215
1555,0.6423184803283494
1556,0.5088213552422604
1557,0.7419082806956843
1558,0.865443499357361
1559,0.45163843197893394
1560,0.4954458312344817
1561,0.5890426647770899
1562,0.7495976356020932
1563,0.8586222585224259
1564,0.5364641426476224
1565,0.5300415606272852
1566,0.8708204303094025
1567,0.7769160226267011
1568,0.6663986177243828
1569,0.8424261451138879
1570,0.5058812784471189
1571,0.47463432271612016
1572,0.6918793283015299
1573,0.5380343401215941
1574,0.5405925572502628
1575,0.5464879415787526
1576,0.5508682111813805
1577,0.7756727399496925
1578,0.5307078779484729
1579,0.8660497266361381
1580,0.5441883003465193
1581,0.5211662910629855
1582,0.44983987874824594
1583,0.5476286898884036
1584,0.6778709472824044
1585,0.5274364351355665
1586,0.6451088522355087
1587,0.47713247091864713
1588,0.5319385317528922
1589,0.8261951890044108
1590,0.4910557474342926
1591,0.48284060444271465
1592,0.867688806575418
1593,0.49886171645955046
1594,0.5331487974180833
1595,0.7139559695421712
1596,0.810102519862945
1597,0.47587737714486217
1598,0.5219627247042432
1599,0.8668419301978731
1600,0.5101380339799247
1601,0.5215347218234917
1602,0.7267270796813571
1603,0.4770860309323001
1604,0.5164915438616096
1605,0.7973534364842354
1606,0.5568852019542823
1607,0.46905304301216677
1608,0.5018545825274124
1609,0.8667367562377604
1610,0.510255081460826
1611,0.5596133696064298
1612,0.647174749061378
1613,0.5567414780335871
1614,0.5084771967815999
1615,0.5126746525571012
1616,0.7310237166551847
1617,0.5245000710021762
1618,0.5045165133207314
1619,0.6246690259790728
1620,0.5446715809398176
1621,0.526335572078878
1622,0.5396536343787833
1623,0.6981924563609738
1624,0.5244747956119271
1625,0.5207249368420382
1626,0.5183773906966649
1627,0.8710316172999412
1628,0.5346668950295436
1629,0.8128269781223003
1630,0.553857452471076
1631,0.858724102733729
1632,0.5368671371926981
1633,0.5370355619884637
1634,0.5275550092461448
1635,0.6967746312042018
1636,0.8600232511832159
1637,0.5706728816017078
1638,0.5287991763994495
1639,0.5256749759704424
1640,0.739132366960661
1641,0.6901359254719409
1642,0.7214914023480641
1643,0.5165197386689246
1644,0.8699242032952589
1645,0.5441938779421045
1646,0.48774894869062235
1647,0.5441758624536072
1648,0.486677525711286
1649,0.47898492727819914
1650,0.5210314320416272
1651,0.5235536378683221
1652,0.5161236456796908
1653,0.4945202411202523
1654,0.815663701030516
1655,0.7726722890460873
1656,0.8669866698825103
1657,0.4935196938781202
1658,0.5082405719784896
1659,0.7108187472405694
1660,0.7447000778109196
1661,0.5057837775343721
1662,0.5843718122361525
1663,0.45810074565953185
1664,0.5227658322966734
1665,0.4932360857556696
1666,0.52687515447624
1667,0.8684369236889717
1668,0.5002985320918713
1669,0.7417523888601076
1670,0.5511682449668249
1671,0.4933723106009287
1672,0.7319916450899017
1673,0.7105129298609416
1674,0.8679583066532062
1675,0.5262112756215838
1676,0.5522716322925341
1677,0.515461872675556
1678,0.8696338399765066
1679,0.5311571818116042
1680,0.5455368143122696
1681,0.6061820312752085
1682,0.4794466135611714
1683,0.5420954144272738
1684,0.54116477124918
1685,0.863581610932699
1686,0.6874448090194685
1687,0.5184272386519008
1688,0.542157508299557
1689,0.5001342950622873
1690,0.5064353251114999
1691,0.52646616387477
1692,0.6476493982751266
1693,0.8665534024449897
1694,0.552427116752278
1695,0.5462833318173317
1696,0.5005073501998979
1697,0.5023653092050198
1698,0.7843611675003686
1699,0.4934401655976575
1700,0.5308384477611351
1701,0.5029945109830882
1702,0.5451116073065205
1703,0.4848315594761551
1704,0.4494435582869327
1705,0.4814388638980483
1706,0.8705827059283584
1707,0.5329997773409674
1708,0.4914452732822563
1709,0.5171421869226002
1710,0.8699310220213867
1711,0.5041761846040758
1712,0.668773927918795
1713,0.5107280054559671
1714,0.47820950992199934
1715,0.5061182998921305
1716,0.5680682367423956
1717,0.6531538966808421
1718,0.46674178804491007
1719,0.5168038391653746
1720,0.8693560021235761
1721,0.5476228915956207
1722,0.5184692558340801
1723,0.5091433496665294
1724,0.8652986373920306
1725,0.5282921269708156
1726,0.4885636912650535
1727,0.4852262782835432
1728,0.583843424842333
1729,0.5510198543824754
1730,0.48532856420905746
1731,0.8678262549693199
1732,0.7943005265947346
1733,0.5067935623872221
1734,0.7644547858167895
1735,0.8661476220854661
1736,0.553946889524301
1737,0.4669895761013513
1738,0.7793843587247172
1739,0.5025744773862285
1740,0.778519888725022
1741,0.5080421480091297
1742,0.5525119607543996
1743,0.462725364309189
1744,0.5304030581916745
1745,0.4759257403342358
1746,0.5140254482856272
1747,0.49618409971453503
1748,0.5176944223618082
1749,0.5230589716267835
1750,0.5188333932588242
1751,0.6747377714043526
1752,0.5348196620791176
1753,0.7969103938583237
1754,0.4800874925457076
1755,0.5229987389628593
1756,0.5071351136679919
1757,0.846562044232781
1758,0.5140995007501178
1759,0.5250086821738505
1760,0.6129612029079352
1761,0.5392512265956195
1762,0.5378692507115506
1763,0.5907952717089622
1764,0.7670300478460838
1765,0.5181995962296972
1766,0.5127369885954658
1767,0.7874512018895188
1768,0.6072456423157537
1769,0.5655796216693505
1770,0.8676730202305554
1771,0.509942097088564
1772,0.4964512261816686
1773,0.5440972256276247
1774,0.46704705494510146
1775,0.5257206892791911
1776,0.6614924834920535
1777,0.5300010335985834
1778,0.8721899509944891
1779,0.5227057361127326
1780,0.553586282791543
1781,0.5425863576402694
1782,0.5213226621503816
1783,0.6633358573896722
1784,0.496042445630344
1785,0.522071095779388
1786,0.7195403039175492
1787,0.5051320808564965
1788,0.5858934989805291
1789,0.7200001399478149
1790,0.5213308551239991
1791,0.5503800279993589
1792,0.5108791847763132
1793,0.4896878034111324
1794,0.7851344195327417
1795,0.5394525533247473
1796,0.7296049693772125
1797,0.5362110399822202
1798,0.8640786793552477
1799,0.5511200052251733
1800,0.76163475044552
1801,0.5227832841244682
1802,0.8720397219612521
1803,0.5786245529137647
1804,0.8723678930835514
1805,0.49661098121360187
1806,0.5199879498812185
1807,0.5262036698410236
1808,0.47687180766859705
1809,0.8726819896469578
1810,0.6073424717727585
1811,0.4739275386789205
1812,0.5171706135710836
1813,0.5012362607027436
1814,0.6006667666776471
1815,0.5874464341137535
1816,0.5264225486348777
1817,0.537783690723982
1818,0.5336431834948712
1819,0.5149992419756494
1820,0.5356902151696982
1821,0.5083346520018317
1822,0.557058710319789
1823,0.794240227448891
1824,0.5245905940885943
1825,0.6092368360957072
1826,0.5721229309891145
1827,0.5326067058906746
1828,0.7969858352713295
1829,0.5080655425440584
1830,0.4663482607618433
1831,0.5603367275114799
1832,0.5261401210651647
1833,0.48701071934758555
1834,0.5418608024651382
1835,0.5274329816202857
1836,0.5169753034599064
1837,0.5143944968989158
1838,0.4930634269656259
1839,0.46785891721398043
1840,0.7810048331580683
1841,0.7213204015645662
1842,0.7501134868205057
1843,0.852866712343515
1844,0.7425996134475499
1845,0.5719396015414988
1846,0.5469788672350036
1847,0.8707338395038123
1848,0.48162898906890017
1849,0.7017379613070703
1850,0.5063486024589832
1851,0.49872072642384024
1852,0.7224950851010086
1853,0.5529492793960136
1854,0.7084332610750959
1855,0.8695141082513085
1856,0.48885054131003414
1857,0.6783033021427711
1858,0.5517163273955501
1859,0.53587150340483
1860,0.5328098677885892
1861,0.7501331581861488
1862,0.5491231940263515
1863,0.5195438182210173
1864,0.5694329281854069
1865,0.53283028439413
1866,0.6578165724853632
1867,0.5534798144075845
1868,0.5388015518276186
1869,0.46565260813735043
1870,0.543245546613085
1871,0.7625002116106262
1872,0.5055090378013957
1873,0.48262727435053526
1874,0.7404367239930376
1875,0.7918667793372965
1876,0.48339428608475804
1877,0.567610167809874
1878,0.5224804949497625
1879,0.730659344171248
1880,0.7810596091266454
1881,0.563546825585762
1882,0.8665035347148631
1883,0.7281979382351299
1884,0.6214318874730778
1885,0.5103570979775441
1886,0.5103043041168009
1887,0.5209295392902288
1888,0.4677907612260309
1889,0.5270279073021803
1890,0.49171308084943943
1891,0.6302637847437713
1892,0.7506821334568161
1893,0.5240837814338366
1894,0.5430268000339958
1895,0.5301077294258125
1896,0.5300619892805485
1897,0.48391576602056696
1898,0.5196240975358482
1899,0.5428745514443506
1900,0.4844956711714117
1901,0.5491598199956088
1902,0.8624059327792944
1903,0.7869337014194309
1904,0.4400098620671538
1905,0.5057506256909692
1906,0.5409140861440946
1907,0.7254333339182583
1908,0.6955664406756603
1909,0.5190102223592766
1910,0.5232779603733628
1911,0.7334037921351506
1912,0.4845401015036922
1913,0.5461381373289238
1914,0.8713343680051857
1915,0.5092257607871445
1916,0.5546370228156304
1917,0.53215322818384
1918,0.5114386294215751
1919,0.5144192968651157
1920,0.5361397272545099
1921,0.8649124349006595
1922,0.8718155125048389
1923,0.45510241137916335
1924,0.5290095233141301
1925,0.6632887153957833
1926,0.5087746611022044
1927,0.5234047290260018
1928,0.8674994559571976
1929,0.5198153157944341
1930,0.8693432087776605
1931,0.4995334509192287
1932,0.5413613546865351
1933,0.4767085209493897
1934,0.8680906693710633
1935,0.76456184796197
1936,0.5059778125884553
1937,0.7704904454087343
1938,0.5364186347420777
1939,0.7444542125968483
1940,0.5442256561217256
1941,0.8662845779429493
1942,0.5016699763182826
1943,0.5067646121650435
1944,0.5158314424201671
1945,0.5657842207371331
1946,0.5078791545540516
1947,0.5108615892222887
1948,0.795583158465134
1949,0.5296824193804031
1950,0.554088961719329
1951,0.5700641204071724
1952,0.5096111849666798
1953,0.5488544945554255
1954,0.5166462111413788
1955,0.5310746797916088
1956,0.5292256959535486
1957,0.5611867751390199
1958,0.5258397643102538
1959,0.5172722436422817
1960,0.7161323149141278
1961,0.49842400150782296
1962,0.6824846698057674
1963,0.7608748723360244
1964,0.7300828641643708
1965,0.8724595558111379
1966,0.5278814568876489
1967,0.8682460194604468
1968,0.7261593415677522
1969,0.49064976922479087
1970,0.5301393014226042
1971,0.5214788197062346
1972,0.5255344108212918
1973,0.5548828698355002
1974,0.5361567872113238
1975,0.737137346470154
1976,0.5237196991116586
1977,0.7255351653910688
1978,0.8019819869026048
1979,0.5198638758930547
1980,0.5144587134926271
1981,0.760921208036825
1982,0.6359706736793195
1983,0.48704224317870953
1984,0.5375213716989976
1985,0.5377887446195398
1986,0.51667720737337
1987,0.8719188226038455
1988,0.4992017928516471
1989,0.5717447635305077
1990,0.48430802364629144
1991,0.498423438392812
1992,0.5236254255453437
1993,0.4924709828878659
1994,0.6430550462615493
1995,0.5195187647271913
1996,0.8709472637290752
1997,0.5498772520403143
1998,0.8697119059738743
1999,0.7437582004629499
2000,0.5317440358312839
2001,0.8664342898244246
2002,0.5407613504246472
2003,0.6026812266503603
2004,0.5305416873245883
2005,0.5564629184556558
2006,0.5198691597977241
2007,0.5071785698013817
2008,0.5069057446643545
2009,0.5259681580672229
2010,0.7563058336671687
2011,0.5146216110166921
2012,0.5049657137012585
2013,0.4716242362208253
2014,0.5365099815527954
2015,0.5245680231479888
2016,0.5607181109583269
2017,0.5559286485588881
2018,0.5451643664415711
2019,0.5111326007594947
2020,0.5310723385993382
2021,0.5319462634035401
2022,0.5410739260546086
2023,0.5326271348789919
2024,0.5537397345151529
2025,0.54289007687544
2026,0.7474149500885098
2027,0.6612677738605036
2028,0.6457381427335299
2029,0.561512946462504
2030,0.5483077219088721
2031,0.5340270472657703
2032,0.5082226691115116
2033,0.8667035558968524
2034,0.5483171113360581
2035,0.6846574070564431
2036,0.754242850225051
2037,0.5423188538606903
2038,0.8726265728291108
2039,0.5136456542556695
2040,0.5660107448760977
2041,0.5937203770751468
2042,0.465210009958135
2043,0.5294831638634008
2044,0.5153077078855369
2045,0.5220175931802475
2046,0.8647723180383342
2047,0.7932327555119553
2048,0.5851645854093357
2049,0.5215702286451999
2050,0.5884150501202119
2051,0.8679011744517087
2052,0.8690539866022645
2053,0.5233739922630208
2054,0.45994589705564176
2055,0.5176466706530962
2056,0.5230236369583579
2057,0.7065655602533472
2058,0.4907072628060967
2059,0.5513250825068018
2060,0.5506010934073331
2061,0.5196047034671503
2062,0.49432286268240755
2063,0.47867082659149773
2064,0.8681626052001756
2065,0.7347455691024305
2066,0.48856453441755027
2067,0.44682495241318226
2068,0.4997415840063659
2069,0.5648223277359014
2070,0.5302240349450161
2071,0.526158797183091
2072,0.7165278292648297
2073,0.5205804775647737
2074,0.5169810575162521
2075,0.8751828052736565
2076,0.636930947904678
2077,0.5641061616152218
2078,0.5579011529629814
2079,0.8689911181179794
2080,0.8615912607268508
2081,0.5076842998565723
2082,0.7728016001703513
2083,0.5273745207961655
2084,0.5249376140727705
2085,0.57215364894534
2086,0.8610512894008753
2087,0.8676172034508858
2088,0.7487949200356778
2089,0.5979819214328197
2090,0.5213741360965909
2091,0.8699141726463488
2092,0.5326513637756288
2093,0.5083149298657011
2094,0.5574433077949776
2095,0.6816934909231249
2096,0.5259713319213712
2097,0.7476387435072878
2098,0.5142802884489456
2099,0.8742410895500423
2100,0.7287575451762227
2101,0.5550015757341528
2102,0.49941463764434163
2103,0.4815393066846322
2104,0.6826377937047341
2105,0.5287983256286889
2106,0.5504953438510942
2107,0.4894615639666857
2108,0.8695816714289955
2109,0.4927852328890133
2110,0.523820310681363
2111,0.5400142515869171
2112,0.5617434307220146
2113,0.7126096489528164
2114,0.865121111293275
2115,0.7813160244371721
2116,0.48629775828207733
2117,0.5560920301990006
2118,0.5389012119118791
2119,0.5434038980630606
2120,0.6891414452342159
2121,0.5726884589202673
2122,0.5906015620664523
2123,0.8676813864806306
2124,0.47957841765805986
2125,0.712752724112229
2126,0.4909896920245276
2127,0.5806766096170279
2128,0.5824477194361297
2129,0.5207690205986917
2130,0.5560121899705154
2131,0.7100496144044823
2132,0.505391120277987
2133,0.5248299118812663
2134,0.8641360087858834
2135,0.46888355683274663
2136,0.5068960604070442
2137,0.5262743556102122
2138,0.5728361535550963
2139,0.8655535815294513
2140,0.8681746243173902
2141,0.5136378303567121
2142,0.7841431671686606
2143,0.43935456832876413
2144,0.8703044149066159
2145,0.504112425948482
2146,0.8657061216896027
2147,0.4899277636603747
2148,0.8692472660632588
2149,0.5089426072703869
2150,0.4861344765574588
2151,0.7323302791086613
2152,0.5652334306768136
2153,0.6511659504085571
2154,0.521120195067851
2155,0.7837475634106963
2156,0.49531337596962666
2157,0.4837070262923635
2158,0.528286550323048
2159,0.4985949545708428
2160,0.5383885554386645
2161,0.49687834976043244
2162,0.776367206543008
2163,0.49147111055810433
2164,0.4957877365938169
2165,0.4740868618905519
2166,0.5538821901113595
2167,0.535994940028536
2168,0.48799501854934185
2169,0.780858172938131
2170,0.5149692225564476
2171,0.5285838478185338
2172,0.4423174948587976
2173,0.6166385450301521
2174,0.564059796970468
2175,0.7448416006006322
2176,0.7575210529166292
2177,0.5095605534902021
2178,0.49870236073364416
2179,0.5325100162691176
2180,0.4966008912996473
2181,0.5303674159375429
2182,0.5300091400690499
2183,0.4678430034532292
2184,0.6847851306685082
2185,0.692645228140694
2186,0.751006910618629
2187,0.5744490924973078
2188,0.5129209745362191
2189,0.8151356204829925
2190,0.530364857472426
2191,0.4892836130873485
2192,0.49569911616298823
2193,0.5695360908603083
2194,0.500684770457033
2195,0.4911531461854224
2196,0.7414660038321141
2197,0.5131363841859781
2198,0.509390553908249
2199,0.5197331762736351
2200,0.5189040678620498
2201,0.7323644724650659
2202,0.5321952460841126
2203,0.5309423773571843
2204,0.8709489539800366
2205,0.6276282717555721
2206,0.5474106175332182
2207,0.5147422731778444
2208,0.5144415646675747
2209,0.5386640910070083
2210,0.6727207774738923
2211,0.49087552136598045
2212,0.523178223429887
2213,0.5844847900330807
2214,0.5221991557368874
2215,0.7405892227331254
2216,0.5476412248756959
2217,0.5315444579121564
2218,0.5271657997477688
2219,0.5062784914750886
2220,0.527484138449221
2221,0.536986061669044
2222,0.4765206519012927
2223,0.6290634774474029
2224,0.701311512705021
2225,0.5287660258072826
2226,0.6530776330633515
2227,0.5127508880850175
2228,0.502172433285881
2229,0.8055055744444461
2230,0.5520408125158467
2231,0.5647411878087976
2232,0.5772845052480124
2233,0.5157109722117699
2234,0.5399675796363854
2235,0.5059347760628478
2236,0.7970507161228477
2237,0.5300732684402382
2238,0.7650765713530512
2239,0.5129246295525989
2240,0.5605937243920319
2241,0.6836055129389483
2242,0.5374263042502231
2243,0.5188516401670468
2244,0.5206164870843875
2245,0.5555186206577617
2246,0.7469408742767696
2247,0.5206458454628796
2248,0.6019533626079392
2249,0.8673310304065753
2250,0.8623306681204506
2251,0.5133930625760009
2252,0.5695397009722477
2253,0.7101454367122161
2254,0.48119005570503914
2255,0.5167395757525688
2256,0.8715667834772494
2257,0.5143792734423395
2258,0.5165166444355489
2259,0.497886868997573
2260,0.8663611838796752
2261,0.49408333559017004
2262,0.5081110209649834
2263,0.5209984075325517
2264,0.604510175000464
2265,0.8597885442095878
2266,0.5447068725718974
2267,0.4944277771524742
2268,0.5305629271118736
2269,0.516855872150983
2270,0.5247515822317597
2271,0.477570002012577
2272,0.5727777793605473
2273,0.5028910361086429
2274,0.741635499078674
2275,0.8674295079502141
2276,0.8631338084993514
2277,0.5048461105415398
2278,0.5323305704804981
2279,0.5243957925944636
2280,0.5191098988812074
2281,0.8731165171134513
2282,0.5451062704719223
2283,0.532407141655109
2284,0.6272936036755974
2285,0.4849272007708853
2286,0.5379092271538058
2287,0.517580215627219
2288,0.5147713434944512
2289,0.5022902393884926
2290,0.5353266180191156
2291,0.624659005216875
2292,0.532402662570614
2293,0.5164717592318233
2294,0.718939309252286
2295,0.5625447339302404
2296,0.5797147196443301
2297,0.4964556726394283
2298,0.5282068376131422
2299,0.6109937074342819
2300,0.5453249996626545
2301,0.8750769423216095
2302,0.7991180766131902
2303,0.5562387663779269
2304,0.5207379583294206
2305,0.6636626596605126
2306,0.8718280848891237
2307,0.665465433995919
2308,0.6508376277456607
2309,0.5206763936951428
2310,0.7102836407333233
2311,0.5012374021027924
2312,0.520144682882254
2313,0.5547420176486738
2314,0.5210592304810069
2315,0.8714647750064113
2316,0.79541294933003
2317,0.5898359874861241
2318,0.5138721300132507
2319,0.5104980981285929
2320,0.52076769371859
2321,0.7630277539382724
2322,0.8706348009936569
2323,0.482990587045178
2324,0.733108881476351
2325,0.5190912155201007
2326,0.5269856053523398
2327,0.7394609830059752
2328,0.5640317449265182
2329,0.5271440045324834
2330,0.5265641289627153
2331,0.8740846282444148
2332,0.676716078459247
2333,0.5235609529643598
2334,0.5091377002800089
2335,0.5485092093708981
2336,0.5437503393196889
2337,0.5185980396376727
2338,0.5359946373832384
2339,0.5292603074045694
2340,0.5672830388394814
2341,0.6183948557533157
2342,0.5059963953048111
2343,0.8715580987566998
2344,0.5293945013094381
2345,0.5270610959900383
2346,0.5016467120523385
2347,0.4622868782937225
2348,0.5345673851125821
2349,0.6095371588535667
2350,0.5836869675916265
2351,0.5228825143181765
2352,0.4928504918594294
2353,0.6853620288760314
2354,0.8761505049878505
2355,0.5195950666934215
2356,0.7327016773697839
2357,0.5250066809281485
2358,0.6103864447518053
2359,0.6700453411509193
2360,0.5443852698208732
2361,0.5198837557065927
2362,0.699518955910886
2363,0.5006955828848845
2364,0.5448069672287905
2365,0.5187856647180086
2366,0.4805916805375581
2367,0.4711353597267946
2368,0.5019205132371214
2369,0.5373494065276255
2370,0.5128966697505226
2371,0.6447057229262702
2372,0.5317423100716628
2373,0.5127068288558493
2374,0.520713328167594
2375,0.5261851486559589
2376,0.5209436606799527
2377,0.5186506146177322
2378,0.5532216567705086
2379,0.5366917250809797
2380,0.5105920530980486
2381,0.6790217872542693
2382,0.749091219777777
2383,0.8683299068427879
2384,0.8529411311413005
2385,0.5667670899516488
2386,0.8077068599271172
2387,0.5034605405010095
2388,0.5202017798239361
2389,0.49277428217196223
2390,0.49440626742507576
2391,0.6992503132869876
2392,0.48315176707609836
2393,0.51857454161306
2394,0.5583128202110584
2395,0.5319507776581057
2396,0.7303338396610961
2397,0.5530164765689882
2398,0.6016668757994087
2399,0.8675283738886377
2400,0.679580174942385
2401,0.5584112815275915
2402,0.5443646071371184
2403,0.5134402592384493
2404,0.6938027626627894
2405,0.5452087852609588
2406,0.5310435683846789
2407,0.8662557110721281
2408,0.5162999765054062
2409,0.5908209008952573
2410,0.5053034256952477
2411,0.5342425908446664
2412,0.5855807648873657
2413,0.5178268899368621
2414,0.5399814775505247
2415,0.45900592170537635
2416,0.48316042938209264
2417,0.8657672679968569
2418,0.4898290010920349
2419,0.7633114975560737
2420,0.8708096876384609
2421,0.6521339565081761
2422,0.7524489533120566
2423,0.8702820998416056
2424,0.5060156139644937
2425,0.6677509186160255
2426,0.477834588250661
2427,0.5201867587493659
2428,0.5389898380463455
2429,0.8727362468527335
2430,0.5908972927168064
2431,0.540544945905781
2432,0.8673401776991114
2433,0.5037786772376176
2434,0.4859656544195867
2435,0.5273226770325512
2436,0.5570287381184076
2437,0.5139273202465366
2438,0.7303276069899896
2439,0.6900711389049896
2440,0.5102267200918966
2441,0.7223817772312264
2442,0.5125351170684884
2443,0.5856230398795675
2444,0.7677553277015131
2445,0.5364271138304261
2446,0.8736074720368223
2447,0.48570201285921255
2448,0.8662314097327581
2449,0.5375598784288127
2450,0.4853988546563697
2451,0.5533708950963744
2452,0.7568224198950282
2453,0.5664768772834569
2454,0.6545230790918135
2455,0.6457005637347432
2456,0.5254425307953223
2457,0.5320100327945277
2458,0.791376644473949
2459,0.7706115376271616
2460,0.8682839697367781
2461,0.6492256000806873
2462,0.869967700422861
2463,0.863891535240937
2464,0.7246147924531365
2465,0.5101375551557548
2466,0.5845500508897735
2467,0.540854579256669
2468,0.4891526939419811
2469,0.5292789722359517
2470,0.5046844089197902
2471,0.5099200192856277
2472,0.5325836347820193
2473,0.5260232853593003
2474,0.5275135460050426
2475,0.5119404417762984
2476,0.475402852400521
2477,0.5115599254319309
2478,0.5288987104412406
2479,0.5134660655260983
2480,0.5066060241606785
2481,0.49388531513635403
2482,0.8664326996433693
2483,0.516487770466526
2484,0.5525429640796281
2485,0.5342269089091192
2486,0.49773078801632475
2487,0.5241427121691807
2488,0.5191087371778169
2489,0.5689747281178364
2490,0.49096952251092074
2491,0.5326602433722082
2492,0.8648240447225635
2493,0.772852694695845
2494,0.5503838470420768
2495,0.5188786007048344
2496,0.7284319180731214
2497,0.8706809517869674
2498,0.5202661922185539
2499,0.6720432275080858
2500,0.5083804210707089
2501,0.5105948322981423
2502,0.5506506260676279
2503,0.7327547722900251
2504,0.6985284143203475
2505,0.561578739703165
2506,0.5291183424196364
2507,0.5521711667199037
2508,0.5160950552061593
2509,0.47542722736826004
2510,0.47613807180728
2511,0.7896690974062557
2512,0.5371871059969432
2513,0.5341336469126454
2514,0.6683700625162643
2515,0.5685590907143706
2516,0.5355070776189501
2517,0.5115905117036347
2518,0.8694610217838343
2519,0.8671495270364102
2520,0.49128128666885607
2521,0.541118267706522
2522,0.5448379342149915
2523,0.5228009570352669
2524,0.5846438784994223
2525,0.6737285126786345
2526,0.46700528162616056
2527,0.5845224704059292
2528,0.8624259825464611
2529,0.7197333070823942
2530,0.5511657613943068
2531,0.6998030946867078
2532,0.5180501965964609
2533,0.4752566533138913
2534,0.5621355578150637
2535,0.4776329163806768
2536,0.4655002472017583
2537,0.5825818782534558
2538,0.539297686174936
2539,0.5312045221315358
2540,0.568235385436228
2541,0.5234909424553414
2542,0.53497773233934
2543,0.7548833293646555
2544,0.518354272645789
2545,0.5372676774444307
2546,0.5376509611303316
2547,0.8709455814004725
2548,0.5477853384048317
2549,0.5126948630847925
2550,0.5187841949648017
2551,0.5088493523947023
2552,0.530531274243676
2553,0.7163301235504772
2554,0.548471652906186
2555,0.49707237647164054
2556,0.8662090009883205
2557,0.46079803012419196
2558,0.4977634565808433
2559,0.7462385430548221
2560,0.5304149512856209
2561,0.793967794692751
2562,0.5250024962618351
2563,0.5032735989260786
2564,0.8011676858788496
2565,0.48127282526944903
2566,0.5058371641525331
2567,0.5287221436722742
2568,0.5402911415935582
2569,0.5902972193945146
2570,0.5037465102989215
2571,0.5133903273040871
2572,0.8704029836530542
2573,0.7914585326101167
2574,0.5350422900005523
2575,0.5459324579787264
2576,0.4878564336533106
2577,0.7630788527166882
2578,0.5238844671662999
2579,0.8649136643260968
2580,0.8661472897486426
2581,0.5409311335531162
2582,0.5324135477313144
2583,0.5747871994468519
2584,0.5039107591838
2585,0.5145639068750661
2586,0.5244221993397797
2587,0.8303890966317469
2588,0.4898321154948114
2589,0.5007374665868203
2590,0.7456717416154478
2591,0.5573057899471997
2592,0.7860734390786539
2593,0.6101163125230884
2594,0.5638632913424553
2595,0.5165328486325462
2596,0.5256847741078821
2597,0.8500491787280666
2598,0.5424564034345228
2599,0.7092577045064119
2600,0.5129344134442191
2601,0.5030291075177767
2602,0.5023211958668533
2603,0.48449916955306954
2604,0.517276752110767
2605,0.5407687740021546
2606,0.7846726630494401
2607,0.5062614627843508
2608,0.7492855844249922
2609,0.8141626191566522
2610,0.47942303292970906
2611,0.6461769190281332
2612,0.5826029134826458
2613,0.7855935397547724
2614,0.8704731826758982
2615,0.8685504756954558
2616,0.4995316682442328
2617,0.7604420776730063
2618,0.6087709713808369
2619,0.7833308812895983
2620,0.49227932736777713
2621,0.7479861872246925
2622,0.48195591858631553
2623,0.5088050886911458
2624,0.517359602626768
2625,0.5060243680693077
2626,0.6446519665490694
2627,0.5603743817446625
2628,0.5376609030033835
2629,0.694484123898404
2630,0.5073026764199283
2631,0.6564834360650698
2632,0.5029604136661762
2633,0.5222548516805178
2634,0.867876768490769
2635,0.5287944962505997
2636,0.4969188447764532
2637,0.49824979437766637
2638,0.5304433291254717
2639,0.561029070143124
2640,0.5339747522410055
2641,0.7882891275494219
2642,0.4859036896937463
2643,0.4833937090028146
2644,0.5030986724537839
2645,0.510835938197416
2646,0.5250858856272791
2647,0.517417328099084
2648,0.5238932737063151
2649,0.5468265441559187
2650,0.5188994440520097
2651,0.4987725470926025
2652,0.49871396917346744
2653,0.51333229416674
2654,0.5544212204147542
2655,0.8683065272597901
2656,0.7923183254501325
2657,0.8691573307699939
2658,0.8025696405902031
2659,0.8693714029207193
2660,0.6043663994686271
2661,0.5204622224181942
2662,0.48626975904873326
2663,0.5442525667637717
2664,0.4923771093390672
2665,0.7214311441678691
2666,0.5298912051521079
2667,0.5284407203298007
2668,0.5274320091718505
2669,0.5334772902127634
2670,0.5314377910686875
2671,0.5561794830752455
2672,0.55704098287426
2673,0.5606464637584383
2674,0.5162279755914171
2675,0.5726554471496917
2676,0.6242456369382805
2677,0.5278943615315246
2678,0.6197932114513198
2679,0.5096547333871619
2680,0.7676851291432798
2681,0.8652159650134178
2682,0.5235115238420739
2683,0.5545597058291969
2684,0.4902979588549592
2685,0.7025461352894611
2686,0.5293607142294259
2687,0.7766551578852022
2688,0.5267299609802079
2689,0.5115025684978238
2690,0.558212835198657
2691,0.5199692981877162
2692,0.5426276327259284
2693,0.737567299353487
2694,0.7944596062888929
2695,0.5567485526213295
2696,0.699163354501938
2697,0.8734894176051872
2698,0.46578853163648426
2699,0.8095023156434076
2700,0.5347851223363429
2701,0.76511315166864
2702,0.569709167900494
2703,0.600344280652787
2704,0.5033030434462491
2705,0.5409045014393599
2706,0.5349552667698704
2707,0.5168769954413135
2708,0.5733269876774797
2709,0.7078512049640285
2710,0.5837847266783799
2711,0.7919077276513744
2712,0.47316481829696166
2713,0.5197904000326895
2714,0.5266635498366241
2715,0.524923613729927
2716,0.7403761881029405
2717,0.5096530107132364
2718,0.5754567199749698
2719,0.5062737981610645
2720,0.8669304662785458
2721,0.8693531012054052
2722,0.5298109461126482
2723,0.49673544541099224
2724,0.8704115754500041
2725,0.5314367119918109
2726,0.7817067659267325
2727,0.8650582955842168
2728,0.5592923650178794
2729,0.5295699081595407
2730,0.6863965364139755
2731,0.5846898907394541
2732,0.554612473643811
2733,0.523708079461225
2734,0.7348621439420738
2735,0.48385018647011435
2736,0.4778805776529226
2737,0.518000016927324
2738,0.5296023466318683
2739,0.6580163634331139
2740,0.869719844992235
2741,0.5209100810980527
2742,0.5312640625766964
2743,0.5045121024832523
2744,0.8710617218206158
2745,0.525240640366909
2746,0.7411162705049295
2747,0.5177416167124906
2748,0.46176475803451195
2749,0.5192098792582694
2750,0.5100608812463362
2751,0.5431208592134273
2752,0.8725621249645933
2753,0.7878903010779754
2754,0.5441140978573829
2755,0.5164310312555161
2756,0.5350194653746293
2757,0.7241585757463891
2758,0.49923786786937857
2759,0.5960272679159078
2760,0.8670627373239743
2761,0.5418268770217738
2762,0.5285645526592452
2763,0.48712706241808273
2764,0.7379712032723702
2765,0.5602154356879335
2766,0.7888103629411718
2767,0.5129338109392552
2768,0.5417286684010503
2769,0.7034232865582102
2770,0.5999635085487793
2771,0.8089095535747863
2772,0.5567650927030757
2773,0.5920253655381089
2774,0.551124121378594
2775,0.6257831110433176
2776,0.48746564977779344
2777,0.5192587715416765
2778,0.591070235183641
2779,0.5092091811028505
2780,0.5361263775791845
2781,0.7812284241592873
2782,0.5054342195766058
2783,0.7004770189835443
2784,0.8067212682050701
2785,0.7365782714254208
2786,0.5149132428096397
2787,0.5181185382153891
2788,0.5324017788430557
2789,0.5278411413930947
2790,0.5199198115008677
2791,0.5183753242602026
2792,0.5250626153236841
2793,0.5004392242129452
2794,0.5316788706944867
2795,0.5236676269393746
2796,0.870154870278145
2797,0.5142040954529514
2798,0.7271696588385745
2799,0.5339981085250357
2800,0.5069208256255466
2801,0.7849891691848636
2802,0.7513767431014222
2803,0.7246565551683125
2804,0.5194442387088727
2805,0.6605057829416298
2806,0.7021840859810188
2807,0.6170699875992935
2808,0.4987917585057954
2809,0.4777455033552821
2810,0.46111149757824
2811,0.559453562562001
2812,0.8659575637357542
2813,0.49776201798520925
2814,0.518062767320111
2815,0.5507322985059412
2816,0.7834675559779134
2817,0.5201020513228257
2818,0.8655590889067475
2819,0.5363491191890389
2820,0.5365108065369683
2821,0.5127725012207346
2822,0.5944624321318575
2823,0.8693882212825637
2824,0.5061982064045789
2825,0.8422711480445356
2826,0.523260639045636
2827,0.8702531023085106
2828,0.5012140405726255
2829,0.764775022182487
2830,0.5382785793654885
2831,0.5394928663031243
2832,0.5125376305825322
2833,0.627523744845423
2834,0.8691499462684418
2835,0.5232845073682534
2836,0.487991605968286
2837,0.4903442395544586
2838,0.4672841957542997
2839,0.7771377193154969
2840,0.5638607958981731
2841,0.517855173394397
2842,0.662305647656066
2843,0.5344456248489418
2844,0.5076348648196158
2845,0.8674802248892101
2846,0.5817759634316038
2847,0.7206812451671201
2848,0.5195068466424935
2849,0.5391006812701937
2850,0.7093685066237583
2851,0.8645072657076709
2852,0.5623003185961633
2853,0.5488170804426178
2854,0.5333085501419309
2855,0.5138843121160226
2856,0.7452375236095151
2857,0.8721492176703222
2858,0.5702347802532094
2859,0.7071771010583061
2860,0.8642446859203452
2861,0.7080696121720318
2862,0.5248709428782838
2863,0.5548781864257619
2864,0.869917852694014
2865,0.5336715064934862
2866,0.4955285040057084
2867,0.4437524420398443
2868,0.7071388407485577
2869,0.7179523970568151
2870,0.7105804792189853
2871,0.5005041801274562
2872,0.518910828102555
2873,0.7321210678489082
2874,0.5411167166994424
2875,0.729269730591878
2876,0.634156563764118
2877,0.5694311869688337
2878,0.5076659085259367
2879,0.5321359704577086
2880,0.5431158631994761
2881,0.8623438199496501
2882,0.5216355431722338
2883,0.4770787263807654
2884,0.5233612355318639
2885,0.8643312252244377
2886,0.5434026345303996
2887,0.4806000877092903
2888,0.722066756218578
2889,0.5384987070749081
2890,0.5391399238055358
2891,0.7546064316719678
2892,0.542175509365789
2893,0.4974977175022341
2894,0.7925869936233174
2895,0.4970019817824125
2896,0.8677205373985221
2897,0.5120336041728768
2898,0.5240814116339048
2899,0.7224440389047982
2900,0.6603440931852874
2901,0.8666630295687863
2902,0.547438572165412
2903,0.5212233651547965
2904,0.5246482958710543
2905,0.5004550137086835
2906,0.6989553363830954
2907,0.5014725367268018
2908,0.8670699589547902
2909,0.5208803421950959
2910,0.5033038186577257
2911,0.5490906038577696
2912,0.5086789319246852
2913,0.5155295701949196
2914,0.4988731992506813
2915,0.6190247728836159
2916,0.5511900510280183
2917,0.6812846441235214
2918,0.5230193283563477
2919,0.49849512917788064
2920,0.5381743552253111
2921,0.7082480559303119
2922,0.6507715644375924
2923,0.490523691553071
2924,0.5264640347297556
2925,0.5537104737534955
2926,0.74770023301662
2927,0.7658434505078051
2928,0.6207651650326338
2929,0.49309892943180544
2930,0.5511120882705359
2931,0.8658009097500181
2932,0.759291137987963
2933,0.6309062529606992
2934,0.6703288144225591
2935,0.5474422140285339
2936,0.5737704321358605
2937,0.8695042237569388
2938,0.5608452692677499
2939,0.4886605400932808
2940,0.5354646737932246
2941,0.5746662103993975
2942,0.5067719037175274
2943,0.5422466637202301
2944,0.8164425439951284
2945,0.4736687689704828
2946,0.5930501991033177
2947,0.5100589276024328
2948,0.865638174781836
2949,0.7924906982138977
2950,0.7200795189668073
2951,0.5039108113957042
2952,0.5088242744487561
2953,0.4935743122663559
2954,0.5189882440581373
2955,0.8675192073066811
2956,0.8675136301294575
2957,0.5319640471573139
2958,0.7157272091594344
2959,0.5353954930291722
2960,0.5072305986129891
2961,0.5261519560021346
2962,0.4753046386071174
2963,0.6022160909487483
2964,0.593057498292656
2965,0.49126879408840124
2966,0.8685443331191416
2967,0.49408135966298966
2968,0.5776573808883952
2969,0.8709573085166664
2970,0.5390471812339634
2971,0.8668505128254334
2972,0.5100326428380365
2973,0.49706250110218264
2974,0.5243161776679502
2975,0.6386367431553792
2976,0.726349397491333
2977,0.5051115987008865
2978,0.5380202572438584
2979,0.477604419432309
2980,0.5171317389223833
2981,0.5419695641517341
2982,0.8728788217962253
2983,0.5249344210036634
2984,0.7849455862323882
2985,0.7667306180936281
2986,0.48701990596166284
2987,0.5437766496078275
2988,0.5080965649461957
2989,0.6060793174502277
2990,0.5027564322646656
2991,0.8680844378718339
2992,0.5059006671464453
2993,0.5248088277501357
2994,0.58371128806264
2995,0.5784630672870934
2996,0.522782306354324
2997,0.49459260698849716
2998,0.5041581063359657
2999,0.5964286869664919
3000,0.5341911224852299
3001,0.6986886899571992
3002,0.5518010665699988
3003,0.6504307989746938
3004,0.5504244474453627
3005,0.548772028144633
3006,0.5355663845177028
3007,0.5350308671873099
3008,0.5270517202710836
3009,0.7899148355928227
3010,0.5558042150035978
3011,0.5660793980494997
3012,0.7345486321614679
3013,0.5316268171408178
3014,0.6532565846308762
3015,0.8700587899636876
3016,0.5256849281526081
3017,0.4966297755507311
3018,0.5402912018233507
3019,0.8686795956994111
3020,0.5138903562813877
3021,0.5177529996514973
3022,0.49615107875699255
3023,0.5135253098830819
3024,0.4942475690118115
3025,0.51311274996882
3026,0.521236166420717
3027,0.5319935500836046
3028,0.7962329809353081
3029,0.4609150095840668
3030,0.5932276710384903
3031,0.7099757287831419
3032,0.8334223220193115
3033,0.5208942257853755
3034,0.49928841384806855
3035,0.557506090061689
3036,0.7497633107460484
3037,0.5268795006665076
3038,0.4798704470643024
3039,0.506835775067716
3040,0.5997439409103758
3041,0.5314174469574614
3042,0.7243782079224386
3043,0.5004339149622306
3044,0.5248696835093881
3045,0.8651636751574494
3046,0.5173592763900701
3047,0.5060502709910473
3048,0.7636168894893309
3049,0.5425559063858125
3050,0.5280230197591783
3051,0.5418002126744318
3052,0.4780132870326198
3053,0.5204565905387911
3054,0.8613005429763598
3055,0.502559602015457
3056,0.5136857613652854
3057,0.5448780513803281
3058,0.511809513437524
3059,0.5039441182394868
3060,0.44942074084182626
3061,0.7735864743619967
3062,0.7605922760211362
3063,0.49102356028886784
3064,0.8548011315220709
3065,0.5664997299085978
3066,0.49997207391351217
3067,0.5736249604340584
3068,0.7610144539519561
3069,0.6084129388233865
3070,0.5126290174297808
3071,0.5993411839014917
3072,0.5581130683501049
3073,0.8701519580927582
3074,0.5975738889820327
3075,0.5684180999725948
3076,0.5177793205805069
3077,0.48685124618724657
3078,0.531766496448165
3079,0.5738997711019845
3080,0.5206453127506312
3081,0.5060423396542472
3082,0.686325300464993
3083,0.8733679576414968
3084,0.4841628940732252
3085,0.5128333210348022
3086,0.5134726296116814
3087,0.7141317108826607
3088,0.8343673296370007
3089,0.6738346739322245
3090,0.865381323139786
3091,0.8660984905174672
3092,0.5212235556362661
3093,0.5326673146335392
3094,0.5019707961750599
3095,0.5001141074450427
3096,0.8643541905611625
3097,0.8661572369647401
3098,0.5221082017964314
3099,0.5086502732956906
3100,0.7419955353677196
3101,0.5943690656336567
3102,0.5341056669794974
3103,0.7488752845690287
3104,0.496832965372084
3105,0.5114059407807396
3106,0.7296313285409243
3107,0.5204617341570664
3108,0.49281591006798764
3109,0.5848302174825616
3110,0.7826891796046361
3111,0.48883842504561226
3112,0.4751076173196409
3113,0.45220777230497244
3114,0.5302206174968034
3115,0.6199186801008351
3116,0.8668556354848417
3117,0.5213432566318886
3118,0.8568299496129403
3119,0.8042706892470541
3120,0.5938128261756458
3121,0.7599155957895848
3122,0.8717633259189427
3123,0.48241298978284286
3124,0.5375098587818363
3125,0.492597617017613
3126,0.5560322734360528
3127,0.5031842646278336
3128,0.49731184301758075
3129,0.5132554970711616
3130,0.4992839007891598
3131,0.5692791676125566
3132,0.4511637468364914
3133,0.4791214971123571
3134,0.4882748841882452
3135,0.5470929259745377
3136,0.4538936170818477
3137,0.5189563545198811
3138,0.8560170337081573
3139,0.5242590412449356
3140,0.5817299967461664
3141,0.4911762366393669
3142,0.5505785761506791
3143,0.5038652996936848
3144,0.5279972623301569
3145,0.56501527460368
3146,0.5942248934378074
3147,0.6423772604507083
3148,0.5004386841417479
3149,0.5344314711720359
3150,0.5960987988719922
3151,0.5200617818865466
3152,0.6189039613153204
3153,0.8722759431493287
3154,0.5283827791607065
3155,0.4789101394717177
3156,0.4913676393748813
3157,0.6355341682275482
3158,0.4953554266840289
3159,0.5098552875342884
3160,0.5502072634789226
3161,0.5307220278746534
3162,0.5137835113114565
3163,0.7200445915891559
3164,0.5161796749106591
3165,0.5178749976865755
3166,0.49266223548222393
3167,0.5381208078914979
3168,0.49925162852821364
3169,0.5219420182390385
3170,0.5141514665959546
3171,0.4980612610124647
3172,0.7190911317862506
3173,0.5406602955441071
3174,0.7813241779100579
3175,0.7154077557322707
3176,0.5549708752227774
3177,0.7576144777553215
3178,0.5537351413844067
3179,0.4707652688596202
3180,0.543155654326906
3181,0.696918778071879
3182,0.47875052008256624
3183,0.5258423337541582
3184,0.5390292505439589
3185,0.5460582065007566
3186,0.48646534991026197
3187,0.5296835411633082
3188,0.5211722998396454
3189,0.49711528954846607
3190,0.6516843526119254
3191,0.534578193244137
3192,0.865442851423591
3193,0.7635884530964192
3194,0.7342579149065012
3195,0.7069347506926168
3196,0.5040206827685739
3197,0.5419760184381619
3198,0.5773772098637571
3199,0.7242513386171783
3200,0.5393928455756902
3201,0.5138258570937715
3202,0.5127443083480328
3203,0.5469346787694501
3204,0.5293210337439869
3205,0.5847767740764024
3206,0.7178496556522038
3207,0.5147948837592271
3208,0.5137890651475476
3209,0.8693155961656378
3210,0.5317260675342352
3211,0.5185074184306102
3212,0.5785416637897155
3213,0.49194738757804485
3214,0.6654862393168108
3215,0.47794239994910837
3216,0.7702302508505435
3217,0.6771489511397455
3218,0.5255767244355691
3219,0.7301027716118227
3220,0.5192074326044374
3221,0.5913592398615723
3222,0.6505172317195792
3223,0.5170158296230232
3224,0.5836009146400927
3225,0.5614427401963625
3226,0.49978507026316493
3227,0.5805294994627577
3228,0.4802275718112829
3229,0.786295294232441
3230,0.5297741183516359
3231,0.5279864565137826
3232,0.5281362360607249
3233,0.480944220885778
3234,0.8676635272997324
3235,0.5915388549449532
3236,0.8653161519090329
3237,0.6839715187683696
3238,0.506588167584471
3239,0.5622527924436801
3240,0.7842485465801037
3241,0.5150227364197698
3242,0.5356033407518317
3243,0.5539251936151729
3244,0.5327955877664998
3245,0.5152985596422153
3246,0.8747147073614288
3247,0.5145158570780501
3248,0.5385776901393976
3249,0.5306676864566033
3250,0.7480078954114013
3251,0.5479227925359988
3252,0.867390259853851
3253,0.47374871074557146
3254,0.5449018374319883
3255,0.5029628400229116
3256,0.5134836263428401
3257,0.5278821178805975
3258,0.48206598483380514
3259,0.5363088942910208
3260,0.5579441727603628
3261,0.6951653059626184
3262,0.5255774274622355
3263,0.5724671675089325
3264,0.5344795612608182
3265,0.5309983214016352
3266,0.8690646311500392
3267,0.6839433938791484
3268,0.5491406799863432
3269,0.8702235176464136
3270,0.5044948941467561
3271,0.5465462532221496
3272,0.5517014928773165
3273,0.5125211985586822
3274,0.5465587220078839
3275,0.46991509743333637
3276,0.49921670090340653
3277,0.7092331659024986
3278,0.7073872422156655
3279,0.8710099928784688
3280,0.561703923341135
3281,0.5104706658366774
3282,0.5766994859896881
3283,0.523916942015126
3284,0.5801925803371574
3285,0.5252923717097975
3286,0.5232599581975517
3287,0.5682578040319747
3288,0.7964497888269799
3289,0.5265372501460829
3290,0.637897549304778
3291,0.5571149041816268
3292,0.47692482767086497
3293,0.8678118130912835
3294,0.4907780961201434
3295,0.7427981168137212
3296,0.47549995305971704
3297,0.5245471984289213
3298,0.8659628386271493
3299,0.5875543304803451
3300,0.535853215868461
3301,0.5617365382929277
3302,0.5230758102014441
3303,0.5653931646705523
3304,0.5193744420505629
3305,0.7663783037701462
3306,0.5658885959803985
3307,0.5076851753753586
3308,0.5391690439129887
3309,0.4880231404947892
3310,0.5439824655743297
3311,0.528916345625807
3312,0.5132291299126323
3313,0.5316529893430098
3314,0.8224363121855403
3315,0.5018660309664957
3316,0.46259915946958113
3317,0.7533629728894067
3318,0.7672748170865762
3319,0.5192676602183862
3320,0.5629714792080902
3321,0.5255431064530764
3322,0.7993187608833712
3323,0.5194841454970216
3324,0.5454425617020165
3325,0.7499447618166533
3326,0.5344472563069163
3327,0.5505134156475845
3328,0.6754707300255669
3329,0.7708925838613068
3330,0.5580108766652939
3331,0.550845515079326
3332,0.5161128058718187
3333,0.48317299471616004
3334,0.8686606645664037
3335,0.49259020222323174
3336,0.8635795669081626
3337,0.7705341873993601
3338,0.4944107129368327
3339,0.5395661114658887
3340,0.8696673755654298
3341,0.48723703683633934
3342,0.8677065996646176
3343,0.5089557877850348
3344,0.5703403942313201
3345,0.4883928132274622
3346,0.5092643131304964
3347,0.5411349380979075
3348,0.8046281079308714
3349,0.5442137206991176
3350,0.5531462621718556
3351,0.6258243749929931
3352,0.8683068999371888
3353,0.5535523164444602
3354,0.48153649211460525
3355,0.5087215433956009
3356,0.866016330382283
3357,0.47038505822097926
3358,0.5047058926438762
3359,0.599730866489211
3360,0.5587314045576749
3361,0.49839865159913815
3362,0.5113088070709109
3363,0.6251943257891996
3364,0.7830557361398243
3365,0.5298303956267253
3366,0.6535041218077791
3367,0.48749754345268964
3368,0.874607640283936
3369,0.5304335066821682
3370,0.5249994080875293
3371,0.5592104089676525
3372,0.5160503488985468
3373,0.5402922142785347
3374,0.705865415979772
3375,0.8574234219062173
3376,0.5590399429111665
3377,0.5824922816773204
3378,0.5484370819089891
3379,0.8716893082988397
3380,0.5244475664302075
3381,0.5428925083191263
3382,0.8715430569226932
3383,0.5733139992442737
3384,0.7175446790055752
3385,0.518389034697191
3386,0.49730944066618
3387,0.7737490675101855
3388,0.4841599453737192
3389,0.80527313926575
3390,0.4719425107549412
3391,0.5795248382983343
3392,0.5736929345483422
3393,0.511223338560216
3394,0.5114904755829977
3395,0.7389985409447133
3396,0.7364574325309655
3397,0.5100057926450653
3398,0.5439318345694022
3399,0.5235073744139005
3400,0.5010056134889582
3401,0.5276700331947816
3402,0.5879120254087512
3403,0.4974165943732546
3404,0.4840116835956205
3405,0.5077245625519388
3406,0.8688391010389089
3407,0.49358931237694625
3408,0.773272264202343
3409,0.524438734330159
3410,0.4814362652647011
3411,0.5110923120770465
3412,0.5181976029930343
3413,0.5106661503865082
3414,0.5408354935232035
3415,0.8574463963367811
3416,0.539914049020042
3417,0.8657580080466751
3418,0.8706908235804462
3419,0.538566237684429
3420,0.5127206898807213
3421,0.5791786992449529
3422,0.5235573112262509
3423,0.5561859956681616
3424,0.5238968511916133
3425,0.5940402764824472
3426,0.5217978913499162
3427,0.6370226194079049
3428,0.5369955118650707
3429,0.5314295187407976
3430,0.6920566777525032
3431,0.4973760138378598
3432,0.5027447808856493
3433,0.4431775906121921
3434,0.5430584836423795
3435,0.5440109389828528
3436,0.8668449982365389
3437,0.5013861566249316
3438,0.5201481170689518
3439,0.5194956080163645
3440,0.6048039489279322
3441,0.7661141541254787
3442,0.7519040283163655
3443,0.5003779442572236
3444,0.5170236110295077
3445,0.8581304442509814
3446,0.5967608441944889
3447,0.5258477201527758
3448,0.5032977821829878
3449,0.5450431931410169
3450,0.49132907140674004
3451,0.5245552718836326
3452,0.4882216587022415
3453,0.5360914575547134
3454,0.8698135216851697
3455,0.8089504629210789
3456,0.5420767079647305
3457,0.7455156912014254
3458,0.8751998782936817
3459,0.8621415372306849
3460,0.5929797030802265
3461,0.5183985128796755
3462,0.5951183034815173
3463,0.5304653600703634
3464,0.542068736224243
3465,0.8173564439255048
3466,0.5279319405740348
3467,0.48870323059922605
3468,0.524414761890283
3469,0.6286773582675842
3470,0.507850206970262
3471,0.5691324611676458
3472,0.6735139697496161
3473,0.4791472782631859
3474,0.49563985517459214
3475,0.5424261492440206
3476,0.5086913394625887
3477,0.5418142904513397
3478,0.5197329005303377
3479,0.6112160287174002
3480,0.5218369605868874
3481,0.7575470565936968
3482,0.5063823658601083
3483,0.8649259506809587
3484,0.8729020847344073
3485,0.49414466386402367
3486,0.5339754425350003
3487,0.6462356408640072
3488,0.5281990962587155
3489,0.8679597580397862
3490,0.867108384682619
3491,0.5292477761197905
3492,0.5156649740894058
3493,0.8693397898954062
3494,0.5144662253321709
3495,0.7804413210232735
3496,0.7354763425186283
3497,0.5854219873377433
3498,0.5334684482481793
3499,0.6947869229581147
3500,0.4839832881246686
3501,0.5404677137219378
3502,0.5741070331937546
3503,0.48199560741108916
3504,0.5235753162773801
3505,0.5021374546383464
3506,0.44649331170852113
3507,0.8727035998044048
3508,0.5072465955388913
3509,0.6206745719941932
3510,0.5016148157293532
3511,0.46464562052417585
3512,0.5516109843435313
3513,0.5075150410898251
3514,0.5470155500206205
3515,0.7956210039518062
3516,0.527209566598059
3517,0.48419395343341587
3518,0.7297539862240463
3519,0.4708278678570658
3520,0.5616873309956509
3521,0.49634585907521134
3522,0.5080812851985006
3523,0.818570703587019
3524,0.8678195071534602
3525,0.5290787396005369
3526,0.5340863721899419
3527,0.7730448316597414
3528,0.5264052961959953
3529,0.6483759373899549
3530,0.4747137353671065
3531,0.8691770006014901
3532,0.5146981573651214
3533,0.6949100260242946
3534,0.8679278271928369
3535,0.5139302307272495
3536,0.5489689045356094
3537,0.8723649743898643
3538,0.5508392125398516
3539,0.7891716624448424
3540,0.5656895585382075
3541,0.5075235789325965
3542,0.5290339167400845
3543,0.7533635623394235
3544,0.5421760705959082
3545,0.8665546564252035
3546,0.47637549301748516
3547,0.5567547180613733
3548,0.5271410543167248
3549,0.869443128509102
3550,0.5317692560395624
3551,0.8702633680082603
3552,0.5163804795597178
3553,0.6085581360064898
3554,0.5174376749082708
3555,0.574176456391245
3556,0.4908791917577361
3557,0.7979702484650586
3558,0.5284325752658954
3559,0.4958590542173413
3560,0.5147755492786399
3561,0.504242393864508
3562,0.535311970335804
3563,0.528438461535195
3564,0.7232081055989916
3565,0.4970148527166357
3566,0.5032217543549922
3567,0.4989402785640794
3568,0.6586313108422879
3569,0.5202771036337777
3570,0.5262484906652308
3571,0.5033904583943044
3572,0.866767081421635
3573,0.809283557145803
3574,0.5112269048950608
3575,0.766885314585378
3576,0.5424011798363519
3577,0.5522152334284529
3578,0.8696534521822601
3579,0.7747435560377658
3580,0.49688838432075033
3581,0.6186257234131576
3582,0.7672990703257513
3583,0.5052604921872037
3584,0.7382507935924669
3585,0.5098760134701041
3586,0.7116424805285997
3587,0.8717956940974594
3588,0.5218368203457906
3589,0.5177082273160926
3590,0.538216109135867
3591,0.5415524276379585
3592,0.5279443879877787
3593,0.5431640758785607
3594,0.7394439439009466
3595,0.8706856197439354
3596,0.5852737276047209
3597,0.5743462547844159
3598,0.5243775841463754
3599,0.5199405026182171
3600,0.5154569886497578
3601,0.533310975315725
3602,0.8635006794752568
3603,0.7726218366050083
3604,0.6908093849138971
3605,0.6938840854977824
3606,0.5243179938165735
3607,0.7592182711662357
3608,0.5388167390471841
3609,0.5169277241698941
3610,0.5191799818822361
3611,0.5403679970063805
3612,0.49616636953174525
3613,0.8705092918964714
3614,0.5063323333566054
3615,0.8693333761687546
3616,0.7812605316741457
3617,0.5404612221497728
3618,0.7819185586046482
3619,0.6365741714739066
3620,0.5453032006060676
3621,0.560177675456359
3622,0.5090577169824984
3623,0.5762112140988732
3624,0.6131465195107563
3625,0.8649359229263813
3626,0.6940655260532866
3627,0.6158431139503373
3628,0.5488862271671812
3629,0.5217792624955347
3630,0.551091004612226
3631,0.5282777704625129
3632,0.5078162228879324
3633,0.5451987220900342
3634,0.4969382168943387
3635,0.5022212188958305
3636,0.5187746483350146
3637,0.7700765007526121
3638,0.8140772129316356
3639,0.49315530317251666
3640,0.7972293350345601
3641,0.6875725096843415
3642,0.5945346120956252
3643,0.5031354289975825
3644,0.79833599460831
3645,0.540611481940015
3646,0.48781678443110454
3647,0.5150831328571043
3648,0.5290070210990545
3649,0.5176010607635442
3650,0.5000242958869969
3651,0.5058944651876823
3652,0.5378681867438542
3653,0.7779723592970473
3654,0.5392255167753841
3655,0.46364324308390753
3656,0.5453763930569743
3657,0.5142827286903563
3658,0.7822425978846741
3659,0.5123376950634935
3660,0.871576966665869
3661,0.5521004437543946
3662,0.5176478346518701
3663,0.49314460743209576
3664,0.5469169895857678
3665,0.5105115762129725
3666,0.6451938034022116
3667,0.5077068331106912
3668,0.5960509442431193
3669,0.5290549041788808
3670,0.5072530575754661
3671,0.47468139571164675
3672,0.7403415506135553
3673,0.5886144539180229
3674,0.6724011579772834
3675,0.5508976785441538
3676,0.5534098216793453
3677,0.47090117363226025
3678,0.5156144691529745
3679,0.5083372672579655
3680,0.7479829016741734
3681,0.49670943462649697
3682,0.6018059935407734
3683,0.6082992995892733
3684,0.5025119369191283
3685,0.5369540473205363
3686,0.49017743001054603
3687,0.5628124736874818
3688,0.667252403603699
3689,0.8702552886197337
3690,0.5239312359321144
3691,0.5181468668486033
3692,0.8660988930401311
3693,0.7726689338405726
3694,0.46989695818495486
3695,0.46861108439253474
3696,0.5572088977603933
3697,0.4822217232490913
3698,0.5768864254796527
3699,0.5989326880936399
3700,0.565133361976694
3701,0.6893339544380221
3702,0.5004504463486255
3703,0.7154386713514351
3704,0.7280582383972032
3705,0.4992743155173522
3706,0.7534753288441656
3707,0.5035032474056369
3708,0.6762600922415533
3709,0.5853288640204379
3710,0.7297883096874036
3711,0.5216156646822848
3712,0.4899753759238269
3713,0.8702603613165067
3714,0.7160833206821272
3715,0.49302586687383726
3716,0.5177499515532245
3717,0.8663160711042588
3718,0.5311310844560128
3719,0.5409573197465228
3720,0.5208573034394721
3721,0.6788695952875531
3722,0.8737148086696805
3723,0.49829483245229966
3724,0.5297126022936096
3725,0.4521347519686422
3726,0.4864008159165177
3727,0.6581246049388186
3728,0.5417787816191632
3729,0.562752823633955
3730,0.5242234618314386
3731,0.5499562272698735
3732,0.8081407479837582
3733,0.5676722491539815
3734,0.5878820686151026
3735,0.5302781940907819
3736,0.5287175612956481
3737,0.522437669598039
3738,0.6666017388749848
3739,0.5350395597959433
3740,0.5237226346054498
3741,0.549369180073459
3742,0.7791491016817754
3743,0.5525328924177005
3744,0.5291288486916098
3745,0.5225478849829951
3746,0.7679666548790332
3747,0.5430064075473913
3748,0.5041051637534233
3749,0.5160003117892068
3750,0.8719190782126027
3751,0.6750593240772864
3752,0.49540130470973553
3753,0.48858753622150314
3754,0.7130886905295866
3755,0.49780209357825533
3756,0.7593925613524206
3757,0.5172833747233967
3758,0.494318147516404
3759,0.8705281660895818
3760,0.540409214719903
3761,0.5036196876310048
3762,0.6668163275858146
3763,0.5923423744445946
3764,0.7221273870826519
3765,0.4929303332934819
3766,0.5599088756344246
3767,0.5177469956713096
3768,0.8714310192167505
3769,0.8684203852027863
3770,0.7496615625519695
3771,0.8695934574323205
3772,0.8724216156339921
3773,0.81487037119912
3774,0.5901888061062193
3775,0.5563670427967659
3776,0.5593955137265009
3777,0.5321219406078666
3778,0.8705395418276558
3779,0.7237665115464196
3780,0.8025207209650276
3781,0.48423602573487706
3782,0.5160965132462285
3783,0.5749433578581057
3784,0.7531077004032158
3785,0.8698471430313011
3786,0.52670038933167
3787,0.635188731134287
3788,0.8702487700157222
3789,0.48380141119279024
3790,0.5236570004711961
3791,0.8693341247090681
3792,0.7072489540611457
3793,0.5348316576915524
3794,0.48386347207331876
3795,0.48592286133534907
3796,0.6904863225935753
3797,0.5670504010401243
3798,0.5732271167172227
3799,0.5488191120470942
3800,0.5626322663952671
3801,0.5453417001351937
3802,0.5265405048471812
3803,0.8055857191001148
3804,0.6892414003649484
3805,0.872279259929241
3806,0.7565464673794579
3807,0.5437882440449984
3808,0.8725095260514293
3809,0.481725906767847
3810,0.517514648098436
3811,0.8678865473675565
3812,0.6832806716774906
3813,0.520586459743078
3814,0.8539840574448885
3815,0.5397232094662142
3816,0.7109825106924579
3817,0.5955248509023268
3818,0.5264518687648796
3819,0.7221758760186368
3820,0.5295825214081722
3821,0.8711828063126321
3822,0.5220785681342565
3823,0.5240340062286788
3824,0.5187705325946487
3825,0.530267066076131
3826,0.539306764924107
3827,0.6138811922395708
3828,0.5083031947789237
3829,0.5505198925551255
3830,0.4738029419134926
3831,0.5657034958046726
3832,0.46934978621684686
3833,0.5245905271588185
3834,0.4918153666973446
3835,0.5404677321344409
3836,0.5645776714004112
3837,0.598373277708022
3838,0.5216634332256105
3839,0.5066981115055612
3840,0.5657731169463035
3841,0.7041327174776483
3842,0.8697227322215118
3843,0.5744235825689292
3844,0.5210436228108688
3845,0.5777439925533633
3846,0.7987736503425766
3847,0.5368338327290048
3848,0.8018029853759795
3849,0.524287260678371
3850,0.5153355184830957
3851,0.5435077720204297
3852,0.5365251985790337
3853,0.5279303708649106
3854,0.731029059478709
3855,0.5364881850102257
3856,0.5535658682322786
3857,0.6373352059655941
3858,0.5023012521747513
3859,0.5370952973208298
3860,0.580137196458915
3861,0.5334782840190218
3862,0.5862168576909824
3863,0.6490322125092602
3864,0.7653846240232539
3865,0.8133542943677343
3866,0.4723426025973633
3867,0.4834512724976255
3868,0.49030534943425286
3869,0.5068234032261624
3870,0.792846134630457
3871,0.864296115366822
3872,0.47931697661186407
3873,0.520201355691413
3874,0.7639970596257608
3875,0.47518707856107606
3876,0.7520314834561261
3877,0.5554601335797218
3878,0.5446616673617032
3879,0.5397676064370254
3880,0.5377157974379494
3881,0.5260524619896695
3882,0.4859265790379591
3883,0.5292804353874051
3884,0.8642606805815093
3885,0.5103964297806934
3886,0.4608684646274031
3887,0.5427530597531097
3888,0.5509616621750341
3889,0.5583563821791377
3890,0.5011600322777526
3891,0.5254090973296146
3892,0.8700055260033016
3893,0.5002830095539962
3894,0.49658266242287263
3895,0.5206191755497601
3896,0.5340248627141256
3897,0.7713705782366351
3898,0.5162805721498225
3899,0.5117874587379739
3900,0.5218721838438606
3901,0.5844486282438743
3902,0.5223613674895572
3903,0.5421804966863351
3904,0.7021855547099708
3905,0.6742140225088818
3906,0.47248728117678856
3907,0.5061044475520184
3908,0.631843144386051
3909,0.47298381285000723
3910,0.46807086338755227
3911,0.5192920188868109
3912,0.4818011810254632
3913,0.4598304037982382
3914,0.5155570761321949
3915,0.8695655889974204
3916,0.7230563186888919
3917,0.5460953183833241
3918,0.6373698916014696
3919,0.5516150514317564
3920,0.5245247820100072
3921,0.5175426964906542
3922,0.8719855276060825
3923,0.5241446909651664
3924,0.7549213196389881
3925,0.713704757911815
3926,0.49806583018873063
3927,0.8730384680961827
3928,0.8185412332191648
3929,0.770180423626103
3930,0.5197884358311274
3931,0.559282545620281
3932,0.5551103909371109
3933,0.5340696224637467
3934,0.8709584239091668
3935,0.5374289936122978
3936,0.5650408411824122
3937,0.5308846735099854
3938,0.5045978720716983
3939,0.5431047822849163
3940,0.5172694436118079
3941,0.5437575850617091
3942,0.5055991747275521
3943,0.5194168035786053
3944,0.5279124474188219
3945,0.5103535773951436
3946,0.5105144270455715
3947,0.5582418162334661
3948,0.5022652829168363
3949,0.5447827592221758
3950,0.5384510134632137
3951,0.46594119738073614
3952,0.5102281088028109
3953,0.5620140896010114
3954,0.5255911692706358
3955,0.5057586152121046
3956,0.48870578694052674
3957,0.5141623222924881
3958,0.8665368116461112
3959,0.5341554382713352
3960,0.5238276688952852
3961,0.5396250265135223
3962,0.5355426825553933
3963,0.5657503109212332
3964,0.5016657630920169
3965,0.718689095399597
3966,0.49247325171486594
3967,0.4910502636291236
3968,0.6893583632045287
3969,0.5492548120100756
3970,0.5039375670666081
3971,0.8731173950388316
3972,0.5089948205910975
3973,0.5165516636190459
3974,0.7323530255144253
3975,0.5078770555723175
3976,0.5451598002187914
3977,0.5242298378569337
3978,0.7377577461732069
3979,0.493684929367048
3980,0.8715475282907059
3981,0.5233151562567419
3982,0.522506177275471
3983,0.5237950027315782
3984,0.503855655072404
3985,0.8704444059410246
3986,0.5302198643891214
3987,0.7660021083541941
3988,0.657788789689852
3989,0.5341717876337131
3990,0.762728017306191
3991,0.8710942865910717
3992,0.5027555908687356
3993,0.5159082523662695
3994,0.5443704098687796
3995,0.5339633507546592
3996,0.4771133264217105
3997,0.522514302019299
3998,0.5148695750614257
3999,0.7283058276389754
4000,0.6926962251029402
4001,0.5436592460064443
4002,0.5693626203595048
4003,0.5041420581687179
4004,0.552943715013511
4005,0.5432781632864281
4006,0.4863811891435411
4007,0.5452091744846667
4008,0.618246436473189
4009,0.5272158578907238
4010,0.811070519610256
4011,0.5609755407184043
4012,0.494308245267265
4013,0.8671322956481864
4014,0.5821408912815147
4015,0.7354990385292682
4016,0.6527437757763708
4017,0.5211652118805025
4018,0.8679065707599035
4019,0.5262446174378896
4020,0.8670259180128181
4021,0.5219772244815477
4022,0.8644074600225153
4023,0.5424888178853243
4024,0.5361610091828725
4025,0.525652073991408
4026,0.5258083544147557
4027,0.49755356200268047
4028,0.5573775008895603
4029,0.4796442692678816
4030,0.50085988658666
4031,0.6218281940068145
4032,0.5981130044872289
4033,0.5520741117268637
4034,0.7829105829036112
4035,0.5616302139386695
4036,0.7665453461165799
4037,0.6148971921236938
4038,0.7456013956093519
4039,0.8270502636552154
4040,0.617049488706012
4041,0.7892839231238744
4042,0.6295037447835483
4043,0.8724403594491654
4044,0.662262938219694
4045,0.6604044834809955
4046,0.7224225003698219
4047,0.5510794001729495
4048,0.5096068548325728
4049,0.5522776834456378
4050,0.5087772337234722
4051,0.5282999592370389
4052,0.8680237218096744
4053,0.8745484587149495
4054,0.8665641772438999
4055,0.870911230487672
4056,0.5573692602054949
4057,0.5007413957031992
4058,0.5464880427198864
4059,0.48508968574378786
4060,0.8688637767889439
4061,0.5305136671932693
4062,0.49621798059704275
4063,0.5029189452768039
4064,0.5549524145028433
4065,0.484067301236421
4066,0.8558276348954512
4067,0.5732613599061485
4068,0.5251031340420246
4069,0.5412725885294624
4070,0.5670363558840281
4071,0.529751103226294
4072,0.5568108844880095
4073,0.5274053389689976
4074,0.48745759717647563
4075,0.5346527317529096
4076,0.49554164389534905
4077,0.5462560006537215
4078,0.6775247660345529
4079,0.5662304415233894
4080,0.7870041822035398
4081,0.637337189901475
4082,0.5715070605803186
4083,0.5643709693776146
4084,0.8648296865180343
4085,0.5233503148742553
4086,0.5607966372289058
4087,0.5186619686432334
4088,0.5718051713418992
4089,0.5004462432127097
4090,0.5381923392407079
4091,0.5268526938942399
4092,0.5624200140214282
4093,0.769515946217771
4094,0.5214636233659162
4095,0.4866227668068197
4096,0.4899862487802928
4097,0.4917862784262575
4098,0.56547762478188
4099,0.8699050989475574
4100,0.49423281750246095
4101,0.4827179025222077
4102,0.5137086110941561
4103,0.556112600123534
4104,0.8691048038933156
4105,0.5143218142772609
4106,0.8693274205317332
4107,0.6455577240312407
4108,0.8728548511746228
4109,0.520417758421391
4110,0.5258091315835011
4111,0.5158988050868055
4112,0.8588551603635319
4113,0.5164055513806864
4114,0.5193076289186049
4115,0.7422762216163924
4116,0.8715006724161131
4117,0.45376826195510106
4118,0.5285030298006046
4119,0.5784231358242437
4120,0.7465343376686997
4121,0.869111669835798
4122,0.505122099223607
4123,0.5767532432049847
4124,0.5180270042984783
4125,0.5152094439577712
4126,0.5100257846006406
4127,0.5387969779797307
4128,0.850153100339784
4129,0.5250155236565395
4130,0.5685327573477866
4131,0.6310639111276544
4132,0.4898127562259913
4133,0.5001818372633452
4134,0.49285318477396567
4135,0.49442105331305275
4136,0.7804217203486434
4137,0.5526228326503462
4138,0.5373108481664681
4139,0.7825671628055964
4140,0.5270675756743531
4141,0.5381600821402057
4142,0.7679207988233294
4143,0.5313338218980971
4144,0.5741678790657625
4145,0.7380666196958965
4146,0.5343812392240813
4147,0.5601604415986898
4148,0.5740106616826026
4149,0.6304952910454428
4150,0.5146981562549435
4151,0.530718179421056
4152,0.5581404892653972
4153,0.4559994559175411
4154,0.5540343251201952
4155,0.5336190249248798
4156,0.5282958478117902
4157,0.8076833847161138
4158,0.8596337406089755
4159,0.5214472887579807
4160,0.5084583905946644
4161,0.4991318441122836
4162,0.4841838534000437
4163,0.48748987819226214
4164,0.7166348844979457
4165,0.5224219993191237
4166,0.5254508431001903
4167,0.5239078681058497
4168,0.6592529304633448
4169,0.5244805642680764
4170,0.5232944443854067
4171,0.5511568589122517
4172,0.506424123052043
4173,0.6749622414898209
4174,0.5279097615642788
4175,0.5072988106253377
4176,0.7956366954536429
4177,0.567483859647115
4178,0.8700419197622995
4179,0.8679333412481871
4180,0.5043835688434412
4181,0.5047994012828521
4182,0.48545660018696446
4183,0.7914962190802313
4184,0.4891397457875179
4185,0.5483322819188072
4186,0.5286957200094888
4187,0.523521828392797
4188,0.7700330816064289
4189,0.5455716263358854
4190,0.513870032579085
4191,0.8259319407394042
4192,0.5152802842358304
4193,0.5279600001525278
4194,0.5384531846234706
4195,0.5244098647119605
4196,0.5341700779765226
4197,0.8019578350239827
4198,0.7424862064303988
4199,0.7208676910521932
4200,0.766854239248131
4201,0.7485605810610054
4202,0.638974363608491
4203,0.5919463176948486
4204,0.5220856839428507
4205,0.5470495122589701
4206,0.5165926153503091
4207,0.758332624677409
4208,0.5285085114525909
4209,0.5290656152406377
4210,0.5155048349739777
4211,0.5350582856143985
4212,0.5124645784626615
4213,0.8684179265118332
4214,0.7232446318147496
4215,0.5315079841255389
4216,0.6019730798427835
4217,0.7587304045435243
4218,0.6505515150795688
4219,0.5332887071991435
4220,0.5468456497726106
4221,0.5148573022363114
4222,0.4986104307266197
4223,0.5111654040689497
4224,0.5393010886993211
4225,0.5041273415340946
4226,0.6004811714833498
4227,0.5652731420155034
4228,0.487902857044604
4229,0.7937215924096693
4230,0.5532617289419572
4231,0.5125676704714719
4232,0.5648725200013833
4233,0.5297368142794037
4234,0.7386142470882621
4235,0.47134001771141587
4236,0.550762113955711
4237,0.49813667455741373
4238,0.7631987329496496
4239,0.5145503631413174
4240,0.5551411796169492
4241,0.5118143993580446
4242,0.5476628279631892
4243,0.6084941913753804
4244,0.5430113539864765
4245,0.5685859786099859
4246,0.49574116720201483
4247,0.7077056290972843
4248,0.5496338767797235
4249,0.4958489543626835
4250,0.6757836476671679
4251,0.5271302276055883
4252,0.5666368428938673
4253,0.5386997646627634
4254,0.5149031587870828
4255,0.5134057326689152
4256,0.5366355358248083
4257,0.6003085997097264
4258,0.4815919970169276
4259,0.4506736926008035
4260,0.5438248284980255
4261,0.5258474195599474
4262,0.5424837414619218
4263,0.5144485373553935
4264,0.49950261626673664
4265,0.4670225253790075
4266,0.4879378866095408
4267,0.8688001395899185
4268,0.8687640913079202
4269,0.5382529058406278
4270,0.47775087319783
4271,0.5259585157869455
4272,0.5429721662040377
4273,0.5646664876246648
4274,0.5571576177590878
4275,0.5376326554747526
4276,0.4914928987845161
4277,0.7033652513997252
4278,0.5938828128035631
4279,0.5249038226368681
4280,0.5461782602019082
4281,0.5337172612982483
4282,0.5155147033507265
4283,0.5163459422775442
4284,0.8696333648599159
4285,0.595399311641279
4286,0.7520916014807125
4287,0.5437045581805995
4288,0.7045508071558417
4289,0.8520391736526528
4290,0.5366872223150569
4291,0.4966078505310923
4292,0.5200599458771806
4293,0.5386545678134125
4294,0.5225519186231364
4295,0.5128799049519476
4296,0.4493920827758877
4297,0.5059881660720947
4298,0.558597933935091
4299,0.811125614081816
4300,0.5465885963464363
4301,0.7321715335409836
4302,0.7106779584435512
4303,0.7943962502512387
4304,0.5326118798350854
4305,0.8678907481844306
4306,0.5011692004743771
4307,0.5196784303381468
4308,0.51120070869753
4309,0.542054580083602
4310,0.5269557621497756
4311,0.5270579691975542
4312,0.806316037847961
4313,0.7440252812937046
4314,0.5082022948246561
4315,0.8671805476040009
4316,0.8697947222493836
4317,0.5388097660181116
4318,0.8640448406954957
4319,0.6901658827730732
4320,0.5292761685044635
4321,0.8683992303527149
4322,0.530556292095657
4323,0.859557803531659
4324,0.8632845171993895
4325,0.4883133576035932
4326,0.5295179758355764
4327,0.5472796780504557
4328,0.8698992727573356
4329,0.7027960712876025
4330,0.6560901675788434
4331,0.5333256225881423
4332,0.7857295518178764
4333,0.8743758188212112
4334,0.5351277697649847
4335,0.7647177352657767
4336,0.5308728758940041
4337,0.514418659491041
4338,0.7904015013986727
4339,0.607961290215448
4340,0.7857107867096502
4341,0.5237613461604999
4342,0.4929691727757453
4343,0.4772908754964015
4344,0.5218772771759964
4345,0.5285529929078218
4346,0.5395173683395149
4347,0.5262514887859414
4348,0.5125293422929279
4349,0.8713000941403732
4350,0.5298075008766683
4351,0.7947249413526181
4352,0.5171932891793838
4353,0.7423352384432442
4354,0.5084942295180599
4355,0.8710706575789402
4356,0.540337710018536
4357,0.5545840603959402
4358,0.8677706163156242
4359,0.5667111396942874
4360,0.8619138230869169
4361,0.6642681231991264
4362,0.5334949350091762
4363,0.5239391720780624
4364,0.7040445973276493
4365,0.4994517764974308
4366,0.5185860874388286
4367,0.5526359887803188
4368,0.8715635124653511
4369,0.5451717639054625
4370,0.869895482823068
4371,0.7106770890398366
4372,0.6209618512705307
4373,0.640240073962275
4374,0.49289941284799893
4375,0.5179822352976637
4376,0.48507752686939754
4377,0.8105511912541851
4378,0.5182011946760307
4379,0.7403959264897833
4380,0.8014668114825066
4381,0.5174955430696357
4382,0.7446288034636082
4383,0.5619412582052061
4384,0.46935706985586206
4385,0.5037651295687284
4386,0.5616423588956438
4387,0.6206840793034629
4388,0.7424587825287834
4389,0.5525850667709872
4390,0.5285176039098647
4391,0.7078292833337327
4392,0.5427596753693518
4393,0.7962372623254188
4394,0.7607235613798382
4395,0.5252005588420036
4396,0.49620999994509
4397,0.5118051168437773
4398,0.7899810533721918
4399,0.8683346194398471
4400,0.5360161004662045
4401,0.5986814686374144
4402,0.5754254813525758
4403,0.4883689564572419
4404,0.5098536971919796
4405,0.49604115829605433
4406,0.5485327068334906
4407,0.7948134606604581
4408,0.5094845754954903
4409,0.4980577481765829
4410,0.5971096702308825
4411,0.7819261718065161
4412,0.5189635022538132
4413,0.4745773060768263
4414,0.6821953563299572
4415,0.735684586708968
4416,0.6868234610896103
4417,0.520430065663555
4418,0.5327507097682534
4419,0.5949993891222695
4420,0.5064282686544483
4421,0.7326225190261777
4422,0.8663705715212381
4423,0.7146301390053555
4424,0.4852235836908225
4425,0.4965364295864643
4426,0.49381003877711716
4427,0.7410029793053359
4428,0.6774606070194902
4429,0.5167199685331085
4430,0.6974179332331775
4431,0.5163158963179734
4432,0.5403479974716074
4433,0.532747283759288
4434,0.5464026979172414
4435,0.8649448918419174
4436,0.856869032076546
4437,0.8671242043402487
4438,0.5563566175547712
4439,0.5224647231049573
4440,0.5564196556890247
4441,0.8099463666599787
4442,0.737747445068562
4443,0.5573301250888024
4444,0.5349044962339934
4445,0.5349827082975166
4446,0.582917788745226
4447,0.5292820954938857
4448,0.5431461589103056
4449,0.5341123722756553
4450,0.5298825324897333
4451,0.7747556728822509
4452,0.5003062517639798
4453,0.4999280678697928
4454,0.5977597105874572
4455,0.7890235604404912
4456,0.8651005666765887
4457,0.5581993517028485
4458,0.47896130018901045
4459,0.5124215582480172
4460,0.6811968875543394
4461,0.5348663499059683
4462,0.5081910289284665
4463,0.5016753811566785
4464,0.45828720470431317
4465,0.6125929113069357
4466,0.49052268917508546
4467,0.5149895100782541
4468,0.8667822969407388
4469,0.8726378425793425
4470,0.6984844810490108
4471,0.5004698653476629
4472,0.8172867664529214
4473,0.6941765093798097
4474,0.5298111287970378
4475,0.7079193632472538
4476,0.4755750624097834
4477,0.5295485563320814
4478,0.5273790531046404
4479,0.5005978668165338
4480,0.5750525798177502
4481,0.5014776070705537
4482,0.6632422756431752
4483,0.4743456300998097
4484,0.8650814922162606
4485,0.7944112691164216
4486,0.7984420444353787
4487,0.7596448557520304
4488,0.5167975649001719
4489,0.5109293088126634
4490,0.514864268109091
4491,0.5087380061894039
4492,0.8210467014048549
4493,0.7173288239107269
4494,0.49226555611159617
4495,0.5312283402914748
4496,0.585292666252541
4497,0.5375306258557817
4498,0.5243500083272178
4499,0.6349926655177173
4500,0.5588162785201702
4501,0.7560744629542234
4502,0.502850745201612
4503,0.5405645961866667
4504,0.5937876680586321
4505,0.5299729316508819
4506,0.8672944239189071
4507,0.5387906864198377
4508,0.826202730227827
4509,0.5900155235423615
4510,0.7853527764986994
4511,0.7004652939398317
4512,0.46576042004568585
4513,0.5045685073857584
4514,0.5277799042087734
4515,0.7573882766061275
4516,0.7755419530875314
4517,0.5251699670645762
4518,0.4996803045426327
4519,0.5306048420236479
4520,0.48725956687841765
4521,0.545480942315762
4522,0.7647396936159069
4523,0.5269594591275507
4524,0.4984955903138029
4525,0.5178300690131045
4526,0.5714651155441872
4527,0.5385555022715666
4528,0.5759800813789491
4529,0.5134604393007837
4530,0.7867213177392595
4531,0.5454309359114162
4532,0.6780001648498922
4533,0.515698574005737
4534,0.5104906201851339
4535,0.5274075282123801
4536,0.5934863751010053
4537,0.7434574328428976
4538,0.7576812252432148
4539,0.865954271793302
4540,0.5331091705960318
4541,0.5244698218191864
4542,0.6111936710476681
4543,0.549277323776928
4544,0.5149824828641894
4545,0.530233405731914
4546,0.5620245024873529
4547,0.5579463048623936
4548,0.8632900223340069
4549,0.6780630737369652
4550,0.5489019045226502
4551,0.4754797954296301
4552,0.7250794871180668
4553,0.5588660400669614
4554,0.5160888909128097
4555,0.5043926570665984
4556,0.5291113040881099
4557,0.4879567105094663
4558,0.4733069268565619
4559,0.6814221213629206
4560,0.7663655767520499
4561,0.5311435082428085
4562,0.47676818546351946
4563,0.5069155456126064
4564,0.5013740255143583
4565,0.5473249322564634
4566,0.5191028678595961
4567,0.5397173732440732
4568,0.5239620542534653
4569,0.8055905680832104
4570,0.485187690302874
4571,0.7623273503637851
4572,0.5083406526094374
4573,0.7609659372579665
4574,0.5305977900516179
4575,0.4802870303714042
4576,0.5486658945430295
4577,0.5542336014322381
4578,0.5380986543154619
4579,0.5096044200406319
4580,0.5039482736448267
4581,0.6108929640695259
4582,0.720584188031724
4583,0.7011612410302028
4584,0.5144905220866749
4585,0.5183105114372031
4586,0.5296300338255089
4587,0.5362972769999503
4588,0.48895831396332845
4589,0.5313232300037852
4590,0.5000669766596977
4591,0.5223362311600719
4592,0.5170133122392193
4593,0.5125436347054384
4594,0.5576632537620517
4595,0.49946888712905047
4596,0.5557867687944723
4597,0.5139711396286086
4598,0.854608576683267
4599,0.5543918210273927
4600,0.7652234608537706
4601,0.5344351264479301
4602,0.5108478589901949
4603,0.5315515780058591
4604,0.7700253158065977
4605,0.5247374829093459
4606,0.5535384507140855
4607,0.8720191754439388
4608,0.7923669935024928
4609,0.6091305288175018
4610,0.6067680170777408
4611,0.551463148017568
4612,0.5111005036498871
4613,0.49757461385105706
4614,0.5770222591392283
4615,0.6510038192182646
4616,0.5015816415709382
4617,0.5297649137278682
4618,0.7432423392207164
4619,0.7536556273423638
4620,0.5058040885484734
4621,0.5086208381809951
4622,0.559439396650225
4623,0.5391672907229391
4624,0.531463107463948
4625,0.5270635708382804
4626,0.5426250797581369
4627,0.5187048665301912
4628,0.5068457225073799
4629,0.521961935131317
4630,0.5094763871400894
4631,0.5116312965391302
4632,0.8147044246168487
4633,0.47817449855639227
4634,0.48680878816504936
4635,0.5234333239973821
4636,0.5388212236107554
4637,0.6695350323579097
4638,0.7732298223331155
4639,0.48522338797950104
4640,0.5005217799526588
4641,0.5111790861922624
4642,0.6485915028623485
4643,0.5006078296819807
4644,0.5218178484321114
4645,0.5186639332426811
4646,0.5239777548124859
4647,0.8676674031925117
4648,0.8702563836076174
4649,0.4913689725703996
4650,0.5327372325061674
4651,0.6937418032875338
4652,0.5188427015848343
4653,0.505522956799394
4654,0.503019006148257
4655,0.5639335518054348
4656,0.5252373802860564
4657,0.47145066239947175
4658,0.7383951885709255
4659,0.5038401337471047
4660,0.8021741641777901
4661,0.5424869067084583
4662,0.7569133447277158
4663,0.867467803937817
4664,0.4993894007205822
4665,0.5548924967491803
4666,0.5486774216591758
4667,0.6147833489998858
4668,0.5241322614304802
4669,0.6772540847367996
4670,0.5340063930424491
4671,0.5572272299651851
4672,0.47960531652866367
4673,0.7334776548519838
4674,0.5220044349104342
4675,0.8697452896046691
4676,0.5699979740093487
4677,0.6472814156430147
4678,0.5367806637694716
4679,0.48650490715701794
4680,0.4909352355295297
4681,0.6190694142060359
4682,0.8265706733294143
4683,0.49815839589539107
4684,0.8012616099819887
4685,0.5760742011096751
4686,0.5022251997350737
4687,0.5178049979053787
4688,0.5281703908516013
4689,0.5036062002806494
4690,0.5601512580962259
4691,0.5316387591848868
4692,0.5074138286927025
4693,0.6856893952203846
4694,0.49962116835560755
4695,0.6497018494483067
4696,0.7725219303263672
4697,0.4650457665039024
4698,0.8727462336503411
4699,0.5390651193733357
4700,0.8718961275713892
4701,0.6257598192765346
4702,0.5626014263310827
4703,0.7995216932172968
4704,0.5172787813512499
4705,0.7370906774435653
4706,0.48107927019725477
4707,0.5183174070644179
4708,0.6424759594746187
4709,0.5519207694269639
4710,0.5753145106095595
4711,0.5805225619001086
4712,0.7820387284196959
4713,0.8698936961804444
4714,0.5456164047412363
4715,0.4951585092796127
4716,0.555309896799148
4717,0.702979479681159
4718,0.5487240514613506
4719,0.7774708755294742
4720,0.5469241970577033
4721,0.4995075891159995
4722,0.5133857535825853
4723,0.49344734870206636
4724,0.5184074412267794
4725,0.6428288924678082
4726,0.5238599996369399
4727,0.5177715749555263
4728,0.6032567032835623
4729,0.8661054896741359
4730,0.6785313060847318
4731,0.48807701214529825
4732,0.4695766699996287
4733,0.5289090078700748
4734,0.615817304220411
4735,0.5754247453838287
4736,0.4782698434743454
4737,0.7862418129805953
4738,0.7086741933195626
4739,0.5908037968823311
4740,0.5038979288980487
4741,0.5686512106167092
4742,0.4789885281252137
4743,0.5040974596552841
4744,0.45018727934578906
4745,0.589121325601044
4746,0.5037741098322457
4747,0.5675934899377028
4748,0.761577147260962
4749,0.8706503944292193
4750,0.8616472199070195
4751,0.8623645086419507
4752,0.8606981972584058
4753,0.4883513541348471
4754,0.6789918635569764
4755,0.5155259553457522
4756,0.5145508811704416
4757,0.7321103436357718
4758,0.5116747235530792
4759,0.86475282440249
4760,0.5137606349804551
4761,0.8655664348259835
4762,0.5072330740394697
4763,0.8729355747532301
4764,0.5314043432421738
4765,0.5316503119589232
4766,0.5688911762533757
4767,0.5830188791078303
4768,0.5181969415291401
4769,0.48635546465945556
4770,0.5357610249616322
4771,0.4846602960691103
4772,0.7479814438826256
4773,0.5286755759266243
4774,0.8000618884450854
4775,0.6753273469300647
4776,0.5310840777946096
4777,0.5493644770830063
4778,0.7986949445415512
4779,0.5203037111577634
4780,0.5441416080174803
4781,0.5434195079311875
4782,0.5545998696850492
4783,0.5397102023624557
4784,0.7493662718544236
4785,0.8696650613695636
4786,0.5506431282958627
4787,0.8644293998619161
4788,0.5278348704120115
4789,0.5883885772550577
4790,0.49969175978303326
4791,0.5403652767061713
4792,0.5140841323683152
4793,0.6618582582847701
4794,0.5239197874588497
4795,0.866463886418012
4796,0.5296935416733861
4797,0.5885299775949845
4798,0.500069221634966
4799,0.49436986582140086
4800,0.6443888972033107
4801,0.5127169880738416
4802,0.5350701921202853
4803,0.6005682748088313
4804,0.5527208877554137
4805,0.5539621517792968
4806,0.4895356625655771
4807,0.8074336937486453
4808,0.4827764550376167
4809,0.5121676472116052
4810,0.8698011255107811
4811,0.8674239163432651
4812,0.5591812152192412
4813,0.5240227761581028
4814,0.7356707585775326
4815,0.509036321050301
4816,0.6152835647016492
4817,0.7292499337186218
4818,0.7350780973132967
4819,0.5145606995936026
4820,0.7195759253989535
4821,0.5164304451422916
4822,0.7200872404887273
4823,0.5442961943440293
4824,0.8727870369906399
4825,0.7281417409133337
4826,0.4929383982256962
4827,0.6819362717399257
4828,0.512052103898892
4829,0.7097442730691146
4830,0.7162537801584978
4831,0.5583153422603877
4832,0.47468052760320484
4833,0.8703252939311679
4834,0.5237026969978061
4835,0.5274746039492066
4836,0.5221336631260991
4837,0.8633625022090632
4838,0.5659679061046027
4839,0.5604730590087638
4840,0.5921117322567963
4841,0.8093212616517415
4842,0.6140710441643208
4843,0.5272474640543241
4844,0.5466508371927019
4845,0.5198257053367419
4846,0.5431468613852765
4847,0.5382414758378807
4848,0.5493608551324207
4849,0.7241052258984022
4850,0.5282035074505794
4851,0.510360806361507
4852,0.5633436905654574
4853,0.47216113381900604
4854,0.4888003532231729
4855,0.501068046453878
4856,0.4994638291629635
4857,0.5952064233222357
4858,0.7673191509852735
4859,0.5632514138797435
4860,0.4809353456863288
4861,0.6543236930107617
4862,0.5060469362752504
4863,0.5115842653240357
4864,0.500308166696954
4865,0.5288852330533091
4866,0.7318134475785802
4867,0.5444734850674027
4868,0.5525379105960473
4869,0.6686476680162671
4870,0.5193358071048507
4871,0.5562502156059722
4872,0.8735531071576951
4873,0.5091325021988493
4874,0.5353663159020878
4875,0.5003068068652257
4876,0.5560585374600058
4877,0.5211245351121263
4878,0.5090200678941176
4879,0.5110181007056268
4880,0.5155231532034837
4881,0.5427684698270157
4882,0.873874986283452
4883,0.7483952249374597
4884,0.8668029593337665
4885,0.5483042129880724
4886,0.5337515841905609
4887,0.7320083662446077
4888,0.5003186838813976
4889,0.49632496736385984
4890,0.5453562985570106
4891,0.4983686131388181
4892,0.5539535030535193
4893,0.7537096250094029
4894,0.4551827155970868
4895,0.5707579739960391
4896,0.7128995912657958
4897,0.5082289969668137
4898,0.5267987307161517
4899,0.5268265325195809
4900,0.5005140241035332
4901,0.7497202724420602
4902,0.5167170204609818
4903,0.5041800995414144
4904,0.5040318111435474
4905,0.5382936805069714
4906,0.5354699680424411
4907,0.7958616986766606
4908,0.5570057045975598
4909,0.5241991633960019
4910,0.6668709023137823
4911,0.7832373598414858
4912,0.7586970867885778
4913,0.7858159474012971
4914,0.5300695076637442
4915,0.7555357656502064
4916,0.8655692026447617
4917,0.5440795822917156
4918,0.8705661046587381
4919,0.8687739804672687
4920,0.5321306670376565
4921,0.5815631801802634
4922,0.7279641768120476
4923,0.8638648063305174
4924,0.5009805382921008
4925,0.46556248287614177
4926,0.7344341600849289
4927,0.8008195245380312
4928,0.5456869335642197
4929,0.8707981340586683
4930,0.4908904760959382
4931,0.514795700352302
4932,0.5236256769226898
4933,0.6143947550336911
4934,0.7632603524587774
4935,0.5092657418406575
4936,0.871940272771166
4937,0.5212907024605695
4938,0.5509415476944408
4939,0.5227278898096314
4940,0.5448018121722213
4941,0.48950608836333936
4942,0.5434622227537014
4943,0.5189893629275111
4944,0.5108377710010494
4945,0.5541404035130528
4946,0.6773747694772464
4947,0.5022761163298638
4948,0.5610883939230207
4949,0.5320409587138778
4950,0.5634908818180537
4951,0.5165314937076628
4952,0.49668142123643066
4953,0.48774175292511845
4954,0.5408126981659233
4955,0.49731444618331144
4956,0.6984334964592765
4957,0.5306563193558578
4958,0.514018166371287
4959,0.4820499782478586
4960,0.48911355043573224
4961,0.6760681622448507
4962,0.5584331777444308
4963,0.5222885202325785
4964,0.5263278524320951
4965,0.51544299289587
4966,0.7400981678070335
4967,0.4958796451705594
4968,0.5217187061708254
4969,0.5499906431084897
4970,0.48866763758945664
4971,0.7636916136666474
4972,0.5252641780935081
4973,0.8708679384912832
4974,0.5541112189107172
4975,0.4655013846760925
4976,0.5103615230275553
4977,0.5413874585642335
4978,0.5505392003054319
4979,0.5494702358142117
4980,0.5361422069823728
4981,0.5723791648383599
4982,0.5114631794596197
4983,0.7695357018134446
4984,0.627641970088771
4985,0.6302499431398298
4986,0.771977891015641
4987,0.5638198280442642
4988,0.6987083493759876
4989,0.6103009381441142
4990,0.7381175438162826
4991,0.4592948126358095
4992,0.4600000051111674
4993,0.5099784926001416
4994,0.554181219394043
4995,0.5846187941109875
4996,0.7216937012815504
4997,0.8685484200844602
4998,0.7153074531336002
4999,0.538817437033328
5000,0.8150798598268376
5001,0.7882606602891294
5002,0.5930714765651981
5003,0.5315341838696469
5004,0.8684672139588507
5005,0.5251892205754327
5006,0.4852277030864479
5007,0.49657747622011816
5008,0.5024133049249725
5009,0.7132993221857604
5010,0.505108234119358
5011,0.5507864497408815
5012,0.4998708033108341
5013,0.8686072221072025
5014,0.5320161098828596
5015,0.5398371720401988
5016,0.5482849900894644
5017,0.5003716461586829
5018,0.469032550974427
5019,0.4766988773526962
5020,0.515713898197109
5021,0.8084619791147947
5022,0.5137513161513166
5023,0.5862275535253284
5024,0.8723832795816802
5025,0.5009727662138372
5026,0.5458835590566059
5027,0.5301841385508599
5028,0.5285939599656476
5029,0.5290040733003609
5030,0.49645089225120825
5031,0.5059886968976183
5032,0.8700713814913978
5033,0.759159124187109
5034,0.5266633977439831
5035,0.5380370126871221
5036,0.5552098241328993
5037,0.5052008510534403
5038,0.529470392023681
5039,0.5669130391332151
5040,0.7362760140060381
5041,0.5477197157659763
5042,0.4905970505976822
5043,0.5059545635096834
5044,0.5187193578339698
5045,0.5121666622312154
5046,0.5275137204742666
5047,0.5247926377271339
5048,0.4855007722850878
5049,0.6275845185468263
5050,0.5046148247629589
5051,0.5475270958634273
5052,0.8724168750164683
5053,0.5318382769723091
5054,0.8671420647916217
5055,0.6036886957534979
5056,0.5485214719691195
5057,0.5378224318509659
5058,0.5275779335508399
5059,0.5036777021420165
5060,0.6874520294081494
5061,0.4490598520782401
5062,0.6872602074626721
5063,0.5325505319113474
5064,0.8711154728701086
5065,0.532749696172257
5066,0.5434132859473855
5067,0.524013005840625
5068,0.5043592886706944
5069,0.5498466586804834
5070,0.4783260235540663
5071,0.7185921616217046
5072,0.5405777683406576
5073,0.8684499234684145
5074,0.5348606678800268
5075,0.5072723627553897
5076,0.508357843302145
5077,0.5148240468995604
5078,0.5099405229383192
5079,0.511747513562475
5080,0.6535072111948201
5081,0.8718275557681914
5082,0.5427473183923915
5083,0.5171455383031496
5084,0.5499283150392049
5085,0.6354958312657616
5086,0.8710462764919021
5087,0.7414406858584037
5088,0.5563908103308786
5089,0.4862767072688774
5090,0.5504882481209776
5091,0.7527588790671962
5092,0.5110431650096665
5093,0.4680427789327669
5094,0.521588854287496
5095,0.5400939613436003
5096,0.5188477337269758
5097,0.5377287105088728
5098,0.6550689496413113
5099,0.5018989710592506
5100,0.8624748472796587
5101,0.5802025716681896
5102,0.5196590521766059
5103,0.5000115984327596
5104,0.5204306200129473
5105,0.6721776145805755
5106,0.781867935238544
5107,0.8726083523548085
5108,0.5576501237113458
5109,0.5301126623025421
5110,0.7271357320031642
5111,0.4987371688722191
5112,0.5228024662535412
5113,0.5174688393300826
5114,0.8694290464931902
5115,0.6808118579552409
5116,0.4964005122603272
5117,0.7650300628303371
5118,0.7320497421215838
5119,0.6315695948683568
5120,0.5193444073191457
5121,0.5366779908593461
5122,0.5369596730972178
5123,0.46716628280019473
5124,0.7876648512562872
5125,0.552419455560545
5126,0.5012508418697303
5127,0.5362055347730732
5128,0.51548465685065
5129,0.5042651230050691
5130,0.49180011665250095
5131,0.4967701347013492
5132,0.504973600998714
5133,0.6431329566290758
5134,0.5097760329128713
5135,0.659105476713965
5136,0.5531558078678437
5137,0.557821962208754
5138,0.5208798813062553
5139,0.7082499793597173
5140,0.5382040891816215
5141,0.7937805375910485
5142,0.5000050304249652
5143,0.528380826193225
5144,0.6817929420541187
5145,0.7600582511698706
5146,0.8648982239842742
5147,0.5841150596942443
5148,0.5700001275712768
5149,0.8657785199747927
5150,0.5029227286538832
5151,0.7613140848217188
5152,0.5384957734587054
5153,0.5256624671652205
5154,0.5605436741267724
5155,0.5287649397697991
5156,0.4910507429182336
5157,0.4996722846188083
5158,0.5313185707613699
5159,0.4957009065361915
5160,0.5244354835858196
5161,0.5031511787295289
5162,0.4956741852818216
5163,0.7847150121626706
5164,0.5374923988509676
5165,0.7886014005402907
5166,0.46227901371276486
5167,0.5366312194546068
5168,0.7972969705892292
5169,0.5488594002948434
5170,0.5483229954588122
5171,0.5182760835625003
5172,0.4985836693139052
5173,0.8610386370853373
5174,0.5122413810057033
5175,0.5882474935245761
5176,0.5182132202434258
5177,0.6223665223008329
5178,0.5016949181097615
5179,0.5279141320583605
5180,0.7782192171137721
5181,0.5528370043763186
5182,0.7468311512289183
5183,0.5579818912979854
5184,0.7051686995320545
5185,0.5188259438524035
5186,0.7075942257478556
5187,0.8322209796860658
5188,0.546673005818969
5189,0.6936125960617988
5190,0.5865078026467223
5191,0.5035938676541385
5192,0.5286598547695429
5193,0.5504458422692914
5194,0.7486194748279915
5195,0.6936354855079099
5196,0.7430999041635654
5197,0.531250847229227
5198,0.5078406758182953
5199,0.5752800698715114
5200,0.7473410329940553
5201,0.7137987798018193
5202,0.8524423854291423
5203,0.7976684426353611
5204,0.5445102947300666
5205,0.642128967053895
5206,0.5245280743903464
5207,0.7464186977385248
5208,0.5048073698985677
5209,0.7711383511192087
5210,0.5049475075782492
5211,0.5217499033555264
5212,0.6938278457814897
5213,0.6399613581605494
5214,0.7114420957064839
5215,0.48595164231617083
5216,0.7434122662293627
5217,0.5599085886130157
5218,0.5347084312496815
5219,0.7264793677041681
5220,0.7327227792682542
5221,0.5217413532706456
5222,0.5383292157144467
5223,0.5075349795774764
5224,0.5273907908468334
5225,0.8662116782208651
5226,0.5058139664404444
5227,0.7305931963729915
5228,0.5287978570316371
5229,0.47950652509328784
5230,0.5958175742667216
5231,0.6788708797097343
5232,0.49775298913853583
5233,0.48573439607147184
5234,0.5060844038845782
5235,0.5219403680749914
5236,0.5546186523607707
5237,0.87183798930737
5238,0.5428047229119262
5239,0.8676807654642908
5240,0.5520311141639456
5241,0.7710125454238433
5242,0.8008346381462559
5243,0.5448334883046231
5244,0.5348853546982976
5245,0.779716909187261
5246,0.6004143820383002
5247,0.53284690506563
5248,0.521012157699305
5249,0.48609083246456697
5250,0.497812737703317
5251,0.601639330356694
5252,0.7983736209054247
5253,0.4954604752632408
5254,0.5207304901425862
5255,0.4683953699280178
5256,0.7780635851332076
5257,0.7334048767546153
5258,0.8673314423289833
5259,0.46157138787817725
5260,0.5985144121144655
5261,0.5251642295720098
5262,0.5122731971635673
5263,0.5776030646971612
5264,0.8723838911353227
5265,0.7402349588111055
5266,0.5264134665374334
5267,0.8718294853968265
5268,0.5372896452753066
5269,0.4968580288326068
5270,0.5434952977017807
5271,0.5429306715764435
5272,0.542026845948973
5273,0.5078049671557671
5274,0.5235783726447402
5275,0.5421645992022291
5276,0.49851526516878364
5277,0.49574057606724226
5278,0.46603834171568614
5279,0.4776688248536569
5280,0.5225327319363945
5281,0.8684085120086026
5282,0.8053205676532238
5283,0.5138381980219509
5284,0.7988467090127922
5285,0.8689878090927439
5286,0.47928750940410425
5287,0.5080710101824426
5288,0.5286347803960019
5289,0.5319403032404553
5290,0.543059463581038
5291,0.6529702781204815
5292,0.4984875021358115
5293,0.5438308871796032
5294,0.5199246185219282
5295,0.5181226379861001
5296,0.4903421839242091
5297,0.5178353685717016
5298,0.49921675025602835
5299,0.4765465479973705
5300,0.5620118904210364
5301,0.5372448902444933
5302,0.47085239776043947
5303,0.729665884402895
5304,0.4875102730332284
5305,0.5672303055837951
5306,0.7169324002052777
5307,0.643651887011326
5308,0.46996405139119735
5309,0.5364960587136001
5310,0.6877518487766235
5311,0.5056113827523485
5312,0.8677232717232344
5313,0.49318106680957907
5314,0.47395183827473747
5315,0.5465639111272161
5316,0.7019750194556538
5317,0.523877358851256
5318,0.5261840678741395
5319,0.5683547906299347
5320,0.8624410727050464
5321,0.542781306361739
5322,0.4980645554913763
5323,0.7275321885249344
5324,0.8672144915158234
5325,0.500274733899324
5326,0.509390283054614
5327,0.5105176295363787
5328,0.501051671175816
5329,0.5465085963768954
5330,0.6798963754005077
5331,0.5422209910753282
5332,0.808048070101101
5333,0.5236101575354151
5334,0.670351840542971
5335,0.5203363942569844
5336,0.564479731367959
5337,0.47611819728647226
5338,0.4982106803758498
5339,0.5081714012167604
5340,0.5447484630451067
5341,0.8225538738532485
5342,0.5318688296884632
5343,0.8694269689335992
5344,0.5810197117721416
5345,0.5184444509776753
5346,0.45966339676887535
5347,0.8665391154892012
5348,0.7210288588132833
5349,0.5431632240117823
5350,0.5124239454975638
5351,0.5215264133093803
5352,0.8230018926944167
5353,0.5189401020554317
5354,0.7344583996441983
5355,0.5340670927416091
5356,0.504761151121905
5357,0.662568390114795
5358,0.5302027748233697
5359,0.5638589814726833
5360,0.4886246650855972
5361,0.5081378250184718
5362,0.8716411116828449
5363,0.8260657605861919
5364,0.7936531133086555
5365,0.5124138380026844
5366,0.7232582201115253
5367,0.721063556302789
5368,0.46753446986396496
5369,0.8660185451393521
5370,0.7386936272870162
5371,0.5440727321844181
5372,0.762850384762598
5373,0.6645049355548983
5374,0.7385509062253857
5375,0.8674451390008769
5376,0.4764388843826487
5377,0.5484638631693814
5378,0.5288710502583777
5379,0.5094257693951293
5380,0.5322411447264654
5381,0.49650297792080683
5382,0.5039272866673893
5383,0.5790235860591262
5384,0.5415265843237802
5385,0.49605175566421517
5386,0.5632944643958624
5387,0.48207421348138124
5388,0.48610691964161473
5389,0.775018784568118
5390,0.6087869910075128
5391,0.500018920475545
5392,0.8675209002222926
5393,0.475549814056737
5394,0.5215115394544805
5395,0.745734039801671
5396,0.8694899095886595
5397,0.5123874626373969
5398,0.8740825803996446
5399,0.51679567731709
5400,0.5522413356380216
5401,0.6958512273895332
5402,0.5839145936327743
5403,0.5694941204042273
5404,0.4806174702875628
5405,0.5844230942361155
5406,0.5260694107525349
5407,0.5154503705647308
5408,0.5202066614067935
5409,0.5544610677916308
5410,0.5399875926900201
5411,0.8697597961835795
5412,0.49253522485022067
5413,0.5005794930213672
5414,0.7900663233419185
5415,0.5577395059840272
5416,0.8706818793644882
5417,0.5092600156583642
5418,0.8657484034516318
5419,0.8632565310230774
5420,0.8738675649292872
5421,0.7297361192148755
5422,0.6950245112018916
5423,0.5196195616995869
5424,0.550072404895802
5425,0.7907223697941275
5426,0.5374516012185683
5427,0.5867367542112578
5428,0.8708327493826901
5429,0.5709471112225767
5430,0.48265834043343736
5431,0.8029256756726086
5432,0.5194618211671683
5433,0.5121911098421191
5434,0.5299460973658101
5435,0.5811505870884249
5436,0.8702005787563136
5437,0.7184065454414743
5438,0.5262850299280161
5439,0.5152773473315135
5440,0.6746502626912448
5441,0.5218548810069921
5442,0.5311378849301726
5443,0.5309780235662401
5444,0.525666728331601
5445,0.4588659026725046
5446,0.7763707148027024
5447,0.5707227448586977
5448,0.5224986607176639
5449,0.5025442327076819
5450,0.5060058245419689
5451,0.5084993079524411
5452,0.6833675674171762
5453,0.5346903753433162
5454,0.5527435640878537
5455,0.5341471787866562
5456,0.8219913228881244
5457,0.5238594358329883
5458,0.8677568099279691
5459,0.5386547316153389
5460,0.5214556281805761
5461,0.49326416086214975
5462,0.8701694089979526
5463,0.7390793209354054
5464,0.49006089301436867
5465,0.5692799539415708
5466,0.5131697628398328
5467,0.5312486199825057
5468,0.6543048528966309
5469,0.8704407731682313
5470,0.5058502914082809
5471,0.49852000807666474
5472,0.6591865418326464
5473,0.5616608300362445
5474,0.6652011985170282
5475,0.5181962646164571
5476,0.4755278907952439
5477,0.8069557703646097
5478,0.556176691828369
5479,0.5284649873299733
5480,0.5246121683884528
5481,0.5966172377651706
5482,0.5249966662793454
5483,0.475909310897635
5484,0.5499357425483724
5485,0.49763913970116874
5486,0.5213905117968375
5487,0.5434021133954039
5488,0.5213856524282797
5489,0.8461184786692697
5490,0.4914215557155648
5491,0.5081745715697936
5492,0.5558406673212147
5493,0.5278315234857119
5494,0.8681560826309522
5495,0.5515622523255188
5496,0.7227811762640491
5497,0.5913027389251808
5498,0.5235274902066127
5499,0.5093844965192453
5500,0.5173161066701298
5501,0.5278991121802276
5502,0.5031837269956393
5503,0.7551984719313751
5504,0.7145277064699124
5505,0.500127262953428
5506,0.5316159715217142
5507,0.536908775320999
5508,0.5400722795112336
5509,0.8685568958386021
5510,0.6695170444037166
5511,0.5012247985120719
5512,0.5788397549314201
5513,0.5986241134440876
5514,0.5725808124328007
5515,0.5026319614240741
5516,0.612937072534571
5517,0.6262412169866743
5518,0.600108736481836
5519,0.49805676967344353
5520,0.5113641452019257
5521,0.5441624797360433
5522,0.48568180922294424
5523,0.5688144645481221
5524,0.5109660704999065
5525,0.8710257183112387
5526,0.5082974385365844
5527,0.4814745530485496
5528,0.8643428879324437
5529,0.8654751882021194
5530,0.560687374583934
5531,0.5464522478635879
5532,0.5434938856613232
5533,0.4652749565878956
5534,0.6219402728453398
5535,0.5881475533684236
5536,0.7082475917417956
5537,0.5131089581547841
5538,0.5505118018323888
5539,0.5538775735439235
5540,0.5343088849459431
5541,0.5338676762648338
5542,0.5236072641882914
5543,0.6965604685758134
5544,0.5232941908449461
5545,0.6930789066277103
5546,0.8723483574109164
5547,0.5232693896955719
5548,0.4924130403221926
5549,0.5075088677403221
5550,0.5332520160927532
5551,0.6265181429128679
5552,0.622721199032397
5553,0.5525185083844105
5554,0.44396370004752334
5555,0.5404444475980581
5556,0.8118883646789099
5557,0.7206179301666297
5558,0.5282421573788536
5559,0.7988591870135552
5560,0.5326111047713599
5561,0.8735259135860407
5562,0.589404796146218
5563,0.5042702111798675
5564,0.7996796529238481
5565,0.8600365659385698
5566,0.4927670479751649
5567,0.48123958959824414
5568,0.5373288383027837
5569,0.5675951317635941
5570,0.5137267548133488
5571,0.5193506982421245
5572,0.744206343169767
5573,0.7306142873067203
5574,0.7338210479828107
5575,0.6538635996980908
5576,0.5192583784331166
5577,0.7587464278406282
5578,0.5878982700525395
5579,0.5883533583103916
5580,0.5196701391118735
5581,0.5384333716736078
5582,0.5221064779877665
5583,0.7704354549279817
5584,0.5485452339782488
5585,0.505688505704638
5586,0.5208841624753839
5587,0.4845958666888958
5588,0.5246725748130794
5589,0.6081320375826904
5590,0.8006825555341025
5591,0.5092592024209897
5592,0.4744568107478674
5593,0.4740440420177191
5594,0.7669586657653573
5595,0.5066169817529442
5596,0.5373525721089227
5597,0.8139139715001673
5598,0.5219384547427686
5599,0.5254959387968121
5600,0.5192477526186011
5601,0.47991956148751586
5602,0.8663407275319037
5603,0.4865194621575363
5604,0.48634841151449304
5605,0.6573551765465779
5606,0.8661014255921924
5607,0.5468084071789459
5608,0.5079402495099732
5609,0.5142781213827162
5610,0.5908946539804506
5611,0.648952422331993
5612,0.8668272651055487
5613,0.5188693551720036
5614,0.6027161515610977
5615,0.5427737348410296
5616,0.5629997163130415
5617,0.539637727314922
5618,0.7659500593601802
5619,0.4987842028153685
5620,0.5418079467821293
5621,0.5475279234783094
5622,0.7817210923360964
5623,0.6942791470420469
5624,0.8709313634547904
5625,0.516273818344752
5626,0.676871683201782
5627,0.7008440752037481
5628,0.4750153823890027
5629,0.6106538258853289
5630,0.546471760087603
5631,0.8660549660404084
5632,0.5250488588578079
5633,0.5209333090037079
5634,0.8697933993175577
5635,0.7182548946090217
5636,0.5345716137619714
5637,0.8670417264953001
5638,0.500990470689254
5639,0.7586256869680591
5640,0.8690745758041825
5641,0.48601904366386717
5642,0.5056383158838573
5643,0.5153968828257258
5644,0.5252301907690611
5645,0.5232667601590755
5646,0.7633021390287498
5647,0.5552982741687651
5648,0.5156859932801745
5649,0.864552657801114
5650,0.7576811084751716
5651,0.6845908075900093
5652,0.5571648178608373
5653,0.8713736651448547
5654,0.5175582217114314
5655,0.5805427159057008
5656,0.5765023132288586
5657,0.5614490573450872
5658,0.8635266364000045
5659,0.5131953461254006
5660,0.7845203788900031
5661,0.5236682615215158
5662,0.5204349276876387
5663,0.7614412354212347
5664,0.5124605486773
5665,0.4831167340455362
5666,0.7353342599217636
5667,0.5137830725291517
5668,0.6814355621057171
5669,0.8658008507007582
5670,0.5549309604414994
5671,0.6075033655915377
5672,0.5028405328125893
5673,0.7101989920593564
5674,0.5244101703706274
5675,0.5329881912889656
5676,0.5312029765150845
5677,0.5178837513430121
5678,0.8655141248980097
5679,0.5061162980390852
5680,0.6894615747117169
5681,0.44302465121452783
5682,0.4934214874052855
5683,0.4854974152622379
5684,0.6263151109947583
5685,0.7652903558197413
5686,0.866213622327973
5687,0.5523337875545096
5688,0.4894463970316814
5689,0.5479959950361445
5690,0.5064093978110438
5691,0.5234735284910874
5692,0.4989951008639662
5693,0.537209407247897
5694,0.5106858508150756
5695,0.5458757927673527
5696,0.6734396125116718
5697,0.553277269973414
5698,0.488972417143057
5699,0.4883510146960218
5700,0.5528957396259901
5701,0.722115373211817
5702,0.5233555632508574
5703,0.8759882682822027
5704,0.6171353677547813
5705,0.5238102985378198
5706,0.5889601760126688
5707,0.5086013464189443
5708,0.5358362661047344
5709,0.5505422373256839
5710,0.5477607570948715
5711,0.5431878212783483
5712,0.7263356205437592
5713,0.5277839586597941
5714,0.4962612058838816
5715,0.8041396548553741
5716,0.5079914310003141
5717,0.7096452113105356
5718,0.5149776455694929
5719,0.7156024973275532
5720,0.8693649775025036
5721,0.5205270199333466
5722,0.5566699265929023
5723,0.5391811937638753
5724,0.7433745595192183
5725,0.5067507380580505
5726,0.7244509301670097
5727,0.7526179551615072
5728,0.5303566558376968
5729,0.5270444534581847
5730,0.4825925139522423
5731,0.533617436729016
5732,0.5244411701705004
5733,0.4686351327911944
5734,0.5188169090808664
5735,0.5237335759477049
5736,0.5099598410843911
5737,0.5075582525061821
5738,0.45142976891251907
5739,0.7399971477106413
5740,0.8617046384912331
5741,0.7195608509408693
5742,0.5400701269966219
5743,0.4951401605007856
5744,0.6084760483218258
5745,0.4982932646709124
5746,0.6853470394859636
5747,0.6009653250823139
5748,0.534781389295549
5749,0.8701797646533638
5750,0.5225852838650678
5751,0.8696109858853995
5752,0.5318262219522965
5753,0.6386233935441942
5754,0.5153603051362752
5755,0.6326713564876111
5756,0.7088188199314255
5757,0.5694963512832492
5758,0.48277326327979775
5759,0.5396279848491319
5760,0.5108680810044911
5761,0.5652513022024683
5762,0.7172778010045789
5763,0.5695784343314411
5764,0.5412892583207337
5765,0.5973789198100625
5766,0.5680857058599194
5767,0.7252529175180096
5768,0.8237773599931707
5769,0.5763690901777715
5770,0.5379316502552176
5771,0.7302765097172853
5772,0.5368414073637809
5773,0.8543147505480475
5774,0.4986283538550847
5775,0.5362056523654606
5776,0.5253402957045101
5777,0.7760376046079103
5778,0.7323505678817045
5779,0.4926110079929675
5780,0.7872459761967043
5781,0.8735139024144627
5782,0.5365253164976818
5783,0.5182486292084929
5784,0.5041797119903256
5785,0.5305852097696234
5786,0.8665525114430512
5787,0.5465691236647059
5788,0.7735455546541026
5789,0.5664148933195181
5790,0.5707935216781106
5791,0.6888337561345682
5792,0.5078941424441776
5793,0.7665241107728585
5794,0.8683067077534654
5795,0.617037697536531
5796,0.5346667912296164
5797,0.5060950817032861
5798,0.6614991085620512
5799,0.7053164681502642
5800,0.8009192169418111
5801,0.8691353223197624
5802,0.52012053176026
5803,0.5136597036332253
5804,0.48502939181640814
5805,0.5391627556701815
5806,0.5337975574125685
5807,0.5019539561692588
5808,0.5506281324343519
5809,0.6944199644358626
5810,0.5143507777727057
5811,0.8105677748053106
5812,0.5129436499593182
5813,0.8382381130085261
5814,0.5088399158191848
5815,0.5600466970142807
5816,0.6992974531270503
5817,0.47969207254286395
5818,0.5397349675282215
5819,0.7768741858604973
5820,0.7049687092207585
5821,0.5504999347413236
5822,0.560745451751777
5823,0.7280871203743857
5824,0.4998910092872352
5825,0.5088222677559108
5826,0.5111766267876777
5827,0.5204645491096707
5828,0.7721080470839765
5829,0.5785625133906812
5830,0.5811911300974855
5831,0.5559467198878222
5832,0.6020139464352051
5833,0.7032215256409579
5834,0.5458683210530357
5835,0.5786086198239109
5836,0.5288172650950267
5837,0.8030574728757722
5838,0.5369585656322797
5839,0.5026466797053201
5840,0.7801511978877749
5841,0.6162558360426673
5842,0.5458607186736806
5843,0.5381039433152994
5844,0.5955448435944412
5845,0.8686999011710784
5846,0.51053210824552
5847,0.4868455958173373
5848,0.7784104614690722
5849,0.8635162988571983
5850,0.5462817236457764
5851,0.8684919054039757
5852,0.8646179179532261
5853,0.4457256805605156
5854,0.5204439693665338
5855,0.7317570739719926
5856,0.5029096930116042
5857,0.5326994628822271
5858,0.7972575593774169
5859,0.47364985531137643
5860,0.540269097114197
5861,0.524813779238946
5862,0.5338328564912881
5863,0.5257509309624819
5864,0.5367636974480936
5865,0.6892881720061939
5866,0.5383814771056854
5867,0.4790077921057591
5868,0.47471735483857325
5869,0.5357526179531266
5870,0.5382428218136334
5871,0.5286672135352302
5872,0.5757459006408431
5873,0.8009694208927234
5874,0.5132902710993379
5875,0.480570795478925
5876,0.5252433756264596
5877,0.5294534773688919
5878,0.5566777587886924
5879,0.699465341122871
5880,0.508874010467863
5881,0.5267391849959013
5882,0.5569257094498612
5883,0.5086238889177769
5884,0.7513282126533116
5885,0.510261105260202
5886,0.7046798993714539
5887,0.7597958305259362
5888,0.8087976387466731
5889,0.4797727113687752
5890,0.552767764870705
5891,0.5294408563907398
5892,0.6821344675567707
5893,0.5466174783405443
5894,0.5139260035403999
5895,0.518297295170913
5896,0.507036932954382
5897,0.8712979115600213
5898,0.5265806056601184
5899,0.6707275549581525
5900,0.5500267970584509
5901,0.536511273597831
5902,0.5677354564503395
5903,0.8567010043702155
5904,0.5101263412209877
5905,0.5287070350168481
5906,0.5084660983509567
5907,0.6996273235150081
5908,0.4733009268320003
5909,0.6486969979075673
5910,0.863050286572846
5911,0.5107249331191037
5912,0.8693865098408211
5913,0.5278691757846607
5914,0.5215326160824338
5915,0.6143220157374831
5916,0.5308461174492685
5917,0.5719759213745901
5918,0.6735424997503433
5919,0.5128323559765264
5920,0.5382042391359547
5921,0.501976650751254
5922,0.7635941707101629
5923,0.6260104128924757
5924,0.5370800895678385
5925,0.4809114334802118
5926,0.49867665864373867
5927,0.682045326438421
5928,0.5135661729611222
5929,0.49406506000861067
5930,0.5108474377977535
5931,0.5854656371468858
5932,0.5165742343037262
5933,0.4993747046349015
5934,0.7401124099169853
5935,0.7894532440072433
5936,0.5385889892202623
5937,0.5326668618386347
5938,0.74900975570825
5939,0.7685152912791842
5940,0.5401506102328523
5941,0.6782495262675402
5942,0.511946751841321
5943,0.8220515853925378
5944,0.6757480316399792
5945,0.519801694537118
5946,0.5243399365930375
5947,0.539494425809729
5948,0.8709920022244821
5949,0.5524050677850685
5950,0.8712433443721568
5951,0.5319528284673942
5952,0.4919901177214736
5953,0.5763854531720606
5954,0.6820038529219493
5955,0.6588696496443003
5956,0.8690138930484388
5957,0.8708809428159285
5958,0.5115527148402478
5959,0.8696376536983198
5960,0.48277299273580665
5961,0.5368786608520062
5962,0.5939471973707192
5963,0.5117674160404965
5964,0.5813165946021219
5965,0.5306827648596485
5966,0.5402656868318678
5967,0.5100810943987812
5968,0.8690980141967606
5969,0.5296888515501693
5970,0.4767832968149313
5971,0.5196607326591387
5972,0.6229878234555903
5973,0.7171768356084788
5974,0.5113521412350718
5975,0.742661121196731
5976,0.5124673301452556
5977,0.5411089028167051
5978,0.5306463531113075
5979,0.5324283793751301
5980,0.4868721771689475
5981,0.5811796863828415
5982,0.5890653069338794
5983,0.5533885988011967
5984,0.527809418867207
5985,0.7440822716369092
5986,0.6864190735893747
5987,0.5181390735820339
5988,0.4802743698861566
5989,0.6328303028171708
5990,0.5961009906609842
5991,0.5607879377980579
5992,0.6488874841546582
5993,0.5044032988173422
5994,0.8026012912760694
5995,0.8642275935304986
5996,0.8598632928220055
5997,0.7664204254606085
5998,0.6504589400843463
5999,0.5308041805875013
6000,0.535935884800213
6001,0.5078003927264902
6002,0.48890703217276277
6003,0.5380421992794518
6004,0.4992574231286992
6005,0.8708565851867517
6006,0.5093998375368216
6007,0.5422370035693616
6008,0.6019576087345014
6009,0.8695184734214451
6010,0.4812487086721795
6011,0.8177861059466255
6012,0.7523025860998604
6013,0.5404369727616576
6014,0.5027961081318375
6015,0.5357578372608859
6016,0.5202301701384467
6017,0.53194540884105
6018,0.8641863235641134
6019,0.5026330372453496
6020,0.8725290954450855
6021,0.7933515230639632
6022,0.5157753711909433
6023,0.5015675989552758
6024,0.5322629902925045
6025,0.5003091700749562
6026,0.5527451293116986
6027,0.8698479071898724
6028,0.5336400016353375
6029,0.8755538836931704
6030,0.7985532395766801
6031,0.5518303499889883
6032,0.7500116417970739
6033,0.5376141747700891
6034,0.459618884965397
6035,0.5043177792646873
6036,0.8754460527175139
6037,0.6326696666387313
6038,0.7154058720219116
6039,0.7777297272175123
6040,0.7601004468560166
6041,0.8701449489856233
6042,0.4823087881553061
6043,0.5558501858678705
6044,0.7407361323565795
6045,0.5388035145981518
6046,0.48441257658994963
6047,0.5349135211510607
6048,0.5310551469734046
6049,0.4853633631012654
6050,0.8665359021940338
6051,0.6744474102833337
6052,0.778348179450566
6053,0.8628248710231045
6054,0.4968585398625375
6055,0.6743893289651599
6056,0.4783238338714133
6057,0.5410072972309594
6058,0.8239928977353703
6059,0.8110581134214087
6060,0.5809853645638465
6061,0.6871030273111175
6062,0.5093245803833488
6063,0.5307635959601413
6064,0.690113491513322
6065,0.5266383450724702
6066,0.5309681819187577
6067,0.5618459656273481
6068,0.8698078977782266
6069,0.49796105903974264
6070,0.8699878817579737
6071,0.4667147828209034
6072,0.7545820043836138
6073,0.7780750685993617
6074,0.6879822601804262
6075,0.4916983034251355
6076,0.5040514273941943
6077,0.7184555368436409
6078,0.5959731715175467
6079,0.5246230586166134
6080,0.5341148263082758
6081,0.5077406194109267
6082,0.7221818521074082
6083,0.5308623092256695
6084,0.5246822165361349
6085,0.529492449145489
6086,0.7514089509090522
6087,0.8687419886935406
6088,0.5439190664025843
6089,0.7976150890259165
6090,0.5171089009226848
6091,0.5520792318871578
6092,0.7227501676359358
6093,0.503666772464219
6094,0.5577560911717853
6095,0.8711521739315147
6096,0.5717526633011125
6097,0.8126372941569768
6098,0.5299169133011619
6099,0.49081102992949727
6100,0.8617896086453709
6101,0.5064020932194246
6102,0.5350654227364664
6103,0.6871764233743584
6104,0.5378119263714248
6105,0.7439131342195344
6106,0.4848501434841156
6107,0.509397008739401
6108,0.5458355139283156
6109,0.5112840928730269
6110,0.871660050457334
6111,0.5541864626607209
6112,0.5083341648631667
6113,0.5090320266086672
6114,0.8631647682354797
6115,0.7868939485171639
6116,0.8675734119605634
6117,0.5019647744406223
6118,0.7742913534463247
6119,0.5546785718030725
6120,0.49322385846368744
6121,0.7712008661817946
6122,0.46541308322262437
6123,0.7460985879787947
6124,0.5197060234996709
6125,0.4891027223489862
6126,0.46939108899048154
6127,0.5286336693257017
6128,0.4931725249516379
6129,0.6178966097165115
6130,0.5102373720059239
6131,0.8633312368293098
6132,0.5490265272198438
6133,0.5171073308298344
6134,0.7887093461933417
6135,0.47322602912421086
6136,0.5576484718942885
6137,0.5929797334767062
6138,0.5042241631089209
6139,0.5014041231414479
6140,0.5189740336162241
6141,0.5211876187197146
6142,0.8737448580528883
6143,0.5172701007551971
6144,0.5187186860363986
6145,0.5738537879788854
6146,0.5025403762277028
6147,0.5222694485948639
6148,0.5012556948433184
6149,0.5024646988761343
6150,0.49346791164477155
6151,0.7588417517971591
6152,0.5071467813355754
6153,0.7322278048998347
6154,0.5116341013357067
6155,0.5235061964014054
6156,0.5443336147817516
6157,0.7921515597913278
6158,0.8635791643847449
6159,0.5600919992338056
6160,0.726008532332969
6161,0.5148497944300958
6162,0.5197593467289949
6163,0.502386544280295
6164,0.6199251023592702
6165,0.5119889081162026
6166,0.5231301334167509
6167,0.5621450789575242
6168,0.537826161554233
6169,0.5314460627582729
6170,0.5522752325346445
6171,0.5092781160325278
6172,0.6786883149632612
6173,0.4892158425551054
6174,0.8115255993363519
6175,0.7966671280504631
6176,0.46628153982987136
6177,0.5447930569361679
6178,0.5129674579597198
6179,0.6106473771941574
6180,0.519426445000646
6181,0.7468319120765576
6182,0.8708538110290733
6183,0.5295688684857245
6184,0.6206703443863524
6185,0.5629172474176944
6186,0.5439307221706849
6187,0.49105603189789926
6188,0.4797187527371408
6189,0.5780089284523667
6190,0.5389371173297662
6191,0.7097977973532174
6192,0.775801566506516
6193,0.5330165824152638
6194,0.5184771754214287
6195,0.5353861488290184
6196,0.525655726979097
6197,0.5497476122304801
6198,0.7659175599966876
6199,0.702412233706871
6200,0.8745100522614201
6201,0.5402332694418255
6202,0.8685663479515449
6203,0.8652432324714552
6204,0.5072062002951085
6205,0.5908187440651308
6206,0.5945103147212536
6207,0.8704427823661085
6208,0.7188893011179869
6209,0.7848175225573959
6210,0.6352668097916268
6211,0.5160901562077325
6212,0.559378405693289
6213,0.5337946254174314
6214,0.5159051563826178
6215,0.5184885131758684
6216,0.5310644666138928
6217,0.4912332071936038
6218,0.45671077660754766
6219,0.5714015291921046
6220,0.49127050478311385
6221,0.5426771362029765
6222,0.4776942660552035
6223,0.7553414323157682
6224,0.531227948180338
6225,0.7215019362339823
6226,0.727244872746323
6227,0.4495438228538106
6228,0.8667375449339478
6229,0.4903063402737916
6230,0.5334075521669275
6231,0.516097592910151
6232,0.5318894947974478
6233,0.49523217263130553
6234,0.717245767837621
6235,0.5250264215301859
6236,0.5221476517791558
6237,0.7841589087337386
6238,0.5097048378666343
6239,0.5032077943272314
6240,0.5581341150225856
6241,0.7958251033682353
6242,0.5165499480784534
6243,0.5242354083704417
6244,0.7041609667489016
6245,0.4955024671779469
6246,0.5558623716282375
6247,0.5520937500844556
6248,0.5293798456502014
6249,0.49150565966701265
6250,0.8740036057327963
6251,0.5170985031243386
6252,0.523163459717738
6253,0.5173800162137705
6254,0.8714858457233796
6255,0.5282818519435206
6256,0.686624719262028
6257,0.5670096930521172
6258,0.5337904024643767
6259,0.7412226575342478
6260,0.6689967614150303
6261,0.86141153865431
6262,0.547327034661482
6263,0.6860257116124938
6264,0.49888983015846
6265,0.5146499407195864
6266,0.4682908088756969
6267,0.5353027744908434
6268,0.5197335397284257
6269,0.5310532815353973
6270,0.5484047812408218
6271,0.7057000246858696
6272,0.5771575186273794
6273,0.5396073579134548
6274,0.5274041373300946
6275,0.8284736953591098
6276,0.510892301874939
6277,0.8706161738098805
6278,0.6239385014049683
6279,0.5347589081605778
6280,0.539514311030531
6281,0.5129591609150262
6282,0.5850412196656292
6283,0.6736754010518807
6284,0.535098987806433
6285,0.5005729411970234
6286,0.5313253410874638
6287,0.5224512720016037
6288,0.47320389328953216
6289,0.5249633486399703
6290,0.8688895755503815
6291,0.7493745437649507
6292,0.7592727679691046
6293,0.505560550698116
6294,0.5305770298010821
6295,0.5573065386314144
6296,0.8674729296218795
6297,0.48659618446292824
6298,0.7214404923347961
6299,0.5440480219234851
6300,0.526868041092952
6301,0.7807399494050179
6302,0.5113651758956749
6303,0.5184914519078577
6304,0.5228209644192461
6305,0.5532497966030929
6306,0.5372912404419791
6307,0.5412158534016945
6308,0.5588155323671065
6309,0.49761523553772496
6310,0.741546965962822
6311,0.8680557447902487
6312,0.6110446725822448
6313,0.775390614376554
6314,0.4832112491966319
6315,0.4979331285776008
6316,0.7983087262684203
6317,0.7548707301785039
6318,0.6620262821505359
6319,0.5404609616472001
6320,0.5354237334773687
6321,0.4850306948228686
6322,0.5223933137024105
6323,0.5133997761702077
6324,0.5692701562929581
6325,0.5324851117243738
6326,0.5463832368915622
6327,0.5745089199177076
6328,0.4829431308244301
6329,0.5228451649407306
6330,0.5500812569905208
6331,0.4924150248547828
6332,0.8090937755653269
6333,0.7468521093905932
6334,0.6177096094017823
6335,0.8712727675586023
6336,0.5106037586071023
6337,0.4835432541542038
6338,0.49939343588820867
6339,0.5449029489335052
6340,0.6729071124576426
6341,0.5198852737865415
6342,0.5522398474917354
6343,0.5099709375758058
6344,0.8681149189533084
6345,0.8679754923453211
6346,0.5667576928894404
6347,0.4883140415699817
6348,0.43136673757131766
6349,0.7754849581962837
6350,0.565971895231637
6351,0.6618921054960204
6352,0.8630667609245309
6353,0.6537442040568149
6354,0.6888615499421552
6355,0.5868985716690139
6356,0.5263288662889059
6357,0.5016724283985152
6358,0.5472825069763313
6359,0.518437796490258
6360,0.5487901751671839
6361,0.5185280263907447
6362,0.7835798451918996
6363,0.5642926748760496
6364,0.5070039689247049
6365,0.5008257141236343
6366,0.5252295978005321
6367,0.521406103562223
6368,0.5156227915828805
6369,0.4949455074969781
6370,0.48107644607619515
6371,0.7967849503546334
6372,0.5336742940808255
6373,0.5151538623356577
6374,0.4980713838023884
6375,0.7163906736674778
6376,0.5373916177604919
6377,0.513416744393198
6378,0.7969572950050166
6379,0.8711215334758375
6380,0.5427786151615612
6381,0.5004301539755134
6382,0.8677710962270768
6383,0.5515086118186603
6384,0.5385263265878033
6385,0.49444074440716473
6386,0.5262738793850542
6387,0.716931300587114
6388,0.5341707059189713
6389,0.6535613375006346
6390,0.523073565018791
6391,0.5338511410747793
6392,0.5375882927885477
6393,0.5287020891580027
6394,0.49894820922945504
6395,0.55024623351882
6396,0.5008201022320686
6397,0.5458730301144187
6398,0.8157686934750896
6399,0.7320265164096281
6400,0.7002587766296177
6401,0.5025722857350874
6402,0.8602674264183721
6403,0.7122837299098902
6404,0.7899004626280461
6405,0.5672418443370721
6406,0.4615861504443569
6407,0.5584593737430843
6408,0.5190351211096237
6409,0.8005999805018958
6410,0.499206768561936
6411,0.5418733023282115
6412,0.5196187577663363
6413,0.5340959386063371
6414,0.5167201522200073
6415,0.8683348144110185
6416,0.8677977116986351
6417,0.5164361949626144
6418,0.5104463612371948
6419,0.5302996374466296
6420,0.5147847322850222
6421,0.5415394066809527
6422,0.5344688085435416
6423,0.49051325543678037
6424,0.5707906593446002
6425,0.5273289163309315
6426,0.49074392499953107
6427,0.45073838223541624
6428,0.868183508368418
6429,0.8675172742012607
6430,0.5492453074933511
6431,0.49813515893928306
6432,0.8690632927180932
6433,0.5161615582850698
6434,0.750768984155607
6435,0.4683530709099823
6436,0.5103141647274285
6437,0.5508135387738916
6438,0.5213813130783834
6439,0.7920626714435017
6440,0.5303354293271967
6441,0.4698092711169142
6442,0.8717325856329691
6443,0.4883428362842781
6444,0.7490349090769862
6445,0.7013649636117175
6446,0.5263275575345716
6447,0.5127422277328338
6448,0.7489209369930903
6449,0.7526122427199375
6450,0.5738584681623832
6451,0.5401722215688751
6452,0.8748171970468407
6453,0.5314828709193572
6454,0.5169044095789739
6455,0.5432120597941488
6456,0.4921199409311147
6457,0.8656191832959799
6458,0.5561871939255253
6459,0.5859780243102796
6460,0.5498369110088261
6461,0.5973671007632191
6462,0.8356839702709942
6463,0.5187521025625632
6464,0.541475221064745
6465,0.8659902875925194
6466,0.5434566910031868
6467,0.505968363589274
6468,0.5060128635354042
6469,0.5130924583314174
6470,0.5041196338017949
6471,0.7988117939092234
6472,0.5576924468695363
6473,0.5383284160881509
6474,0.48662216359853017
6475,0.5595791641933314
6476,0.869830958948185
6477,0.652753279488179
6478,0.7020476035907204
6479,0.5520433298706343
6480,0.5369664827743635
6481,0.6955952222761752
6482,0.8705298296411432
6483,0.8625216661263104
6484,0.5177321262790197
6485,0.8030908752670651
6486,0.5299406166185485
6487,0.8669066975332657
6488,0.5582757512028563
6489,0.5186401905107466
6490,0.5451673908184335
6491,0.7741287094439855
6492,0.8704064416791917
6493,0.5745017645442291
6494,0.708314129745123
6495,0.7514905583002847
6496,0.6404601999252124
6497,0.5177565919062421
6498,0.8639388217682923
6499,0.5132135984876629
6500,0.5025240683579693
6501,0.8671984477725052
6502,0.534508484814968
6503,0.5371166673277129
6504,0.4819652492160239
6505,0.8716830508726447
6506,0.8681414748884577
6507,0.6490608282177902
6508,0.525760522291064
6509,0.5426100799657282
6510,0.6042134361198853
6511,0.5204658601873089
6512,0.5397621286288219
6513,0.5896085278563834
6514,0.4902747609009237
6515,0.5209887510929001
6516,0.8557192749617735
6517,0.6744053138470392
6518,0.5297577492654731
6519,0.5590333672155045
6520,0.5221989248644132
6521,0.6136676417567991
6522,0.5050276995770991
6523,0.5306339806337868
6524,0.6434836398436583
6525,0.5149675150222925
6526,0.7133865442489711
6527,0.5062846802460871
6528,0.5662010822025345
6529,0.5535107820697401
6530,0.7307697066876161
6531,0.537364280337733
6532,0.4859117753387658
6533,0.493145476311967
6534,0.4937349892088526
6535,0.5290613067292453
6536,0.5114516794776567
6537,0.7908990565627956
6538,0.5147158141861641
6539,0.7029307845388437
6540,0.8672057674616638
6541,0.5342761157099097
6542,0.7391706742163265
6543,0.5489496002446886
6544,0.5295142079059446
6545,0.4757156155149912
6546,0.5254226590739631
6547,0.5430670022133496
6548,0.506298700601748
6549,0.48824046434641644
6550,0.5211110376750446
6551,0.5175064910168825
6552,0.7138610910277153
6553,0.6338985473355182
6554,0.574363352837999
6555,0.7298146819763203
6556,0.5427735352750991
6557,0.8659730542516872
6558,0.629274716182648
6559,0.5032888588998039
6560,0.5213410558061405
6561,0.5190871645090867
6562,0.8682888606226509
6563,0.5182471589415716
6564,0.51904975161287
6565,0.5141811338740772
6566,0.530351739427583
6567,0.8710846443994092
6568,0.5477978795801395
6569,0.8644276958280696
6570,0.468037004441506
6571,0.7617381596921424
6572,0.6939089405726965
6573,0.8058138614339547
6574,0.5219511845738685
6575,0.5081855622601442
6576,0.5208845902367769
6577,0.6324487949226085
6578,0.6472466552732984
6579,0.5246641361842792
6580,0.5248513164186386
6581,0.8670373820597332
6582,0.7004452798045925
6583,0.8558843579819027
6584,0.5451932197138473
6585,0.6305998486121434
6586,0.5300257244759912
6587,0.7926790940835724
6588,0.8703366450155046
6589,0.5186806917024551
6590,0.48007678092411293
6591,0.5427416269013503
6592,0.8754273097609877
6593,0.5189710100486534
6594,0.5773408133440568
6595,0.8691427343920566
6596,0.48301169642320363
6597,0.5573534510226363
6598,0.5293400298278266
6599,0.8669686743706415
6600,0.8723141252420809
6601,0.5327328457678567
6602,0.539421980563683
6603,0.49604084204779075
6604,0.7711473693279817
6605,0.513180425978381
6606,0.5374270125099258
6607,0.765025996971447
6608,0.664481434308853
6609,0.5126120574167987
6610,0.4496687734223836
6611,0.5048876339236881
6612,0.7843959141533998
6613,0.5593905337964326
6614,0.518000090020402
6615,0.5282768656988632
6616,0.5167388952094396
6617,0.6664099261473362
6618,0.5212232863631393
6619,0.871754826831176
6620,0.5257188975369576
6621,0.534442927299808
6622,0.6903661453659515
6623,0.869157705901223
6624,0.6972404163080032
6625,0.592111159545904
6626,0.6540509511941618
6627,0.5316426641506097
6628,0.49516398205783296
6629,0.8164197891522229
6630,0.8723828688603532
6631,0.6492095210651851
6632,0.5371748452691868
6633,0.5531480902341018
6634,0.5101631540809062
6635,0.5295139402770528
6636,0.7327078473953992
6637,0.5086153107423952
6638,0.5113115495219289
6639,0.7763530544930902
6640,0.45856362398937456
6641,0.5207398541843525
6642,0.7428067492337089
6643,0.6572719639746687
6644,0.5462450374530696
6645,0.5374989736619793
6646,0.5109412786322377
6647,0.5448278173900457
6648,0.8692877746544958
6649,0.5218451461825628
6650,0.5205238749520349
6651,0.5402992220313838
6652,0.5076388555692778
6653,0.5032145345458259
6654,0.7269952777304598
6655,0.5752868973161985
6656,0.7627403661064128
6657,0.5571936233759437
6658,0.5302206749307812
6659,0.4733105809552707
6660,0.7775675735324574
6661,0.4723058505086607
6662,0.739041380644907
6663,0.4774103240155832
6664,0.7214819812219084
6665,0.5398442729339386
6666,0.4914365123857125
6667,0.5502358010487103
6668,0.872522680229174
6669,0.47065701790494185
6670,0.4962280456085361
6671,0.49514976192428634
6672,0.5436101290575408
6673,0.5268071945783454
6674,0.8715749370967312
6675,0.4913572647005948
6676,0.5815005325007002
6677,0.8789556589950287
6678,0.5247284608974715
6679,0.5303461461132364
6680,0.4900041441068896
6681,0.5309452018628544
6682,0.5616125775759759
6683,0.8118612686463278
6684,0.5496057571076063
6685,0.5087211032979658
6686,0.5856914659464468
6687,0.7533337575643053
6688,0.49346053444034715
6689,0.5080411824047869
6690,0.5042444057667492
6691,0.5009832531115794
6692,0.5803896349277379
6693,0.5251972986404335
6694,0.5180765837117929
6695,0.505144391892989
6696,0.7646670541473239
6697,0.87033649548981
6698,0.4964538274944484
6699,0.5187235269173661
6700,0.8650583877281479
6701,0.5571107467299288
6702,0.5893259989715174
6703,0.5618581396472945
6704,0.5342766027631918
6705,0.8724826901918574
6706,0.6938941228838493
6707,0.5289096133149718
6708,0.5308718725914096
6709,0.8719184306796157
6710,0.5479966407340957
6711,0.6233975150281943
6712,0.5074753289574481
6713,0.5327312345928576
6714,0.49923400435454984
6715,0.5075404544023663
6716,0.6817221780954881
6717,0.4895189122491361
6718,0.5159557234404077
6719,0.6521693130043579
6720,0.6905733776791788
6721,0.8692900681867095
6722,0.49173511809598114
6723,0.7019337959192207
6724,0.530891169189089
6725,0.5243160554707277
6726,0.742709935165115
6727,0.760574509262907
6728,0.5119483798584062
6729,0.498966344727919
6730,0.8677290103193176
6731,0.5324822265508281
6732,0.547779961059796
6733,0.5211662090693113
6734,0.5052214518344017
6735,0.5033839993560514
6736,0.5008876898646882
6737,0.5480001890073021
6738,0.8716850886358432
6739,0.7475190642229284
6740,0.49330156880800335
6741,0.5214934854507275
6742,0.5264467342207313
6743,0.5109732548818314
6744,0.5138831871832917
6745,0.5624439790242532
6746,0.7377556428750549
6747,0.6744911423599689
6748,0.5015557683353136
6749,0.5387707639514956
6750,0.5796814489284606
6751,0.49078404296989747
6752,0.49501291272972436
6753,0.8675107682551835
6754,0.5529245633295596
6755,0.8689113897678358
6756,0.5208881255994678
6757,0.7594377585239838
6758,0.5380104511036925
6759,0.5632642961660848
6760,0.7354109157725001
6761,0.5294183252956021
6762,0.5243107040205259
6763,0.7786709179090957
6764,0.5307721617977763
6765,0.7434278153406605
6766,0.8705337702741885
6767,0.7600110340727416
6768,0.4974601189021553
6769,0.5594908838155516
6770,0.7184953158325983
6771,0.6945616308752859
6772,0.5694807360514552
6773,0.870175366132045
6774,0.5180144974702154
6775,0.5288498564197306
6776,0.5117956650696364
6777,0.499026852872954
6778,0.49665895400334037
6779,0.8693160661136496
6780,0.712882886096302
6781,0.5388825511057189
6782,0.49415275377654183
6783,0.8676188851935775
6784,0.8650585137609335
6785,0.5037960760395052
6786,0.5044694431626735
6787,0.8704775688513994
6788,0.5298918645892874
6789,0.528011504167287
6790,0.6736561777467869
6791,0.6678663140394882
6792,0.5442575190178124
6793,0.8658378145237358
6794,0.5215697478739985
6795,0.7445252798362383
6796,0.8686106117357055
6797,0.5325632513997128
6798,0.7692412512077825
6799,0.5021500664688939
6800,0.7732196727564707
6801,0.5199164941186042
6802,0.5683346873381186
6803,0.7204666035690994
6804,0.5271844546425577
6805,0.5111508929344858
6806,0.8699896473640303
6807,0.674860777194468
6808,0.4950188274392376
6809,0.6176133068423735
6810,0.505234173479398
6811,0.8688851804759896
6812,0.5087772663496815
6813,0.7275831080052387
6814,0.8672075469687549
6815,0.5109463829045489
6816,0.6281955294695009
6817,0.6133646196140229
6818,0.7143448375264846
6819,0.7953772390811041
6820,0.5407539594431056
6821,0.5467441982798684
6822,0.47970338747651353
6823,0.569100582942813
6824,0.7047389184150945
6825,0.5190571242841295
6826,0.8596423528677972
6827,0.5387270382373948
6828,0.7290502751119751
6829,0.777132202415826
6830,0.48161792872342973
6831,0.7163832272770243
6832,0.5112164819852156
6833,0.52439774702306
6834,0.538720101252408
6835,0.8723350686178462
6836,0.5068690957798598
6837,0.7726117642284915
6838,0.5410180241274289
6839,0.8695098375533403
6840,0.5218586066514767
6841,0.7871071654540065
6842,0.7965539031594966
6843,0.5178078054949264
6844,0.5061369613190179
6845,0.5042703809589669
6846,0.4987248313751843
6847,0.46009621789562816
6848,0.46822072499510187
6849,0.48553403089112634
6850,0.509866974057235
6851,0.5347990907117665
6852,0.6278693386383358
6853,0.6621032870366854
6854,0.7492389425791399
6855,0.581365057878305
6856,0.5353118242040334
6857,0.5354559974755217
6858,0.540314982373047
6859,0.8666267106033366
6860,0.5434967923851105
6861,0.572991574965982
6862,0.49213958872716856
6863,0.568304141009349
6864,0.5363044305048114
6865,0.5764709549551615
6866,0.6544745151372319
6867,0.5534370262180915
6868,0.46580426847836726
6869,0.5253081666830942
6870,0.697694988177717
6871,0.5433757923890429
6872,0.5644036643732477
6873,0.5246079509652956
6874,0.5074158320966548
6875,0.5221747138711277
6876,0.5336895863544358
6877,0.5145165198276254
6878,0.7941728538742721
6879,0.49766666186950426
6880,0.49951077988864784
6881,0.7982248652738562
6882,0.5370148296230653
6883,0.5292356532334017
6884,0.6113751695588819
6885,0.6335189192097026
6886,0.5300430926351176
6887,0.5178432490145539
6888,0.5113046365844527
6889,0.8681483941403718
6890,0.5208909709119531
6891,0.860303390689451
6892,0.5085821372352778
6893,0.5570417313712649
6894,0.6706569566001794
6895,0.7458253501734227
6896,0.523958338638884
6897,0.7342250421644697
6898,0.8684719079564243
6899,0.6643815067723158
6900,0.5389145947598474
6901,0.846839020233338
6902,0.49161817749988035
6903,0.5580558705673003
6904,0.5126660009666939
6905,0.8686285891840935
6906,0.5746756342144284
6907,0.8664479331807677
6908,0.5545694086399675
6909,0.520725619326236
6910,0.6655616159633985
6911,0.514944898015336
6912,0.775859388619123
6913,0.5056713940089692
6914,0.5067416897846602
6915,0.8689732764522331
6916,0.7550787382387589
6917,0.5026660648878045
6918,0.8682932952723187
6919,0.5512185915666844
6920,0.5001859532769348
6921,0.4942354246917161
6922,0.773701991864864
6923,0.7519003562262081
6924,0.5020230979598436
6925,0.5209398582592366
6926,0.5164902235325355
6927,0.864585904463369
6928,0.5685999432662717
6929,0.48276179583237344
6930,0.5169870037785587
6931,0.529866227138744
6932,0.5567351332504148
6933,0.5765085169550539
6934,0.7426481427581514
6935,0.6871803647263903
6936,0.5638881346478507
6937,0.7143630334797691
6938,0.5467154993409142
6939,0.5234739274187297
6940,0.5423893746241707
6941,0.7113179936250086
6942,0.5111941554020683
6943,0.5550054883066592
6944,0.7260484197744751
6945,0.5771566994900148
6946,0.7573056505962937
6947,0.5795796854288569
6948,0.5243947865733416
6949,0.7507848567846811
6950,0.5477807330126692
6951,0.5153886241842592
6952,0.5178447303660652
6953,0.6065810509213945
6954,0.8745338304352057
6955,0.5121208946012886
6956,0.5712615370062782
6957,0.5304552567755905
6958,0.7773310219805865
6959,0.4911591145457268
6960,0.5519002049314746
6961,0.6826890693543267
6962,0.5348100340375039
6963,0.49881874444169677
6964,0.4749026668731484
6965,0.5604537279740998
6966,0.6215515114781263
6967,0.5035902685755593
6968,0.7450268893675427
6969,0.8692903711924598
6970,0.8709509077154514
6971,0.5625538292233935
6972,0.5170539825228382
6973,0.5505764782482652
6974,0.6575486966398412
6975,0.5975354172912941
6976,0.6108680071616294
6977,0.48363301607474785
6978,0.5183708688509662
6979,0.5350131998527303
6980,0.669897034571802
6981,0.5544877965558999
6982,0.5551824335155395
6983,0.5089403821386237
6984,0.5693469473516064
6985,0.5489705666605813
6986,0.5067559557946578
6987,0.5578917321918399
6988,0.5190530069904182
6989,0.5686067912772508
6990,0.4743090652904923
6991,0.4931291042095938
6992,0.7993583044676942
6993,0.5356424458495379
6994,0.8631495778057034
6995,0.527293346443906
6996,0.5283343095717961
6997,0.5340395189292435
6998,0.5376624826878518
6999,0.574064746002798
7000,0.5379950070173043
7001,0.545972013687204
7002,0.5299616860534846
7003,0.506469343906179
7004,0.7514119471057562
7005,0.45008839103633563
7006,0.5514084737430887
7007,0.51939351545211
7008,0.7606161276648287
7009,0.5348182813403216
7010,0.5183183912567956
7011,0.7482579397011239
7012,0.5477061401313039
7013,0.6833322657046985
7014,0.6048251705502655
7015,0.5903209856274816
7016,0.4812572320748184
7017,0.7597520485870255
7018,0.48774652905326465
7019,0.5483183080883947
7020,0.8046683924042092
7021,0.8736559839958176
7022,0.5294694017285099
7023,0.5027840303171737
7024,0.5525409980097908
7025,0.7759622028598437
7026,0.5068162875525304
7027,0.8702334869766184
7028,0.6093396004002862
7029,0.5404542451542016
7030,0.5177700036749313
7031,0.8676619367259824
7032,0.5592917326403521
7033,0.5297483040493627
7034,0.5828743599163345
7035,0.7269586448995008
7036,0.5258230110759399
7037,0.544908033733462
7038,0.7045122090189515
7039,0.4906147010996006
7040,0.602823881213384
7041,0.5317289514572114
7042,0.5568461308596657
7043,0.8072564524742138
7044,0.6288351092333183
7045,0.5119141640090538
7046,0.5402897289322837
7047,0.8641996473085345
7048,0.49096218974096123
7049,0.6111274416897553
7050,0.8658461225924716
7051,0.4969272150624349
7052,0.506599694005665
7053,0.5528004771682447
7054,0.4738461414368078
7055,0.6835660831460422
7056,0.5418134948165565
7057,0.7560534800542305
7058,0.5312790931672052
7059,0.5358823718835223
7060,0.8137787834071516
7061,0.5033917924648779
7062,0.4832150602751062
7063,0.5206313908049484
7064,0.5142977813394971
7065,0.5797780342279519
7066,0.5190237075255901
7067,0.5463203801197128
7068,0.5355715508086771
7069,0.8737578701528246
7070,0.5177672953571686
7071,0.5016546716754575
7072,0.7265774859303711
7073,0.47110518283828035
7074,0.5137643005654038
7075,0.6126992390640345
7076,0.5144711700952649
7077,0.5127650226141743
7078,0.5597128495279857
7079,0.5336328420525487
7080,0.5165912528548006
7081,0.7957587503953385
7082,0.5022809251635013
7083,0.5007472817294542
7084,0.5277389586959897
7085,0.5127164571334154
7086,0.6996731479354995
7087,0.5331508153871583
7088,0.517634731258118
7089,0.5313294945273852
7090,0.5598516769103352
7091,0.5257774487008277
7092,0.6101864996360712
7093,0.6310222091323251
7094,0.5063879363657191
7095,0.521045855953933
7096,0.6132881063455602
7097,0.7536987310511236
7098,0.6617778496836018
7099,0.524148539143074
7100,0.5413044029354108
7101,0.5751860141220347
7102,0.5403806696690173
7103,0.5321670848034739
7104,0.8025863862003935
7105,0.7808623683469752
7106,0.5167337210468594
7107,0.5398876952337768
7108,0.6998659774135324
7109,0.516397286782597
7110,0.5420064337672378
7111,0.5722057898180899
7112,0.5161219760553626
7113,0.6290361597803338
7114,0.502990349891605
7115,0.5329564918550711
7116,0.5423569674985627
7117,0.522701662164122
7118,0.5203086255436178
7119,0.6988444664659765
7120,0.5141955234020814
7121,0.5071010159196556
7122,0.7213989107247574
7123,0.520047308236755
7124,0.7815830138581153
7125,0.5141394359787582
7126,0.45000566252554547
7127,0.4996251672077961
7128,0.5640811731604255
7129,0.5201452836404767
7130,0.4905069136625769
7131,0.5477081742143305
7132,0.8653303610136668
7133,0.553796604201833
7134,0.5913232792641812
7135,0.6129121922680467
7136,0.4962487132442821
7137,0.5090072424945665
7138,0.652660373325272
7139,0.6454301370303325
7140,0.8708957929993391
7141,0.5674647183299674
7142,0.5974083359616101
7143,0.8640170788369728
7144,0.5115390651610007
7145,0.5046934222213004
7146,0.5181991015632492
7147,0.5162764063479457
7148,0.4812827148010392
7149,0.7200159100475292
7150,0.7245949335788784
7151,0.8671933935414375
7152,0.530810835880702
7153,0.5268094117752866
7154,0.5467337288466578
7155,0.4622748760142066
7156,0.4786420952168413
7157,0.4920109476068904
7158,0.8728089032173412
7159,0.5134751189603782
7160,0.7118407233484401
7161,0.5658390598085017
7162,0.5105537063776484
7163,0.5164798940262013
7164,0.693326340527236
7165,0.48356209498927494
7166,0.8664080382111397
7167,0.5115804636109645
7168,0.5986602299398145
7169,0.5634763363722053
7170,0.54259952257713
7171,0.7573667350809739
7172,0.5329286593176065
7173,0.546243367502043
7174,0.527846909474438
7175,0.5365885467599462
7176,0.8701664041419126
7177,0.8671764015568344
7178,0.5123301834617853
7179,0.4696951429934175
7180,0.8641434622507913
7181,0.8610181929433238
7182,0.5436981652637827
7183,0.5514750405620873
7184,0.5206985556802552
7185,0.5321381632407065
7186,0.6852223488918372
7187,0.745454163947715
7188,0.8709920711190038
7189,0.7371764269685832
7190,0.5250532905275296
7191,0.5083031546414114
7192,0.5021739336726987
7193,0.6648499253286373
7194,0.4878253068883692
7195,0.5333472167536619
7196,0.5366723213346285
7197,0.5173283180804069
7198,0.5584380787804469
7199,0.5279077508792779
7200,0.566872385275618
7201,0.505124663396761
7202,0.7407171398454321
7203,0.47762611269080535
7204,0.6994996633288647
7205,0.5469918476688829
7206,0.8643003752262648
7207,0.48919502925660535
7208,0.5941815074855064
7209,0.6047454730788158
7210,0.5453526350372775
7211,0.5399265407862085
7212,0.5673257772930795
7213,0.48624374535476
7214,0.5077025056529334
7215,0.48186511325854064
7216,0.547066873433243
7217,0.5477430736708399
7218,0.4898576212228723
7219,0.5308767575449636
7220,0.8082502270881046
7221,0.4886906276627316
7222,0.5350966640561773
7223,0.7865138145923775
7224,0.4882041122443098
7225,0.7702938737422734
7226,0.5754048967569694
7227,0.5782421061020521
7228,0.5699359519311837
7229,0.7644307538218538
7230,0.7340472120527164
7231,0.5188107402637445
7232,0.6910596437421821
7233,0.7046461868144217
7234,0.5161618875057374
7235,0.4856586367011486
7236,0.4661571576718185
7237,0.5223697533559041
7238,0.5102484769734161
7239,0.5085658793723294
7240,0.5175063241400552
7241,0.5053607958120823
7242,0.8646346538981675
7243,0.52245189038691
7244,0.5162133835324796
7245,0.6730141671380984
7246,0.5551128957860404
7247,0.7071127246586668
7248,0.5070737045265411
7249,0.7088813518635203
7250,0.4940841428544758
7251,0.5284369846523901
7252,0.5731549519319964
7253,0.529997752261036
7254,0.506194606375328
7255,0.6842759920448054
7256,0.5226730404678752
7257,0.5224899196710587
7258,0.5660638927345011
7259,0.5319251792795003
7260,0.5273634070663615
7261,0.491462673018631
7262,0.5141104880400644
7263,0.5451922191668244
7264,0.6679649081576315
7265,0.5449566044926429
7266,0.707955186665672
7267,0.46514070325270784
7268,0.8698553712191452
7269,0.5080223146901406
7270,0.5063051190220769
7271,0.7391997573128839
7272,0.8696977409810898
7273,0.4636005069157559
7274,0.5214454851249675
7275,0.49002766622104527
7276,0.5177769656721141
7277,0.7555403583111788
7278,0.507552265025359
7279,0.5473848144458954
7280,0.539706142847034
7281,0.5316601868373625
7282,0.5353968110098559
7283,0.5087705859500121
7284,0.6269178119831651
7285,0.8715555487805071
7286,0.5394626826751387
7287,0.8648005036098814
7288,0.7145124819065967
7289,0.5062385631376459
7290,0.5075545704177497
7291,0.5281473302874243
7292,0.6485458753926672
7293,0.5621116746456634
7294,0.6517726767694249
7295,0.5466707551611438
7296,0.4917007696654089
7297,0.8692326792531668
7298,0.5428886416750279
7299,0.8719166768887692
7300,0.5228225400014617
7301,0.48981805534969153
7302,0.5450426467285919
7303,0.517530890295282
7304,0.8706977915665307
7305,0.8661134111744985
7306,0.5200264293503342
7307,0.5587017121744688
7308,0.5223686927171319
7309,0.49786623039483724
7310,0.5235037706770559
7311,0.49119890648602554
7312,0.7153374168549446
7313,0.5264144752127643
7314,0.55828214701891
7315,0.5514634734181654
7316,0.8214187821770255
7317,0.8655143174497844
7318,0.5302064167802125
7319,0.6353483929093333
7320,0.8431949203397349
7321,0.5254786902672498
7322,0.7942570702251293
7323,0.4747182041099504
7324,0.5149796822761536
7325,0.5296616382910372
7326,0.8727469669612109
7327,0.5313708427750977
7328,0.5579067897275963
7329,0.5309773149678083
7330,0.7019629715876982
7331,0.5104654112523368
7332,0.6685451063039409
7333,0.7207281380321402
7334,0.5783566301653468
7335,0.5567139099758251
7336,0.7514594783724771
7337,0.7294086297827942
7338,0.545998804266635
7339,0.48535052857112415
7340,0.5534390060775902
7341,0.512526537715239
7342,0.5585537189906653
7343,0.49978473188847417
7344,0.5069276492668663
7345,0.5444442791034951
7346,0.4946151283854902
7347,0.5106762550446093
7348,0.5404597462137183
7349,0.5012133170625427
7350,0.7778293158765788
7351,0.568475948535397
7352,0.803992430474918
7353,0.6604055162463631
7354,0.6118149628742502
7355,0.6184992351499764
7356,0.52774076418233
7357,0.7837158201088589
7358,0.6926444923815557
7359,0.597465474339373
7360,0.47861881582965515
7361,0.5164602520697616
7362,0.7617509869522688
7363,0.5153802819822675
7364,0.6201502125622367
7365,0.734976224139757
7366,0.5239860517112729
7367,0.6656455479397507
7368,0.8605751741842353
7369,0.5714828741896785
7370,0.5296085858646855
7371,0.7057263022220226
7372,0.8663202534312759
7373,0.5594696834229699
7374,0.5379034837074813
7375,0.4677336427254229
7376,0.6751264175013236
7377,0.8445065097153455
7378,0.5439483221441941
7379,0.5178687565439013
7380,0.8663160789431155
7381,0.5826779982611465
7382,0.598925861183008
7383,0.7512896276913588
7384,0.5517066378091615
7385,0.5263200361393642
7386,0.501141732507768
7387,0.6749606172010806
7388,0.8682725794701458
7389,0.812392825926441
7390,0.6776597911675781
7391,0.530727873667884
7392,0.5942415650768331
7393,0.8086981469594858
7394,0.5344254355735915
7395,0.5333200212639801
7396,0.5292679112405348
7397,0.8630324812440646
7398,0.4973943271504779
7399,0.7842683778500663
7400,0.515016191327707
7401,0.5449408551603748
7402,0.5450942003271356
7403,0.4890233269593932
7404,0.5052577120076603
7405,0.5322808173307628
7406,0.5581775936219013
7407,0.5317037436399655
7408,0.5351404426767583
7409,0.5571060902731206
7410,0.5169320512775742
7411,0.5131952598826005
7412,0.673254154897124
7413,0.5339751823960992
7414,0.4949231034626673
7415,0.5283795951182098
7416,0.5263752439268653
7417,0.7228967503502419
7418,0.528546531229432
7419,0.5468848545793147
7420,0.735149637499855
7421,0.5361073182208462
7422,0.5320285955164568
7423,0.5749050383054402
7424,0.8129737458432201
7425,0.4953595073300642
7426,0.4925305473489081
7427,0.8712800000702017
7428,0.6444485977304328
7429,0.494096964356911
7430,0.5036197065038377
7431,0.5191868737524935
7432,0.496904608456663
7433,0.5738895607214031
7434,0.5320570029833241
7435,0.47920584057290166
7436,0.865465741087559
7437,0.7614533935195519
7438,0.503064777192969
7439,0.485427341832539
7440,0.5771537161681572
7441,0.5330840142080773
7442,0.5216778309540041
7443,0.8742079085041077
7444,0.5136387903300083
7445,0.4872212545544232
7446,0.5007172644096249
7447,0.8673717661648825
7448,0.6236883038982941
7449,0.6309375076870396
7450,0.5200285551447017
7451,0.5139220108958821
7452,0.5028327128734891
7453,0.7710013377998062
7454,0.5191652936356187
7455,0.5317209730734225
7456,0.7138812353371264
7457,0.5283494293223233
7458,0.5150541078933569
7459,0.7294656222672661
7460,0.5241183772543889
7461,0.5404001573270802
7462,0.8754439282645698
7463,0.4874153249844935
7464,0.6406457720307193
7465,0.5511037456660189
7466,0.8243087159992389
7467,0.8694325359990069
7468,0.5094559185685621
7469,0.5683530111893856
7470,0.8668886032455423
7471,0.5236694531750901
7472,0.7004804167064593
7473,0.8655691398678895
7474,0.8652431331086877
7475,0.7527376231136441
7476,0.5629236359583532
7477,0.5361594566803801
7478,0.48850030602107813
7479,0.8654848711117711
7480,0.5460227436505842
7481,0.5305902805490696
7482,0.8607485482528403
7483,0.7800843006566334
7484,0.7649802278228186
7485,0.4995479396990047
7486,0.4982970026686117
7487,0.5225066364743962
7488,0.433028736089793
7489,0.6848616807042919
7490,0.5169734196386144
7491,0.63131404800315
7492,0.8643298516166289
7493,0.5230732140306367
7494,0.47852888772266233
7495,0.8702117759714283
7496,0.7323502701225991
7497,0.5256948071438666
7498,0.5743965336329644
7499,0.7598236300205828
7500,0.5368981241401326
7501,0.5324929234607274
7502,0.515724344424503
7503,0.5114410345322062
7504,0.7239996739331727
7505,0.5132428395476738
7506,0.5489183646056116
7507,0.7588235303272644
7508,0.5673505426049807
7509,0.48224761366722135
7510,0.541080731933755
7511,0.48874476447367154
7512,0.7319012920776893
7513,0.5328159360398241
7514,0.4770403139042322
7515,0.569849698030131
7516,0.6426396221227639
7517,0.5260347323176433
7518,0.5433437191678369
7519,0.5423446949066987
7520,0.48440478891849986
7521,0.5075711382054173
7522,0.5284633087259756
7523,0.5128811159898476
7524,0.5209733374798707
7525,0.7097144674090011
7526,0.7408130887966842
7527,0.7906634462954187
7528,0.6074146581932709
7529,0.8561814474113272
7530,0.4846521482746484
7531,0.5517599145312684
7532,0.75596159543793
7533,0.5075037418544205
7534,0.6863880502946786
7535,0.595151425666264
7536,0.7566019706724934
7537,0.7551878899276341
7538,0.5327225045109081
7539,0.7907695212484972
7540,0.6392509259802479
7541,0.5776474822366011
7542,0.7282229597587024
7543,0.7054920939497171
7544,0.7276724558625279
7545,0.4914845488377481
7546,0.7812737214384935
7547,0.48884877558790596
7548,0.7264817485839257
7549,0.866899245454843
7550,0.6096107514669431
7551,0.534812258944211
7552,0.4739663606721721
7553,0.5389201846876449
7554,0.7696908283911977
7555,0.7347435592669991
7556,0.7699722695641603
7557,0.5928515005561874
7558,0.7688629244316266
7559,0.5518282897541852
7560,0.6486253461524703
7561,0.723578657332967
7562,0.5207204459202545
7563,0.4959449074999943
7564,0.5140428927930015
7565,0.5054521932782011
7566,0.4841803300828471
7567,0.5443049157295746
7568,0.5195224888733947
7569,0.48322402312534596
7570,0.5180844751115956
7571,0.48654244755918963
7572,0.7444355519726747
7573,0.6033084801036647
7574,0.5089597154593157
7575,0.5253324669037295
7576,0.5377882486625802
7577,0.6366133608645718
7578,0.523477425364647
7579,0.8706409307651857
7580,0.5433260691691651
7581,0.561006487931305
7582,0.5054488274883386
7583,0.69589123326314
7584,0.753540496196327
7585,0.8729784281691706
7586,0.7746026885772697
7587,0.642580857701304
7588,0.5097974314538725
7589,0.8695896664725731
7590,0.8042254560902726
7591,0.5365170648335817
7592,0.5573575734542039
7593,0.5439520309054733
7594,0.5296112844344475
7595,0.5477015349326778
7596,0.5187569898422523
7597,0.466372050645056
7598,0.4954771661905641
7599,0.5355868618447692
7600,0.5130353567096704
7601,0.47041173404909525
7602,0.5203880554753055
7603,0.5149371542757124
7604,0.502260544836634
7605,0.5072196288222055
7606,0.5221831360878981
7607,0.5269369748074941
7608,0.5248207448339709
7609,0.6679880308001492
7610,0.49844936689619235
7611,0.5236944612092462
7612,0.5554160401264103
7613,0.5251107716896165
7614,0.49377310954230247
7615,0.4756238349173655
7616,0.7216536111418621
7617,0.5577035693569693
7618,0.5563459187869938
7619,0.5172448045076069
7620,0.5220661478368545
7621,0.8087139419531577
7622,0.5246159493235103
7623,0.7080247226246499
7624,0.5305484869422858
7625,0.5552113392650143
7626,0.5131057868057307
7627,0.8648773083669699
7628,0.5344021500954245
7629,0.5278435064026805
7630,0.5578701730770036
7631,0.5506013156655517
7632,0.5580716954694599
7633,0.5179169981297402
7634,0.5071242186134989
7635,0.506314552521157
7636,0.5357291479300685
7637,0.5138125805193597
7638,0.7513622384411461
7639,0.6744590682804672
7640,0.5202459621429787
7641,0.5355038545091867
7642,0.5666334874322367
7643,0.5385951572850585
7644,0.5344902980439671
7645,0.47327341883475776
7646,0.48683789391230026
7647,0.7671403723664323
7648,0.5741684042958273
7649,0.7432755426095101
7650,0.5090062676537819
7651,0.7280101663503826
7652,0.4820415131745069
7653,0.5106363981897087
7654,0.5206421426621993
7655,0.7640938724591317
7656,0.47819806540944215
7657,0.8677593927061247
7658,0.8623902423958335
7659,0.4687923353081612
7660,0.7004111914930751
7661,0.5584763541131867
7662,0.5598065153102226
7663,0.5480997862641216
7664,0.5399927279172587
7665,0.5324592413926617
7666,0.5090008188006641
7667,0.5411620912952373
7668,0.6171365659215526
7669,0.5276638691624188
7670,0.5063804084253721
7671,0.5615690354044063
7672,0.5122372040970941
7673,0.520422072563098
7674,0.542665595734179
7675,0.6515807452691287
7676,0.7438943155862218
7677,0.4676008051466519
7678,0.47840812717659087
7679,0.5425101146165134
7680,0.5357219335244996
7681,0.5286378001258709
7682,0.5056225120299928
7683,0.8689630442277271
7684,0.7968141220304839
7685,0.6758536632740344
7686,0.8690962985257183
7687,0.5361241993723814
7688,0.5021755739129699
7689,0.5445691707214114
7690,0.7155959092799657
7691,0.5776320576291443
7692,0.5727439496800301
7693,0.5231664093884806
7694,0.8692683087576358
7695,0.7513919249423066
7696,0.8640988672789371
7697,0.7853201145321498
7698,0.663047833971688
7699,0.7524272642854783
7700,0.5490435702912889
7701,0.5177555839767056
7702,0.8684397994596762
7703,0.4628973449535003
7704,0.5262203757761194
7705,0.5166543499002947
7706,0.7650154197495618
7707,0.5465910646970835
7708,0.7194110486751575
7709,0.44512930834487396
7710,0.5260746072015207
7711,0.5689414467862831
7712,0.4923313861837475
7713,0.8708440716411148
7714,0.4635993689452195
7715,0.8641281469955732
7716,0.528366479609494
7717,0.5742977189983458
7718,0.8703745675819832
7719,0.523932466723348
7720,0.5049630561797881
7721,0.519342152969198
7722,0.7930919557233381
7723,0.8617850475726476
7724,0.5312462692230504
7725,0.7857155499325517
7726,0.7700215878669625
7727,0.7034556554517164
7728,0.5210019987796635
7729,0.7255110204041392
7730,0.6946498776650761
7731,0.5291050742123874
7732,0.8676502441269704
7733,0.46115985550038263
7734,0.7413805351525998
7735,0.8702223291831215
7736,0.8626817301817231
7737,0.4761186683460967
7738,0.6479413841297565
7739,0.5229257870666171
7740,0.5256481813452097
7741,0.689816806350547
7742,0.5269220190979357
7743,0.8690909896791281
7744,0.5336358592864596
7745,0.7327295324538435
7746,0.8646223323375151
7747,0.740642299138575
7748,0.5717127474619954
7749,0.8677932476041357
7750,0.6736357368813878
7751,0.8707652373024499
7752,0.720924669934452
7753,0.48618099334190595
7754,0.5317391028788979
7755,0.5194862052986626
7756,0.5395458889815881
7757,0.554877522033937
7758,0.699811352765372
7759,0.7323572728023785
7760,0.5601170946446277
7761,0.5951855424389024
7762,0.7141351049723619
7763,0.5081300811201523
7764,0.8664607268831566
7765,0.8665947571519842
7766,0.5200563583253791
7767,0.5655580557554032
7768,0.5079482759033944
7769,0.6204421127848354
7770,0.5005874236815233
7771,0.45972105212209635
7772,0.7792882626074109
7773,0.5620353509555456
7774,0.5342822663781469
7775,0.8632223917217818
7776,0.49264464292571236
7777,0.6584428804359608
7778,0.5220207700101132
7779,0.5539677536563291
7780,0.753746062918891
7781,0.5131905149693703
7782,0.5881342805682331
7783,0.8653731968095959
7784,0.5635004287082661
7785,0.554801757572406
7786,0.5432384313226702
7787,0.7160654589248705
7788,0.7658314015792791
7789,0.49956333754402243
7790,0.541725258236531
7791,0.5455507981514653
7792,0.8034416361159695
7793,0.5020069941200087
7794,0.501467492454957
7795,0.7117388861824953
7796,0.5231721675375822
7797,0.4975233590792636
7798,0.7917178873351327
7799,0.5326280424519627
7800,0.4806715400360355
7801,0.4933890699206986
7802,0.523107543293198
7803,0.5612406386705096
7804,0.5719451986736724
7805,0.5197911963005466
7806,0.5268781962790434
7807,0.5304903406647755
7808,0.5345644651969883
7809,0.5300136610631708
7810,0.5008470506575519
7811,0.4843275771073273
7812,0.7808398709283189
7813,0.5471375200751745
7814,0.4993231347718847
7815,0.5152339077745473
7816,0.7320030377067395
7817,0.5042042796833426
7818,0.4913085577601012
7819,0.4871677699639049
7820,0.7891237996996641
7821,0.7585985489075926
7822,0.7667346125890799
7823,0.7847204968087185
7824,0.5151630717062735
7825,0.8708571466619499
7826,0.7390488878143132
7827,0.5391074929209206
7828,0.5524927660756784
7829,0.7319505036316145
7830,0.5350424424397879
7831,0.5337377671837368
7832,0.5399678049973492
7833,0.5531062566620706
7834,0.682555998376041
7835,0.5323140447286253
7836,0.5506173203194671
7837,0.7805643138349956
7838,0.8731731902916464
7839,0.5102744609457763
7840,0.4562082320222203
7841,0.487390353957223
7842,0.4841860733940796
7843,0.6937318684825327
7844,0.5209103069040261
7845,0.5635329563190283
7846,0.5542883632876088
7847,0.8660081843071916
7848,0.5197048659867589
7849,0.5099199440943138
7850,0.5465932190625447
7851,0.5213687109391637
7852,0.6338149385452247
7853,0.5077960279989456
7854,0.7758461556239855
7855,0.49810250269163414
7856,0.588780063602177
7857,0.49950473255417954
7858,0.5145685125477495
7859,0.5427934569728082
7860,0.5281242788911731
7861,0.7783034903453581
7862,0.681290381506559
7863,0.525155328845512
7864,0.753146473395446
7865,0.48747191458477285
7866,0.7403102252886534
7867,0.7463632698210149
7868,0.49247021211328884
7869,0.5201437012173518
7870,0.869233749346392
7871,0.8691929467539363
7872,0.4800854310869843
7873,0.5380467548023259
7874,0.7628341058020737
7875,0.5498913458722618
7876,0.8682749682421791
7877,0.8681505407323715
7878,0.5272622790439081
7879,0.4958264406850831
7880,0.518181017350527
7881,0.5308754152739562
7882,0.5231585843810759
7883,0.6763828517678137
7884,0.7454837783404176
7885,0.7167323998985066
7886,0.525962840688123
7887,0.4713983725633556
7888,0.6953223839114864
7889,0.4869021106751652
7890,0.6686122455746788
7891,0.526754839452018
7892,0.5522078882870267
7893,0.8755914313486338
7894,0.8734407848519897
7895,0.7541972011130736
7896,0.5221906522305607
7897,0.5088785289804233
7898,0.7901201877772348
7899,0.5245421914000241
7900,0.5115407234982434
7901,0.7174299001403255
7902,0.7333138850406646
7903,0.483573491995983
7904,0.8663001078520634
7905,0.5526575438419072
7906,0.5283509695395847
7907,0.5161991650126285
7908,0.6006623102289301
7909,0.49405431209605216
7910,0.4928872175988286
7911,0.47903619492347926
7912,0.5297986117009704
7913,0.8672815194287233
7914,0.5726096945263845
7915,0.538362632731781
7916,0.5179906711911877
7917,0.5314312060133153
7918,0.4978422341409894
7919,0.8042882034433164
7920,0.5802917604781234
7921,0.48872696860362264
7922,0.5188889958794722
7923,0.5562583607938949
7924,0.6036934974577945
7925,0.4925005280176197
7926,0.7105369618215525
7927,0.5206701149861165
7928,0.8707433572913381
7929,0.7477937959241572
7930,0.4955346204654082
7931,0.5142273970892565
7932,0.5393972682374446
7933,0.5413460549374425
7934,0.47719526945561663
7935,0.4963949381854167
7936,0.7372259266296263
7937,0.5309345414921942
7938,0.5533333267723354
7939,0.5127662489482546
7940,0.5043972949838906
7941,0.7690586183124751
7942,0.4800562908027213
7943,0.7170765263427419
7944,0.5425974040443793
7945,0.530405478045644
7946,0.5388852903766073
7947,0.76366034911036
7948,0.4948438308580403
7949,0.7607032413487798
7950,0.5679913213276453
7951,0.5334227948757988
7952,0.4684327517545229
7953,0.5162901781075202
7954,0.5126039255670236
7955,0.8136802264319027
7956,0.6249093671978909
7957,0.5564423231866147
7958,0.5162047265682528
7959,0.5044615133918128
7960,0.535153626826771
7961,0.6572320869884869
7962,0.5190491201637033
7963,0.47625700929072434
7964,0.7691205688002964
7965,0.5133118724504233
7966,0.5013917334373669
7967,0.5006402614454751
7968,0.5371995080656667
7969,0.4726565681729115
7970,0.7301978434954597
7971,0.5298687166034531
7972,0.8680088216486086
7973,0.5053787417633597
7974,0.5766540124750725
7975,0.4967207970245494
7976,0.8637113366393574
7977,0.5199926026268371
7978,0.6398366721590607
7979,0.5378943870842683
7980,0.5179606119721035
7981,0.5411366040552564
7982,0.865182746687511
7983,0.5325352125717139
7984,0.6345095261595951
7985,0.4807076925280127
7986,0.4969550070305002
7987,0.8649151600194784
7988,0.4941402169803386
7989,0.5262000693946656
7990,0.8652864888657966
7991,0.5584759669602686
7992,0.5244706550709036
7993,0.5515026664516723
7994,0.5313665733365436
7995,0.5255103095330779
7996,0.5539340679497731
7997,0.5138273734066972
7998,0.5338358799924513
7999,0.5345790362186593
8000,0.7885361337021406
8001,0.4891643751836424
8002,0.4979549417222604
8003,0.7893365383718303
8004,0.8743471043125249
8005,0.5583415675584487
8006,0.7261887905349091
8007,0.522979205704569
8008,0.8721872290141246
8009,0.5291835121878878
8010,0.5169563529060758
8011,0.5451840070643745
8012,0.5376753223918544
8013,0.5263557914484164
8014,0.5306157184905795
8015,0.5270047850066439
8016,0.4916764939084399
8017,0.6840786080081456
8018,0.8676424326985197
8019,0.5461269760496008
8020,0.5103352086161543
8021,0.5351884268066669
8022,0.6888836633635981
8023,0.51513428744954
8024,0.502926723270472
8025,0.5264316892473562
8026,0.5465048707780462
8027,0.5105191806850071
8028,0.5579629155350375
8029,0.8723526384945972
8030,0.5241210259091794
8031,0.5331342340713573
8032,0.6297403927893617
8033,0.5219641532784391
8034,0.5315441650970687
8035,0.7747255581558053
8036,0.5054795320189722
8037,0.4742667907087213
8038,0.5253160237982111
8039,0.5984288625549274
8040,0.866575727750668
8041,0.5372323013221931
8042,0.4988472313744357
8043,0.535362667248918
8044,0.5144089124578859
8045,0.8202078462479931
8046,0.7297821078076804
8047,0.5971850655032949
8048,0.5563553940086078
8049,0.5174308763569568
8050,0.5132002955702054
8051,0.7015745597442886
8052,0.5310457786965868
8053,0.49243227090172215
8054,0.4800697220230582
8055,0.7699269722702089
8056,0.5205782339589954
8057,0.5109716174660269
8058,0.6208807954219895
8059,0.5407471890463185
8060,0.4815862710025606
8061,0.5283143852697242
8062,0.508605372589256
8063,0.7775330489468576
8064,0.5430912424780184
8065,0.744860719104676
8066,0.5375483382788854
8067,0.8680693173574052
8068,0.5281135561923277
8069,0.5114845925107615
8070,0.46839567734310267
8071,0.4860994597419548
8072,0.8598092257019437
8073,0.7269391045447834
8074,0.5034605132209564
8075,0.5230818765382943
8076,0.5008617067231285
8077,0.5543452127831545
8078,0.556327666822557
8079,0.5299494916642836
8080,0.4909052356067437
8081,0.5731972935260959
8082,0.7162148130479846
8083,0.5063736790845287
8084,0.5444417537857859
8085,0.48064597787015717
8086,0.5102985999162513
8087,0.7663471210737087
8088,0.8676449490968496
8089,0.5445319604396646
8090,0.5965503988401168
8091,0.5865207908785457
8092,0.5227415724405885
8093,0.5164762228861822
8094,0.8621329345475681
8095,0.6105660965636646
8096,0.7098291993316163
8097,0.5334228539262158
8098,0.5234740050086464
8099,0.5529888315105933
8100,0.5088480812120537
8101,0.5546158885069579
8102,0.5002553603641906
8103,0.5456670622907087
8104,0.8715368771971588
8105,0.7823902450395391
8106,0.5305430971962865
8107,0.51440018942305
8108,0.5483978753795751
8109,0.4974145396833177
8110,0.798455505097704
8111,0.5121038458905074
8112,0.7839475447078064
8113,0.5069308454695984
8114,0.7563358579207407
8115,0.48288388963397394
8116,0.8650268865599562
8117,0.5356716015269862
8118,0.5018739772825768
8119,0.5243463743393882
8120,0.7453220266120938
8121,0.4835122659453541
8122,0.517674631212399
8123,0.5382779161644717
8124,0.5191085730321165
8125,0.7640018814856966
8126,0.6520866707484275
8127,0.4978769900663906
8128,0.752431011190323
8129,0.5935818267006159
8130,0.5060970671529652
8131,0.5010981992486896
8132,0.5407868225413306
8133,0.507426329142953
8134,0.5072692286970046
8135,0.5408538996453052
8136,0.5401148033586763
8137,0.5034134247823323
8138,0.5311774125213506
8139,0.5787787425191959
8140,0.5759741019723348
8141,0.5214458122207726
8142,0.524670782660761
8143,0.5138705860437868
8144,0.5637768201717616
8145,0.4908180219885381
8146,0.5833536644267302
8147,0.5313677353137725
8148,0.8689545069895934
8149,0.5536304234120941
8150,0.7810207548187814
8151,0.47177350535831336
8152,0.5189563580365022
8153,0.5412233606955553
8154,0.7156937468232236
8155,0.47234240155889107
8156,0.7890795778509838
8157,0.8664159048855169
8158,0.518212594655642
8159,0.5057993569094946
8160,0.6208046184068392
8161,0.4898873681419613
8162,0.46019764016859765
8163,0.6933409062736229
8164,0.5031580554186628
8165,0.5328113908105846
8166,0.8650498105034385
8167,0.5001019956017139
8168,0.7425120154367594
8169,0.7003959325943666
8170,0.503486583190178
8171,0.5199923168213676
8172,0.5039560080585355
8173,0.5144302063558173
8174,0.5444521341427839
8175,0.5337304420452198
8176,0.6374730521618639
8177,0.525983440318707
8178,0.5455958792100074
8179,0.4857641168139262
8180,0.7271496878796493
8181,0.5230046113298032
8182,0.5548639711110189
8183,0.48756717897546287
8184,0.8648117709191093
8185,0.48633624129692965
8186,0.51947923516109
8187,0.5533839046921958
8188,0.49092306927345025
8189,0.5145839609658798
8190,0.5282562659191006
8191,0.5438320552123318
8192,0.7158885542996559
8193,0.467056174370503
8194,0.5342610008118944
8195,0.5222044326354626
8196,0.5011406841008985
8197,0.7962735878409817
8198,0.5471634347526865
8199,0.5355048781338748
8200,0.4978759288481093
8201,0.5299844045180591
8202,0.7454082272585252
8203,0.5374509722620762
8204,0.5048582428946573
8205,0.505587502906175
8206,0.8689257051452753
8207,0.4820357429844239
8208,0.6556957370284213
8209,0.546325704647209
8210,0.4905522341408552
8211,0.4906171700678441
8212,0.7694639882698415
8213,0.49489008767506415
8214,0.7132158220589078
8215,0.7357333212149906
8216,0.5366411666021572
8217,0.8031201095916102
8218,0.5342525420325356
8219,0.6111331387343384
8220,0.5465656705345894
8221,0.6278290144601668
8222,0.856925714651559
8223,0.5427495152937964
8224,0.6861319582371583
8225,0.548839105462734
8226,0.49286642113504464
8227,0.5937165233580106
8228,0.4963484005833923
8229,0.5566752798655391
8230,0.5388148958656568
8231,0.517203577123894
8232,0.5185672281692462
8233,0.6798996857750402
8234,0.511447671084578
8235,0.5597068805702698
8236,0.5240367036722313
8237,0.575134643410951
8238,0.8639831073174689
8239,0.6754118945891076
8240,0.48569918199622686
8241,0.869678764177733
8242,0.5965464190672782
8243,0.500690753216712
8244,0.7761551516304479
8245,0.5113673578938677
8246,0.5941957753158135
8247,0.547402369405482
8248,0.5215891229330369
8249,0.49195751042594466
8250,0.6608218452268121
8251,0.811733367117403
8252,0.5440088288506619
8253,0.5914782234680541
8254,0.8609106195409966
8255,0.5545245037903699
8256,0.7201059250758302
8257,0.5334457520889309
8258,0.5695381763520466
8259,0.8652297007896709
8260,0.8610975654350815
8261,0.8712147986766835
8262,0.5685357821210384
8263,0.49974687773673676
8264,0.47465167450199414
8265,0.49505765791451706
8266,0.5494496748668138
8267,0.516649386187979
8268,0.5158178613464623
8269,0.5492744639698265
8270,0.5452872568161196
8271,0.5531058210078024
8272,0.872660342666542
8273,0.4931643947833695
8274,0.5340803175637304
8275,0.5012531201366184
8276,0.8699744177815515
8277,0.7117668227917053
8278,0.8640487205647782
8279,0.46238173199784804
8280,0.5658901322642778
8281,0.7235991347039283
8282,0.7472421226605147
8283,0.5349378928295807
8284,0.5360901584857387
8285,0.8726211904576653
8286,0.8719297474464645
8287,0.4856823541847798
8288,0.5178832838308353
8289,0.5388239627796634
8290,0.5585785838406475
8291,0.5407702469989356
8292,0.5095876156236053
8293,0.5102153675039544
8294,0.5577551091491822
8295,0.7697370575863889
8296,0.674322436530713
8297,0.5094064833298904
8298,0.868525810166606
8299,0.5143502982368334
8300,0.5380071440369711
8301,0.7281465523228315
8302,0.5489474529080712
8303,0.5697022629393478
8304,0.8593293100991214
8305,0.4789687659228136
8306,0.5126588262367019
8307,0.5699717784286391
8308,0.5304036808714236
8309,0.6530757463230246
8310,0.48594646504389494
8311,0.5187313992525724
8312,0.4941601100396582
8313,0.5424055690336342
8314,0.5223835691920199
8315,0.5146756546689665
8316,0.8163917820442705
8317,0.5458163004254676
8318,0.5227274849646808
8319,0.5603793900281723
8320,0.4570082129207913
8321,0.46201446682145664
8322,0.46677450736542353
8323,0.4967278464917669
8324,0.47417321315001604
8325,0.7641624755584927
8326,0.5313150444565305
8327,0.5132450096795624
8328,0.5307784983256247
8329,0.865387297189034
8330,0.5096108820709377
8331,0.5059797491273406
8332,0.5518613413999849
8333,0.5676481654007042
8334,0.4944321466590212
8335,0.507351485700307
8336,0.5119103812865006
8337,0.5604836786363656
8338,0.5289850058139888
8339,0.7892653875139582
8340,0.5221917000237567
8341,0.8683021873280621
8342,0.6937502838528364
8343,0.5282560286718163
8344,0.5621961511245493
8345,0.861354241503322
8346,0.5911499220956121
8347,0.5142772333580252
8348,0.8682438190301573
8349,0.8669254345417876
8350,0.7211515974190158
8351,0.5000363030555213
8352,0.517956124077376
8353,0.5419025852017653
8354,0.5291994951273444
8355,0.5059786709206321
8356,0.8706922514589263
8357,0.8042395350653873
8358,0.7275845830138935
8359,0.5192829779297564
8360,0.49124123691608745
8361,0.5007808494803738
8362,0.5250549324348067
8363,0.5370649986753505
8364,0.8675835257492734
8365,0.5151353035043658
8366,0.5484357183702147
8367,0.4646448996241612
8368,0.5569536419233959
8369,0.5792035004606665
8370,0.48511204687819953
8371,0.5266469926450283
8372,0.513233714250838
8373,0.5253958539444115
8374,0.7131573766567694
8375,0.7689296699784138
8376,0.5260013081753592
8377,0.5285219496129527
8378,0.8702397620355238
8379,0.5479385692765323
8380,0.7179512041204926
8381,0.49666005699424914
8382,0.7552155121367103
8383,0.5166992659645178
8384,0.5457545603942848
8385,0.5302337512451043
8386,0.7352723794725667
8387,0.5102717705085476
8388,0.522122230782693
8389,0.8697085127756198
8390,0.48474331300128115
8391,0.8599276254241595
8392,0.786436551932542
8393,0.47336481227915267
8394,0.5070367195501806
8395,0.5022455685060117
8396,0.513813563001936
8397,0.529422112393771
8398,0.5140499319929476
8399,0.4710040234277281
8400,0.5194388473294232
8401,0.7722381348286445
8402,0.554290991912029
8403,0.5031874623764894
8404,0.5172886651376235
8405,0.5330080325356253
8406,0.5117895579265758
8407,0.7392708875098521
8408,0.5132760662304954
8409,0.572520846681634
8410,0.5382109329855177
8411,0.5055237780457797
8412,0.497103423561589
8413,0.6953544343634309
8414,0.5487978057487563
8415,0.7622354460646344
8416,0.5030164451774443
8417,0.5618048601548501
8418,0.7750625214864397
8419,0.5917264509587387
8420,0.5256741468626505
8421,0.8603108057806981
8422,0.8675005323033493
8423,0.4992706407961077
8424,0.5459808117570631
8425,0.6467578166336947
8426,0.47302132895473026
8427,0.49772016729639224
8428,0.7912935401155816
8429,0.7555362729334973
8430,0.5095174655145522
8431,0.6787536046602634
8432,0.5452518015921519
8433,0.4802118080705078
8434,0.5376801977583374
8435,0.5178328039030599
8436,0.5402207544968274
8437,0.4652875755984951
8438,0.8730027344580102
8439,0.6259313496390615
8440,0.6698421303505557
8441,0.5081306090962211
8442,0.7334552261982435
8443,0.49211029954201213
8444,0.7674417732685161
8445,0.8655859703465988
8446,0.5366360042135186
8447,0.5445240337921291
8448,0.5451996048497316
8449,0.5113188937771231
8450,0.4987742854009245
8451,0.5776087778749608
8452,0.5262833373520812
8453,0.8713983372139658
8454,0.5455836754588858
8455,0.4796983207311179
8456,0.5447552687903542
8457,0.5513370284536157
8458,0.5080397422732481
8459,0.7156469007899374
8460,0.48915332383097004
8461,0.6107976670424099
8462,0.5303867775999745
8463,0.47661409635974844
8464,0.5497384713292479
8465,0.5585753813257739
8466,0.5981920859401932
8467,0.5294921462076068
8468,0.7008129710913689
8469,0.5052062005357487
8470,0.8698688970849578
8471,0.48176981556986176
8472,0.541236515612308
8473,0.5613227017029903
8474,0.4761957630727599
8475,0.7457100534027336
8476,0.5102441122367223
8477,0.7009690010671199
8478,0.7232761031836216
8479,0.8607945650760054
8480,0.5231471425858044
8481,0.6741379452529952
8482,0.5248314566972743
8483,0.8687319582332065
8484,0.557084948608473
8485,0.4950256115686026
8486,0.5114308035272225
8487,0.8726481437079148
8488,0.8706483277407566
8489,0.7644173737642768
8490,0.5121667742114919
8491,0.8046775859029112
8492,0.8547288246356893
8493,0.7417150852083465
8494,0.5313063114634841
8495,0.8690380603821636
8496,0.49768743971478757
8497,0.5025532862492881
8498,0.5258917489434127
8499,0.469416630367945
8500,0.7454137405699703
8501,0.5576707906246204
8502,0.5073231624867812
8503,0.7422202211447998
8504,0.5255074082557373
8505,0.49673844191680266
8506,0.5011603267982796
8507,0.665021517021638
8508,0.5132956507218315
8509,0.7868042799986679
8510,0.5626670829042056
8511,0.6381533893083319
8512,0.5183119744827145
8513,0.739045710857655
8514,0.5082660463123816
8515,0.5815234977339638
8516,0.484354774945506
8517,0.5113616675347972
8518,0.524506828006283
8519,0.4763603690447545
8520,0.5431446601027653
8521,0.5094217998486932
8522,0.6129718546719217
8523,0.633716982973977
8524,0.8624144057553734
8525,0.8019981974874888
8526,0.5286556844314017
8527,0.5018713220547292
8528,0.5349999273050946
8529,0.5118734998565346
8530,0.5007330933381265
8531,0.5303652037058953
8532,0.6175498738748241
8533,0.7396231299056465
8534,0.8738473106146959
8535,0.5415188937998348
8536,0.6954837598122762
8537,0.5269031018441298
8538,0.5397498618776889
8539,0.7701803150518539
8540,0.7385637250532471
8541,0.7346923022748606
8542,0.49387715799154336
8543,0.5421428610279266
8544,0.604426583407234
8545,0.5186892625144633
8546,0.8705622045075138
8547,0.5474348958237282
8548,0.4969205730307678
8549,0.5107159498041052
8550,0.5461157015677921
8551,0.5306754673309869
8552,0.6991960670677111
8553,0.4983111283806748
8554,0.486355131414493
8555,0.6830990168271147
8556,0.48862655528976146
8557,0.5229749493747601
8558,0.6301175570598251
8559,0.8672018721974907
8560,0.8637133960190626
8561,0.5444769705000908
8562,0.5289978555535096
8563,0.8652891114875884
8564,0.7993814976939524
8565,0.7628774995534202
8566,0.7627304499201465
8567,0.501760290188496
8568,0.58106101164752
8569,0.7459074897435642
8570,0.7913502031548783
8571,0.8646075361284703
8572,0.5365515223758555
8573,0.6998091767187931
8574,0.812446874303332
8575,0.5162470765199508
8576,0.8194860186828785
8577,0.867774805092794
8578,0.5387242336225125
8579,0.4694761541729531
8580,0.5311462430813152
8581,0.5911235123665339
8582,0.578647160296299
8583,0.7730434666403896
8584,0.5407113676838256
8585,0.8001514047134051
8586,0.7756624655944959
8587,0.5499089295719407
8588,0.7275399681969416
8589,0.5086757534797227
8590,0.515441617600985
8591,0.5283509219320215
8592,0.6233576831068647
8593,0.7009464569628909
8594,0.5349863418394225
8595,0.5153981607774902
8596,0.6853334690684245
8597,0.7366867400464953
8598,0.551680209432353
8599,0.5070484391510353
8600,0.5047505070703884
8601,0.5357648353463818
8602,0.49113189673407437
8603,0.5483010381155973
8604,0.4654703560137023
8605,0.7759113244182122
8606,0.5236062754797516
8607,0.5355306638641695
8608,0.501682838539083
8609,0.7825258356476165
8610,0.5221303164875764
8611,0.5484058213239145
8612,0.5467292627764118
8613,0.534107621708123
8614,0.5485376382162137
8615,0.6239419496089618
8616,0.5270819392647921
8617,0.521293379555374
8618,0.5096446137675277
8619,0.7245680631510129
8620,0.8662606736005112
8621,0.5582829247230405
8622,0.4772405649327543
8623,0.537589205714158
8624,0.518734395307363
8625,0.7038563862844301
8626,0.5281717516578885
8627,0.8628912269893468
8628,0.558092772646817
8629,0.7854563312109357
8630,0.5002810973687999
8631,0.4865505120591932
8632,0.5509073199100106
8633,0.515190098935943
8634,0.47341348244642434
8635,0.7928376683234452
8636,0.5142964254675076
8637,0.5244870184940825
8638,0.5778629489612839
8639,0.4903576283179564
8640,0.4944950221579228
8641,0.8657111026827382
8642,0.5554299968867346
8643,0.551389055325988
8644,0.5172971076193377
8645,0.48079204860602676
8646,0.5315325701495337
8647,0.510000434807949
8648,0.7740632029483594
8649,0.49111218804154094
8650,0.8587434218349865
8651,0.5370324389896245
8652,0.5343979595208803
8653,0.8626897376504291
8654,0.473369644895246
8655,0.5101974183307432
8656,0.49109644308232603
8657,0.48947898631928516
8658,0.5844241777530357
8659,0.6860551431252274
8660,0.5231006183045565
8661,0.5168667833180517
8662,0.5405888871220191
8663,0.7293667848045478
8664,0.5619421385101975
8665,0.5058269428902717
8666,0.6906654664355939
8667,0.5044455702186773
8668,0.7454031514056487
8669,0.48846816421222183
8670,0.5203124455973758
8671,0.5433402909683083
8672,0.44880365693910007
8673,0.5364390460196514
8674,0.5308185572000743
8675,0.6517309226658308
8676,0.5321083620408539
8677,0.5205234136690711
8678,0.5220017532438701
8679,0.4660511948039827
8680,0.4927372742511009
8681,0.5177663889162601
8682,0.5626474172984819
8683,0.5798535826044696
8684,0.7544023674455098
8685,0.45596472012967565
8686,0.5273087030466322
8687,0.49537883057406307
8688,0.5189104391833723
8689,0.8672990709402357
8690,0.5350204263259969
8691,0.5546404463443406
8692,0.545546914290988
8693,0.5235585739328753
8694,0.5481357567978418
8695,0.8678393202111989
8696,0.8706669953958812
8697,0.8686097262346545
8698,0.5207500851776167
8699,0.5527527399242267
8700,0.6762988934299687
8701,0.5438531269696872
8702,0.5018785075298282
8703,0.5243170551106846
8704,0.6817997996202904
8705,0.5635249386889464
8706,0.5720528369116109
8707,0.5329532590878502
8708,0.8578388233300834
8709,0.8722003669928926
8710,0.6000824828537827
8711,0.546813261773852
8712,0.693678617427408
8713,0.8087839193176957
8714,0.537017142042459
8715,0.516350518210753
8716,0.7554010508828755
8717,0.7279082001947421
8718,0.6128902265182806
8719,0.5450664048705897
8720,0.5330537715868455
8721,0.8674114029447605
8722,0.4796059548316384
8723,0.7083106985699318
8724,0.5515965351598003
8725,0.8680190377069907
8726,0.8630380135784079
8727,0.6965487590319372
8728,0.5309122416295928
8729,0.47654656185543554
8730,0.7938253119272367
8731,0.7077390157099408
8732,0.7763709844153689
8733,0.8732411191826422
8734,0.520192474104542
8735,0.6064879437122255
8736,0.5457931663843166
8737,0.8757050452874874
8738,0.5161314112434582
8739,0.5169679424393617
8740,0.8649536625764941
8741,0.8706445827794985
8742,0.5067026518119515
8743,0.5211543500447798
8744,0.5878866649640666
8745,0.5080069097601021
8746,0.49816119314833873
8747,0.5361644887887929
8748,0.5347598359811573
8749,0.5129375375036614
8750,0.4926601524521941
8751,0.870342579828485
8752,0.7010931855815445
8753,0.5242171710652462
8754,0.4969739316741974
8755,0.8694744685259598
8756,0.5183688324062249
8757,0.48775161306144876
8758,0.5195971054184564
8759,0.7552703396273621
8760,0.5189311883112613
8761,0.5329575529171999
8762,0.5014954818267798
8763,0.5203017262042808
8764,0.7325571295168457
8765,0.6097480329875293
8766,0.5239194994910655
8767,0.8681207771016103
8768,0.5656006130646474
8769,0.48636764851912334
8770,0.5382560839300137
8771,0.5951057494609556
8772,0.5034839024256463
8773,0.5644363534192122
8774,0.4860602733753672
8775,0.4989909021046798
8776,0.7192759589860377
8777,0.8665498432918954
8778,0.5078503726613166
8779,0.5228305657749652
8780,0.5011780451524346
8781,0.5858870604813005
8782,0.5286896533153749
8783,0.5382371749784592
8784,0.4883058793954589
8785,0.5329218722784713
8786,0.5159002729378582
8787,0.8698264104309377
8788,0.47675358977102195
8789,0.5295613456725625
8790,0.7027862215414522
8791,0.5177583920976042
8792,0.5302625128588027
8793,0.5360590264667123
8794,0.5501228069835921
8795,0.504888391086693
8796,0.5379064251821183
8797,0.6386737513609139
8798,0.5412719851495773
8799,0.5133020054588365
8800,0.7826651043000659
8801,0.4759217253309716
8802,0.5015026483426651
8803,0.4813997049871501
8804,0.4963853814940308
8805,0.4826408010080042
8806,0.5306750407484286
8807,0.7172056555368996
8808,0.5502238346417107
8809,0.8695367815980591
8810,0.5458796303884652
8811,0.4966104508955709
8812,0.6197487265586015
8813,0.5136925343444899
8814,0.5302904470329344
8815,0.776751454981371
8816,0.5294958397920445
8817,0.5007880837286778
8818,0.4657616197553663
8819,0.4841119236766432
8820,0.5063882481839044
8821,0.5298073671379522
8822,0.482657022560474
8823,0.5301194300778185
8824,0.7899818389484943
8825,0.8727910350230701
8826,0.6592798639321504
8827,0.7287870721477517
8828,0.860440357676564
8829,0.515077770313769
8830,0.5741818179658364
8831,0.4902860154363875
8832,0.7095126052210996
8833,0.5408247208659707
8834,0.48919975063588184
8835,0.5095303705448082
8836,0.5013580525881447
8837,0.5215043695115259
8838,0.7998999885853362
8839,0.49931181704051886
8840,0.8700850166505976
8841,0.5773945675246669
8842,0.8704590141908007
8843,0.4885655959265933
8844,0.6746799409916635
8845,0.5222642168114564
8846,0.8673769050017608
8847,0.5379689087465044
8848,0.4938979819714231
8849,0.5422108996133321
8850,0.5561180181289099
8851,0.8682102627479159
8852,0.7647258854218419
8853,0.4798478047166548
8854,0.522934688693291
8855,0.5385013204203544
8856,0.6128225413673271
8857,0.5051857178595228
8858,0.49969259738032823
8859,0.6657350548198153
8860,0.8669207141294806
8861,0.5250560413528108
8862,0.5359592367477523
8863,0.6800625536798984
8864,0.6431713941616342
8865,0.5214750439127716
8866,0.6727090194333543
8867,0.4567322923217164
8868,0.59007462346944
8869,0.509395100373986
8870,0.5226344760673064
8871,0.8139911222063443
8872,0.5001133798594645
8873,0.7996642651421295
8874,0.5092532649129893
8875,0.6119994795778301
8876,0.49489575030364935
8877,0.5393996391114233
8878,0.7630758539402644
8879,0.5177962335681455
8880,0.8197583735341335
8881,0.5399305030432225
8882,0.5402817475627318
8883,0.546572274037509
8884,0.5994454032577528
8885,0.7422423040549563
8886,0.5578634678955929
8887,0.5567888478286654
8888,0.5197453183332387
8889,0.6784227489548623
8890,0.5288325839804714
8891,0.5242139909898516
8892,0.7183754188426591
8893,0.5194580113975893
8894,0.8645774703892857
8895,0.5519041552976399
8896,0.5822321159031363
8897,0.5179068699221816
8898,0.6036627242614526
8899,0.49709715879326205
8900,0.5472480774850353
8901,0.49626026502447573
8902,0.5279303645958254
8903,0.8746628874677203
8904,0.5156901505815497
8905,0.5481465465160902
8906,0.8684596058223129
8907,0.8685356852466467
8908,0.7124925406121144
8909,0.5099145346353979
8910,0.5650182924348196
8911,0.48689786885281655
8912,0.8711812433011258
8913,0.5134742737721787
8914,0.4938398121050769
8915,0.5301481154770801
8916,0.5248481924497084
8917,0.7961349448130597
8918,0.8636955920025164
8919,0.7037982509540635
8920,0.8684562504205253
8921,0.6547656998397862
8922,0.4978959159349766
8923,0.5512963536918138
8924,0.5799746742836889
8925,0.6655239846847344
8926,0.5358824129771054
8927,0.5278283743876124
8928,0.5808413574095784
8929,0.7131839254828976
8930,0.5724628559178735
8931,0.5086911928048582
8932,0.499879214320198
8933,0.6051932214219862
8934,0.5189287878883078
8935,0.8702212229132078
8936,0.5034064817349573
8937,0.5157017204717611
8938,0.8597809222325784
8939,0.5196178810648885
8940,0.4773965752468749
8941,0.4929335584546326
8942,0.5292395288649452
8943,0.7044187463191381
8944,0.5640233652129869
8945,0.5585952147108834
8946,0.8080446746119476
8947,0.5479538713210147
8948,0.742145317128986
8949,0.4732561325419566
8950,0.5570175277223518
8951,0.7295469845971734
8952,0.543961520402726
8953,0.4992965114415942
8954,0.6246261633512731
8955,0.6707736932077499
8956,0.4831763594260324
8957,0.5353011051596133
8958,0.7660219200929073
8959,0.5277621744031599
8960,0.871422469918229
8961,0.5209780594100988
8962,0.49491336374065165
8963,0.6444796799172711
8964,0.4904678100371028
8965,0.7072611023590081
8966,0.5440300681584633
8967,0.7486931009240498
8968,0.5487197229736248
8969,0.509398679271392
8970,0.8595318680431121
8971,0.515109783636043
8972,0.8007922692962227
8973,0.6341101274025054
8974,0.8696028145535414
8975,0.5194661221348503
8976,0.8226490718942856
8977,0.5140171899339372
8978,0.6902837059127466
8979,0.5202742441987939
8980,0.527434451131251
8981,0.7299541927545367
8982,0.5158428624958304
8983,0.7332154246017667
8984,0.531012791914268
8985,0.5379224254040561
8986,0.5170665955901703
8987,0.5131801661544964
8988,0.7556433637598652
8989,0.6611398648518833
8990,0.7809963859783953
8991,0.5101516048518496
8992,0.6730088817118179
8993,0.5201227097562258
8994,0.4972529226920839
8995,0.4929694727335189
8996,0.7435945184536126
8997,0.5282507605786202
8998,0.866710781460889
8999,0.7391678973442435
9000,0.8711787385737553
9001,0.4895584635104291
9002,0.48892711394582633
9003,0.4831231177808946
9004,0.5208771670176764
9005,0.5460979730580013
9006,0.4933966614089621
9007,0.5217584575164064
9008,0.8704577022237859
9009,0.4935518297908188
9010,0.5077710194074756
9011,0.5193517265604551
9012,0.53872830399476
9013,0.7433315640722735
9014,0.6481468455917103
9015,0.7643918538592567
9016,0.6206070929614318
9017,0.5152841373585986
9018,0.8696594570702334
9019,0.6253514440599954
9020,0.501131268615806
9021,0.8685114918889179
9022,0.5684092320049726
9023,0.4541230653618845
9024,0.5300176755479641
9025,0.7461613170903524
9026,0.8694810151794211
9027,0.4872767984415091
9028,0.538876437811264
9029,0.5623295502188259
9030,0.5072783369429488
9031,0.5104370253604829
9032,0.5859855759033838
9033,0.7850662626121745
9034,0.8694253544635475
9035,0.5158395849818069
9036,0.5099502417911822
9037,0.5082337795777797
9038,0.5039467211667383
9039,0.6825060543514909
9040,0.8697211034021441
9041,0.7788714117304472
9042,0.4739976934621304
9043,0.7048505139980322
9044,0.7676221494398976
9045,0.5061712067869804
9046,0.8678527780413092
9047,0.5072982328960803
9048,0.7685145333007302
9049,0.5744003373796369
9050,0.46871960505675625
9051,0.49620840240394537
9052,0.8715374717106821
9053,0.7326544723355213
9054,0.7186941710862509
9055,0.49648359781359785
9056,0.5191046718047817
9057,0.7191576767106169
9058,0.5316363270818315
9059,0.528577478818554
9060,0.6174505869873576
9061,0.5563484025503407
9062,0.5718751675512785
9063,0.47504502587021075
9064,0.5368166117639512
9065,0.48704660543040645
9066,0.7653186401881077
9067,0.5416220988185965
9068,0.7549178917968115
9069,0.649898116553401
9070,0.5924643997967177
9071,0.7436683079704306
9072,0.5286150540480183
9073,0.5375366992196653
9074,0.5160772423061654
9075,0.48957630759200016
9076,0.551912555753131
9077,0.7647313239829593
9078,0.5347371203354079
9079,0.5223585906302337
9080,0.501987232026751
9081,0.7364481777626798
9082,0.8660301257475851
9083,0.8687343319682825
9084,0.5313507274029629
9085,0.49989242998227823
9086,0.5639594361238559
9087,0.5226986488716918
9088,0.8688818906570768
9089,0.6901509252761555
9090,0.46210929115772026
9091,0.7310847617628754
9092,0.7532543050287266
9093,0.4928540255500457
9094,0.5688364313599741
9095,0.5845734025722855
9096,0.48205644194376773
9097,0.7533775306384308
9098,0.5892359449814829
9099,0.541768738706184
9100,0.666857522914802
9101,0.6888049543083448
9102,0.6479935693406544
9103,0.47907390439719566
9104,0.5278453441619568
9105,0.7651040425076977
9106,0.5100567367443154
9107,0.4906064197828515
9108,0.5853918984761564
9109,0.829454417993859
9110,0.4745426551120024
9111,0.4966354377045664
9112,0.7411725527613543
9113,0.5200403730753065
9114,0.8654589375883645
9115,0.8728550592277506
9116,0.49753340143339286
9117,0.7640402480944193
9118,0.7231759840130891
9119,0.543689861435269
9120,0.5775126467131285
9121,0.6083434838408538
9122,0.48357908468592764
9123,0.5331436603585505
9124,0.5057450371097127
9125,0.4870012435691218
9126,0.5183658041696015
9127,0.535923880743887
9128,0.7580672956041326
9129,0.8726338048864004
9130,0.46763585703630134
9131,0.5325574791951707
9132,0.7186902297782244
9133,0.7553216411767363
9134,0.5944050808123463
9135,0.6909837251162991
9136,0.5112007660059924
9137,0.5786110501441216
9138,0.5011174116577949
9139,0.6422007743511264
9140,0.7115096470968482
9141,0.646824567577607
9142,0.5425752926403637
9143,0.5019980416713724
9144,0.5333261284897033
9145,0.5542998381493783
9146,0.7279128757992779
9147,0.5346301435693795
9148,0.4786512672251938
9149,0.5419212852636077
9150,0.5314251780256841
9151,0.4757709759709449
9152,0.5393746232831557
9153,0.5147576795269144
9154,0.5360152003016803
9155,0.48616215923623957
9156,0.5187500177699363
9157,0.6184421793370434
9158,0.8660343548423566
9159,0.5095279585831408
9160,0.48516065246068485
9161,0.5107830972165179
9162,0.5553181700049199
9163,0.5356857673610406
9164,0.4781855285822498
9165,0.5689038036460657
9166,0.5571028513405512
9167,0.4871838051895302
9168,0.5357418503306142
9169,0.516809227667473
9170,0.49131219171934654
9171,0.571277260836337
9172,0.4972373830515646
9173,0.6766384202009236
9174,0.5277369806396259
9175,0.5149105789329064
9176,0.5265818878038842
9177,0.6619078908637401
9178,0.5303850640048503
9179,0.517522203268316
9180,0.5736548153918308
9181,0.7930355437213099
9182,0.5538179818396818
9183,0.539138840262966
9184,0.4750588580439456
9185,0.49502155589018293
9186,0.5396711228199844
9187,0.7807050189282313
9188,0.5103660717555611
9189,0.4899914345170547
9190,0.5445426669635779
9191,0.572758914926675
9192,0.48288069459724536
9193,0.526796522277133
9194,0.508335605524687
9195,0.5368368838753912
9196,0.5363465243443006
9197,0.5172224517834054
9198,0.561160356342416
9199,0.5110543696003269
9200,0.5514367322780338
9201,0.5226723679988771
9202,0.7117056200903483
9203,0.5087441186113756
9204,0.5079070809409494
9205,0.5225222161044372
9206,0.5541651566423432
9207,0.7416572091350463
9208,0.4884033446936425
9209,0.7716177527275792
9210,0.5844487489445316
9211,0.70534913081389
9212,0.7452221897951687
9213,0.5128238375791481
9214,0.608121246732453
9215,0.7063959719256554
9216,0.8693353617519408
9217,0.7074525241585615
9218,0.5463054552914324
9219,0.6070216188894231
9220,0.5174889615411522
9221,0.7376734592105458
9222,0.5321054240871691
9223,0.5231374537128831
9224,0.5671151334089706
9225,0.5107121551728743
9226,0.5840122300638099
9227,0.7514784047141116
9228,0.7400431598008237
9229,0.5326044099640636
9230,0.49921699976648415
9231,0.547108442036265
9232,0.8734771234964158
9233,0.5558841011815682
9234,0.5196153627124996
9235,0.5019032728754669
9236,0.49807291695082984
9237,0.5175956126864739
9238,0.805461480053387
9239,0.49934597792828367
9240,0.5985804110626416
9241,0.5430768427916778
9242,0.4674464135001958
9243,0.5088268509964081
9244,0.5026291083643265
9245,0.5739326672930218
9246,0.7278359829693758
9247,0.8690973248754803
9248,0.5150309568904765
9249,0.507801303442904
9250,0.8652962777599132
9251,0.5234514112976335
9252,0.8674950334884095
9253,0.829017885755196
9254,0.8724046357585533
9255,0.53881310230317
9256,0.5331280802883653
9257,0.5568669694114756
9258,0.500744185928385
9259,0.67196232501108
9260,0.6300253754461287
9261,0.7693234856794801
9262,0.48567314236292153
9263,0.5274289457629336
9264,0.687820748258204
9265,0.5087119604152315
9266,0.5089350163723521
9267,0.4906286402969412
9268,0.5545044941280135
9269,0.5270276099786068
9270,0.5483027998696486
9271,0.5427683650576902
9272,0.751232835219624
9273,0.5315399385942162
9274,0.7652996057964481
9275,0.5805859819627678
9276,0.5314738094111198
9277,0.5092964728961716
9278,0.5330164177037616
9279,0.5389680824892052
9280,0.8674943158924495
9281,0.5374829542897361
9282,0.7276071365823995
9283,0.867679043593071
9284,0.6989624184391887
9285,0.5901124594472514
9286,0.520427342556024
9287,0.8484197220945857
9288,0.5718542253171423
9289,0.5386392784502596
9290,0.4814611020961637
9291,0.5193534541971141
9292,0.5183074266391361
9293,0.5046604418920572
9294,0.6884138351118656
9295,0.8680489603342265
9296,0.5181236964720226
9297,0.869701663634467
9298,0.6939474145485058
9299,0.7926206218377214
9300,0.5322792124112283
9301,0.5025174024090154
9302,0.5332572654754975
9303,0.530910608667305
9304,0.6034568337164318
9305,0.5283742499113491
9306,0.5603968798874162
9307,0.5389587633420869
9308,0.6584296182397937
9309,0.5028229388878283
9310,0.4841817680650097
9311,0.5306053582801267
9312,0.5253568707823044
9313,0.498642928702808
9314,0.5321159343080397
9315,0.4949093575598307
9316,0.5562514324959349
9317,0.5132346747319116
9318,0.8007046307772897
9319,0.5117621826907228
9320,0.534285292293135
9321,0.5612163830472886
9322,0.5203837164876788
9323,0.8748308514026605
9324,0.500323797996473
9325,0.8659630596200062
9326,0.5385033354364346
9327,0.5250737616846086
9328,0.5484802831154293
9329,0.49424224907301384
9330,0.6518129299637765
9331,0.7234807562798462
9332,0.6599290924537928
9333,0.5051926424770224
9334,0.5425017378347794
9335,0.5551331498948311
9336,0.4975770530643914
9337,0.5599100227168798
9338,0.5728859245823067
9339,0.508618508706892
9340,0.5053233599873084
9341,0.7973826315090471
9342,0.7444726261475947
9343,0.5704936842134197
9344,0.8023754408584273
9345,0.5158325143788431
9346,0.4767717907096872
9347,0.5571855465633083
9348,0.7144964085395493
9349,0.5586022625165253
9350,0.8679086584132543
9351,0.5045308929164541
9352,0.4558619740229558
9353,0.7422888639394205
9354,0.6734627962108719
9355,0.49444433449094805
9356,0.511142688255282
9357,0.7012739226940565
9358,0.4927385331248552
9359,0.870613355291572
9360,0.5366340830635172
9361,0.523513168509359
9362,0.5034682655479356
9363,0.6146437819549601
9364,0.47753065547951246
9365,0.866410305269057
9366,0.5216102724482025
9367,0.5615068494076447
9368,0.8665141842753958
9369,0.5223342525892418
9370,0.8655787495672174
9371,0.4672339079357209
9372,0.6992839592335562
9373,0.5304036192821068
9374,0.5791194345577257
9375,0.5237665446990574
9376,0.500557110711612
9377,0.5331074051383227
9378,0.4588704343287081
9379,0.4799491289145823
9380,0.7253543399828093
9381,0.8692879767802916
9382,0.5010142305390138
9383,0.5067195437222088
9384,0.5148415886541566
9385,0.5316017451190783
9386,0.8695563598592339
9387,0.5309771890256813
9388,0.5004210980907803
9389,0.5085839363602328
9390,0.5254840516073117
9391,0.5062331949234977
9392,0.5382306778836149
9393,0.4935827807405305
9394,0.5702248264837761
9395,0.7980647142942259
9396,0.8029099935132489
9397,0.7958604210708884
9398,0.48095976091071063
9399,0.8711081748622825
9400,0.5261955754341114
9401,0.5254807052295022
9402,0.5121053822555836
9403,0.5111248295423502
9404,0.8690048964061843
9405,0.694502866423568
9406,0.701993407949399
9407,0.49619873072956056
9408,0.5382554501601347
9409,0.5057226656934375
9410,0.5276237744064151
9411,0.588322991376481
9412,0.5443286999788153
9413,0.5584049683730656
9414,0.8610818752547559
9415,0.8617662751853663
9416,0.49911387390657835
9417,0.5801015301056626
9418,0.52070440761448
9419,0.5655613049514375
9420,0.5155313726683859
9421,0.5646133116617948
9422,0.7070510497555915
9423,0.5730346941870854
9424,0.49492161103442356
9425,0.4849746498563511
9426,0.7294712739736408
9427,0.4916541588050829
9428,0.7913019101968088
9429,0.48689787475833207
9430,0.5154219158841132
9431,0.5602479894620721
9432,0.5623658073324908
9433,0.5145723419229871
9434,0.5121789006328527
9435,0.48123237810764885
9436,0.8726415935289503
9437,0.5223298477840168
9438,0.699249734504485
9439,0.7808897902925347
9440,0.7728420844799109
9441,0.8738335715167491
9442,0.8615104387779642
9443,0.5386340835301523
9444,0.6511006664615744
9445,0.8689224348980163
9446,0.5174382262806272
9447,0.5222947829272696
9448,0.5392139494381287
9449,0.687898805913066
9450,0.7058696207063312
9451,0.5618206604623326
9452,0.7545656647392632
9453,0.5304253254759489
9454,0.4711491609229309
9455,0.5057728033741027
9456,0.5093305316242914
9457,0.513754059976711
9458,0.7008340869169285
9459,0.589198051693155
9460,0.7907581457570976
9461,0.5034071105834912
9462,0.8741218049417776
9463,0.6522014447531188
9464,0.8067040513429259
9465,0.5076845515295991
9466,0.5273294236858589
9467,0.5074944859728514
9468,0.5248134111470549
9469,0.5421453330262106
9470,0.493644773401377
9471,0.5477616692034838
9472,0.4794042017196073
9473,0.8706819935720584
9474,0.865981000702028
9475,0.5860328880993716
9476,0.4936501500831701
9477,0.5766924106735024
9478,0.5264784768806904
9479,0.5602303745944593
9480,0.8708474796799917
9481,0.5050862629473708
9482,0.5139859181822487
9483,0.5206532004028925
9484,0.6657417832200436
9485,0.8638127728893221
9486,0.6168594281246561
9487,0.7814622011259811
9488,0.5370572202080774
9489,0.5283821389632498
9490,0.5937833279545397
9491,0.7911165507015694
9492,0.5278964421925226
9493,0.6613414330874401
9494,0.5381691352371157
9495,0.8669001594230354
9496,0.5319313691844071
9497,0.767144837315868
9498,0.7187330651979859
9499,0.5230278588848907
9500,0.5405659535938674
9501,0.5470513594409534
9502,0.535010748333697
9503,0.5304013830856605
9504,0.4845953179484473
9505,0.5514645450754625
9506,0.6964716889081197
9507,0.8716887198200058
9508,0.49877214558509525
9509,0.5191580113916502
9510,0.5796004148722712
9511,0.49817521898982653
9512,0.5179689616145609
9513,0.8670544468934522
9514,0.5312513647162365
9515,0.8704529575033119
9516,0.5628002722675639
9517,0.7148161442987695
9518,0.8731540766250523
9519,0.7912524511480263
9520,0.5082502321357265
9521,0.5013501113548069
9522,0.5118327182562694
9523,0.5022165878571611
9524,0.5171416645910683
9525,0.7694712206393076
9526,0.5655806016649496
9527,0.49983905755522096
9528,0.7745856604314607
9529,0.5393801553780343
9530,0.514602018853805
9531,0.5625531875574731
9532,0.5288047308751265
9533,0.536382907824181
9534,0.5263889035062861
9535,0.6930933420780023
9536,0.5432496396551891
9537,0.5061604498962466
9538,0.5382777480675027
9539,0.5366267162311075
9540,0.5352443774219423
9541,0.5312254469056698
9542,0.5022494491950322
9543,0.5208788554467872
9544,0.8686002636295067
9545,0.4939761835591796
9546,0.524778992989401
9547,0.6033514567409499
9548,0.7550093503909203
9549,0.5029997922690271
9550,0.7533246048744656
9551,0.6318351116256192
9552,0.7497923801262886
9553,0.54383164421941
9554,0.5252456509258209
9555,0.8690569682560643
9556,0.8673405104637254
9557,0.5064308465070839
9558,0.584894859499633
9559,0.5212648120133734
9560,0.5184284223984542
9561,0.6785703561765792
9562,0.7470298111456151
9563,0.5037102686797539
9564,0.754415314488448
9565,0.7070087698621403
9566,0.5157576984064463
9567,0.5166253296876495
9568,0.5694196079782391
9569,0.8632280269056116
9570,0.5004494339114873
9571,0.5241302469418387
9572,0.8672098067601426
9573,0.8679634431176604
9574,0.8675532869349198
9575,0.45885906212487754
9576,0.601318552259471
9577,0.49611924347559394
9578,0.5647172706337686
9579,0.8387610215755119
9580,0.4816009814648478
9581,0.48004198106132473
9582,0.5137912196510936
9583,0.5725679292573507
9584,0.5032318759485677
9585,0.5867075997967436
9586,0.8707713662069501
9587,0.5792374071501846
9588,0.5554232651818293
9589,0.5698942595178738
9590,0.8706668369597432
9591,0.543931969168764
9592,0.5565409209662654
9593,0.5397014909985167
9594,0.5093545673013776
9595,0.5390454095599451
9596,0.7030218555090184
9597,0.8695362085083012
9598,0.732499407582502
9599,0.788549603953826
9600,0.7525299142882496
9601,0.5391092163249607
9602,0.5257589532595538
9603,0.8683635097245141
9604,0.5037285194455713
9605,0.5178824614166004
9606,0.5504901934979713
9607,0.5036034782928611
9608,0.5708344287544167
9609,0.537550929951695
9610,0.5243600110915929
9611,0.7351476009615113
9612,0.5477420500411625
9613,0.5308607066726646
9614,0.5033278325769204
9615,0.6394767751834749
9616,0.4807012549178838
9617,0.5614380028140917
9618,0.7348139889851009
9619,0.8343185340928463
9620,0.4910683035837765
9621,0.5309359622813521
9622,0.8728727365725657
9623,0.47194507416021647
9624,0.5276421580189566
9625,0.6795373549100834
9626,0.7639444932070047
9627,0.6387519475193422
9628,0.8007700502507624
9629,0.49998738989523395
9630,0.6134740723907463
9631,0.5077385534757308
9632,0.8700634030693906
9633,0.5278066670984389
9634,0.49610894317754334
9635,0.8721333417781436
9636,0.520364688175983
9637,0.49816245897015177
9638,0.670631408011103
9639,0.541682327269849
9640,0.546865810722759
9641,0.5928723856841924
9642,0.5078748817115522
9643,0.693773095546361
9644,0.5186719728901141
9645,0.7534419611591668
9646,0.5488452371955513
9647,0.5287171620945476
9648,0.8682845273384924
9649,0.7235216313745066
9650,0.48176071280980026
9651,0.530987852665428
9652,0.7226307091493188
9653,0.6117962308280493
9654,0.7452053298806325
9655,0.6172964922448679
9656,0.5481227151189328
9657,0.5721650256694163
9658,0.5437462160937985
9659,0.4968603373301247
9660,0.5186757518301399
9661,0.5184352734187638
9662,0.5516852846133128
9663,0.7266894936062591
9664,0.7311180984779261
9665,0.515242449644023
9666,0.47355156226645695
9667,0.546241260621438
9668,0.8677869253779193
9669,0.5531423302196548
9670,0.8648521842825398
9671,0.5275166011000804
9672,0.8034666634301624
9673,0.49968034186538374
9674,0.5016791587351752
9675,0.697097938432051
9676,0.5377025919725569
9677,0.5150508033603595
9678,0.5324003628589216
9679,0.4942605067519364
9680,0.6524722747492808
9681,0.741177547681035
9682,0.5253600581420124
9683,0.7920899666092283
9684,0.4940626234404834
9685,0.7713097225615435
9686,0.5188477890774073
9687,0.525580985926658
9688,0.6849269305546575
9689,0.8681791859360655
9690,0.5894061649873613
9691,0.7113756768561756
9692,0.49461686121184845
9693,0.6279517700545945
9694,0.5266019790145214
9695,0.4808981538741347
9696,0.5229142661531921
9697,0.8033276776049726
9698,0.8234741939998682
9699,0.8666395436937266
9700,0.4995895403322953
9701,0.7478291673500133
9702,0.47115070013848076
9703,0.48835343081306476
9704,0.4855004904906959
9705,0.8684175311705937
9706,0.7951482850634399
9707,0.5235046170824624
9708,0.5059827768676481
9709,0.5915945250617927
9710,0.7395538138045528
9711,0.6199975296773055
9712,0.7273085260782869
9713,0.5025095749165891
9714,0.6216658792477898
9715,0.5288335600255425
9716,0.49352050749184695
9717,0.7507244967354556
9718,0.8035153880891548
9719,0.514956223207673
9720,0.6821968195930352
9721,0.5260208683321541
9722,0.80478376500513
9723,0.5437605666077963
9724,0.5618535251725583
9725,0.86862856290433
9726,0.5127143588623952
9727,0.8687651453473436
9728,0.5361922601918282
9729,0.7119396086746509
9730,0.6328838264450283
9731,0.7127756989987732
9732,0.5205714180247225
9733,0.49326234417225734
9734,0.5249740613267704
9735,0.4985536845012902
9736,0.6263697383654168
9737,0.5143217121603878
9738,0.5520564018847691
9739,0.8699928281621239
9740,0.702006837952114
9741,0.5476965505360617
9742,0.688778006386069
9743,0.5227401696371405
9744,0.7633656743695996
9745,0.7535195917442065
9746,0.542211933099351
9747,0.7461394016503825
9748,0.5351221697745391
9749,0.7736967183705419
9750,0.5257943317292845
9751,0.6150631789084318
9752,0.533441720203107
9753,0.4886496742862152
9754,0.49522287720677904
9755,0.5540593853262551
9756,0.48872422717681774
9757,0.5981080847038589
9758,0.7677396979902649
9759,0.5462482464588557
9760,0.8719481326942786
9761,0.765392269294578
9762,0.5278482516888154
9763,0.8694863586325273
9764,0.7815122539796224
9765,0.5206933512422508
9766,0.7121015038595506
9767,0.578659502866583
9768,0.8666584654064189
9769,0.509923959408215
9770,0.5227205418333382
9771,0.8674272185357337
9772,0.6966895617957898
9773,0.5542830545698094
9774,0.5272406369918632
9775,0.8707286877643141
9776,0.8708402486895379
9777,0.5043609451009569
9778,0.6019841621047588
9779,0.5280704639429009
9780,0.49939940843053093
9781,0.48637836515080374
9782,0.5353450352353439
9783,0.5351168954909497
9784,0.5402443158028774
9785,0.5358385504907787
9786,0.6932489597405211
9787,0.5133349398551916
9788,0.6761176697460128
9789,0.5144730777614823
9790,0.5127255121751011
9791,0.5087842813081236
9792,0.867872722101416
9793,0.7594029859759133
9794,0.7299593959414868
9795,0.5151234065097664
9796,0.5794046380274301
9797,0.5003551978116387
9798,0.6429092864188073
9799,0.4741651251268733
9800,0.5455419161537476
9801,0.5705177881982961
9802,0.48329002611879396
9803,0.5386121469265185
9804,0.554992267095844
9805,0.5598686796343827
9806,0.8013254959977594
9807,0.5141147827926854
9808,0.489227953267249
9809,0.4979007037826432
9810,0.5044993720033181
9811,0.7032484459170354
9812,0.5484621274098526
9813,0.5001655267256626
9814,0.530091347776927
9815,0.5099456644644246
9816,0.5508901114185885
9817,0.8621284460434299
9818,0.5250484274064539
9819,0.8701466240342731
9820,0.4958501539118932
9821,0.6326429183444557
9822,0.8719449819431031
9823,0.8736829342257937
9824,0.5329124864612159
9825,0.5432622583810468
9826,0.5210188222962535
9827,0.5437710304245775
9828,0.5047269544220367
9829,0.4849616145125679
9830,0.6236709101097274
9831,0.541808275007053
9832,0.8681062438351399
9833,0.8613274575403973
9834,0.4934881751272771
9835,0.8722489751862796
9836,0.5254862673064615
9837,0.4928659911865868
9838,0.7473557498340409
9839,0.874906069821488
9840,0.7000707707481835
9841,0.5158715673323537
9842,0.8703275093224978
9843,0.5246364703295969
9844,0.5546361264642561
9845,0.5478680043477857
9846,0.4953149511357532
9847,0.8669550881559491
9848,0.5162159675092112
9849,0.49164129533536094
9850,0.5719312824316973
9851,0.6871152694701336
9852,0.7266080937205988
9853,0.5209784054444049
9854,0.6249222661866565
9855,0.5467001616242466
9856,0.5487284771864326
9857,0.8047084008707623
9858,0.5450589197225781
9859,0.45820677180025216
9860,0.4894335071458572
9861,0.8665379798174379
9862,0.5195578378102054
9863,0.5257263611310722
9864,0.609948812465513
9865,0.6771113926035023
9866,0.530704569178814
9867,0.4909818347458102
9868,0.4965270239945739
9869,0.519946314234448
9870,0.5567607188570087
9871,0.5526652620369318
9872,0.577575638194167
9873,0.8662834003103852
9874,0.5780876926106153
9875,0.5039850230976404
9876,0.8663738042665816
9877,0.5699028815929819
9878,0.5650975288422249
9879,0.5153498594704818
9880,0.8708369978511399
9881,0.8101646465866869
9882,0.533807030863462
9883,0.5185377555749758
9884,0.7675364032381118
9885,0.5177635260942037
9886,0.7125021728805039
9887,0.5105710281827494
9888,0.4997346452766755
9889,0.657913037238475
9890,0.5377045368187083
9891,0.4985556616728253
9892,0.5403405666399338
9893,0.6952885764109316
9894,0.7396838425330678
9895,0.5311882834296193
9896,0.6255309558273338
9897,0.5123751250913121
9898,0.538564773880801
9899,0.5442302382191266
9900,0.549676642373367
9901,0.5101599223439338
9902,0.8074760918807471
9903,0.5592917500629132
9904,0.5746729463444845
9905,0.5091793166776548
9906,0.7437007018940196
9907,0.7022743404300174
9908,0.7508166071766398
9909,0.872219967603497
9910,0.5266958283356203
9911,0.7823722189781478
9912,0.5006668073630088
9913,0.5353429885321452
9914,0.5218148695729401
9915,0.49010215716960315
9916,0.5120163549001492
9917,0.522271639345899
9918,0.5911859672239224
9919,0.7007128638667984
9920,0.7586808525018383
9921,0.49746446964281194
9922,0.511850757080418
9923,0.5372512446337894
9924,0.7389541742356185
9925,0.5775481138939528
9926,0.6936092654355956
9927,0.8569795515878176
9928,0.542553951369042
9929,0.8736737860673802
9930,0.4983329247399098
9931,0.477353515693435
9932,0.5260066080588414
9933,0.5320192856159671
9934,0.48614981115979083
9935,0.8683907614035933
9936,0.741545618310534
9937,0.4957345196401552
9938,0.49688022759847156
9939,0.520871946789377
9940,0.5631072494147453
9941,0.5536247172176596
9942,0.5021451109096197
9943,0.5451684304129527
9944,0.491728188418909
9945,0.584626736151826
9946,0.5257805759693962
9947,0.5581612732638435
9948,0.4594746446067936
9949,0.5334367372493187
9950,0.525691957663142
9951,0.5891736548620661
9952,0.8696058502181641
9953,0.702556941558957
9954,0.5040822365487069
9955,0.4983207997046073
9956,0.5270095520774947
9957,0.8725517457533469
9958,0.8734487868292244
9959,0.8077044120672379
9960,0.5296863236036331
9961,0.8650405621179891
9962,0.5327078711452151
9963,0.6051973886892745
9964,0.8668428663734868
9965,0.8416963641184286
9966,0.4817041768178835
9967,0.5191563692397825
9968,0.49230558201898555
9969,0.5552882611576891
9970,0.8296124600114279
9971,0.5080878343584937
9972,0.5708505737511407
9973,0.506755606357691
9974,0.4781523443723315
9975,0.7795650740270423
9976,0.5016033374017135
9977,0.5683051338457646
9978,0.7359005932383078
9979,0.6749940947726283
9980,0.5084140909581134
9981,0.5187791033035221
9982,0.49672565080375264
9983,0.5280555161256033
9984,0.512037105250521
9985,0.5324226912565843
9986,0.5236693922979553
9987,0.7978559139701742
9988,0.5594971602511015
9989,0.7679177395177994
9990,0.8689525521371004
9991,0.7485879905827453
9992,0.5777030648062184
9993,0.5032545525821631
9994,0.7341080756997989
9995,0.8646833997208297
9996,0.8699502707851882
9997,0.5942244378415904
9998,0.5377818147349872
9999,0.47750188240031044
10000,0.5195820861087037
10001,0.5697671306932728
10002,0.5276910341817662
10003,0.5397093879382456
10004,0.5573778161578674
10005,0.8751388320101474
10006,0.6892231834426223
10007,0.571087218573611
10008,0.7905558643358707
10009,0.5295084966184694
10010,0.8691282376873877
10011,0.502572205589846
10012,0.8107156697098041
10013,0.5369457499541098
10014,0.6131266217583443
10015,0.4943072941299179
10016,0.5164144496767056
10017,0.5579850312997632
10018,0.81938991943753
10019,0.5066258669976675
10020,0.5198748404361483
10021,0.6770234330815814
10022,0.4821150532663974
10023,0.7048272457023224
10024,0.5878171399454044
10025,0.8706834908566605
10026,0.7126019963987436
10027,0.5632455336532971
10028,0.7833172473369737
10029,0.6529390625436926
10030,0.6986030268006481
10031,0.543704652313488
10032,0.8149267982940469
10033,0.5311128425708056
10034,0.5319461513128196
10035,0.5549510077523397
10036,0.5435294385133711
10037,0.7213099126565361
10038,0.7074468782468154
10039,0.5288653927794119
10040,0.5038423580279139
10041,0.6213916853857444
10042,0.5457862815308241
10043,0.691551191601236
10044,0.7610285679784383
10045,0.5188142522259429
10046,0.5367086897075994
10047,0.8683932024697734
10048,0.488090143705495
10049,0.6865235149905858
10050,0.5237655533975627
10051,0.47445249035633374
10052,0.5688395101731748
10053,0.7282542689468652
10054,0.8670925654100958
10055,0.5143623899964791
10056,0.5188189110992675
10057,0.5120629656966222
10058,0.509076696306726
10059,0.6708179817454019
10060,0.7511002010203909
10061,0.5130946834935912
10062,0.5374273848462296
10063,0.5490964071624138
10064,0.5117430433719824
10065,0.5081547319860023
10066,0.5204295125806505
10067,0.8676658550873874
10068,0.5478635503247782
10069,0.5277948296178003
10070,0.5100821295216286
10071,0.5080628074869346
10072,0.5349703419925527
10073,0.558143542991952
10074,0.7220816402581084
10075,0.5013744161021323
10076,0.5397019862603781
10077,0.53202037454252
10078,0.4927782700630898
10079,0.5814406840112336
10080,0.545336772906459
10081,0.5076639135653446
10082,0.5341429502524295
10083,0.7679257711657689
10084,0.6157987067300374
10085,0.6903473229145873
10086,0.7827409169922792
10087,0.7028390934166584
10088,0.643675190997028
10089,0.5574852311461536
10090,0.5262856333353507
10091,0.528372947725578
10092,0.5579993168433177
10093,0.49245682994251616
10094,0.7965825727969384
10095,0.5435107809486954
10096,0.8705227879065006
10097,0.8665328200195979
10098,0.5888907957137773
10099,0.5195754834408812
10100,0.5234942945260489
10101,0.6242475021931253
10102,0.5122695361470065
10103,0.8698066305550376
10104,0.8691726867270034
10105,0.8706280654561365
10106,0.5495420117725992
10107,0.517155187763444
10108,0.8636961319474105
10109,0.8768400043405715
10110,0.5260236292992371
10111,0.5268962370030851
10112,0.5268854591771539
10113,0.5445570142600245
10114,0.6127083093333621
10115,0.5103844997616516
10116,0.48260556023020934
10117,0.5032397294775587
10118,0.5193143318444753
10119,0.7560040621976336
10120,0.7887877631239966
10121,0.5225725405981871
10122,0.6604564769083145
10123,0.5288061547007876
10124,0.6891515013634169
10125,0.4956125088572936
10126,0.8244730661937383
10127,0.5582398337383285
10128,0.7279234617180298
10129,0.8651657211862587
10130,0.5466928280361587
10131,0.5356738056136913
10132,0.6298268587013713
10133,0.7241307660706583
10134,0.7773027993663315
10135,0.5875872502222359
10136,0.5566229072577946
10137,0.5059040246850741
10138,0.5330790088922992
10139,0.717737178939229
10140,0.5936711126467652
10141,0.5281889304559207
10142,0.7843375482302564
10143,0.7966888693016108
10144,0.535432650722665
10145,0.8046338441515721
10146,0.5376630992412789
10147,0.7274904837023071
10148,0.509937880788585
10149,0.5357041399185873
10150,0.5008039334859871
10151,0.5664673752621592
10152,0.5065949151485397
10153,0.8643500428117459
10154,0.7337460866042682
10155,0.7293395323154577
10156,0.8006324135366021
10157,0.6052341469064744
10158,0.6019162911969445
10159,0.49846272796113156
10160,0.5722946620908471
10161,0.5131978184126309
10162,0.7561051610964766
10163,0.5118577064008544
10164,0.4979965970528744
10165,0.5209190679529184
10166,0.5423268881611913
10167,0.5491520171274077
10168,0.5058383439569232
10169,0.5170971596187023
10170,0.5291012652479152
10171,0.789939565650662
10172,0.8537058765060835
10173,0.7689358326577334
10174,0.7841883507738749
10175,0.5007897147449236
10176,0.5373848305350182
10177,0.5247990802758772
10178,0.6794701091847557
10179,0.5164846468622492
10180,0.5893517700440798
10181,0.5284676950910308
10182,0.5608851873769161
10183,0.5436237077020559
10184,0.5409420263774948
10185,0.5008984707027351
10186,0.5178519720107537
10187,0.8049867780313963
10188,0.546659986603583
10189,0.5299935927503056
10190,0.5556187900403732
10191,0.49094210470697264
10192,0.5039996526424719
10193,0.5493739366695873
10194,0.5129252299921601
10195,0.8647847900299293
10196,0.47522790224077016
10197,0.5019004546492629
10198,0.7519383479713588
10199,0.5697395451430357
10200,0.5274223084301677
10201,0.5226910941769605
10202,0.8661945902354997
10203,0.49275556960773936
10204,0.4965244803989283
10205,0.5335697176853894
10206,0.5075153866614643
10207,0.5533460998517317
10208,0.7368704800940595
10209,0.7665890532353068
10210,0.5608032263624527
10211,0.5591091385253897
10212,0.5603500193778619
10213,0.740342732012168
10214,0.8672053502323587
10215,0.5141812983261147
10216,0.8641774719873392
10217,0.5265739553755353
10218,0.6542036815563517
10219,0.8588934844924763
10220,0.8583696601785957
10221,0.5237676510579357
10222,0.5126327583865302
10223,0.48962720996207704
10224,0.7186551849980092
10225,0.5420986108141531
10226,0.8695334241769503
10227,0.5512463950676177
10228,0.4901815877258918
10229,0.8708957635586502
10230,0.5091355090779813
10231,0.8714893633983969
10232,0.48309665033610394
10233,0.7475458624720963
10234,0.5582990577273859
10235,0.5420413585293306
10236,0.4719574555357991
10237,0.5169464143562146
10238,0.5542540638031112
10239,0.8689743291808756
10240,0.5332664099628803
10241,0.5417945267335429
10242,0.5175414229996923
10243,0.5371520134796958
10244,0.7371143668633245
10245,0.48639820812415446
10246,0.5243305506453858
10247,0.5336407063430063
10248,0.576837665282805
10249,0.5378690259188689
10250,0.5222411011394086
10251,0.5012754917279325
10252,0.5131266174959206
10253,0.5358513835378726
10254,0.748197063678058
10255,0.5055695129534391
10256,0.5247914082126884
10257,0.5203178431331111
10258,0.5337472359159557
10259,0.5243237093288708
10260,0.8686464032778405
10261,0.5100054012394715
10262,0.5248458245275532
10263,0.575179472641837
10264,0.6809491268571175
10265,0.5609180758115606
10266,0.5395410760589078
10267,0.6299518721592445
10268,0.5238198702088253
10269,0.7515820448531663
10270,0.6370016352898378
10271,0.7022168843246642
10272,0.6364174917500831
10273,0.5205626032485745
10274,0.6074422015659877
10275,0.6475672171901462
10276,0.49150571927457765
10277,0.5294303246143903
10278,0.8494554994410153
10279,0.5011577909900077
10280,0.5382423828858409
10281,0.5216779243059816
10282,0.7845408619755423
10283,0.5160221052913884
10284,0.8053353127864646
10285,0.5169694980854811
10286,0.5473299109417202
10287,0.5676217297267957
10288,0.539046149286489
10289,0.536040066465026
10290,0.4988409875553833
10291,0.5078078336621779
10292,0.7410360993509539
10293,0.5218277928007394
10294,0.5093707427841176
10295,0.6573447948109853
10296,0.4859134297718268
10297,0.7096930141377165
10298,0.5403418314195967
10299,0.8679766201873762
10300,0.5687692207755641
10301,0.788098982382855
10302,0.7847734023331522
10303,0.633436449998412
10304,0.8722207497544755
10305,0.5532018982589408
10306,0.8064620008353696
10307,0.8649581290665347
10308,0.869441229193999
10309,0.5072788061102911
10310,0.5296984818216539
10311,0.6679688605337554
10312,0.5102678387604346
10313,0.7155237615109895
10314,0.523920068360473
10315,0.5056953075060749
10316,0.8668181103593968
10317,0.7971370885233726
10318,0.863665374703525
10319,0.4761914458032434
10320,0.5385223692394305
10321,0.5166442572632098
10322,0.5135515809447558
10323,0.512182202433117
10324,0.5729085859265739
10325,0.6475001049283352
10326,0.5461541908664195
10327,0.7495844419512525
10328,0.591791884222541
10329,0.6744131361274075
10330,0.5174699307596998
10331,0.5370680433238211
10332,0.6786587449636957
10333,0.8704619402785212
10334,0.7268801411942893
10335,0.5082409905090003
10336,0.666908578721731
10337,0.7509973632767447
10338,0.5552740034334248
10339,0.5304493631723483
10340,0.5299620445467452
10341,0.5583497226527832
10342,0.7098857711351735
10343,0.7275924446538805
10344,0.5543379078938817
10345,0.522387426283266
10346,0.5694797331344554
10347,0.5276941253706299
10348,0.5945664358170162
10349,0.8684854283658234
10350,0.532570268572117
10351,0.6307624928810852
10352,0.5208440830275275
10353,0.5081805324806522
10354,0.49848150613924935
10355,0.5409551372698121
10356,0.7814642865417505
10357,0.7391009866748117
10358,0.7940451463040048
10359,0.7635875859867387
10360,0.5126214042905012
10361,0.5207799494461764
10362,0.5202796621727646
10363,0.6155958085529647
10364,0.6944338246589394
10365,0.4863910912480881
10366,0.7204492763692025
10367,0.7782941684106532
10368,0.5558409176928064
10369,0.8704683868383911
10370,0.8680585414808815
10371,0.867737549920967
10372,0.8658015066357805
10373,0.452979417203382
10374,0.5196623056621152
10375,0.4820418423221858
10376,0.7760689061379854
10377,0.4767135595901407
10378,0.512052992897747
10379,0.7649420374679677
10380,0.7174342531623923
10381,0.49491230402201536
10382,0.4831123618995876
10383,0.8628223221653543
10384,0.4980082207937124
10385,0.6227845127729312
10386,0.5468093353856649
10387,0.5049771816539648
10388,0.8702360524711222
10389,0.4917932968666176
10390,0.5489769354899089
10391,0.7829379692992551
10392,0.5576795043777347
10393,0.7681371206783992
10394,0.7580611799163133
10395,0.7480952081001501
10396,0.6387145770347016
10397,0.6083491048216655
10398,0.5328287684531577
10399,0.5045652076433502
10400,0.501686524728398
10401,0.5195389721028028
10402,0.5099727695004024
10403,0.6574391687597991
10404,0.5553316458406066
10405,0.5412992152032133
10406,0.546188926941897
10407,0.8693529163037441
10408,0.7482092729120136
10409,0.5350685736745168
10410,0.8040133147145091
10411,0.5488326862670473
10412,0.5081271943122208
10413,0.5282679500190706
10414,0.5156404323138342
10415,0.49927247606786385
10416,0.49881148994848934
10417,0.5238699200173528
10418,0.8615579829428035
10419,0.7703262376489743
10420,0.6912151546491672
10421,0.8019054072752256
10422,0.521570602598195
10423,0.5272169511200596
10424,0.5754738427064144
10425,0.5047205501107915
10426,0.5285733175045144
10427,0.5047990833288916
10428,0.5235782476649458
10429,0.5501410341356778
10430,0.5340051172005158
10431,0.5704177782645207
10432,0.7436488758184312
10433,0.5280563009111978
10434,0.5039090907526209
10435,0.5159966605795329
10436,0.8596439061790488
10437,0.5505836204920611
10438,0.49597679210366286
10439,0.5455493324291004
10440,0.5322971331594626
10441,0.865123849545558
10442,0.5150310890551799
10443,0.47774849525070273
10444,0.6737817073555644
10445,0.8671837589649338
10446,0.5126741921885793
10447,0.6869014944736973
10448,0.5191232535698653
10449,0.5500359204401657
10450,0.6338062391395352
10451,0.5151575673438781
10452,0.7837422406683906
10453,0.5362286490082838
10454,0.4877596738822839
10455,0.5772436346110889
10456,0.5003351993196808
10457,0.5314507157433831
10458,0.8679397562611921
10459,0.4889203820221031
10460,0.5205244249300751
10461,0.5114335990941
10462,0.49939501005874143
10463,0.7678114220327521
10464,0.5451748086489184
10465,0.7009436772181963
10466,0.46303864307359793
10467,0.524372808239709
10468,0.869453570102912
10469,0.8651126135893272
10470,0.6995213211702767
10471,0.5448175589069455
10472,0.49137706012984206
10473,0.5877300528349994
10474,0.5235738340987008
10475,0.5352777474461133
10476,0.4671626038545838
10477,0.7678656498953911
10478,0.7564733726095578
10479,0.8660833333212627
10480,0.5283671327939183
10481,0.5294066627046511
10482,0.5427811343446087
10483,0.5346522382841257
10484,0.5382419898029793
10485,0.49081110961857016
10486,0.5487187953845916
10487,0.49925591881468095
10488,0.5709694314441713
10489,0.6294118027438044
10490,0.5304144090065718
10491,0.5085781631714938
10492,0.4798880920693958
10493,0.8700814850259794
10494,0.5518924318954551
10495,0.5620619957094781
10496,0.4882694554766194
10497,0.8699463320008658
10498,0.5864952232624361
10499,0.5442141232131784
10500,0.5159200259851696
10501,0.8709995888151119
10502,0.8652416919118905
10503,0.5293401705994164
10504,0.815988263470913
10505,0.5423174717700063
10506,0.8626078601819788
10507,0.5576124304310377
10508,0.7767438839646987
10509,0.6754512413391633
10510,0.4948494130831555
10511,0.5240285705320084
10512,0.547303305256364
10513,0.5460400424885977
10514,0.5231262871449454
10515,0.4892872108132508
10516,0.5965769575441293
10517,0.8461191966269828
10518,0.5173979754693864
10519,0.7694111756557013
10520,0.5088549630292957
10521,0.8698573711813404
10522,0.5130315614627639
10523,0.5309526710226149
10524,0.8716732013849364
10525,0.5123463622520523
10526,0.5361922002943973
10527,0.5788004248990312
10528,0.526865766101037
10529,0.7952574549491354
10530,0.4961331023084444
10531,0.5140095859256708
10532,0.5122987576583924
10533,0.5815728736040414
10534,0.5025392002965479
10535,0.7749116087443699
10536,0.546538531876002
10537,0.5627400618276588
10538,0.5559543372429103
10539,0.7271932567447201
10540,0.48832156629587786
10541,0.5857067895393061
10542,0.5304348803355733
10543,0.7733575482799508
10544,0.46870065855227283
10545,0.5333243870168475
10546,0.6580731771541644
10547,0.5402614197303625
10548,0.7048897656244244
10549,0.8180960583560692
10550,0.4860302971811813
10551,0.6683679345584135
10552,0.7612047322363233
10553,0.5545618353257709
10554,0.5263156010893878
10555,0.529614862247883
10556,0.5133601060585979
10557,0.8644015147398403
10558,0.7623273176374905
10559,0.4924639524343664
10560,0.5765024631869832
10561,0.5197089237640674
10562,0.48584059995098217
10563,0.7394567408501791
10564,0.5001304979531684
10565,0.7381690221049737
10566,0.5819849894794138
10567,0.5637880889354667
10568,0.512574016447863
10569,0.803080426837602
10570,0.7499759333954004
10571,0.5132306215587169
10572,0.8730621200375609
10573,0.5001149121192167
10574,0.5326366339229696
10575,0.8607146518546253
10576,0.6551091770443023
10577,0.5142769906766629
10578,0.533439087917591
10579,0.519099944107661
10580,0.5501943587252985
10581,0.49221746956697765
10582,0.6705647343958495
10583,0.5444890123920758
10584,0.536354158022933
10585,0.511220872165884
10586,0.5536646308438831
10587,0.5366670112603604
10588,0.4890560559014652
10589,0.721732202302117
10590,0.5302224615674611
10591,0.5219921194281973
10592,0.776575999882539
10593,0.4867215757257346
10594,0.6008811392286257
10595,0.8716077241735438
10596,0.8709801445580633
10597,0.7022194881181978
10598,0.5276911887317277
10599,0.5118589862594337
10600,0.7631398157149738
10601,0.517304052641835
10602,0.7602544067063735
10603,0.5524853821748889
10604,0.5511861361933936
10605,0.474427877955045
10606,0.4823908999979087
10607,0.5552407965845336
10608,0.4460446706302033
10609,0.5223620949266634
10610,0.4887345117634515
10611,0.5317050446470396
10612,0.5127215052756886
10613,0.5101674743273457
10614,0.5455465638617376
10615,0.8638002274258538
10616,0.5902480817968243
10617,0.46192517664522803
10618,0.5564255620881157
10619,0.7912393218297291
10620,0.5268671268740087
10621,0.5030466887633348
10622,0.7317276210944084
10623,0.5214938207573994
10624,0.4933419321049248
10625,0.5431237072038018
10626,0.7125526521984242
10627,0.7968263320064973
10628,0.5440730658806672
10629,0.7872959209871662
10630,0.5384311763854129
10631,0.5157958626979943
10632,0.6979648387424143
10633,0.8675875276310872
10634,0.7695903570085063
10635,0.4948130507200792
10636,0.7821640336596936
10637,0.5019970065516548
10638,0.5200520674181281
10639,0.48138438001623085
10640,0.46938403921368765
10641,0.502096579459649
10642,0.48226642824691046
10643,0.5315625971834492
10644,0.49065578290145073
10645,0.5410396888526309
10646,0.5076457836975352
10647,0.5433719246811196
10648,0.7732140522939078
10649,0.5674026570535903
10650,0.7031464215724774
10651,0.47254017857055175
10652,0.505342898214281
10653,0.523943852745313
10654,0.6679154717772127
10655,0.871842796127367
10656,0.4968477053373707
10657,0.6286212296439146
10658,0.7447436802218528
10659,0.5386153108565652
10660,0.7388316241249628
10661,0.5520963112633864
10662,0.5970821439506901
10663,0.5030823156674495
10664,0.5130109080976197
10665,0.5252905500543488
10666,0.7284185183436674
10667,0.6750910021486759
10668,0.6433276765967078
10669,0.5295912418539375
10670,0.5492681657937204
10671,0.8104317022012899
10672,0.8205471776569266
10673,0.5449581790011334
10674,0.5196387611366775
10675,0.8144793515652313
10676,0.7690983165772758
10677,0.5799241131103259
10678,0.7257122192351657
10679,0.5649531210073736
10680,0.5454200804546807
10681,0.5186893195832595
10682,0.5121404210406151
10683,0.8229518846041632
10684,0.5480645142548407
10685,0.6479486384793745
10686,0.7423355929865751
10687,0.6517586026634394
10688,0.833766396351046
10689,0.5241919302879574
10690,0.501211046578577
10691,0.5105126623128271
10692,0.51110330746587
10693,0.8689477415185356
10694,0.512611025787535
10695,0.866721110680519
10696,0.5128750285505368
10697,0.5193900702630865
10698,0.4999021080195273
10699,0.8680470009669452
10700,0.7057931417565522
10701,0.5710797973146804
10702,0.5137695876781816
10703,0.4985617960155907
10704,0.8630947071978352
10705,0.5623159071965819
10706,0.5682836877100265
10707,0.7672450853878958
10708,0.7438431613433087
10709,0.5013518658531649
10710,0.8631329706160532
10711,0.5974606282187397
10712,0.7243652663986304
10713,0.8728541967705946
10714,0.5357836593773153
10715,0.5466140341610125
10716,0.4851220965320798
10717,0.5369363649666143
10718,0.6904250377650386
10719,0.5265591046302827
10720,0.48959387847193286
10721,0.5071966102009878
10722,0.5389697175578295
10723,0.5207807091952141
10724,0.8506894637279836
10725,0.47781852127999036
10726,0.8600390670850288
10727,0.4903495668106353
10728,0.8656011144003752
10729,0.8714567942863702
10730,0.873774437502385
10731,0.5082818319690076
10732,0.5040034848550828
10733,0.6037262461788125
10734,0.7407267761692915
10735,0.49189720891707595
10736,0.4938479007681226
10737,0.5253961235574154
10738,0.5014639580289851
10739,0.5257306319187893
10740,0.48863811782827266
10741,0.5570264229205298
10742,0.692780503993251
10743,0.5546125570627259
10744,0.5131276700996006
10745,0.7374166883918826
10746,0.48772227562506465
10747,0.5548956499695901
10748,0.5047815427507597
10749,0.5796004684450243
10750,0.5275063814579206
10751,0.7324109765940011
10752,0.6522538544296902
10753,0.5296243013932835
10754,0.5349888184862677
10755,0.5243969902298334
10756,0.6427983275172524
10757,0.4385744360640979
10758,0.6912552326521322
10759,0.5039374734722213
10760,0.8687129884149984
10761,0.5300886372239205
10762,0.49447080248064956
10763,0.8045136460435822
10764,0.5333254755155924
10765,0.5463261097246712
10766,0.8611655298517756
10767,0.636274924511233
10768,0.5931623211108448
10769,0.7605969151331025
10770,0.561936603511332
10771,0.525809506922277
10772,0.7269587685179999
10773,0.539163050716104
10774,0.7312003461615804
10775,0.5414943091185155
10776,0.49566491813857294
10777,0.5285264126071326
10778,0.5131043536739877
10779,0.7963400676724426
10780,0.5455359455820333
10781,0.49440256360584833
10782,0.6790962401496898
10783,0.7787641471269451
10784,0.4963930101243994
10785,0.5050415759450616
10786,0.4920555975348073
10787,0.5907605519570678
10788,0.8173408595575657
10789,0.49412486148581464
10790,0.6013429070994121
10791,0.5024007679828312
10792,0.7595205782930028
10793,0.80685862548321
10794,0.5239952254664134
10795,0.5161546120950209
10796,0.5450358120908352
10797,0.7966053273159632
10798,0.7497086504453769
10799,0.517409636642828
10800,0.5536134397780367
10801,0.5349156875470525
10802,0.49592965286329016
10803,0.5395755680314313
10804,0.5416487408735063
10805,0.5584483813271814
10806,0.5215938578672102
10807,0.5472096148278911
10808,0.8728472875155371
10809,0.7644904847760265
10810,0.5315720446458251
10811,0.7640385654800674
10812,0.7421903456340533
10813,0.8626895303468491
10814,0.6247897390767687
10815,0.6915365932811273
10816,0.5732853948226675
10817,0.4815548127698673
10818,0.5729127317547386
10819,0.49349068920018985
10820,0.684341974001795
10821,0.6966844058156244
10822,0.8498553037701766
10823,0.5627629879943884
10824,0.5090157550902724
10825,0.49049254934931247
10826,0.49475826903021203
10827,0.4790413120173348
10828,0.48066484835072965
10829,0.864185915697342
10830,0.5255155308726844
10831,0.5334513855120319
10832,0.7462302803364449
10833,0.5166001226898056
10834,0.5304160871924095
10835,0.5143443022718094
10836,0.5176251691538785
10837,0.5637716206997433
10838,0.488389439093644
10839,0.5446592562917076
10840,0.5583540622871825
10841,0.5018899937752328
10842,0.6778919701759156
10843,0.6862570744196623
10844,0.8671230619751203
10845,0.5188456436991289
10846,0.867161562238955
10847,0.5621827085724176
10848,0.5160982789083295
10849,0.47990394229709143
10850,0.5315019647914178
10851,0.5394237651695588
10852,0.5478343299489127
10853,0.5143048591805122
10854,0.5271521798708299
10855,0.5397916737353241
10856,0.5329410160461815
10857,0.8620586298895023
10858,0.814130813910721
10859,0.5220676484052612
10860,0.8655125829797696
10861,0.5375777010260199
10862,0.5375354369359936
10863,0.6899531571631538
10864,0.7637899093568415
10865,0.7580356175953628
10866,0.63983276418746
10867,0.5502373799873597
10868,0.7601890830401643
10869,0.5362729491629027
10870,0.7612339250757515
10871,0.5343779414711425
10872,0.7890236646244211
10873,0.52404281902299
10874,0.7023985294224
10875,0.875516030894031
10876,0.5369600658321076
10877,0.5462936758659943
10878,0.5032984697184044
10879,0.5439202778724931
10880,0.48530139579846515
10881,0.4869393833167766
10882,0.7142065523356095
10883,0.5379119623203066
10884,0.5552452586124345
10885,0.5109300658936673
10886,0.5080031365117934
10887,0.49667135015890684
10888,0.721442058058175
10889,0.8685801270032918
10890,0.49740721376017283
10891,0.5208122251734172
10892,0.7046683759614748
10893,0.6635340047773703
10894,0.6214225227329668
10895,0.510769362291614
10896,0.4928632095480565
10897,0.5289235262939651
10898,0.5545234193100466
10899,0.7920985405169575
10900,0.6909434323530188
10901,0.5504990831527746
10902,0.8144241017793044
10903,0.6847044724849578
10904,0.8680112366317079
10905,0.7977080918573807
10906,0.58856094913542
10907,0.7671194642473529
10908,0.5320265945822584
10909,0.5379168915724333
10910,0.7295374332184432
10911,0.8637469993338408
10912,0.4932114172038581
10913,0.5074405647436826
10914,0.5031213908033907
10915,0.5487725212602317
10916,0.48903239929575737
10917,0.5099829611035979
10918,0.6763275474890469
10919,0.5835748232493627
10920,0.6753803943366821
10921,0.7511895620665867
10922,0.501817475584374
10923,0.4973551142553244
10924,0.5642124577200754
10925,0.47934990122824733
10926,0.5161994308451172
10927,0.5157814677347833
10928,0.7913072333047715
10929,0.5132004975399626
10930,0.7443798939933701
10931,0.5020948753128612
10932,0.5577223145536374
10933,0.5459129443472815
10934,0.5418919131748854
10935,0.5219429844979679
10936,0.523126298859817
10937,0.5238824173778209
10938,0.5027900084694172
10939,0.5341550232636596
10940,0.5756121318277181
10941,0.5399189532314862
10942,0.7231029257991788
10943,0.7334428306935388
10944,0.5166295859675336
10945,0.5073533871025289
10946,0.866874773605881
10947,0.554970070640925
10948,0.8109306857496781
10949,0.5110697774946241
10950,0.7951420846661825
10951,0.5225322559106957
10952,0.537748967239949
10953,0.6064881193743045
10954,0.8586751566718923
10955,0.75753415037766
10956,0.5018768213761124
10957,0.5451943526231369
10958,0.4927713390530628
10959,0.5500348079643527
10960,0.5716215400919875
10961,0.5247551812375716
10962,0.5718190071748842
10963,0.5120992703301499
10964,0.48448404187478383
10965,0.7846629618931759
10966,0.5309016589376201
10967,0.5228623875064742
10968,0.49540906507721894
10969,0.5397515458213583
10970,0.8699837975279037
10971,0.490647540712167
10972,0.8654851277008615
10973,0.5802660472176767
10974,0.7377323212924771
10975,0.6592692170037002
10976,0.7036164318296733
10977,0.7194677284849444
10978,0.5429717007217091
10979,0.7849043047434563
10980,0.5671895310617895
10981,0.49141558548834324
10982,0.5425623894375147
10983,0.4788632224849341
10984,0.5215770184876017
10985,0.870613613744481
10986,0.5209329118812277
10987,0.7164802283354241
10988,0.5441303756591316
10989,0.5435778614733221
10990,0.8708085065680349
10991,0.5042322765686694
10992,0.5118701092146049
10993,0.5106278390097024
10994,0.5646909590858384
10995,0.5379882373980329
10996,0.49696105516170064
10997,0.7240861384102593
10998,0.5562874710962118
10999,0.5385785029615944
11000,0.5625397171715109
11001,0.67987431957294
11002,0.5265508083576697
11003,0.8715027194043243
11004,0.6309439633519214
11005,0.6696685958846068
11006,0.5350858701487459
11007,0.5590774419596726
11008,0.5403870198863225
11009,0.5241497120222871
11010,0.8690952011269023
11011,0.8670073924254529
11012,0.5243163505370262
11013,0.771390119480551
11014,0.45604671195714785
11015,0.8722928010049503
11016,0.6905471830245914
11017,0.5191710261062014
11018,0.6791816767762534
11019,0.6058413492483866
11020,0.4411131480426889
11021,0.5258357525747643
11022,0.4924093499859644
11023,0.6250376490601803
11024,0.6497123294206358
11025,0.49350296907468705
11026,0.7681772685199028
11027,0.5313002531989522
11028,0.5030999647040262
11029,0.5256457463057914
11030,0.5748885462343284
11031,0.4971166984530948
11032,0.7414781989458202
11033,0.5194972234785141
11034,0.753737469127867
11035,0.5443092594384927
11036,0.7467949538546108
11037,0.5611618742613947
11038,0.5583423189639432
11039,0.5208042879782309
11040,0.5121301313980424
11041,0.8676113468123087
11042,0.7656355096456121
11043,0.4782103175328708
11044,0.7021439332444585
11045,0.5444783648080169
11046,0.5297093508057373
11047,0.5045097196064272
11048,0.6869534199499638
11049,0.6211200486402016
11050,0.4867771830251934
11051,0.551978305583356
11052,0.6119154152777617
11053,0.5360965216995685
11054,0.7823438407614205
11055,0.5335160391299534
11056,0.5982565356231114
11057,0.5607946067742953
11058,0.6793748750431389
11059,0.530225482523967
11060,0.5576125016731974
11061,0.5024441023788563
11062,0.640361459612854
11063,0.5019425556512674
11064,0.5115464278476319
11065,0.4700166304948842
11066,0.5123774012889535
11067,0.4893008885212193
11068,0.525924828791356
11069,0.47133588724286557
11070,0.8637402868107988
11071,0.5260221973673884
11072,0.5882009045995945
11073,0.8271694451029846
11074,0.46868925212981843
11075,0.6370789149171012
11076,0.5238723377808632
11077,0.5131491006078878
11078,0.5204596463270204
11079,0.5202952417738659
11080,0.8733705970848231
11081,0.7437942253764558
11082,0.4986334327970928
11083,0.517163853853877
11084,0.5278709043994025
11085,0.8755027590255051
11086,0.48914249580476377
11087,0.4988496832315301
11088,0.5430652703710365
11089,0.5452147081245469
11090,0.4865591181541361
11091,0.5249277977987405
11092,0.47900011861512065
11093,0.8720276950572653
11094,0.59690481354092
11095,0.7310549316292241
11096,0.500614145486149
11097,0.8689306417903759
11098,0.8749355931816959
11099,0.5143780636981025
11100,0.5444419423311665
11101,0.489921946679573
11102,0.6754227742988068
11103,0.5203473733643719
11104,0.8690402547208322
11105,0.5071650245744278
11106,0.5481479923255242
11107,0.48590019561416986
11108,0.5497752167926279
11109,0.48728746877669127
11110,0.527394837753461
11111,0.5278096120896201
11112,0.8177338411162193
11113,0.871428384051776
11114,0.7104048082486236
11115,0.5541258115542542
11116,0.6118466479329465
11117,0.866535664030717
11118,0.5800401718658321
11119,0.5926025472939436
11120,0.5709949233803024
11121,0.7274214609082275
11122,0.49939419890652553
11123,0.6397500937509851
11124,0.4975310273375953
11125,0.5032842013050938
11126,0.6031165660932222
11127,0.524597570609381
11128,0.5285838647480672
11129,0.5595478052995944
11130,0.5150261482811899
11131,0.5107680362045789
11132,0.873157100880043
11133,0.5360105094556139
11134,0.7766180400684097
11135,0.5402955729214654
11136,0.5338291657264387
11137,0.5184165184338223
11138,0.5339017602034383
11139,0.5265234503521014
11140,0.538969541383174
11141,0.5398765860303625
11142,0.5992059927957647
11143,0.86832162012633
11144,0.5130586223480955
11145,0.5323060877639993
11146,0.5271111260518161
11147,0.540508505317012
11148,0.536497992705067
11149,0.7246433211409153
11150,0.5259463638257357
11151,0.8084705702201684
11152,0.5358596967455981
11153,0.5202645050823069
11154,0.7825043250001463
11155,0.5458314457770701
11156,0.5298739291286949
11157,0.6187709462645958
11158,0.5128738453877556
11159,0.7960536735470329
11160,0.5151008879531493
11161,0.5539066401723953
11162,0.7913394580920747
11163,0.4886935199052641
11164,0.7181139454799059
11165,0.4999898144168736
11166,0.5305204506567582
11167,0.73285265597744
11168,0.5579995299460232
11169,0.7444279293856645
11170,0.5114954054129708
11171,0.7636279026954917
11172,0.5026062280056376
11173,0.5090716250762694
11174,0.5298318112942119
11175,0.6839103460398736
11176,0.487330498943672
11177,0.556494178117042
11178,0.5374513021965505
11179,0.7339843749165924
11180,0.8666212372661705
11181,0.5470814367036043
11182,0.4980633625844401
11183,0.49479172008060196
11184,0.6034431558582555
11185,0.5295636155298173
11186,0.735811385469284
11187,0.499766667168462
11188,0.5497680679049789
11189,0.5156424343638355
11190,0.5180727282570037
11191,0.7990874277820593
11192,0.5603629263595746
11193,0.5314697390664772
11194,0.5733320883726175
11195,0.6141369164560896
11196,0.8658514410472328
11197,0.515825109837152
11198,0.5228159501746323
11199,0.523869390600239
11200,0.7724697622504493
11201,0.49929828247906416
11202,0.5607767905103074
11203,0.5855402460599972
11204,0.7674670696440885
11205,0.5331459158198565
11206,0.8697323967637602
11207,0.5019970671710006
11208,0.5335382818138614
11209,0.5491937462823713
11210,0.5209619717673005
11211,0.5201967940069927
11212,0.5278139521301551
11213,0.5398806191587111
11214,0.6006877169995175
11215,0.5341215010772681
11216,0.865809170310908
11217,0.5154248279414854
11218,0.5440022287107441
11219,0.593648138678491
11220,0.4778765789916973
11221,0.5326070386421762
11222,0.5213433574691205
11223,0.5443696195554829
11224,0.5749950585597344
11225,0.5202025372593685
11226,0.8264098432895051
11227,0.5152873317242718
11228,0.49916106423533374
11229,0.5514910356796687
11230,0.871181214920095
11231,0.48867577429035747
11232,0.5394294921179166
11233,0.7615941999846472
11234,0.5489471231237879
11235,0.5095124528774242
11236,0.870569310871041
11237,0.8714566311942802
11238,0.5269397794502911
11239,0.5327378609100445
11240,0.527100062822729
11241,0.7269951504214818
11242,0.8703300146055786
11243,0.5240490409866306
11244,0.8159050415710433
11245,0.6619574061150659
11246,0.4480037209488461
11247,0.5266970386382096
11248,0.5311690359308063
11249,0.591571211982631
11250,0.4971788398791715
11251,0.5275164266986859
11252,0.5302672355961746
11253,0.5569277069209887
11254,0.7556073217165644
11255,0.5070184103149109
11256,0.5521147961895315
11257,0.6397741391070576
11258,0.5296946620942433
11259,0.5610973995659423
11260,0.5307629778214833
11261,0.7208139056301237
11262,0.5238006927736502
11263,0.5308165942815689
11264,0.8692812649670897
11265,0.509892913412804
11266,0.4958626173650043
11267,0.5088215004049663
11268,0.48077236395785133
11269,0.6161857012008144
11270,0.8669042291620288
11271,0.5995009976840501
11272,0.8702136767225872
11273,0.7161699632803418
11274,0.5137989055581053
11275,0.8708583553431409
11276,0.5328421133581173
11277,0.8396821462295554
11278,0.5437250442827568
11279,0.5019280232990149
11280,0.518115114829133
11281,0.5245325058507397
11282,0.7342625004039708
11283,0.6632031662279254
11284,0.5226413748778018
11285,0.5234759921492813
11286,0.5864303561806993
11287,0.4887245136698578
11288,0.6172560193127905
11289,0.5122197686659771
11290,0.5087638377419439
11291,0.5412495205250903
11292,0.6204731796267299
11293,0.5933863589655651
11294,0.5928204087305768
11295,0.5376786624568675
11296,0.5507291960596276
11297,0.5484627193121111
11298,0.6613546417817847
11299,0.6218415110201422
11300,0.5335996101734597
11301,0.7921076124533877
11302,0.7435211878703365
11303,0.49460221044933766
11304,0.7837919935416563
11305,0.7918135470328354
11306,0.5147492951159836
11307,0.4795125568365681
11308,0.5910114719719562
11309,0.5002360267917737
11310,0.48875142199832555
11311,0.5209762549613833
11312,0.5250398215802309
11313,0.7012047138108497
11314,0.47497070446445505
11315,0.49351431331494966
11316,0.8675542807325618
11317,0.5666762231687373
11318,0.652226307211643
11319,0.536283410951397
11320,0.5086869016521028
11321,0.8737248751091373
11322,0.525021483329632
11323,0.6888032931086971
11324,0.8690367134988106
11325,0.51919715273719
11326,0.5511925158703562
11327,0.8736066767805157
11328,0.5162156266052481
11329,0.5238751191341954
11330,0.5369468808398578
11331,0.5110173300932246
11332,0.872189957255511
11333,0.5165850230267773
11334,0.5244139944957049
11335,0.6851553494281883
11336,0.6569005293636592
11337,0.5283568289925685
11338,0.5182017871853417
11339,0.7493313358288864
11340,0.6948690452827326
11341,0.5282652364879665
11342,0.6131208458634894
11343,0.7117697595633405
11344,0.5578417556344744
11345,0.5058987966673092
11346,0.583769539902901
11347,0.871450262185421
11348,0.7789477026124023
11349,0.5475645554125075
11350,0.5218376206685537
11351,0.6899515411650595
11352,0.8093069918576465
11353,0.5069794764952151
11354,0.5112820778858824
11355,0.6487555678113478
11356,0.5477695085664925
11357,0.8689604978197846
11358,0.5258821714023856
11359,0.5533692519696545
11360,0.5330719229653484
11361,0.7682370919452326
11362,0.5435986084555008
11363,0.5784279387591501
11364,0.5207135021348448
11365,0.4738198873017351
11366,0.7596418387568192
11367,0.6682950315114214
11368,0.5741503963126103
11369,0.5411994778960911
11370,0.5128480103129709
11371,0.8700908676483563
11372,0.7208783515078847
11373,0.8662985450411875
11374,0.8009066325916387
11375,0.5049651640342452
11376,0.8695269191266666
11377,0.5327281067032477
11378,0.501297265815297
11379,0.7936331378848134
11380,0.5223165591890141
11381,0.5177266725721598
11382,0.5023645969441257
