index,voted
0,0.6336
1,0.7556
2,0.5757
3,0.6864
4,0.6665
5,0.5177
6,0.7601
7,0.5393
8,0.6252
9,0.5093
10,0.5942
11,0.681
12,0.5402
13,0.5047
14,0.5889
15,0.8225
16,0.7321
17,0.6354
18,0.5097
19,0.5592
20,0.5528
21,0.5144
22,0.6632
23,0.6006
24,0.6567
25,0.7257
26,0.8223
27,0.5472
28,0.5747
29,0.6199
30,0.5114
31,0.6829
32,0.6397
33,0.5289
34,0.517
35,0.704
36,0.6186
37,0.5205
38,0.5738
39,0.5772
40,0.5793
41,0.7716
42,0.7312
43,0.6101
44,0.8227
45,0.6151
46,0.6608
47,0.8202
48,0.542
49,0.7515
50,0.6483
51,0.7674
52,0.5605
53,0.728
54,0.8216
55,0.5767
56,0.5567
57,0.5685
58,0.7257
59,0.6132
60,0.7848
61,0.5405
62,0.5142
63,0.5474
64,0.6189
65,0.6752
66,0.5555
67,0.5941
68,0.5458
69,0.5154
70,0.6554
71,0.504
72,0.6325
73,0.6772
74,0.7553
75,0.5954
76,0.6187
77,0.6419
78,0.5662
79,0.5958
80,0.819
81,0.5716
82,0.5341
83,0.5723
84,0.6831
85,0.5639
86,0.7024
87,0.5792
88,0.6086
89,0.6455
90,0.8214
91,0.5891
92,0.6377
93,0.6345
94,0.5458
95,0.7193
96,0.5214
97,0.7444
98,0.5401
99,0.55
100,0.6295
101,0.5704
102,0.679
103,0.5835
104,0.6255
105,0.589
106,0.606
107,0.5516
108,0.6976
109,0.6379
110,0.5575
111,0.6356
112,0.7361
113,0.7181
114,0.7377
115,0.8226
116,0.5666
117,0.6281
118,0.6604
119,0.6513
120,0.5924
121,0.6878
122,0.8239
123,0.6576
124,0.6023
125,0.5625
126,0.8215
127,0.6872
128,0.8212
129,0.5412
130,0.5909
131,0.5558
132,0.6269
133,0.6961
134,0.8267
135,0.7741
136,0.648
137,0.7035
138,0.6324
139,0.8208
140,0.5197
141,0.7498
142,0.668
143,0.5852
144,0.5281
145,0.5321
146,0.6853
147,0.6307
148,0.5093
149,0.5246
150,0.5556
151,0.5899
152,0.6686
153,0.5208
154,0.6161
155,0.5106
156,0.7245
157,0.5023
158,0.8224
159,0.5173
160,0.7182
161,0.5892
162,0.6076
163,0.5102
164,0.6001
165,0.5542
166,0.5108
167,0.6463
168,0.5831
169,0.8249
170,0.8275
171,0.5762
172,0.5579
173,0.689
174,0.687
175,0.6897
176,0.7084
177,0.5302
178,0.6896
179,0.8214
180,0.824
181,0.5479
182,0.8095
183,0.5727
184,0.6484
185,0.5877
186,0.5109
187,0.6641
188,0.7011
189,0.5627
190,0.5532
191,0.6055
192,0.6639
193,0.6265
194,0.5388
195,0.6372
196,0.5859
197,0.6836
198,0.6089
199,0.5155
200,0.6297
201,0.5308
202,0.6145
203,0.6191
204,0.821
205,0.6745
206,0.5906
207,0.6421
208,0.6652
209,0.6697
210,0.8277
211,0.5069
212,0.6387
213,0.8244
214,0.5997
215,0.5276
216,0.6816
217,0.5712
218,0.647
219,0.6549
220,0.5125
221,0.5882
222,0.7087
223,0.6627
224,0.529
225,0.6171
226,0.579
227,0.823
228,0.503
229,0.5642
230,0.5693
231,0.5927
232,0.617
233,0.6837
234,0.8228
235,0.656
236,0.8202
237,0.6982
238,0.7036
239,0.568
240,0.6612
241,0.5061
242,0.6433
243,0.6385
244,0.534
245,0.601
246,0.5934
247,0.5918
248,0.6062
249,0.7001
250,0.71
251,0.5374
252,0.5594
253,0.5893
254,0.6607
255,0.614
256,0.6638
257,0.595
258,0.7224
259,0.5661
260,0.8213
261,0.5259
262,0.5994
263,0.5942
264,0.5784
265,0.6216
266,0.7178
267,0.7447
268,0.5268
269,0.7321
270,0.6364
271,0.5329
272,0.524
273,0.6364
274,0.5908
275,0.5228
276,0.8233
277,0.8226
278,0.5192
279,0.6257
280,0.5782
281,0.711
282,0.6416
283,0.5234
284,0.6023
285,0.5068
286,0.6238
287,0.5726
288,0.6402
289,0.7143
290,0.6739
291,0.667
292,0.6369
293,0.5649
294,0.5013
295,0.5498
296,0.6125
297,0.7041
298,0.5789
299,0.717
300,0.7239
301,0.6806
302,0.6882
303,0.5348
304,0.8222
305,0.7251
306,0.5057
307,0.5393
308,0.5066
309,0.6539
310,0.5464
311,0.6791
312,0.5834
313,0.6983
314,0.5648
315,0.822
316,0.5072
317,0.5244
318,0.552
319,0.5948
320,0.5009
321,0.5149
322,0.6235
323,0.5829
324,0.5441
325,0.5814
326,0.5892
327,0.5272
328,0.6476
329,0.7631
330,0.8233
331,0.6251
332,0.5638
333,0.6539
334,0.8251
335,0.6828
336,0.5655
337,0.5991
338,0.5164
339,0.7563
340,0.75
341,0.6454
342,0.6853
343,0.6779
344,0.5565
345,0.6402
346,0.5963
347,0.7179
348,0.6551
349,0.6193
350,0.8192
351,0.8227
352,0.6627
353,0.5617
354,0.7287
355,0.636
356,0.6248
357,0.5439
358,0.825
359,0.6084
360,0.7168
361,0.7063
362,0.6168
363,0.6768
364,0.5296
365,0.6904
366,0.5352
367,0.5968
368,0.668
369,0.6191
370,0.6036
371,0.6104
372,0.6295
373,0.6603
374,0.591
375,0.7578
376,0.5858
377,0.5675
378,0.5216
379,0.6311
380,0.5895
381,0.6455
382,0.568
383,0.5224
384,0.5674
385,0.5888
386,0.6117
387,0.605
388,0.6398
389,0.5887
390,0.5885
391,0.6371
392,0.5881
393,0.5264
394,0.641
395,0.599
396,0.5949
397,0.5152
398,0.6966
399,0.6414
400,0.5489
401,0.7422
402,0.5304
403,0.8235
404,0.5477
405,0.5895
406,0.6438
407,0.5714
408,0.5764
409,0.5093
410,0.5846
411,0.5085
412,0.5269
413,0.5464
414,0.6057
415,0.5154
416,0.5584
417,0.7632
418,0.8215
419,0.5277
420,0.5936
421,0.5893
422,0.5832
423,0.5483
424,0.6572
425,0.6634
426,0.6589
427,0.5555
428,0.6188
429,0.6582
430,0.6236
431,0.6539
432,0.5965
433,0.5646
434,0.5085
435,0.656
436,0.5656
437,0.5352
438,0.5818
439,0.8224
440,0.5146
441,0.5722
442,0.5365
443,0.524
444,0.5629
445,0.582
446,0.6244
447,0.5539
448,0.6053
449,0.639
450,0.5556
451,0.5104
452,0.5452
453,0.5204
454,0.5444
455,0.6044
456,0.5315
457,0.6891
458,0.5779
459,0.8243
460,0.5852
461,0.6621
462,0.8204
463,0.555
464,0.6307
465,0.6074
466,0.6211
467,0.7395
468,0.5128
469,0.6067
470,0.7435
471,0.6496
472,0.5993
473,0.5955
474,0.5068
475,0.6124
476,0.5305
477,0.7306
478,0.7372
479,0.8237
480,0.6146
481,0.6218
482,0.5705
483,0.5208
484,0.8244
485,0.823
486,0.587
487,0.625
488,0.5726
489,0.5866
490,0.5611
491,0.6541
492,0.5233
493,0.5122
494,0.734
495,0.5163
496,0.5414
497,0.6842
498,0.5955
499,0.5027
500,0.5043
501,0.7364
502,0.5008
503,0.5812
504,0.6526
505,0.524
506,0.5489
507,0.5188
508,0.5738
509,0.6338
510,0.5338
511,0.663
512,0.51
513,0.5029
514,0.7276
515,0.5516
516,0.5123
517,0.58
518,0.6162
519,0.704
520,0.5325
521,0.5054
522,0.7637
523,0.5842
524,0.7064
525,0.7512
526,0.821
527,0.7178
528,0.8181
529,0.7405
530,0.8213
531,0.5641
532,0.5813
533,0.5125
534,0.6155
535,0.6497
536,0.5005
537,0.5336
538,0.5096
539,0.5993
540,0.5172
541,0.528
542,0.8216
543,0.6128
544,0.5523
545,0.5301
546,0.8185
547,0.6145
548,0.7547
549,0.6126
550,0.6117
551,0.5808
552,0.6523
553,0.6614
554,0.6585
555,0.6439
556,0.5804
557,0.7398
558,0.5024
559,0.637
560,0.6422
561,0.5314
562,0.5369
563,0.8199
564,0.5085
565,0.7621
566,0.5816
567,0.5029
568,0.8224
569,0.5672
570,0.5632
571,0.7433
572,0.5454
573,0.6988
574,0.5601
575,0.7456
576,0.5646
577,0.5047
578,0.6678
579,0.7575
580,0.5854
581,0.7108
582,0.6529
583,0.5924
584,0.6684
585,0.6665
586,0.6494
587,0.5002
588,0.6101
589,0.6277
590,0.6981
591,0.6564
592,0.5261
593,0.6588
594,0.5708
595,0.5228
596,0.5853
597,0.5298
598,0.6083
599,0.5674
600,0.5352
601,0.626
602,0.7449
603,0.6513
604,0.5829
605,0.5595
606,0.6241
607,0.63
608,0.7074
609,0.5705
610,0.5692
611,0.5074
612,0.505
613,0.5817
614,0.65
615,0.6286
616,0.5322
617,0.6244
618,0.5139
619,0.6679
620,0.6866
621,0.5128
622,0.5663
623,0.5736
624,0.5148
625,0.5681
626,0.5336
627,0.6811
628,0.8253
629,0.8216
630,0.7265
631,0.572
632,0.7057
633,0.5984
634,0.5364
635,0.7469
636,0.6226
637,0.5488
638,0.6505
639,0.6632
640,0.6798
641,0.5045
642,0.5719
643,0.5294
644,0.5733
645,0.5063
646,0.7423
647,0.613
648,0.5885
649,0.5426
650,0.8229
651,0.5392
652,0.7521
653,0.6137
654,0.5948
655,0.5061
656,0.5569
657,0.5734
658,0.8082
659,0.6953
660,0.5164
661,0.7301
662,0.5424
663,0.6863
664,0.6979
665,0.5883
666,0.5848
667,0.5821
668,0.7159
669,0.5294
670,0.6309
671,0.5054
672,0.8188
673,0.8279
674,0.5955
675,0.6249
676,0.8227
677,0.5674
678,0.714
679,0.5768
680,0.5941
681,0.8196
682,0.8228
683,0.5932
684,0.6219
685,0.6726
686,0.6062
687,0.5677
688,0.5059
689,0.5538
690,0.648
691,0.5441
692,0.8209
693,0.5594
694,0.5949
695,0.5102
696,0.8246
697,0.5791
698,0.5317
699,0.6438
700,0.5804
701,0.5061
702,0.586
703,0.5443
704,0.8215
705,0.8245
706,0.6155
707,0.8201
708,0.6313
709,0.5554
710,0.7588
711,0.5396
712,0.6031
713,0.5456
714,0.8232
715,0.7631
716,0.5182
717,0.6935
718,0.5419
719,0.6245
720,0.6864
721,0.8179
722,0.5928
723,0.8212
724,0.6024
725,0.652
726,0.6335
727,0.8223
728,0.6717
729,0.5368
730,0.7158
731,0.6694
732,0.8206
733,0.548
734,0.6071
735,0.7618
736,0.8218
737,0.714
738,0.6995
739,0.5128
740,0.5185
741,0.7747
742,0.8272
743,0.6543
744,0.7465
745,0.5336
746,0.5626
747,0.635
748,0.5903
749,0.5115
750,0.5181
751,0.6894
752,0.5776
753,0.6881
754,0.6406
755,0.6657
756,0.7289
757,0.5371
758,0.7065
759,0.5212
760,0.5287
761,0.6945
762,0.5805
763,0.6147
764,0.6355
765,0.6849
766,0.8275
767,0.5234
768,0.7522
769,0.7672
770,0.5887
771,0.6392
772,0.8207
773,0.67
774,0.5975
775,0.5487
776,0.5512
777,0.6322
778,0.5814
779,0.6258
780,0.742
781,0.6846
782,0.5374
783,0.5447
784,0.744
785,0.5695
786,0.6077
787,0.6637
788,0.6349
789,0.6622
790,0.6255
791,0.5914
792,0.5167
793,0.5436
794,0.6925
795,0.5032
796,0.5631
797,0.57
798,0.5888
799,0.5849
800,0.7855
801,0.6282
802,0.6476
803,0.7482
804,0.5411
805,0.5848
806,0.5783
807,0.6251
808,0.5802
809,0.5028
810,0.6702
811,0.6167
812,0.5667
813,0.5346
814,0.8177
815,0.6317
816,0.5112
817,0.6634
818,0.523
819,0.718
820,0.5564
821,0.8249
822,0.5045
823,0.6513
824,0.8242
825,0.5139
826,0.538
827,0.6452
828,0.654
829,0.5469
830,0.6296
831,0.5162
832,0.6998
833,0.7004
834,0.553
835,0.7726
836,0.6103
837,0.6852
838,0.6707
839,0.5434
840,0.5499
841,0.6381
842,0.7626
843,0.6399
844,0.5623
845,0.58
846,0.5155
847,0.6256
848,0.719
849,0.6826
850,0.538
851,0.5244
852,0.6569
853,0.5261
854,0.6356
855,0.8196
856,0.5802
857,0.5412
858,0.5256
859,0.6052
860,0.7386
861,0.5225
862,0.5565
863,0.6215
864,0.5146
865,0.7274
866,0.5385
867,0.6101
868,0.588
869,0.6646
870,0.6432
871,0.5696
872,0.5838
873,0.6683
874,0.5788
875,0.5147
876,0.5883
877,0.591
878,0.6426
879,0.5051
880,0.6538
881,0.5273
882,0.6685
883,0.8247
884,0.5302
885,0.5286
886,0.5216
887,0.6454
888,0.5127
889,0.5538
890,0.6662
891,0.5593
892,0.6042
893,0.5847
894,0.553
895,0.5733
896,0.5028
897,0.8244
898,0.8227
899,0.7323
900,0.7148
901,0.5477
902,0.5696
903,0.5275
904,0.5498
905,0.5267
906,0.5834
907,0.6331
908,0.5954
909,0.704
910,0.5438
911,0.5522
912,0.5559
913,0.5749
914,0.5514
915,0.6532
916,0.6976
917,0.6643
918,0.5978
919,0.5107
920,0.6478
921,0.6387
922,0.6011
923,0.8191
924,0.5436
925,0.5991
926,0.6287
927,0.6426
928,0.8202
929,0.6612
930,0.5084
931,0.5374
932,0.6629
933,0.8222
934,0.6014
935,0.5369
936,0.6286
937,0.7269
938,0.7548
939,0.6114
940,0.552
941,0.6562
942,0.5508
943,0.66
944,0.6119
945,0.8233
946,0.5233
947,0.6837
948,0.5856
949,0.571
950,0.5182
951,0.6391
952,0.5157
953,0.5264
954,0.5924
955,0.6357
956,0.5993
957,0.6406
958,0.7117
959,0.5517
960,0.5036
961,0.6227
962,0.5483
963,0.6776
964,0.6331
965,0.8183
966,0.6891
967,0.5095
968,0.708
969,0.5526
970,0.5115
971,0.6182
972,0.5355
973,0.5124
974,0.5127
975,0.544
976,0.5234
977,0.822
978,0.5701
979,0.5337
980,0.8166
981,0.5688
982,0.8217
983,0.5078
984,0.5716
985,0.8246
986,0.6496
987,0.6051
988,0.5134
989,0.5803
990,0.5506
991,0.5774
992,0.6867
993,0.5392
994,0.5304
995,0.5763
996,0.5833
997,0.6138
998,0.5166
999,0.6669
1000,0.5774
1001,0.5767
1002,0.5325
1003,0.6726
1004,0.7363
1005,0.538
1006,0.6556
1007,0.5427
1008,0.5083
1009,0.5117
1010,0.5402
1011,0.524
1012,0.5402
1013,0.5422
1014,0.7709
1015,0.5628
1016,0.8239
1017,0.6205
1018,0.5521
1019,0.6145
1020,0.6235
1021,0.7029
1022,0.5332
1023,0.5275
1024,0.566
1025,0.6529
1026,0.5773
1027,0.6039
1028,0.5946
1029,0.5873
1030,0.6947
1031,0.8204
1032,0.7462
1033,0.5821
1034,0.5816
1035,0.6169
1036,0.5372
1037,0.5864
1038,0.5488
1039,0.8186
1040,0.5176
1041,0.5841
1042,0.6189
1043,0.5779
1044,0.8219
1045,0.5849
1046,0.6443
1047,0.6456
1048,0.5763
1049,0.6224
1050,0.7409
1051,0.6668
1052,0.5608
1053,0.5176
1054,0.6479
1055,0.6436
1056,0.743
1057,0.5662
1058,0.5918
1059,0.6574
1060,0.6006
1061,0.5256
1062,0.6331
1063,0.519
1064,0.5215
1065,0.5374
1066,0.7133
1067,0.6005
1068,0.5892
1069,0.5426
1070,0.5825
1071,0.724
1072,0.5966
1073,0.6229
1074,0.7237
1075,0.624
1076,0.5997
1077,0.8244
1078,0.5893
1079,0.6901
1080,0.8228
1081,0.6563
1082,0.5907
1083,0.8236
1084,0.6634
1085,0.5338
1086,0.5738
1087,0.6257
1088,0.5902
1089,0.7567
1090,0.5156
1091,0.553
1092,0.5425
1093,0.602
1094,0.6473
1095,0.6654
1096,0.7206
1097,0.8195
1098,0.8249
1099,0.5629
1100,0.525
1101,0.5445
1102,0.5098
1103,0.8233
1104,0.5459
1105,0.5443
1106,0.6639
1107,0.5108
1108,0.5551
1109,0.5097
1110,0.5034
1111,0.5413
1112,0.6975
1113,0.5164
1114,0.8222
1115,0.6735
1116,0.7565
1117,0.5338
1118,0.5913
1119,0.5798
1120,0.5968
1121,0.5305
1122,0.525
1123,0.7165
1124,0.694
1125,0.5539
1126,0.6381
1127,0.7559
1128,0.5818
1129,0.5038
1130,0.5342
1131,0.5835
1132,0.5615
1133,0.5158
1134,0.5585
1135,0.7287
1136,0.6431
1137,0.6693
1138,0.576
1139,0.524
1140,0.7152
1141,0.7486
1142,0.5309
1143,0.5114
1144,0.6172
1145,0.543
1146,0.5235
1147,0.5188
1148,0.5129
1149,0.7473
1150,0.5237
1151,0.6807
1152,0.6433
1153,0.7055
1154,0.5924
1155,0.6292
1156,0.6729
1157,0.5808
1158,0.5993
1159,0.5813
1160,0.8223
1161,0.6636
1162,0.5279
1163,0.617
1164,0.5437
1165,0.6915
1166,0.6619
1167,0.6407
1168,0.5079
1169,0.8184
1170,0.5003
1171,0.5733
1172,0.5022
1173,0.8239
1174,0.565
1175,0.6285
1176,0.706
1177,0.7058
1178,0.5279
1179,0.6925
1180,0.5192
1181,0.754
1182,0.6348
1183,0.6176
1184,0.5567
1185,0.5668
1186,0.6414
1187,0.8251
1188,0.7169
1189,0.64
1190,0.5607
1191,0.5716
1192,0.7198
1193,0.5238
1194,0.5524
1195,0.6467
1196,0.5396
1197,0.5555
1198,0.5961
1199,0.5735
1200,0.5517
1201,0.8204
1202,0.5617
1203,0.5735
1204,0.5655
1205,0.621
1206,0.7282
1207,0.7138
1208,0.6143
1209,0.8223
1210,0.543
1211,0.5618
1212,0.7125
1213,0.5685
1214,0.5487
1215,0.6389
1216,0.5254
1217,0.6537
1218,0.655
1219,0.6847
1220,0.6941
1221,0.8275
1222,0.583
1223,0.5338
1224,0.5635
1225,0.5952
1226,0.5935
1227,0.5795
1228,0.6262
1229,0.6033
1230,0.572
1231,0.5766
1232,0.6268
1233,0.6875
1234,0.5422
1235,0.613
1236,0.5632
1237,0.5941
1238,0.6928
1239,0.6345
1240,0.5902
1241,0.6303
1242,0.6513
1243,0.6291
1244,0.5364
1245,0.5576
1246,0.8197
1247,0.6264
1248,0.5464
1249,0.7106
1250,0.5654
1251,0.7607
1252,0.5023
1253,0.6633
1254,0.5238
1255,0.7158
1256,0.6835
1257,0.8194
1258,0.6082
1259,0.6604
1260,0.7009
1261,0.8213
1262,0.558
1263,0.5984
1264,0.6707
1265,0.6398
1266,0.718
1267,0.5521
1268,0.8219
1269,0.6015
1270,0.6287
1271,0.5081
1272,0.5836
1273,0.8203
1274,0.8199
1275,0.6872
1276,0.5123
1277,0.764
1278,0.6363
1279,0.7304
1280,0.8219
1281,0.5325
1282,0.5991
1283,0.5739
1284,0.6535
1285,0.5776
1286,0.5648
1287,0.5964
1288,0.7386
1289,0.5027
1290,0.7036
1291,0.5231
1292,0.535
1293,0.637
1294,0.5939
1295,0.7446
1296,0.5931
1297,0.5752
1298,0.6553
1299,0.5373
1300,0.7238
1301,0.7471
1302,0.5723
1303,0.5588
1304,0.6023
1305,0.7278
1306,0.8205
1307,0.6697
1308,0.638
1309,0.534
1310,0.5687
1311,0.6796
1312,0.6299
1313,0.8251
1314,0.7094
1315,0.674
1316,0.572
1317,0.5987
1318,0.5823
1319,0.6797
1320,0.6678
1321,0.775
1322,0.7732
1323,0.6355
1324,0.5305
1325,0.5042
1326,0.822
1327,0.6373
1328,0.5978
1329,0.7272
1330,0.5398
1331,0.5589
1332,0.5019
1333,0.5041
1334,0.5755
1335,0.6461
1336,0.5802
1337,0.6202
1338,0.5246
1339,0.7726
1340,0.6632
1341,0.6941
1342,0.6229
1343,0.5746
1344,0.5895
1345,0.6422
1346,0.7474
1347,0.5117
1348,0.772
1349,0.6795
1350,0.7357
1351,0.688
1352,0.6108
1353,0.6859
1354,0.8213
1355,0.5034
1356,0.6819
1357,0.7227
1358,0.695
1359,0.6949
1360,0.7067
1361,0.6652
1362,0.6524
1363,0.5515
1364,0.5896
1365,0.5454
1366,0.5376
1367,0.5522
1368,0.6005
1369,0.7365
1370,0.745
1371,0.6242
1372,0.5288
1373,0.5857
1374,0.6264
1375,0.6469
1376,0.5563
1377,0.7407
1378,0.5777
1379,0.5568
1380,0.8239
1381,0.5598
1382,0.6782
1383,0.629
1384,0.5006
1385,0.5896
1386,0.6845
1387,0.5753
1388,0.591
1389,0.6708
1390,0.62
1391,0.7345
1392,0.531
1393,0.749
1394,0.6288
1395,0.647
1396,0.6177
1397,0.5854
1398,0.5784
1399,0.6652
1400,0.6935
1401,0.5684
1402,0.7284
1403,0.5407
1404,0.5173
1405,0.5298
1406,0.6158
1407,0.6979
1408,0.5675
1409,0.5883
1410,0.5813
1411,0.5303
1412,0.6102
1413,0.6407
1414,0.5655
1415,0.6248
1416,0.5084
1417,0.5232
1418,0.8187
1419,0.6908
1420,0.6324
1421,0.6328
1422,0.5095
1423,0.6949
1424,0.7929
1425,0.7364
1426,0.5919
1427,0.5561
1428,0.5081
1429,0.5852
1430,0.6433
1431,0.6639
1432,0.7188
1433,0.6089
1434,0.55
1435,0.511
1436,0.6807
1437,0.6718
1438,0.514
1439,0.5291
1440,0.6063
1441,0.6419
1442,0.5004
1443,0.7309
1444,0.5268
1445,0.6113
1446,0.5147
1447,0.7618
1448,0.6482
1449,0.6837
1450,0.6032
1451,0.6741
1452,0.6621
1453,0.6282
1454,0.5273
1455,0.691
1456,0.5862
1457,0.5671
1458,0.6391
1459,0.5778
1460,0.5154
1461,0.6447
1462,0.6331
1463,0.5383
1464,0.655
1465,0.5754
1466,0.6246
1467,0.621
1468,0.8232
1469,0.674
1470,0.5425
1471,0.8229
1472,0.5264
1473,0.8131
1474,0.8218
1475,0.5724
1476,0.5003
1477,0.5946
1478,0.7181
1479,0.6137
1480,0.5214
1481,0.678
1482,0.7654
1483,0.544
1484,0.6512
1485,0.5217
1486,0.514
1487,0.592
1488,0.6258
1489,0.5441
1490,0.5619
1491,0.7199
1492,0.5436
1493,0.8269
1494,0.6162
1495,0.5619
1496,0.6037
1497,0.6325
1498,0.6769
1499,0.5972
1500,0.8214
1501,0.5426
1502,0.5182
1503,0.5144
1504,0.6323
1505,0.5099
1506,0.7114
1507,0.8229
1508,0.5156
1509,0.6633
1510,0.6028
1511,0.696
1512,0.8245
1513,0.6624
1514,0.6037
1515,0.5425
1516,0.5629
1517,0.8234
1518,0.646
1519,0.6
1520,0.559
1521,0.7266
1522,0.6493
1523,0.655
1524,0.5287
1525,0.5291
1526,0.5889
1527,0.6461
1528,0.6616
1529,0.5325
1530,0.5267
1531,0.5002
1532,0.6719
1533,0.6064
1534,0.6197
1535,0.6154
1536,0.5509
1537,0.5935
1538,0.7145
1539,0.7109
1540,0.6339
1541,0.6289
1542,0.5122
1543,0.5077
1544,0.6644
1545,0.5858
1546,0.5449
1547,0.6537
1548,0.5811
1549,0.8215
1550,0.5557
1551,0.6171
1552,0.6125
1553,0.5943
1554,0.5354
1555,0.6318
1556,0.6066
1557,0.7012
1558,0.8208
1559,0.5411
1560,0.5049
1561,0.6668
1562,0.715
1563,0.8129
1564,0.545
1565,0.6119
1566,0.8239
1567,0.7386
1568,0.6645
1569,0.7921
1570,0.6365
1571,0.5403
1572,0.6726
1573,0.6153
1574,0.6702
1575,0.6556
1576,0.6483
1577,0.7603
1578,0.5772
1579,0.8177
1580,0.6005
1581,0.5198
1582,0.5075
1583,0.6534
1584,0.6711
1585,0.661
1586,0.6123
1587,0.5081
1588,0.5209
1589,0.7742
1590,0.5403
1591,0.5492
1592,0.8204
1593,0.5174
1594,0.6512
1595,0.6723
1596,0.7534
1597,0.6085
1598,0.5021
1599,0.8212
1600,0.5255
1601,0.6549
1602,0.6714
1603,0.5066
1604,0.5898
1605,0.7487
1606,0.5766
1607,0.5304
1608,0.5039
1609,0.8214
1610,0.5402
1611,0.5484
1612,0.6254
1613,0.5931
1614,0.5427
1615,0.5035
1616,0.6964
1617,0.6372
1618,0.5765
1619,0.5922
1620,0.6772
1621,0.6452
1622,0.667
1623,0.6711
1624,0.5308
1625,0.5507
1626,0.5547
1627,0.8224
1628,0.5736
1629,0.7863
1630,0.5274
1631,0.8167
1632,0.5919
1633,0.6568
1634,0.6594
1635,0.6801
1636,0.816
1637,0.6593
1638,0.5256
1639,0.5376
1640,0.7048
1641,0.6586
1642,0.6819
1643,0.5136
1644,0.8252
1645,0.6706
1646,0.5456
1647,0.6926
1648,0.5543
1649,0.5022
1650,0.5533
1651,0.6693
1652,0.5152
1653,0.5395
1654,0.7625
1655,0.7136
1656,0.8223
1657,0.5961
1658,0.5676
1659,0.647
1660,0.6902
1661,0.5824
1662,0.6342
1663,0.5344
1664,0.5644
1665,0.6005
1666,0.5156
1667,0.8216
1668,0.5858
1669,0.7305
1670,0.6266
1671,0.6069
1672,0.6814
1673,0.6802
1674,0.8223
1675,0.5406
1676,0.5181
1677,0.5155
1678,0.8221
1679,0.6576
1680,0.6795
1681,0.5878
1682,0.5214
1683,0.5426
1684,0.6353
1685,0.8196
1686,0.6609
1687,0.5278
1688,0.6451
1689,0.5256
1690,0.5689
1691,0.6648
1692,0.6031
1693,0.8216
1694,0.5186
1695,0.6426
1696,0.5967
1697,0.6307
1698,0.7245
1699,0.5178
1700,0.5613
1701,0.5325
1702,0.5811
1703,0.5225
1704,0.5203
1705,0.5188
1706,0.8217
1707,0.591
1708,0.5871
1709,0.6412
1710,0.82
1711,0.5044
1712,0.6412
1713,0.5919
1714,0.5195
1715,0.5863
1716,0.5655
1717,0.5994
1718,0.6056
1719,0.6013
1720,0.8224
1721,0.5911
1722,0.5774
1723,0.6128
1724,0.8179
1725,0.5294
1726,0.6122
1727,0.5536
1728,0.5747
1729,0.5283
1730,0.5277
1731,0.8218
1732,0.743
1733,0.589
1734,0.7083
1735,0.8203
1736,0.638
1737,0.5117
1738,0.7183
1739,0.6071
1740,0.7376
1741,0.5459
1742,0.5621
1743,0.5136
1744,0.614
1745,0.5429
1746,0.6383
1747,0.5031
1748,0.5362
1749,0.6556
1750,0.5016
1751,0.6678
1752,0.5932
1753,0.7472
1754,0.5362
1755,0.6252
1756,0.5737
1757,0.7977
1758,0.5832
1759,0.6112
1760,0.6078
1761,0.6019
1762,0.6753
1763,0.5957
1764,0.7058
1765,0.6251
1766,0.5144
1767,0.7531
1768,0.562
1769,0.5819
1770,0.8211
1771,0.6422
1772,0.5129
1773,0.6633
1774,0.5042
1775,0.5938
1776,0.6412
1777,0.6688
1778,0.8237
1779,0.6195
1780,0.5796
1781,0.6814
1782,0.5687
1783,0.6359
1784,0.5907
1785,0.5649
1786,0.6805
1787,0.5898
1788,0.6254
1789,0.6968
1790,0.6062
1791,0.6771
1792,0.5383
1793,0.6202
1794,0.731
1795,0.6657
1796,0.6937
1797,0.6332
1798,0.8165
1799,0.5509
1800,0.7131
1801,0.5776
1802,0.8237
1803,0.5221
1804,0.825
1805,0.5561
1806,0.516
1807,0.6512
1808,0.5091
1809,0.8236
1810,0.5416
1811,0.5016
1812,0.621
1813,0.5821
1814,0.5943
1815,0.5761
1816,0.6347
1817,0.6004
1818,0.5314
1819,0.6492
1820,0.6313
1821,0.5584
1822,0.5465
1823,0.735
1824,0.5954
1825,0.6003
1826,0.6661
1827,0.5567
1828,0.7345
1829,0.5739
1830,0.5229
1831,0.5683
1832,0.5654
1833,0.5717
1834,0.6414
1835,0.6552
1836,0.6697
1837,0.6155
1838,0.572
1839,0.5122
1840,0.746
1841,0.6962
1842,0.7071
1843,0.8082
1844,0.6834
1845,0.5204
1846,0.6519
1847,0.822
1848,0.5064
1849,0.6794
1850,0.583
1851,0.5202
1852,0.6773
1853,0.6278
1854,0.6552
1855,0.8221
1856,0.5991
1857,0.6793
1858,0.6115
1859,0.6215
1860,0.5515
1861,0.7021
1862,0.5573
1863,0.6271
1864,0.667
1865,0.5756
1866,0.635
1867,0.5249
1868,0.6868
1869,0.5215
1870,0.584
1871,0.7179
1872,0.6073
1873,0.561
1874,0.6894
1875,0.7518
1876,0.5353
1877,0.6455
1878,0.6177
1879,0.6854
1880,0.7358
1881,0.6825
1882,0.8232
1883,0.689
1884,0.6275
1885,0.5858
1886,0.6016
1887,0.5291
1888,0.5234
1889,0.581
1890,0.5031
1891,0.6104
1892,0.7131
1893,0.5242
1894,0.5469
1895,0.6184
1896,0.5957
1897,0.5593
1898,0.573
1899,0.6138
1900,0.5297
1901,0.5375
1902,0.8106
1903,0.7439
1904,0.5168
1905,0.5879
1906,0.5198
1907,0.6879
1908,0.6897
1909,0.5488
1910,0.5966
1911,0.6891
1912,0.511
1913,0.6139
1914,0.8241
1915,0.5791
1916,0.5339
1917,0.6077
1918,0.5989
1919,0.531
1920,0.5593
1921,0.8221
1922,0.824
1923,0.5318
1924,0.6325
1925,0.6612
1926,0.5452
1927,0.5099
1928,0.8214
1929,0.5823
1930,0.8224
1931,0.6346
1932,0.6655
1933,0.5158
1934,0.8197
1935,0.7014
1936,0.5344
1937,0.7305
1938,0.6698
1939,0.7092
1940,0.5052
1941,0.819
1942,0.6496
1943,0.5833
1944,0.5341
1945,0.5453
1946,0.5898
1947,0.6707
1948,0.7577
1949,0.5016
1950,0.6704
1951,0.6024
1952,0.6475
1953,0.6467
1954,0.5803
1955,0.5418
1956,0.5831
1957,0.612
1958,0.5841
1959,0.5124
1960,0.68
1961,0.6033
1962,0.6791
1963,0.7017
1964,0.6857
1965,0.8227
1966,0.5807
1967,0.8213
1968,0.671
1969,0.5055
1970,0.6629
1971,0.5071
1972,0.5251
1973,0.6197
1974,0.5968
1975,0.6891
1976,0.5383
1977,0.6653
1978,0.7476
1979,0.6267
1980,0.6528
1981,0.736
1982,0.6407
1983,0.6005
1984,0.606
1985,0.7104
1986,0.5816
1987,0.8227
1988,0.5306
1989,0.5694
1990,0.5994
1991,0.5032
1992,0.5039
1993,0.654
1994,0.6366
1995,0.6347
1996,0.8223
1997,0.6496
1998,0.8228
1999,0.6993
2000,0.6421
2001,0.8204
2002,0.5513
2003,0.6039
2004,0.5108
2005,0.6605
2006,0.6479
2007,0.5652
2008,0.6434
2009,0.5366
2010,0.713
2011,0.6235
2012,0.555
2013,0.5145
2014,0.5569
2015,0.6331
2016,0.5437
2017,0.5636
2018,0.5841
2019,0.5021
2020,0.6435
2021,0.6482
2022,0.6519
2023,0.6301
2024,0.5481
2025,0.5852
2026,0.697
2027,0.6825
2028,0.6711
2029,0.5465
2030,0.6275
2031,0.6622
2032,0.5771
2033,0.8197
2034,0.5186
2035,0.6519
2036,0.7117
2037,0.5188
2038,0.8238
2039,0.5587
2040,0.5115
2041,0.6
2042,0.5366
2043,0.5197
2044,0.6391
2045,0.6331
2046,0.8195
2047,0.7447
2048,0.5882
2049,0.5445
2050,0.6167
2051,0.8222
2052,0.8245
2053,0.5478
2054,0.5049
2055,0.6818
2056,0.5939
2057,0.6407
2058,0.5693
2059,0.5493
2060,0.524
2061,0.5166
2062,0.5299
2063,0.5476
2064,0.8219
2065,0.6946
2066,0.5033
2067,0.5155
2068,0.5832
2069,0.6685
2070,0.6404
2071,0.6032
2072,0.6705
2073,0.5095
2074,0.5498
2075,0.8258
2076,0.6474
2077,0.6337
2078,0.6719
2079,0.8232
2080,0.8172
2081,0.6167
2082,0.7308
2083,0.5949
2084,0.6545
2085,0.6166
2086,0.8197
2087,0.8242
2088,0.7184
2089,0.5749
2090,0.5104
2091,0.8231
2092,0.644
2093,0.6224
2094,0.5743
2095,0.6701
2096,0.659
2097,0.6882
2098,0.6391
2099,0.8246
2100,0.6883
2101,0.6635
2102,0.5205
2103,0.5487
2104,0.6531
2105,0.61
2106,0.5558
2107,0.5765
2108,0.8213
2109,0.6018
2110,0.6647
2111,0.5297
2112,0.5508
2113,0.6786
2114,0.8186
2115,0.7379
2116,0.5536
2117,0.5472
2118,0.5365
2119,0.5479
2120,0.6927
2121,0.5485
2122,0.5904
2123,0.8211
2124,0.5518
2125,0.7087
2126,0.6313
2127,0.5544
2128,0.5674
2129,0.6301
2130,0.5814
2131,0.6758
2132,0.6248
2133,0.6195
2134,0.8201
2135,0.5523
2136,0.5749
2137,0.6559
2138,0.6815
2139,0.8196
2140,0.8221
2141,0.6321
2142,0.7324
2143,0.5149
2144,0.825
2145,0.5416
2146,0.8222
2147,0.5362
2148,0.8239
2149,0.5081
2150,0.5873
2151,0.6969
2152,0.5391
2153,0.6497
2154,0.5409
2155,0.752
2156,0.6079
2157,0.5049
2158,0.6164
2159,0.5756
2160,0.6653
2161,0.5071
2162,0.7198
2163,0.5319
2164,0.5769
2165,0.5595
2166,0.538
2167,0.6819
2168,0.6154
2169,0.7264
2170,0.593
2171,0.645
2172,0.5099
2173,0.5775
2174,0.6985
2175,0.7343
2176,0.7026
2177,0.6481
2178,0.6305
2179,0.5906
2180,0.522
2181,0.5404
2182,0.5445
2183,0.5361
2184,0.663
2185,0.6812
2186,0.7028
2187,0.536
2188,0.5803
2189,0.7654
2190,0.5408
2191,0.5163
2192,0.6218
2193,0.5312
2194,0.5954
2195,0.5051
2196,0.698
2197,0.5007
2198,0.608
2199,0.6077
2200,0.578
2201,0.6876
2202,0.5729
2203,0.569
2204,0.8239
2205,0.5685
2206,0.6056
2207,0.5002
2208,0.6604
2209,0.5871
2210,0.6414
2211,0.5947
2212,0.6094
2213,0.5679
2214,0.5914
2215,0.6937
2216,0.5712
2217,0.5058
2218,0.5057
2219,0.5252
2220,0.6428
2221,0.5635
2222,0.5094
2223,0.6106
2224,0.6561
2225,0.5301
2226,0.6317
2227,0.5756
2228,0.517
2229,0.7537
2230,0.6254
2231,0.643
2232,0.5858
2233,0.5976
2234,0.6736
2235,0.5409
2236,0.7435
2237,0.6857
2238,0.7208
2239,0.5294
2240,0.5961
2241,0.6484
2242,0.6891
2243,0.5437
2244,0.523
2245,0.657
2246,0.697
2247,0.6582
2248,0.6
2249,0.8224
2250,0.8171
2251,0.5797
2252,0.5338
2253,0.6625
2254,0.5125
2255,0.6527
2256,0.8214
2257,0.6475
2258,0.5474
2259,0.6199
2260,0.824
2261,0.5705
2262,0.5767
2263,0.6396
2264,0.5613
2265,0.8179
2266,0.6951
2267,0.5127
2268,0.6104
2269,0.5601
2270,0.5507
2271,0.576
2272,0.5406
2273,0.5948
2274,0.7014
2275,0.8215
2276,0.8189
2277,0.5788
2278,0.6002
2279,0.6344
2280,0.5882
2281,0.8246
2282,0.5055
2283,0.5429
2284,0.6235
2285,0.5471
2286,0.6557
2287,0.6871
2288,0.5762
2289,0.6216
2290,0.557
2291,0.618
2292,0.6659
2293,0.5143
2294,0.6728
2295,0.5412
2296,0.6076
2297,0.5613
2298,0.5813
2299,0.5971
2300,0.531
2301,0.8285
2302,0.7619
2303,0.5644
2304,0.6081
2305,0.6741
2306,0.8227
2307,0.6203
2308,0.5794
2309,0.6108
2310,0.6736
2311,0.5737
2312,0.668
2313,0.6487
2314,0.61
2315,0.822
2316,0.7483
2317,0.6049
2318,0.5419
2319,0.6354
2320,0.5394
2321,0.7164
2322,0.8212
2323,0.5047
2324,0.6925
2325,0.6286
2326,0.6264
2327,0.6936
2328,0.6719
2329,0.6843
2330,0.5064
2331,0.8254
2332,0.6317
2333,0.6468
2334,0.5668
2335,0.6533
2336,0.6105
2337,0.5791
2338,0.6294
2339,0.6226
2340,0.5448
2341,0.5825
2342,0.6502
2343,0.8221
2344,0.6228
2345,0.5733
2346,0.5612
2347,0.5224
2348,0.5476
2349,0.594
2350,0.5519
2351,0.613
2352,0.506
2353,0.6526
2354,0.8288
2355,0.6802
2356,0.6871
2357,0.6284
2358,0.5781
2359,0.6513
2360,0.5652
2361,0.5596
2362,0.6789
2363,0.5682
2364,0.5813
2365,0.5171
2366,0.5724
2367,0.5744
2368,0.6505
2369,0.5696
2370,0.5364
2371,0.615
2372,0.6002
2373,0.59
2374,0.6081
2375,0.508
2376,0.6273
2377,0.6318
2378,0.5274
2379,0.5873
2380,0.5284
2381,0.6662
2382,0.7026
2383,0.824
2384,0.8051
2385,0.5696
2386,0.7531
2387,0.584
2388,0.5036
2389,0.5658
2390,0.5795
2391,0.6636
2392,0.5509
2393,0.5207
2394,0.6883
2395,0.6454
2396,0.6874
2397,0.5767
2398,0.5701
2399,0.8214
2400,0.6387
2401,0.5623
2402,0.5506
2403,0.5605
2404,0.6564
2405,0.6174
2406,0.6435
2407,0.8228
2408,0.641
2409,0.5783
2410,0.5767
2411,0.5836
2412,0.5882
2413,0.5106
2414,0.6976
2415,0.5222
2416,0.5467
2417,0.8183
2418,0.5748
2419,0.7032
2420,0.8237
2421,0.6482
2422,0.7212
2423,0.8256
2424,0.6303
2425,0.6427
2426,0.5067
2427,0.5891
2428,0.631
2429,0.8249
2430,0.6057
2431,0.7215
2432,0.8198
2433,0.6097
2434,0.5825
2435,0.526
2436,0.6541
2437,0.5411
2438,0.7329
2439,0.6418
2440,0.5364
2441,0.6848
2442,0.6223
2443,0.5297
2444,0.7245
2445,0.6172
2446,0.8242
2447,0.5378
2448,0.8195
2449,0.5233
2450,0.5628
2451,0.5952
2452,0.7327
2453,0.6478
2454,0.6324
2455,0.6334
2456,0.5921
2457,0.6631
2458,0.7375
2459,0.7353
2460,0.8239
2461,0.6445
2462,0.8264
2463,0.8194
2464,0.7184
2465,0.5977
2466,0.5744
2467,0.5036
2468,0.5502
2469,0.5696
2470,0.5485
2471,0.5215
2472,0.6508
2473,0.5639
2474,0.5035
2475,0.5938
2476,0.5111
2477,0.5006
2478,0.5564
2479,0.6673
2480,0.5852
2481,0.5367
2482,0.8191
2483,0.5646
2484,0.5183
2485,0.6328
2486,0.5356
2487,0.5868
2488,0.5203
2489,0.532
2490,0.5369
2491,0.6497
2492,0.8211
2493,0.723
2494,0.5121
2495,0.5939
2496,0.698
2497,0.8232
2498,0.5302
2499,0.6504
2500,0.5403
2501,0.5898
2502,0.649
2503,0.6979
2504,0.6504
2505,0.6215
2506,0.5006
2507,0.5677
2508,0.5148
2509,0.5566
2510,0.5029
2511,0.739
2512,0.5348
2513,0.5972
2514,0.6334
2515,0.663
2516,0.6247
2517,0.6788
2518,0.8211
2519,0.8221
2520,0.5032
2521,0.6027
2522,0.5588
2523,0.5134
2524,0.556
2525,0.6496
2526,0.6109
2527,0.5668
2528,0.8191
2529,0.6683
2530,0.6085
2531,0.6799
2532,0.5353
2533,0.5052
2534,0.5221
2535,0.5664
2536,0.5051
2537,0.5993
2538,0.5986
2539,0.5552
2540,0.5959
2541,0.5971
2542,0.5181
2543,0.7055
2544,0.6225
2545,0.6481
2546,0.6279
2547,0.8233
2548,0.5718
2549,0.5164
2550,0.6553
2551,0.5481
2552,0.6739
2553,0.671
2554,0.5818
2555,0.5201
2556,0.8169
2557,0.5029
2558,0.6276
2559,0.71
2560,0.6264
2561,0.7483
2562,0.5401
2563,0.6001
2564,0.7598
2565,0.5402
2566,0.5185
2567,0.6255
2568,0.5966
2569,0.6172
2570,0.5216
2571,0.6176
2572,0.8245
2573,0.7346
2574,0.589
2575,0.5416
2576,0.5814
2577,0.7377
2578,0.6731
2579,0.8145
2580,0.8205
2581,0.6675
2582,0.6589
2583,0.621
2584,0.6134
2585,0.5192
2586,0.5627
2587,0.7734
2588,0.5371
2589,0.6154
2590,0.7473
2591,0.5145
2592,0.733
2593,0.5991
2594,0.7046
2595,0.5737
2596,0.5189
2597,0.8028
2598,0.6251
2599,0.684
2600,0.5577
2601,0.6055
2602,0.5025
2603,0.5257
2604,0.6578
2605,0.5179
2606,0.7523
2607,0.6128
2608,0.7017
2609,0.7584
2610,0.5384
2611,0.5664
2612,0.5678
2613,0.7477
2614,0.8232
2615,0.8218
2616,0.5436
2617,0.7217
2618,0.5143
2619,0.7353
2620,0.6173
2621,0.7103
2622,0.5845
2623,0.5715
2624,0.6029
2625,0.6275
2626,0.6008
2627,0.5974
2628,0.6313
2629,0.6458
2630,0.6521
2631,0.6291
2632,0.6124
2633,0.5548
2634,0.8218
2635,0.522
2636,0.5683
2637,0.5911
2638,0.6272
2639,0.5103
2640,0.6486
2641,0.7502
2642,0.5015
2643,0.6306
2644,0.5636
2645,0.5771
2646,0.5466
2647,0.608
2648,0.5625
2649,0.6766
2650,0.5149
2651,0.6199
2652,0.6294
2653,0.5514
2654,0.6789
2655,0.8219
2656,0.7414
2657,0.8226
2658,0.7581
2659,0.8222
2660,0.6339
2661,0.5136
2662,0.5601
2663,0.581
2664,0.5329
2665,0.6773
2666,0.6323
2667,0.6679
2668,0.6834
2669,0.6639
2670,0.6484
2671,0.63
2672,0.6488
2673,0.5822
2674,0.6652
2675,0.6276
2676,0.6951
2677,0.6452
2678,0.645
2679,0.632
2680,0.728
2681,0.8221
2682,0.5531
2683,0.6193
2684,0.5465
2685,0.6387
2686,0.5041
2687,0.7434
2688,0.5187
2689,0.6427
2690,0.5425
2691,0.5692
2692,0.5164
2693,0.6938
2694,0.7374
2695,0.5504
2696,0.6673
2697,0.8239
2698,0.5271
2699,0.7591
2700,0.6566
2701,0.7168
2702,0.6207
2703,0.6501
2704,0.5011
2705,0.6274
2706,0.5713
2707,0.5998
2708,0.5197
2709,0.7006
2710,0.5538
2711,0.7493
2712,0.5467
2713,0.5068
2714,0.5591
2715,0.6305
2716,0.6885
2717,0.599
2718,0.5223
2719,0.6004
2720,0.8203
2721,0.8234
2722,0.5383
2723,0.5088
2724,0.8247
2725,0.5863
2726,0.7459
2727,0.8206
2728,0.6521
2729,0.6076
2730,0.6725
2731,0.5794
2732,0.5719
2733,0.554
2734,0.6838
2735,0.6225
2736,0.5225
2737,0.6259
2738,0.6488
2739,0.6346
2740,0.8241
2741,0.5721
2742,0.6341
2743,0.6223
2744,0.8246
2745,0.5217
2746,0.6984
2747,0.627
2748,0.5763
2749,0.659
2750,0.5833
2751,0.6303
2752,0.823
2753,0.737
2754,0.6332
2755,0.536
2756,0.6228
2757,0.674
2758,0.531
2759,0.5477
2760,0.8184
2761,0.6584
2762,0.6605
2763,0.5465
2764,0.7018
2765,0.5847
2766,0.7496
2767,0.5429
2768,0.5503
2769,0.6575
2770,0.636
2771,0.7679
2772,0.56
2773,0.6081
2774,0.5706
2775,0.6035
2776,0.5191
2777,0.507
2778,0.5449
2779,0.6034
2780,0.6061
2781,0.7345
2782,0.6011
2783,0.6574
2784,0.758
2785,0.6843
2786,0.5803
2787,0.6471
2788,0.6803
2789,0.5489
2790,0.5113
2791,0.6629
2792,0.592
2793,0.6239
2794,0.6158
2795,0.6266
2796,0.8226
2797,0.5455
2798,0.6851
2799,0.5565
2800,0.6571
2801,0.7344
2802,0.6991
2803,0.7249
2804,0.5965
2805,0.6001
2806,0.665
2807,0.6481
2808,0.6181
2809,0.5439
2810,0.5117
2811,0.5181
2812,0.8216
2813,0.5367
2814,0.5666
2815,0.5418
2816,0.735
2817,0.5913
2818,0.821
2819,0.5601
2820,0.6907
2821,0.6161
2822,0.5649
2823,0.8217
2824,0.6281
2825,0.7919
2826,0.5411
2827,0.8227
2828,0.5125
2829,0.7287
2830,0.6679
2831,0.6202
2832,0.6304
2833,0.64
2834,0.8209
2835,0.6675
2836,0.5319
2837,0.53
2838,0.501
2839,0.7333
2840,0.5658
2841,0.6181
2842,0.6628
2843,0.6378
2844,0.5846
2845,0.8253
2846,0.5516
2847,0.6833
2848,0.6155
2849,0.6149
2850,0.647
2851,0.8205
2852,0.5749
2853,0.5872
2854,0.5109
2855,0.501
2856,0.7154
2857,0.8234
2858,0.6414
2859,0.6826
2860,0.8188
2861,0.6526
2862,0.5308
2863,0.6443
2864,0.8231
2865,0.6231
2866,0.5172
2867,0.5336
2868,0.6797
2869,0.6958
2870,0.6677
2871,0.5217
2872,0.5532
2873,0.6888
2874,0.6192
2875,0.6672
2876,0.646
2877,0.6058
2878,0.5108
2879,0.5313
2880,0.5113
2881,0.8183
2882,0.606
2883,0.5552
2884,0.5763
2885,0.8176
2886,0.6488
2887,0.5708
2888,0.6759
2889,0.5153
2890,0.6607
2891,0.7192
2892,0.5838
2893,0.591
2894,0.7436
2895,0.5256
2896,0.8258
2897,0.6322
2898,0.583
2899,0.6899
2900,0.6434
2901,0.8198
2902,0.6567
2903,0.5754
2904,0.5133
2905,0.5723
2906,0.6662
2907,0.5169
2908,0.8211
2909,0.5997
2910,0.5043
2911,0.5581
2912,0.6599
2913,0.5791
2914,0.5068
2915,0.5626
2916,0.5711
2917,0.6484
2918,0.5563
2919,0.5099
2920,0.5262
2921,0.6867
2922,0.6421
2923,0.6184
2924,0.5931
2925,0.5633
2926,0.7085
2927,0.7245
2928,0.6194
2929,0.5234
2930,0.638
2931,0.8199
2932,0.7118
2933,0.6465
2934,0.6696
2935,0.5967
2936,0.61
2937,0.8233
2938,0.5921
2939,0.5271
2940,0.5238
2941,0.5454
2942,0.6003
2943,0.5897
2944,0.7699
2945,0.5509
2946,0.5752
2947,0.508
2948,0.8202
2949,0.7443
2950,0.6739
2951,0.5162
2952,0.5589
2953,0.5609
2954,0.5178
2955,0.8231
2956,0.82
2957,0.5444
2958,0.7142
2959,0.5986
2960,0.6105
2961,0.5809
2962,0.5214
2963,0.5598
2964,0.5674
2965,0.6014
2966,0.821
2967,0.5933
2968,0.5772
2969,0.8229
2970,0.6457
2971,0.821
2972,0.6779
2973,0.5313
2974,0.5817
2975,0.6305
2976,0.711
2977,0.6139
2978,0.5583
2979,0.5338
2980,0.6177
2981,0.6665
2982,0.8241
2983,0.5918
2984,0.7292
2985,0.7134
2986,0.5024
2987,0.527
2988,0.586
2989,0.6016
2990,0.513
2991,0.8235
2992,0.5645
2993,0.6653
2994,0.5842
2995,0.5905
2996,0.6019
2997,0.5302
2998,0.6326
2999,0.556
3000,0.5819
3001,0.6806
3002,0.5319
3003,0.6461
3004,0.6309
3005,0.5716
3006,0.556
3007,0.58
3008,0.6032
3009,0.7576
3010,0.6861
3011,0.5416
3012,0.6947
3013,0.5416
3014,0.6406
3015,0.8221
3016,0.5725
3017,0.5503
3018,0.6198
3019,0.8229
3020,0.5832
3021,0.5627
3022,0.5619
3023,0.5954
3024,0.5562
3025,0.5279
3026,0.5974
3027,0.6706
3028,0.7638
3029,0.5208
3030,0.6131
3031,0.6658
3032,0.784
3033,0.5964
3034,0.6046
3035,0.601
3036,0.7264
3037,0.652
3038,0.5056
3039,0.5745
3040,0.5599
3041,0.5236
3042,0.681
3043,0.555
3044,0.6227
3045,0.8198
3046,0.51
3047,0.5583
3048,0.7359
3049,0.6203
3050,0.6597
3051,0.5575
3052,0.5172
3053,0.631
3054,0.8167
3055,0.5843
3056,0.5878
3057,0.678
3058,0.508
3059,0.6116
3060,0.5373
3061,0.7241
3062,0.7143
3063,0.511
3064,0.8119
3065,0.661
3066,0.5451
3067,0.6497
3068,0.7007
3069,0.6237
3070,0.5512
3071,0.5638
3072,0.5568
3073,0.8235
3074,0.5917
3075,0.648
3076,0.5449
3077,0.5588
3078,0.6152
3079,0.5545
3080,0.5828
3081,0.5227
3082,0.6846
3083,0.8269
3084,0.5433
3085,0.5358
3086,0.5484
3087,0.6962
3088,0.7851
3089,0.6108
3090,0.8232
3091,0.8248
3092,0.6186
3093,0.5127
3094,0.5086
3095,0.5455
3096,0.8199
3097,0.8201
3098,0.531
3099,0.5141
3100,0.7029
3101,0.5578
3102,0.5532
3103,0.7219
3104,0.5167
3105,0.5588
3106,0.6613
3107,0.651
3108,0.5183
3109,0.5548
3110,0.7379
3111,0.5019
3112,0.5376
3113,0.5225
3114,0.5394
3115,0.6278
3116,0.8217
3117,0.5223
3118,0.8162
3119,0.7512
3120,0.607
3121,0.6969
3122,0.8232
3123,0.5496
3124,0.5225
3125,0.5718
3126,0.5225
3127,0.5194
3128,0.5623
3129,0.5076
3130,0.6094
3131,0.5643
3132,0.5023
3133,0.5653
3134,0.5096
3135,0.5668
3136,0.5403
3137,0.524
3138,0.8073
3139,0.6431
3140,0.5699
3141,0.6076
3142,0.5512
3143,0.56
3144,0.6535
3145,0.5312
3146,0.594
3147,0.6435
3148,0.5317
3149,0.6062
3150,0.5354
3151,0.5292
3152,0.5867
3153,0.824
3154,0.6472
3155,0.5353
3156,0.53
3157,0.6062
3158,0.5057
3159,0.5448
3160,0.5169
3161,0.5638
3162,0.5337
3163,0.6834
3164,0.5867
3165,0.5578
3166,0.5853
3167,0.6179
3168,0.5589
3169,0.5148
3170,0.5648
3171,0.6175
3172,0.6879
3173,0.6236
3174,0.7224
3175,0.6743
3176,0.5816
3177,0.7085
3178,0.5613
3179,0.5322
3180,0.6935
3181,0.6738
3182,0.5163
3183,0.5232
3184,0.6132
3185,0.6029
3186,0.5991
3187,0.513
3188,0.5924
3189,0.519
3190,0.6559
3191,0.6036
3192,0.8194
3193,0.7114
3194,0.7185
3195,0.6781
3196,0.5806
3197,0.6933
3198,0.5332
3199,0.6849
3200,0.5713
3201,0.6257
3202,0.507
3203,0.536
3204,0.6819
3205,0.5631
3206,0.667
3207,0.5023
3208,0.5116
3209,0.824
3210,0.6326
3211,0.5421
3212,0.6131
3213,0.6172
3214,0.6919
3215,0.5319
3216,0.7121
3217,0.6532
3218,0.5317
3219,0.6793
3220,0.5368
3221,0.5981
3222,0.6662
3223,0.6031
3224,0.5867
3225,0.6277
3226,0.5015
3227,0.6254
3228,0.5437
3229,0.7596
3230,0.5177
3231,0.5811
3232,0.6273
3233,0.5203
3234,0.8229
3235,0.5577
3236,0.8141
3237,0.6762
3238,0.5106
3239,0.5505
3240,0.7284
3241,0.669
3242,0.5258
3243,0.6745
3244,0.5778
3245,0.6028
3246,0.8276
3247,0.5907
3248,0.5872
3249,0.6135
3250,0.6997
3251,0.6217
3252,0.8199
3253,0.5858
3254,0.5554
3255,0.5617
3256,0.5881
3257,0.5422
3258,0.5291
3259,0.5264
3260,0.5417
3261,0.6805
3262,0.5459
3263,0.6948
3264,0.6197
3265,0.5329
3266,0.8216
3267,0.6722
3268,0.5871
3269,0.8214
3270,0.6049
3271,0.5633
3272,0.654
3273,0.6029
3274,0.6032
3275,0.5187
3276,0.5291
3277,0.6832
3278,0.6787
3279,0.8242
3280,0.6269
3281,0.603
3282,0.5777
3283,0.5414
3284,0.5614
3285,0.6346
3286,0.5727
3287,0.6226
3288,0.7473
3289,0.5272
3290,0.5923
3291,0.5911
3292,0.5101
3293,0.8226
3294,0.579
3295,0.6995
3296,0.5463
3297,0.5705
3298,0.8188
3299,0.5579
3300,0.568
3301,0.5687
3302,0.5857
3303,0.5351
3304,0.5781
3305,0.7193
3306,0.6494
3307,0.5986
3308,0.5101
3309,0.5904
3310,0.5284
3311,0.5619
3312,0.534
3313,0.6366
3314,0.7762
3315,0.5996
3316,0.5307
3317,0.6967
3318,0.7385
3319,0.5844
3320,0.6622
3321,0.5499
3322,0.7496
3323,0.628
3324,0.6297
3325,0.6988
3326,0.5479
3327,0.5693
3328,0.6778
3329,0.7148
3330,0.5336
3331,0.5906
3332,0.5581
3333,0.6342
3334,0.8218
3335,0.516
3336,0.8188
3337,0.7459
3338,0.5132
3339,0.5926
3340,0.8234
3341,0.6334
3342,0.8192
3343,0.6369
3344,0.6733
3345,0.5131
3346,0.5209
3347,0.6115
3348,0.7612
3349,0.6471
3350,0.519
3351,0.553
3352,0.8221
3353,0.5255
3354,0.5354
3355,0.5768
3356,0.8204
3357,0.5393
3358,0.5236
3359,0.6041
3360,0.6473
3361,0.5778
3362,0.588
3363,0.6092
3364,0.7357
3365,0.6609
3366,0.6463
3367,0.5534
3368,0.8265
3369,0.5999
3370,0.6424
3371,0.5197
3372,0.595
3373,0.6702
3374,0.6607
3375,0.8096
3376,0.5658
3377,0.5521
3378,0.6134
3379,0.8245
3380,0.5179
3381,0.5673
3382,0.8246
3383,0.5878
3384,0.6562
3385,0.5498
3386,0.5395
3387,0.7254
3388,0.5718
3389,0.7556
3390,0.5322
3391,0.7248
3392,0.5577
3393,0.5339
3394,0.5802
3395,0.6939
3396,0.7096
3397,0.6658
3398,0.5997
3399,0.5704
3400,0.5928
3401,0.5591
3402,0.5776
3403,0.5339
3404,0.5108
3405,0.5403
3406,0.823
3407,0.567
3408,0.7118
3409,0.5818
3410,0.5083
3411,0.551
3412,0.6505
3413,0.5216
3414,0.5165
3415,0.8088
3416,0.6247
3417,0.8196
3418,0.8214
3419,0.604
3420,0.5721
3421,0.5612
3422,0.6781
3423,0.5335
3424,0.5098
3425,0.5558
3426,0.5786
3427,0.6121
3428,0.685
3429,0.5662
3430,0.6709
3431,0.5192
3432,0.5794
3433,0.5068
3434,0.588
3435,0.5641
3436,0.8222
3437,0.5074
3438,0.5812
3439,0.5642
3440,0.5788
3441,0.7323
3442,0.695
3443,0.5098
3444,0.5422
3445,0.8177
3446,0.6977
3447,0.5278
3448,0.5047
3449,0.596
3450,0.6106
3451,0.6849
3452,0.5118
3453,0.53
3454,0.8241
3455,0.7586
3456,0.6268
3457,0.6938
3458,0.8275
3459,0.8229
3460,0.5943
3461,0.5672
3462,0.5526
3463,0.5896
3464,0.6989
3465,0.7691
3466,0.6382
3467,0.5304
3468,0.5729
3469,0.5936
3470,0.5919
3471,0.6063
3472,0.6254
3473,0.5729
3474,0.5212
3475,0.5032
3476,0.6044
3477,0.6371
3478,0.5416
3479,0.5868
3480,0.5074
3481,0.7184
3482,0.5704
3483,0.8219
3484,0.8257
3485,0.5187
3486,0.5852
3487,0.6269
3488,0.5591
3489,0.8212
3490,0.8202
3491,0.5272
3492,0.6551
3493,0.8241
3494,0.5725
3495,0.7189
3496,0.6913
3497,0.5731
3498,0.5671
3499,0.6606
3500,0.5129
3501,0.611
3502,0.5632
3503,0.5233
3504,0.6706
3505,0.5339
3506,0.5142
3507,0.8238
3508,0.6286
3509,0.5936
3510,0.5739
3511,0.5695
3512,0.6764
3513,0.542
3514,0.6226
3515,0.7467
3516,0.629
3517,0.5474
3518,0.676
3519,0.5041
3520,0.586
3521,0.5914
3522,0.5888
3523,0.7646
3524,0.8224
3525,0.5321
3526,0.5739
3527,0.7187
3528,0.5394
3529,0.5977
3530,0.5002
3531,0.8261
3532,0.6747
3533,0.6564
3534,0.8196
3535,0.5727
3536,0.5419
3537,0.8261
3538,0.5484
3539,0.7346
3540,0.6581
3541,0.5028
3542,0.5508
3543,0.7044
3544,0.5843
3545,0.8197
3546,0.5652
3547,0.5287
3548,0.6735
3549,0.8258
3550,0.6871
3551,0.8243
3552,0.5816
3553,0.6112
3554,0.5639
3555,0.5566
3556,0.504
3557,0.7558
3558,0.5272
3559,0.5245
3560,0.5863
3561,0.5644
3562,0.6939
3563,0.6031
3564,0.6632
3565,0.5881
3566,0.5766
3567,0.5763
3568,0.6612
3569,0.5216
3570,0.6391
3571,0.5069
3572,0.8209
3573,0.7588
3574,0.6192
3575,0.7193
3576,0.6864
3577,0.5623
3578,0.8221
3579,0.738
3580,0.5023
3581,0.6058
3582,0.7133
3583,0.6146
3584,0.712
3585,0.6097
3586,0.6795
3587,0.8253
3588,0.5134
3589,0.6097
3590,0.6269
3591,0.5373
3592,0.6273
3593,0.6002
3594,0.6967
3595,0.8224
3596,0.6079
3597,0.6206
3598,0.6866
3599,0.552
3600,0.5892
3601,0.5205
3602,0.8174
3603,0.7284
3604,0.6498
3605,0.6782
3606,0.5285
3607,0.7048
3608,0.5582
3609,0.6194
3610,0.5929
3611,0.7243
3612,0.5511
3613,0.8232
3614,0.5226
3615,0.8212
3616,0.7434
3617,0.6585
3618,0.7305
3619,0.6352
3620,0.6145
3621,0.6665
3622,0.6712
3623,0.555
3624,0.5985
3625,0.8215
3626,0.649
3627,0.6133
3628,0.558
3629,0.5143
3630,0.6004
3631,0.6294
3632,0.519
3633,0.6091
3634,0.532
3635,0.637
3636,0.5883
3637,0.7259
3638,0.7616
3639,0.5121
3640,0.7546
3641,0.6556
3642,0.5533
3643,0.5956
3644,0.7553
3645,0.585
3646,0.5035
3647,0.5817
3648,0.6897
3649,0.5188
3650,0.5176
3651,0.5043
3652,0.5903
3653,0.7327
3654,0.5538
3655,0.5001
3656,0.5183
3657,0.5412
3658,0.739
3659,0.5916
3660,0.8223
3661,0.5832
3662,0.5081
3663,0.6441
3664,0.6653
3665,0.5072
3666,0.6291
3667,0.627
3668,0.5555
3669,0.5449
3670,0.5618
3671,0.5232
3672,0.7099
3673,0.532
3674,0.6456
3675,0.6475
3676,0.6494
3677,0.5661
3678,0.605
3679,0.6281
3680,0.7054
3681,0.5761
3682,0.5823
3683,0.6172
3684,0.6221
3685,0.6323
3686,0.5191
3687,0.5935
3688,0.6851
3689,0.8201
3690,0.6531
3691,0.6118
3692,0.8207
3693,0.7349
3694,0.5242
3695,0.5487
3696,0.6224
3697,0.5963
3698,0.5686
3699,0.5772
3700,0.6574
3701,0.675
3702,0.5015
3703,0.6843
3704,0.6903
3705,0.6012
3706,0.7173
3707,0.5057
3708,0.6519
3709,0.56
3710,0.6826
3711,0.6163
3712,0.5412
3713,0.8218
3714,0.664
3715,0.609
3716,0.6196
3717,0.8233
3718,0.6171
3719,0.635
3720,0.5092
3721,0.6479
3722,0.8265
3723,0.5705
3724,0.5992
3725,0.5402
3726,0.5731
3727,0.6278
3728,0.561
3729,0.5372
3730,0.6497
3731,0.5775
3732,0.7595
3733,0.5257
3734,0.61
3735,0.6062
3736,0.5734
3737,0.5806
3738,0.6503
3739,0.6073
3740,0.677
3741,0.5928
3742,0.7369
3743,0.6683
3744,0.6334
3745,0.607
3746,0.7097
3747,0.6349
3748,0.5339
3749,0.563
3750,0.8227
3751,0.5947
3752,0.5774
3753,0.6021
3754,0.6875
3755,0.536
3756,0.71
3757,0.6156
3758,0.51
3759,0.8239
3760,0.6851
3761,0.6322
3762,0.6543
3763,0.6698
3764,0.6937
3765,0.5323
3766,0.6523
3767,0.5354
3768,0.8235
3769,0.8212
3770,0.7144
3771,0.8198
3772,0.8237
3773,0.7625
3774,0.5526
3775,0.6167
3776,0.5484
3777,0.5851
3778,0.8235
3779,0.6826
3780,0.7704
3781,0.5325
3782,0.536
3783,0.5651
3784,0.7061
3785,0.8216
3786,0.5829
3787,0.6674
3788,0.8226
3789,0.5148
3790,0.6295
3791,0.8218
3792,0.6864
3793,0.6316
3794,0.5326
3795,0.5989
3796,0.6344
3797,0.5998
3798,0.5495
3799,0.5595
3800,0.6025
3801,0.5924
3802,0.6405
3803,0.7548
3804,0.6415
3805,0.822
3806,0.7078
3807,0.6833
3808,0.8237
3809,0.5043
3810,0.594
3811,0.8212
3812,0.6544
3813,0.588
3814,0.8157
3815,0.6273
3816,0.6944
3817,0.5808
3818,0.6184
3819,0.6826
3820,0.5029
3821,0.8225
3822,0.6297
3823,0.5967
3824,0.6227
3825,0.6422
3826,0.6856
3827,0.5688
3828,0.5953
3829,0.6655
3830,0.5183
3831,0.5622
3832,0.5421
3833,0.5242
3834,0.6294
3835,0.5789
3836,0.6157
3837,0.5506
3838,0.6582
3839,0.5019
3840,0.6782
3841,0.6875
3842,0.8233
3843,0.6247
3844,0.5013
3845,0.5323
3846,0.7561
3847,0.6366
3848,0.7457
3849,0.5605
3850,0.5634
3851,0.5309
3852,0.607
3853,0.5666
3854,0.691
3855,0.6283
3856,0.5461
3857,0.6426
3858,0.5153
3859,0.6224
3860,0.5699
3861,0.6419
3862,0.5735
3863,0.6353
3864,0.7247
3865,0.7573
3866,0.5824
3867,0.5949
3868,0.5527
3869,0.5871
3870,0.7609
3871,0.8216
3872,0.5703
3873,0.6079
3874,0.7321
3875,0.5204
3876,0.7011
3877,0.5137
3878,0.5472
3879,0.6451
3880,0.6209
3881,0.607
3882,0.5473
3883,0.6192
3884,0.8198
3885,0.6508
3886,0.5987
3887,0.6067
3888,0.6596
3889,0.5922
3890,0.5907
3891,0.5155
3892,0.8223
3893,0.6727
3894,0.5458
3895,0.5691
3896,0.5413
3897,0.7431
3898,0.5741
3899,0.6185
3900,0.6525
3901,0.6041
3902,0.6347
3903,0.5528
3904,0.6427
3905,0.6698
3906,0.5151
3907,0.5928
3908,0.5949
3909,0.5057
3910,0.5333
3911,0.6219
3912,0.5002
3913,0.5337
3914,0.6021
3915,0.8217
3916,0.6935
3917,0.6344
3918,0.6064
3919,0.662
3920,0.5129
3921,0.6655
3922,0.8252
3923,0.5976
3924,0.686
3925,0.6851
3926,0.5653
3927,0.8248
3928,0.7684
3929,0.718
3930,0.6441
3931,0.5728
3932,0.534
3933,0.6213
3934,0.8234
3935,0.5871
3936,0.5359
3937,0.5217
3938,0.526
3939,0.6447
3940,0.5315
3941,0.5483
3942,0.5041
3943,0.554
3944,0.7061
3945,0.606
3946,0.6126
3947,0.5623
3948,0.5719
3949,0.6394
3950,0.5428
3951,0.5424
3952,0.5572
3953,0.7176
3954,0.5169
3955,0.5718
3956,0.5354
3957,0.6388
3958,0.8214
3959,0.5103
3960,0.5054
3961,0.6107
3962,0.637
3963,0.5995
3964,0.56
3965,0.6971
3966,0.5462
3967,0.5149
3968,0.6518
3969,0.5599
3970,0.5497
3971,0.8259
3972,0.5224
3973,0.5271
3974,0.6819
3975,0.5127
3976,0.5801
3977,0.535
3978,0.7011
3979,0.5047
3980,0.8248
3981,0.6333
3982,0.6137
3983,0.5664
3984,0.5605
3985,0.8232
3986,0.5658
3987,0.7518
3988,0.6435
3989,0.5295
3990,0.7179
3991,0.8248
3992,0.5135
3993,0.6066
3994,0.5381
3995,0.6267
3996,0.5085
3997,0.6272
3998,0.6752
3999,0.6923
4000,0.6609
4001,0.6233
4002,0.653
4003,0.6169
4004,0.6009
4005,0.5371
4006,0.5852
4007,0.6186
4008,0.5844
4009,0.6089
4010,0.7601
4011,0.5122
4012,0.5741
4013,0.8201
4014,0.5431
4015,0.7153
4016,0.6473
4017,0.5116
4018,0.8218
4019,0.5276
4020,0.8227
4021,0.5741
4022,0.8183
4023,0.6059
4024,0.6204
4025,0.5179
4026,0.6178
4027,0.5856
4028,0.6225
4029,0.5488
4030,0.5082
4031,0.6077
4032,0.5813
4033,0.5285
4034,0.7268
4035,0.6622
4036,0.7226
4037,0.5533
4038,0.6989
4039,0.7969
4040,0.5499
4041,0.7532
4042,0.6051
4043,0.8248
4044,0.6238
4045,0.6355
4046,0.6955
4047,0.6389
4048,0.6144
4049,0.6366
4050,0.5357
4051,0.5482
4052,0.8219
4053,0.8259
4054,0.8213
4055,0.8233
4056,0.5942
4057,0.5461
4058,0.5252
4059,0.5906
4060,0.8239
4061,0.5354
4062,0.5688
4063,0.6189
4064,0.689
4065,0.5944
4066,0.8143
4067,0.5367
4068,0.6291
4069,0.6392
4070,0.539
4071,0.6378
4072,0.6039
4073,0.5089
4074,0.5404
4075,0.6996
4076,0.5018
4077,0.6511
4078,0.6312
4079,0.5432
4080,0.7485
4081,0.6311
4082,0.6441
4083,0.5607
4084,0.8205
4085,0.6234
4086,0.5682
4087,0.6468
4088,0.5537
4089,0.572
4090,0.63
4091,0.6247
4092,0.5585
4093,0.7239
4094,0.6653
4095,0.601
4096,0.5951
4097,0.5501
4098,0.5781
4099,0.8222
4100,0.5436
4101,0.5401
4102,0.5029
4103,0.6988
4104,0.823
4105,0.5259
4106,0.8212
4107,0.6432
4108,0.8228
4109,0.5577
4110,0.5703
4111,0.5797
4112,0.818
4113,0.5616
4114,0.5593
4115,0.7095
4116,0.822
4117,0.5224
4118,0.5669
4119,0.5466
4120,0.6963
4121,0.8207
4122,0.6273
4123,0.6184
4124,0.6427
4125,0.5285
4126,0.6777
4127,0.5342
4128,0.8071
4129,0.5842
4130,0.53
4131,0.6023
4132,0.5039
4133,0.6061
4134,0.5213
4135,0.5487
4136,0.7534
4137,0.5952
4138,0.5913
4139,0.7394
4140,0.5217
4141,0.535
4142,0.7157
4143,0.6081
4144,0.6229
4145,0.7225
4146,0.6311
4147,0.5305
4148,0.6492
4149,0.6373
4150,0.6061
4151,0.5147
4152,0.6457
4153,0.5097
4154,0.6551
4155,0.5981
4156,0.6594
4157,0.755
4158,0.8182
4159,0.5251
4160,0.5575
4161,0.5007
4162,0.5568
4163,0.5021
4164,0.6787
4165,0.5908
4166,0.7051
4167,0.503
4168,0.6475
4169,0.533
4170,0.5402
4171,0.5666
4172,0.5096
4173,0.6521
4174,0.6487
4175,0.5124
4176,0.7629
4177,0.6484
4178,0.8229
4179,0.8229
4180,0.5678
4181,0.509
4182,0.5049
4183,0.7629
4184,0.5132
4185,0.5795
4186,0.5532
4187,0.5905
4188,0.7365
4189,0.5358
4190,0.6161
4191,0.7757
4192,0.6475
4193,0.6441
4194,0.6435
4195,0.6231
4196,0.6199
4197,0.7604
4198,0.6939
4199,0.6944
4200,0.7224
4201,0.7164
4202,0.6002
4203,0.5826
4204,0.6077
4205,0.5043
4206,0.5209
4207,0.7086
4208,0.618
4209,0.601
4210,0.6278
4211,0.5155
4212,0.5457
4213,0.8249
4214,0.6791
4215,0.6908
4216,0.569
4217,0.7512
4218,0.6285
4219,0.5912
4220,0.5573
4221,0.5012
4222,0.6061
4223,0.5164
4224,0.6318
4225,0.5035
4226,0.5764
4227,0.6623
4228,0.5626
4229,0.7548
4230,0.5638
4231,0.5008
4232,0.5965
4233,0.5707
4234,0.6818
4235,0.5549
4236,0.6305
4237,0.5624
4238,0.7257
4239,0.5411
4240,0.6544
4241,0.5575
4242,0.677
4243,0.5589
4244,0.5977
4245,0.5693
4246,0.5161
4247,0.6686
4248,0.5283
4249,0.6116
4250,0.64
4251,0.5683
4252,0.5587
4253,0.6553
4254,0.5303
4255,0.6511
4256,0.6447
4257,0.5939
4258,0.5661
4259,0.5074
4260,0.6529
4261,0.5343
4262,0.6793
4263,0.5593
4264,0.5837
4265,0.5085
4266,0.5916
4267,0.821
4268,0.8208
4269,0.6302
4270,0.5276
4271,0.6631
4272,0.6007
4273,0.5345
4274,0.5681
4275,0.6305
4276,0.5799
4277,0.6668
4278,0.5571
4279,0.526
4280,0.6694
4281,0.6533
4282,0.503
4283,0.6229
4284,0.8224
4285,0.5916
4286,0.7
4287,0.5778
4288,0.6896
4289,0.8045
4290,0.6414
4291,0.5989
4292,0.5469
4293,0.592
4294,0.6345
4295,0.5679
4296,0.5147
4297,0.5015
4298,0.5745
4299,0.7609
4300,0.5268
4301,0.7049
4302,0.6713
4303,0.7478
4304,0.6554
4305,0.8201
4306,0.5051
4307,0.627
4308,0.5133
4309,0.6469
4310,0.6349
4311,0.6216
4312,0.7627
4313,0.7014
4314,0.5442
4315,0.8223
4316,0.822
4317,0.5549
4318,0.8193
4319,0.691
4320,0.6579
4321,0.8235
4322,0.5957
4323,0.8177
4324,0.8187
4325,0.5947
4326,0.608
4327,0.6475
4328,0.8214
4329,0.665
4330,0.6514
4331,0.6409
4332,0.7434
4333,0.8275
4334,0.5954
4335,0.7086
4336,0.6573
4337,0.6041
4338,0.7318
4339,0.5863
4340,0.7433
4341,0.5665
4342,0.5598
4343,0.5357
4344,0.622
4345,0.6326
4346,0.5339
4347,0.6232
4348,0.569
4349,0.8236
4350,0.5777
4351,0.7437
4352,0.566
4353,0.7226
4354,0.5353
4355,0.8243
4356,0.6581
4357,0.5376
4358,0.8221
4359,0.5829
4360,0.8185
4361,0.6618
4362,0.5487
4363,0.5775
4364,0.6469
4365,0.5839
4366,0.5171
4367,0.7027
4368,0.8241
4369,0.6159
4370,0.8235
4371,0.6885
4372,0.5966
4373,0.6164
4374,0.5676
4375,0.5805
4376,0.5126
4377,0.7576
4378,0.5869
4379,0.6877
4380,0.7498
4381,0.6456
4382,0.7094
4383,0.5915
4384,0.533
4385,0.5769
4386,0.6118
4387,0.619
4388,0.6992
4389,0.5841
4390,0.5504
4391,0.6611
4392,0.6011
4393,0.757
4394,0.6982
4395,0.5745
4396,0.5179
4397,0.5226
4398,0.7457
4399,0.8213
4400,0.587
4401,0.6374
4402,0.5197
4403,0.6084
4404,0.6286
4405,0.5776
4406,0.5453
4407,0.744
4408,0.5674
4409,0.589
4410,0.5721
4411,0.747
4412,0.6326
4413,0.5274
4414,0.6687
4415,0.709
4416,0.6315
4417,0.6595
4418,0.5577
4419,0.5619
4420,0.6266
4421,0.6928
4422,0.821
4423,0.6926
4424,0.5068
4425,0.5021
4426,0.5844
4427,0.709
4428,0.6418
4429,0.5379
4430,0.6656
4431,0.5017
4432,0.6556
4433,0.5356
4434,0.5904
4435,0.8216
4436,0.8218
4437,0.8226
4438,0.5559
4439,0.5056
4440,0.6221
4441,0.7529
4442,0.6973
4443,0.5435
4444,0.6084
4445,0.6108
4446,0.5721
4447,0.6066
4448,0.6165
4449,0.6702
4450,0.6639
4451,0.7296
4452,0.5889
4453,0.5648
4454,0.5577
4455,0.7427
4456,0.8233
4457,0.5732
4458,0.5262
4459,0.5312
4460,0.6464
4461,0.6036
4462,0.584
4463,0.5554
4464,0.5564
4465,0.559
4466,0.614
4467,0.6149
4468,0.821
4469,0.825
4470,0.6573
4471,0.6005
4472,0.772
4473,0.6244
4474,0.5746
4475,0.6733
4476,0.5322
4477,0.5598
4478,0.5369
4479,0.5443
4480,0.6215
4481,0.5889
4482,0.6568
4483,0.5405
4484,0.8188
4485,0.7436
4486,0.7446
4487,0.7122
4488,0.647
4489,0.5443
4490,0.5642
4491,0.5737
4492,0.7689
4493,0.6564
4494,0.6301
4495,0.5842
4496,0.6058
4497,0.5934
4498,0.5839
4499,0.5497
4500,0.6562
4501,0.7208
4502,0.5449
4503,0.5906
4504,0.5663
4505,0.5111
4506,0.8202
4507,0.5155
4508,0.7735
4509,0.5966
4510,0.7251
4511,0.6757
4512,0.5024
4513,0.5696
4514,0.5396
4515,0.7212
4516,0.7048
4517,0.5317
4518,0.5319
4519,0.5907
4520,0.5094
4521,0.5688
4522,0.7096
4523,0.5801
4524,0.564
4525,0.6263
4526,0.5526
4527,0.7001
4528,0.6612
4529,0.5987
4530,0.7348
4531,0.5203
4532,0.6509
4533,0.6276
4534,0.593
4535,0.5322
4536,0.5549
4537,0.6979
4538,0.6998
4539,0.8153
4540,0.6399
4541,0.6066
4542,0.615
4543,0.7078
4544,0.5743
4545,0.5505
4546,0.5821
4547,0.5626
4548,0.8179
4549,0.6678
4550,0.5906
4551,0.6012
4552,0.6858
4553,0.6095
4554,0.5824
4555,0.5806
4556,0.6127
4557,0.6149
4558,0.568
4559,0.6679
4560,0.7242
4561,0.6692
4562,0.5101
4563,0.6281
4564,0.5205
4565,0.6016
4566,0.5144
4567,0.5236
4568,0.6757
4569,0.7597
4570,0.608
4571,0.734
4572,0.5118
4573,0.7031
4574,0.5474
4575,0.5258
4576,0.5082
4577,0.6581
4578,0.6468
4579,0.5999
4580,0.6056
4581,0.5844
4582,0.6618
4583,0.6728
4584,0.5648
4585,0.5041
4586,0.6001
4587,0.5464
4588,0.5355
4589,0.6477
4590,0.5804
4591,0.5029
4592,0.5689
4593,0.6082
4594,0.5808
4595,0.6366
4596,0.5945
4597,0.6016
4598,0.8101
4599,0.559
4600,0.7195
4601,0.6079
4602,0.5342
4603,0.5359
4604,0.7291
4605,0.5227
4606,0.5876
4607,0.8228
4608,0.746
4609,0.6295
4610,0.5587
4611,0.5803
4612,0.5643
4613,0.5804
4614,0.5502
4615,0.6347
4616,0.6011
4617,0.5292
4618,0.6758
4619,0.7087
4620,0.6636
4621,0.5938
4622,0.5412
4623,0.5588
4624,0.6609
4625,0.5846
4626,0.59
4627,0.5618
4628,0.6142
4629,0.6596
4630,0.5615
4631,0.5927
4632,0.7644
4633,0.5416
4634,0.5044
4635,0.6322
4636,0.5376
4637,0.6686
4638,0.7238
4639,0.5287
4640,0.5338
4641,0.5707
4642,0.6408
4643,0.6032
4644,0.5277
4645,0.5066
4646,0.5715
4647,0.821
4648,0.8233
4649,0.5797
4650,0.6503
4651,0.6576
4652,0.6951
4653,0.6393
4654,0.5156
4655,0.5917
4656,0.6226
4657,0.5921
4658,0.698
4659,0.6053
4660,0.7514
4661,0.5858
4662,0.6996
4663,0.823
4664,0.5984
4665,0.6137
4666,0.5146
4667,0.5745
4668,0.6088
4669,0.6142
4670,0.6727
4671,0.5526
4672,0.5345
4673,0.7313
4674,0.5124
4675,0.821
4676,0.5502
4677,0.6413
4678,0.5428
4679,0.6166
4680,0.5066
4681,0.5633
4682,0.7738
4683,0.6746
4684,0.7604
4685,0.5806
4686,0.592
4687,0.5786
4688,0.6175
4689,0.5005
4690,0.6294
4691,0.5823
4692,0.5993
4693,0.6545
4694,0.5792
4695,0.6242
4696,0.7209
4697,0.5216
4698,0.8228
4699,0.6942
4700,0.8219
4701,0.6405
4702,0.6367
4703,0.7516
4704,0.5641
4705,0.6907
4706,0.5918
4707,0.5471
4708,0.6209
4709,0.6279
4710,0.5304
4711,0.5771
4712,0.7437
4713,0.8258
4714,0.6855
4715,0.5713
4716,0.5721
4717,0.6742
4718,0.656
4719,0.7353
4720,0.5259
4721,0.568
4722,0.625
4723,0.5975
4724,0.6247
4725,0.6006
4726,0.6005
4727,0.6059
4728,0.6171
4729,0.8207
4730,0.6454
4731,0.5184
4732,0.5703
4733,0.6119
4734,0.6103
4735,0.6584
4736,0.5701
4737,0.7385
4738,0.6838
4739,0.5653
4740,0.5827
4741,0.5668
4742,0.5635
4743,0.5988
4744,0.5053
4745,0.5971
4746,0.6435
4747,0.5793
4748,0.7176
4749,0.8237
4750,0.819
4751,0.8174
4752,0.8183
4753,0.5691
4754,0.6531
4755,0.5553
4756,0.5892
4757,0.707
4758,0.6431
4759,0.8216
4760,0.5345
4761,0.822
4762,0.5142
4763,0.8235
4764,0.6799
4765,0.6673
4766,0.5334
4767,0.5187
4768,0.6592
4769,0.5063
4770,0.5787
4771,0.5395
4772,0.6969
4773,0.5765
4774,0.7708
4775,0.6649
4776,0.5036
4777,0.6747
4778,0.7639
4779,0.5641
4780,0.6246
4781,0.6609
4782,0.613
4783,0.5627
4784,0.7176
4785,0.8237
4786,0.6652
4787,0.8214
4788,0.6525
4789,0.5604
4790,0.5891
4791,0.5779
4792,0.6375
4793,0.6342
4794,0.6574
4795,0.8228
4796,0.6575
4797,0.5745
4798,0.5284
4799,0.5162
4800,0.6361
4801,0.5613
4802,0.6616
4803,0.5795
4804,0.6685
4805,0.5419
4806,0.5923
4807,0.7682
4808,0.6409
4809,0.5026
4810,0.8208
4811,0.8225
4812,0.6505
4813,0.6043
4814,0.69
4815,0.5567
4816,0.5635
4817,0.6816
4818,0.69
4819,0.5835
4820,0.6661
4821,0.5106
4822,0.6797
4823,0.636
4824,0.8226
4825,0.6945
4826,0.5804
4827,0.6679
4828,0.6523
4829,0.6922
4830,0.653
4831,0.5798
4832,0.5576
4833,0.8233
4834,0.5706
4835,0.6008
4836,0.5337
4837,0.8235
4838,0.6466
4839,0.6587
4840,0.5558
4841,0.7714
4842,0.6023
4843,0.5587
4844,0.7313
4845,0.5863
4846,0.6941
4847,0.571
4848,0.5695
4849,0.6864
4850,0.5663
4851,0.6071
4852,0.5395
4853,0.5472
4854,0.5808
4855,0.5484
4856,0.5164
4857,0.5844
4858,0.7288
4859,0.66
4860,0.5067
4861,0.6508
4862,0.5528
4863,0.5452
4864,0.5738
4865,0.6225
4866,0.687
4867,0.6218
4868,0.5449
4869,0.6518
4870,0.6222
4871,0.5521
4872,0.8253
4873,0.5282
4874,0.5663
4875,0.5341
4876,0.5452
4877,0.5256
4878,0.5007
4879,0.5336
4880,0.6891
4881,0.6572
4882,0.8251
4883,0.7044
4884,0.819
4885,0.6134
4886,0.5378
4887,0.691
4888,0.5003
4889,0.6146
4890,0.5405
4891,0.5769
4892,0.5716
4893,0.7057
4894,0.5261
4895,0.6001
4896,0.6967
4897,0.5304
4898,0.6465
4899,0.604
4900,0.5067
4901,0.7078
4902,0.6244
4903,0.5737
4904,0.5244
4905,0.5184
4906,0.5869
4907,0.7533
4908,0.5394
4909,0.5313
4910,0.6601
4911,0.7428
4912,0.7296
4913,0.7354
4914,0.5623
4915,0.7134
4916,0.8206
4917,0.6294
4918,0.823
4919,0.8225
4920,0.5595
4921,0.5694
4922,0.6867
4923,0.8197
4924,0.5495
4925,0.5992
4926,0.6961
4927,0.7479
4928,0.6012
4929,0.8242
4930,0.5382
4931,0.5439
4932,0.5803
4933,0.6818
4934,0.7125
4935,0.6559
4936,0.8255
4937,0.5692
4938,0.5528
4939,0.541
4940,0.6329
4941,0.5618
4942,0.5131
4943,0.5649
4944,0.5931
4945,0.5495
4946,0.6455
4947,0.5299
4948,0.6096
4949,0.6129
4950,0.5395
4951,0.5195
4952,0.5866
4953,0.5785
4954,0.5794
4955,0.5264
4956,0.669
4957,0.5977
4958,0.5279
4959,0.5759
4960,0.5966
4961,0.6791
4962,0.591
4963,0.6071
4964,0.6339
4965,0.5974
4966,0.7002
4967,0.6109
4968,0.5158
4969,0.6268
4970,0.5214
4971,0.7092
4972,0.5138
4973,0.8218
4974,0.5269
4975,0.5331
4976,0.5034
4977,0.6458
4978,0.6158
4979,0.6553
4980,0.6352
4981,0.5748
4982,0.5034
4983,0.7358
4984,0.6015
4985,0.6143
4986,0.7156
4987,0.5447
4988,0.6797
4989,0.5783
4990,0.6759
4991,0.5606
4992,0.5162
4993,0.5851
4994,0.5338
4995,0.5671
4996,0.6775
4997,0.8212
4998,0.687
4999,0.5888
5000,0.7609
5001,0.7468
5002,0.6067
5003,0.5827
5004,0.8219
5005,0.6881
5006,0.5029
5007,0.5286
5008,0.5867
5009,0.6883
5010,0.583
5011,0.5769
5012,0.5805
5013,0.821
5014,0.5467
5015,0.6141
5016,0.5366
5017,0.506
5018,0.542
5019,0.5066
5020,0.5302
5021,0.7601
5022,0.6469
5023,0.6029
5024,0.825
5025,0.5216
5026,0.5908
5027,0.624
5028,0.6248
5029,0.6828
5030,0.6461
5031,0.6591
5032,0.8204
5033,0.7292
5034,0.5285
5035,0.5057
5036,0.6399
5037,0.5049
5038,0.5388
5039,0.6403
5040,0.7036
5041,0.5133
5042,0.6038
5043,0.6287
5044,0.5241
5045,0.6147
5046,0.6312
5047,0.5382
5048,0.5059
5049,0.5485
5050,0.5631
5051,0.5929
5052,0.8239
5053,0.535
5054,0.8239
5055,0.5738
5056,0.5647
5057,0.5331
5058,0.6319
5059,0.5709
5060,0.6341
5061,0.5658
5062,0.6449
5063,0.5112
5064,0.8233
5065,0.5391
5066,0.6408
5067,0.6278
5068,0.5105
5069,0.5781
5070,0.509
5071,0.6858
5072,0.6213
5073,0.8224
5074,0.6361
5075,0.6617
5076,0.6217
5077,0.5421
5078,0.5292
5079,0.5836
5080,0.5982
5081,0.8257
5082,0.6508
5083,0.5442
5084,0.5839
5085,0.584
5086,0.824
5087,0.6912
5088,0.65
5089,0.559
5090,0.5875
5091,0.6806
5092,0.5281
5093,0.5532
5094,0.5899
5095,0.5483
5096,0.5332
5097,0.6317
5098,0.6251
5099,0.5863
5100,0.8188
5101,0.5414
5102,0.6446
5103,0.5065
5104,0.509
5105,0.6201
5106,0.7265
5107,0.8238
5108,0.5202
5109,0.5612
5110,0.6768
5111,0.5026
5112,0.5603
5113,0.5788
5114,0.8236
5115,0.6713
5116,0.5455
5117,0.723
5118,0.6928
5119,0.5806
5120,0.579
5121,0.508
5122,0.5421
5123,0.5168
5124,0.7409
5125,0.581
5126,0.5265
5127,0.5848
5128,0.5876
5129,0.5735
5130,0.5649
5131,0.6195
5132,0.5882
5133,0.6306
5134,0.516
5135,0.6598
5136,0.6386
5137,0.6787
5138,0.5104
5139,0.6737
5140,0.6485
5141,0.755
5142,0.5468
5143,0.6578
5144,0.6514
5145,0.734
5146,0.821
5147,0.5894
5148,0.6178
5149,0.819
5150,0.5164
5151,0.724
5152,0.5239
5153,0.5899
5154,0.5683
5155,0.6001
5156,0.5011
5157,0.5746
5158,0.5198
5159,0.5613
5160,0.6106
5161,0.6054
5162,0.5171
5163,0.7477
5164,0.5463
5165,0.7351
5166,0.5306
5167,0.7144
5168,0.7513
5169,0.6683
5170,0.509
5171,0.6444
5172,0.6329
5173,0.819
5174,0.5248
5175,0.586
5176,0.6033
5177,0.601
5178,0.5767
5179,0.5973
5180,0.7436
5181,0.5121
5182,0.7012
5183,0.6686
5184,0.6752
5185,0.516
5186,0.6696
5187,0.7914
5188,0.553
5189,0.6774
5190,0.6309
5191,0.5026
5192,0.6685
5193,0.6356
5194,0.7033
5195,0.675
5196,0.7167
5197,0.66
5198,0.6371
5199,0.5373
5200,0.7126
5201,0.6733
5202,0.8098
5203,0.7514
5204,0.6364
5205,0.6657
5206,0.6416
5207,0.6983
5208,0.5908
5209,0.717
5210,0.5416
5211,0.5508
5212,0.6483
5213,0.6627
5214,0.6671
5215,0.5296
5216,0.7194
5217,0.6374
5218,0.5209
5219,0.697
5220,0.7
5221,0.5358
5222,0.6097
5223,0.5114
5224,0.5865
5225,0.8188
5226,0.6293
5227,0.6742
5228,0.6385
5229,0.5609
5230,0.6052
5231,0.6783
5232,0.6213
5233,0.5746
5234,0.5292
5235,0.6213
5236,0.5449
5237,0.8229
5238,0.5503
5239,0.8214
5240,0.5303
5241,0.7221
5242,0.7578
5243,0.6947
5244,0.5586
5245,0.7217
5246,0.5599
5247,0.6555
5248,0.6131
5249,0.5469
5250,0.5086
5251,0.5716
5252,0.749
5253,0.5227
5254,0.5345
5255,0.5316
5256,0.7376
5257,0.6875
5258,0.8201
5259,0.5153
5260,0.6015
5261,0.5839
5262,0.641
5263,0.612
5264,0.8224
5265,0.6923
5266,0.5216
5267,0.8232
5268,0.5443
5269,0.56
5270,0.5341
5271,0.5622
5272,0.5817
5273,0.6174
5274,0.5721
5275,0.6511
5276,0.5074
5277,0.5628
5278,0.5127
5279,0.5015
5280,0.5493
5281,0.8246
5282,0.7485
5283,0.5779
5284,0.7448
5285,0.8233
5286,0.5102
5287,0.5537
5288,0.5321
5289,0.6022
5290,0.5945
5291,0.6256
5292,0.5036
5293,0.5182
5294,0.5534
5295,0.6376
5296,0.5689
5297,0.5962
5298,0.5727
5299,0.5628
5300,0.5191
5301,0.5965
5302,0.5886
5303,0.7035
5304,0.5236
5305,0.5438
5306,0.6826
5307,0.6331
5308,0.5088
5309,0.5492
5310,0.6588
5311,0.6026
5312,0.824
5313,0.5865
5314,0.5363
5315,0.5458
5316,0.668
5317,0.5859
5318,0.516
5319,0.5666
5320,0.8226
5321,0.6109
5322,0.5053
5323,0.6865
5324,0.8225
5325,0.6057
5326,0.5331
5327,0.581
5328,0.5163
5329,0.5333
5330,0.659
5331,0.6274
5332,0.7562
5333,0.6633
5334,0.6461
5335,0.5865
5336,0.6645
5337,0.537
5338,0.5099
5339,0.5709
5340,0.5854
5341,0.799
5342,0.548
5343,0.822
5344,0.5655
5345,0.5956
5346,0.5379
5347,0.8212
5348,0.6872
5349,0.6085
5350,0.5893
5351,0.5981
5352,0.7691
5353,0.5811
5354,0.6929
5355,0.6268
5356,0.5044
5357,0.6327
5358,0.5022
5359,0.6287
5360,0.5537
5361,0.5218
5362,0.823
5363,0.7795
5364,0.7514
5365,0.6286
5366,0.7105
5367,0.676
5368,0.545
5369,0.8252
5370,0.7038
5371,0.536
5372,0.7278
5373,0.6845
5374,0.696
5375,0.8208
5376,0.5343
5377,0.6487
5378,0.5993
5379,0.5803
5380,0.531
5381,0.5754
5382,0.5249
5383,0.6007
5384,0.5288
5385,0.6281
5386,0.6218
5387,0.5451
5388,0.5254
5389,0.7364
5390,0.6045
5391,0.5084
5392,0.8214
5393,0.5839
5394,0.6534
5395,0.6983
5396,0.8216
5397,0.5901
5398,0.8256
5399,0.5078
5400,0.6438
5401,0.6737
5402,0.5889
5403,0.6387
5404,0.595
5405,0.6154
5406,0.605
5407,0.5205
5408,0.6119
5409,0.5414
5410,0.5652
5411,0.8212
5412,0.6241
5413,0.5583
5414,0.7497
5415,0.6467
5416,0.823
5417,0.6118
5418,0.8209
5419,0.8196
5420,0.8239
5421,0.6836
5422,0.667
5423,0.6019
5424,0.6315
5425,0.7389
5426,0.6209
5427,0.5598
5428,0.8226
5429,0.5747
5430,0.6066
5431,0.7524
5432,0.5078
5433,0.6101
5434,0.6185
5435,0.5655
5436,0.8228
5437,0.6853
5438,0.6781
5439,0.6345
5440,0.6428
5441,0.6479
5442,0.6224
5443,0.6083
5444,0.5617
5445,0.5065
5446,0.7294
5447,0.5294
5448,0.5866
5449,0.5758
5450,0.5493
5451,0.538
5452,0.6316
5453,0.5905
5454,0.6218
5455,0.6287
5456,0.7725
5457,0.6704
5458,0.8215
5459,0.6444
5460,0.6097
5461,0.5768
5462,0.8242
5463,0.6846
5464,0.5679
5465,0.6525
5466,0.6333
5467,0.561
5468,0.6472
5469,0.8235
5470,0.6803
5471,0.6039
5472,0.6579
5473,0.5843
5474,0.647
5475,0.6196
5476,0.5668
5477,0.756
5478,0.5497
5479,0.5638
5480,0.6479
5481,0.6167
5482,0.6386
5483,0.506
5484,0.5326
5485,0.5863
5486,0.5993
5487,0.7215
5488,0.6249
5489,0.7994
5490,0.5135
5491,0.5587
5492,0.5487
5493,0.6448
5494,0.8206
5495,0.6181
5496,0.6884
5497,0.5362
5498,0.614
5499,0.5002
5500,0.5079
5501,0.5768
5502,0.5761
5503,0.7189
5504,0.7047
5505,0.644
5506,0.5479
5507,0.5302
5508,0.6877
5509,0.8239
5510,0.6336
5511,0.5498
5512,0.586
5513,0.5734
5514,0.645
5515,0.5946
5516,0.5696
5517,0.6307
5518,0.5703
5519,0.5898
5520,0.5768
5521,0.6209
5522,0.5484
5523,0.5815
5524,0.679
5525,0.8248
5526,0.5951
5527,0.5916
5528,0.8186
5529,0.8197
5530,0.5559
5531,0.6186
5532,0.5585
5533,0.5428
5534,0.6074
5535,0.6757
5536,0.6947
5537,0.5625
5538,0.5856
5539,0.5259
5540,0.654
5541,0.5355
5542,0.5912
5543,0.6723
5544,0.601
5545,0.6764
5546,0.8246
5547,0.604
5548,0.5459
5549,0.6247
5550,0.6126
5551,0.5886
5552,0.6069
5553,0.5446
5554,0.5708
5555,0.5942
5556,0.766
5557,0.69
5558,0.6375
5559,0.7527
5560,0.6545
5561,0.8265
5562,0.5486
5563,0.5145
5564,0.7466
5565,0.8102
5566,0.6193
5567,0.5749
5568,0.5429
5569,0.5398
5570,0.55
5571,0.5625
5572,0.6839
5573,0.6852
5574,0.7011
5575,0.6546
5576,0.5847
5577,0.7057
5578,0.6063
5579,0.6598
5580,0.5829
5581,0.5186
5582,0.5078
5583,0.7171
5584,0.5365
5585,0.5214
5586,0.6529
5587,0.6018
5588,0.5178
5589,0.5768
5590,0.7447
5591,0.6198
5592,0.5292
5593,0.5716
5594,0.706
5595,0.5263
5596,0.6906
5597,0.7574
5598,0.6067
5599,0.6003
5600,0.5246
5601,0.6126
5602,0.8192
5603,0.5366
5604,0.5066
5605,0.6174
5606,0.8222
5607,0.5319
5608,0.5008
5609,0.5277
5610,0.6285
5611,0.6208
5612,0.8187
5613,0.5884
5614,0.5977
5615,0.6285
5616,0.625
5617,0.5533
5618,0.7182
5619,0.5914
5620,0.6177
5621,0.6485
5622,0.7348
5623,0.6556
5624,0.8243
5625,0.5084
5626,0.6448
5627,0.6479
5628,0.5211
5629,0.6047
5630,0.5868
5631,0.8209
5632,0.5161
5633,0.5702
5634,0.8225
5635,0.6916
5636,0.5801
5637,0.8227
5638,0.5742
5639,0.7249
5640,0.8227
5641,0.5368
5642,0.5176
5643,0.669
5644,0.6409
5645,0.622
5646,0.7206
5647,0.5935
5648,0.501
5649,0.8197
5650,0.7193
5651,0.6817
5652,0.6294
5653,0.823
5654,0.6155
5655,0.576
5656,0.5237
5657,0.5461
5658,0.822
5659,0.5318
5660,0.744
5661,0.5513
5662,0.5324
5663,0.7162
5664,0.5892
5665,0.5957
5666,0.6976
5667,0.5729
5668,0.6464
5669,0.8225
5670,0.5838
5671,0.5941
5672,0.5199
5673,0.656
5674,0.6586
5675,0.6528
5676,0.6461
5677,0.5862
5678,0.8214
5679,0.5287
5680,0.6779
5681,0.5003
5682,0.5702
5683,0.5286
5684,0.6463
5685,0.7186
5686,0.8202
5687,0.5685
5688,0.6108
5689,0.6112
5690,0.542
5691,0.5717
5692,0.5784
5693,0.5577
5694,0.5316
5695,0.5447
5696,0.678
5697,0.6713
5698,0.5893
5699,0.5309
5700,0.5203
5701,0.6752
5702,0.633
5703,0.8315
5704,0.5906
5705,0.6559
5706,0.5413
5707,0.6039
5708,0.5991
5709,0.571
5710,0.6583
5711,0.5593
5712,0.6716
5713,0.5269
5714,0.5756
5715,0.7563
5716,0.5865
5717,0.6482
5718,0.5796
5719,0.6695
5720,0.8219
5721,0.5879
5722,0.5953
5723,0.6248
5724,0.6974
5725,0.5671
5726,0.6859
5727,0.7135
5728,0.6115
5729,0.6203
5730,0.5213
5731,0.5823
5732,0.6544
5733,0.5431
5734,0.5265
5735,0.5917
5736,0.5906
5737,0.5899
5738,0.51
5739,0.6985
5740,0.8176
5741,0.672
5742,0.6216
5743,0.6007
5744,0.579
5745,0.5686
5746,0.674
5747,0.5879
5748,0.5659
5749,0.8213
5750,0.6172
5751,0.8201
5752,0.529
5753,0.6279
5754,0.5138
5755,0.6319
5756,0.6827
5757,0.6815
5758,0.5656
5759,0.6089
5760,0.5728
5761,0.6513
5762,0.6861
5763,0.5975
5764,0.6587
5765,0.5607
5766,0.6939
5767,0.6873
5768,0.7714
5769,0.5465
5770,0.6825
5771,0.6794
5772,0.629
5773,0.8104
5774,0.5847
5775,0.5214
5776,0.6373
5777,0.7439
5778,0.6928
5779,0.5777
5780,0.7328
5781,0.8242
5782,0.6868
5783,0.5394
5784,0.5585
5785,0.519
5786,0.821
5787,0.5495
5788,0.716
5789,0.5807
5790,0.5834
5791,0.6671
5792,0.5586
5793,0.715
5794,0.8218
5795,0.655
5796,0.6129
5797,0.5826
5798,0.6194
5799,0.6533
5800,0.7449
5801,0.8225
5802,0.5244
5803,0.594
5804,0.5264
5805,0.5834
5806,0.607
5807,0.5704
5808,0.6507
5809,0.6701
5810,0.6162
5811,0.7587
5812,0.5549
5813,0.7899
5814,0.5916
5815,0.6346
5816,0.6741
5817,0.5017
5818,0.5367
5819,0.7211
5820,0.6524
5821,0.5455
5822,0.638
5823,0.6739
5824,0.5852
5825,0.6232
5826,0.5582
5827,0.5886
5828,0.725
5829,0.6075
5830,0.5417
5831,0.6462
5832,0.5652
5833,0.6777
5834,0.6073
5835,0.5639
5836,0.6367
5837,0.7537
5838,0.5741
5839,0.5515
5840,0.7361
5841,0.6085
5842,0.6469
5843,0.5159
5844,0.5738
5845,0.8214
5846,0.6641
5847,0.5202
5848,0.7311
5849,0.8173
5850,0.5458
5851,0.821
5852,0.8171
5853,0.5182
5854,0.545
5855,0.7066
5856,0.5759
5857,0.5611
5858,0.7371
5859,0.5063
5860,0.5893
5861,0.6475
5862,0.5507
5863,0.6124
5864,0.6468
5865,0.6451
5866,0.5833
5867,0.5258
5868,0.523
5869,0.5126
5870,0.5313
5871,0.6559
5872,0.5575
5873,0.74
5874,0.571
5875,0.5629
5876,0.5933
5877,0.6298
5878,0.6527
5879,0.6747
5880,0.6487
5881,0.5353
5882,0.5658
5883,0.6423
5884,0.7036
5885,0.6023
5886,0.6563
5887,0.7227
5888,0.7687
5889,0.5314
5890,0.5771
5891,0.5145
5892,0.6531
5893,0.6561
5894,0.5089
5895,0.5179
5896,0.5448
5897,0.8229
5898,0.6487
5899,0.6238
5900,0.5383
5901,0.5723
5902,0.5968
5903,0.8155
5904,0.5446
5905,0.5139
5906,0.5089
5907,0.6396
5908,0.5119
5909,0.6181
5910,0.8156
5911,0.623
5912,0.8223
5913,0.5401
5914,0.5583
5915,0.6238
5916,0.5809
5917,0.6636
5918,0.661
5919,0.647
5920,0.6148
5921,0.5942
5922,0.7097
5923,0.592
5924,0.5532
5925,0.5511
5926,0.5692
5927,0.6656
5928,0.6203
5929,0.578
5930,0.6267
5931,0.6789
5932,0.5841
5933,0.5079
5934,0.7003
5935,0.7465
5936,0.6111
5937,0.6307
5938,0.7118
5939,0.7277
5940,0.5399
5941,0.6718
5942,0.5919
5943,0.7728
5944,0.6689
5945,0.6265
5946,0.5085
5947,0.6116
5948,0.8224
5949,0.6003
5950,0.8238
5951,0.6397
5952,0.5089
5953,0.5667
5954,0.6385
5955,0.6496
5956,0.8228
5957,0.8211
5958,0.6086
5959,0.8248
5960,0.5753
5961,0.5746
5962,0.5726
5963,0.6136
5964,0.5481
5965,0.6873
5966,0.5759
5967,0.6245
5968,0.8215
5969,0.5884
5970,0.5214
5971,0.5244
5972,0.5901
5973,0.6891
5974,0.6632
5975,0.7121
5976,0.5905
5977,0.5465
5978,0.5948
5979,0.5227
5980,0.5302
5981,0.5944
5982,0.5385
5983,0.6443
5984,0.6381
5985,0.6885
5986,0.6458
5987,0.6028
5988,0.5237
5989,0.602
5990,0.5481
5991,0.5678
5992,0.6388
5993,0.6071
5994,0.7602
5995,0.8188
5996,0.812
5997,0.7227
5998,0.6404
5999,0.677
6000,0.6202
6001,0.5318
6002,0.5006
6003,0.6958
6004,0.5742
6005,0.8234
6006,0.6005
6007,0.5095
6008,0.6264
6009,0.8237
6010,0.5661
6011,0.7637
6012,0.7073
6013,0.5562
6014,0.5823
6015,0.5795
6016,0.6238
6017,0.586
6018,0.8188
6019,0.5251
6020,0.8229
6021,0.7411
6022,0.602
6023,0.5938
6024,0.6697
6025,0.5598
6026,0.5336
6027,0.8233
6028,0.5017
6029,0.828
6030,0.7423
6031,0.5303
6032,0.7103
6033,0.5157
6034,0.5112
6035,0.5821
6036,0.8263
6037,0.6225
6038,0.6754
6039,0.7177
6040,0.6994
6041,0.8243
6042,0.5104
6043,0.6599
6044,0.6841
6045,0.5676
6046,0.5344
6047,0.5126
6048,0.5226
6049,0.5764
6050,0.821
6051,0.6334
6052,0.7242
6053,0.8189
6054,0.5806
6055,0.6608
6056,0.506
6057,0.6135
6058,0.7735
6059,0.771
6060,0.6718
6061,0.6604
6062,0.517
6063,0.54
6064,0.6513
6065,0.606
6066,0.5645
6067,0.5445
6068,0.8215
6069,0.628
6070,0.8249
6071,0.5007
6072,0.7203
6073,0.7361
6074,0.67
6075,0.5627
6076,0.5174
6077,0.679
6078,0.533
6079,0.6326
6080,0.6609
6081,0.6135
6082,0.698
6083,0.6084
6084,0.5002
6085,0.5848
6086,0.7015
6087,0.8252
6088,0.611
6089,0.7582
6090,0.6355
6091,0.6461
6092,0.6709
6093,0.523
6094,0.6838
6095,0.8228
6096,0.6148
6097,0.761
6098,0.5833
6099,0.5656
6100,0.8154
6101,0.5693
6102,0.5383
6103,0.6433
6104,0.5001
6105,0.6928
6106,0.5762
6107,0.5186
6108,0.6355
6109,0.6481
6110,0.8253
6111,0.6192
6112,0.5192
6113,0.5806
6114,0.8203
6115,0.7296
6116,0.822
6117,0.5991
6118,0.7328
6119,0.5596
6120,0.5658
6121,0.7098
6122,0.5077
6123,0.6932
6124,0.5966
6125,0.5131
6126,0.5024
6127,0.5903
6128,0.5253
6129,0.5807
6130,0.5761
6131,0.8212
6132,0.5618
6133,0.5422
6134,0.7454
6135,0.5299
6136,0.5534
6137,0.5919
6138,0.5978
6139,0.5858
6140,0.5658
6141,0.5263
6142,0.8255
6143,0.5874
6144,0.5087
6145,0.6206
6146,0.5183
6147,0.5946
6148,0.5657
6149,0.5557
6150,0.5007
6151,0.711
6152,0.5494
6153,0.6943
6154,0.5351
6155,0.6618
6156,0.6373
6157,0.7388
6158,0.8215
6159,0.6217
6160,0.6861
6161,0.5605
6162,0.5162
6163,0.5668
6164,0.5701
6165,0.5376
6166,0.5408
6167,0.6421
6168,0.5453
6169,0.6588
6170,0.555
6171,0.5272
6172,0.6624
6173,0.5154
6174,0.7648
6175,0.7611
6176,0.5176
6177,0.6587
6178,0.5671
6179,0.6285
6180,0.5797
6181,0.697
6182,0.825
6183,0.6745
6184,0.613
6185,0.6015
6186,0.6259
6187,0.5147
6188,0.5852
6189,0.5892
6190,0.6974
6191,0.6657
6192,0.739
6193,0.6625
6194,0.5508
6195,0.5834
6196,0.5507
6197,0.6119
6198,0.7124
6199,0.6569
6200,0.827
6201,0.6183
6202,0.8217
6203,0.8227
6204,0.5922
6205,0.5707
6206,0.5459
6207,0.823
6208,0.7359
6209,0.7476
6210,0.5912
6211,0.5973
6212,0.5143
6213,0.5198
6214,0.5481
6215,0.5633
6216,0.6228
6217,0.5345
6218,0.5023
6219,0.5368
6220,0.5976
6221,0.5341
6222,0.53
6223,0.7299
6224,0.6491
6225,0.7089
6226,0.6995
6227,0.5066
6228,0.822
6229,0.538
6230,0.6972
6231,0.6715
6232,0.5667
6233,0.5687
6234,0.6969
6235,0.5695
6236,0.5907
6237,0.732
6238,0.5885
6239,0.538
6240,0.5627
6241,0.763
6242,0.5125
6243,0.5657
6244,0.6911
6245,0.5777
6246,0.6805
6247,0.5619
6248,0.6022
6249,0.5006
6250,0.8253
6251,0.593
6252,0.5835
6253,0.5424
6254,0.8215
6255,0.601
6256,0.6613
6257,0.5514
6258,0.5869
6259,0.7029
6260,0.6188
6261,0.8182
6262,0.5596
6263,0.6585
6264,0.5462
6265,0.5157
6266,0.5466
6267,0.6001
6268,0.6492
6269,0.5818
6270,0.659
6271,0.6511
6272,0.5478
6273,0.5767
6274,0.5494
6275,0.7876
6276,0.5469
6277,0.8218
6278,0.5928
6279,0.6185
6280,0.6477
6281,0.6009
6282,0.5346
6283,0.6626
6284,0.5855
6285,0.601
6286,0.6109
6287,0.6142
6288,0.5739
6289,0.5339
6290,0.8209
6291,0.7003
6292,0.7393
6293,0.6149
6294,0.5505
6295,0.5088
6296,0.8215
6297,0.5899
6298,0.7
6299,0.5797
6300,0.5367
6301,0.7538
6302,0.5162
6303,0.6605
6304,0.5272
6305,0.6465
6306,0.5651
6307,0.6351
6308,0.6827
6309,0.5138
6310,0.6826
6311,0.8211
6312,0.609
6313,0.7347
6314,0.5746
6315,0.614
6316,0.7514
6317,0.714
6318,0.6605
6319,0.6028
6320,0.661
6321,0.5625
6322,0.6345
6323,0.6066
6324,0.6187
6325,0.5681
6326,0.5505
6327,0.5698
6328,0.507
6329,0.5567
6330,0.542
6331,0.6076
6332,0.7555
6333,0.7026
6334,0.5808
6335,0.8235
6336,0.6422
6337,0.5007
6338,0.5678
6339,0.5113
6340,0.6384
6341,0.6425
6342,0.6469
6343,0.5043
6344,0.8232
6345,0.8214
6346,0.5975
6347,0.5107
6348,0.5025
6349,0.7247
6350,0.5869
6351,0.6612
6352,0.8184
6353,0.63
6354,0.6482
6355,0.5916
6356,0.5113
6357,0.5031
6358,0.5475
6359,0.5294
6360,0.5347
6361,0.5681
6362,0.7235
6363,0.6503
6364,0.5865
6365,0.5196
6366,0.5167
6367,0.5672
6368,0.6393
6369,0.6083
6370,0.5851
6371,0.7506
6372,0.6133
6373,0.6417
6374,0.5764
6375,0.69
6376,0.6339
6377,0.5389
6378,0.7523
6379,0.8218
6380,0.6108
6381,0.5078
6382,0.8204
6383,0.5968
6384,0.63
6385,0.5617
6386,0.6219
6387,0.6613
6388,0.5642
6389,0.6028
6390,0.5157
6391,0.6387
6392,0.6406
6393,0.6018
6394,0.5562
6395,0.5007
6396,0.5091
6397,0.6555
6398,0.7697
6399,0.6774
6400,0.6778
6401,0.5131
6402,0.8156
6403,0.6827
6404,0.7552
6405,0.5511
6406,0.5054
6407,0.6972
6408,0.6271
6409,0.7451
6410,0.5456
6411,0.6383
6412,0.6036
6413,0.5471
6414,0.5474
6415,0.8215
6416,0.8251
6417,0.6076
6418,0.5804
6419,0.6263
6420,0.5076
6421,0.5997
6422,0.5546
6423,0.5089
6424,0.6829
6425,0.5931
6426,0.5404
6427,0.5181
6428,0.8221
6429,0.824
6430,0.5531
6431,0.5153
6432,0.8226
6433,0.5969
6434,0.7047
6435,0.5165
6436,0.5012
6437,0.5482
6438,0.5807
6439,0.7464
6440,0.5397
6441,0.6071
6442,0.8257
6443,0.5067
6444,0.7094
6445,0.6641
6446,0.5736
6447,0.6363
6448,0.709
6449,0.7107
6450,0.6557
6451,0.6194
6452,0.8272
6453,0.6332
6454,0.5479
6455,0.651
6456,0.5788
6457,0.8202
6458,0.5044
6459,0.5805
6460,0.5354
6461,0.5535
6462,0.7845
6463,0.6353
6464,0.5567
6465,0.8183
6466,0.7084
6467,0.6126
6468,0.6171
6469,0.503
6470,0.5005
6471,0.7637
6472,0.5681
6473,0.6593
6474,0.5012
6475,0.6682
6476,0.8225
6477,0.6949
6478,0.6957
6479,0.6734
6480,0.5806
6481,0.64
6482,0.821
6483,0.8173
6484,0.5427
6485,0.7503
6486,0.6784
6487,0.8204
6488,0.5214
6489,0.6501
6490,0.6403
6491,0.7243
6492,0.8238
6493,0.5327
6494,0.6486
6495,0.7178
6496,0.6375
6497,0.543
6498,0.8189
6499,0.5574
6500,0.5058
6501,0.8204
6502,0.5836
6503,0.588
6504,0.5121
6505,0.8222
6506,0.8211
6507,0.6273
6508,0.6004
6509,0.5049
6510,0.6109
6511,0.6084
6512,0.5664
6513,0.5693
6514,0.5167
6515,0.5914
6516,0.8058
6517,0.6698
6518,0.5231
6519,0.6568
6520,0.5845
6521,0.5816
6522,0.538
6523,0.5559
6524,0.6065
6525,0.5198
6526,0.6713
6527,0.5298
6528,0.6161
6529,0.5755
6530,0.6986
6531,0.6393
6532,0.5379
6533,0.5254
6534,0.5765
6535,0.5479
6536,0.5793
6537,0.7458
6538,0.6071
6539,0.6657
6540,0.8206
6541,0.5486
6542,0.6866
6543,0.5523
6544,0.5837
6545,0.5492
6546,0.5481
6547,0.6642
6548,0.6468
6549,0.5934
6550,0.6136
6551,0.5511
6552,0.684
6553,0.6104
6554,0.6041
6555,0.698
6556,0.5727
6557,0.8207
6558,0.5553
6559,0.5085
6560,0.6582
6561,0.5914
6562,0.8208
6563,0.5135
6564,0.5853
6565,0.5968
6566,0.6378
6567,0.8234
6568,0.6305
6569,0.8189
6570,0.56
6571,0.7176
6572,0.6403
6573,0.7593
6574,0.569
6575,0.6242
6576,0.6231
6577,0.6447
6578,0.6109
6579,0.5894
6580,0.5498
6581,0.8214
6582,0.6913
6583,0.8172
6584,0.5645
6585,0.6395
6586,0.6316
6587,0.7354
6588,0.8226
6589,0.6173
6590,0.6182
6591,0.5577
6592,0.8275
6593,0.5149
6594,0.5876
6595,0.8236
6596,0.53
6597,0.6051
6598,0.5757
6599,0.8209
6600,0.825
6601,0.6442
6602,0.5225
6603,0.6314
6604,0.7325
6605,0.5839
6606,0.604
6607,0.7194
6608,0.6549
6609,0.5744
6610,0.5483
6611,0.617
6612,0.7457
6613,0.6499
6614,0.5876
6615,0.5278
6616,0.5202
6617,0.6402
6618,0.6661
6619,0.8253
6620,0.6284
6621,0.5488
6622,0.6607
6623,0.8228
6624,0.6392
6625,0.5395
6626,0.6646
6627,0.6897
6628,0.5089
6629,0.7675
6630,0.823
6631,0.6357
6632,0.5396
6633,0.6691
6634,0.5501
6635,0.5955
6636,0.6976
6637,0.5055
6638,0.6031
6639,0.753
6640,0.522
6641,0.5401
6642,0.709
6643,0.6086
6644,0.6363
6645,0.6107
6646,0.5495
6647,0.5455
6648,0.8222
6649,0.6244
6650,0.5611
6651,0.5025
6652,0.5811
6653,0.5526
6654,0.6675
6655,0.572
6656,0.7344
6657,0.6586
6658,0.6371
6659,0.5203
6660,0.7141
6661,0.5015
6662,0.6854
6663,0.5103
6664,0.6865
6665,0.5248
6666,0.5179
6667,0.6547
6668,0.8269
6669,0.543
6670,0.5481
6671,0.5412
6672,0.6826
6673,0.5685
6674,0.8244
6675,0.541
6676,0.5804
6677,0.8311
6678,0.6008
6679,0.6268
6680,0.6318
6681,0.6513
6682,0.6446
6683,0.7696
6684,0.5663
6685,0.5764
6686,0.5411
6687,0.6982
6688,0.5713
6689,0.5226
6690,0.5915
6691,0.5176
6692,0.6452
6693,0.5924
6694,0.6814
6695,0.6059
6696,0.7151
6697,0.8244
6698,0.6307
6699,0.575
6700,0.8198
6701,0.6117
6702,0.6027
6703,0.6093
6704,0.5671
6705,0.8234
6706,0.6643
6707,0.622
6708,0.5392
6709,0.8226
6710,0.6029
6711,0.5882
6712,0.5966
6713,0.6256
6714,0.5855
6715,0.5973
6716,0.6383
6717,0.6284
6718,0.5814
6719,0.6364
6720,0.6929
6721,0.8219
6722,0.6029
6723,0.6555
6724,0.5379
6725,0.6306
6726,0.7097
6727,0.7107
6728,0.5272
6729,0.5911
6730,0.8212
6731,0.6092
6732,0.5607
6733,0.6462
6734,0.5903
6735,0.5822
6736,0.6395
6737,0.6134
6738,0.8224
6739,0.708
6740,0.5459
6741,0.638
6742,0.5698
6743,0.6355
6744,0.6153
6745,0.5436
6746,0.6779
6747,0.6316
6748,0.5123
6749,0.5434
6750,0.562
6751,0.572
6752,0.5988
6753,0.8227
6754,0.5183
6755,0.8221
6756,0.6325
6757,0.7165
6758,0.6198
6759,0.5756
6760,0.7084
6761,0.538
6762,0.6234
6763,0.7268
6764,0.645
6765,0.7069
6766,0.823
6767,0.7214
6768,0.6068
6769,0.7372
6770,0.6647
6771,0.6389
6772,0.5658
6773,0.8253
6774,0.589
6775,0.5082
6776,0.6074
6777,0.6148
6778,0.513
6779,0.8236
6780,0.6745
6781,0.618
6782,0.5484
6783,0.8217
6784,0.8213
6785,0.5673
6786,0.5778
6787,0.8229
6788,0.5573
6789,0.5603
6790,0.6499
6791,0.6478
6792,0.6266
6793,0.8189
6794,0.589
6795,0.7056
6796,0.8196
6797,0.624
6798,0.7377
6799,0.6364
6800,0.7182
6801,0.6203
6802,0.5385
6803,0.657
6804,0.6183
6805,0.5156
6806,0.8216
6807,0.6293
6808,0.5776
6809,0.6548
6810,0.5907
6811,0.8204
6812,0.5839
6813,0.6854
6814,0.8212
6815,0.6868
6816,0.6229
6817,0.5818
6818,0.6818
6819,0.7408
6820,0.6003
6821,0.5033
6822,0.5422
6823,0.6651
6824,0.6835
6825,0.5855
6826,0.8186
6827,0.6545
6828,0.672
6829,0.7343
6830,0.5238
6831,0.6474
6832,0.5261
6833,0.6692
6834,0.5156
6835,0.8256
6836,0.5884
6837,0.7365
6838,0.5842
6839,0.8257
6840,0.5196
6841,0.7385
6842,0.7474
6843,0.6081
6844,0.5029
6845,0.6806
6846,0.5489
6847,0.5445
6848,0.5206
6849,0.5387
6850,0.6131
6851,0.6532
6852,0.584
6853,0.6154
6854,0.6998
6855,0.5677
6856,0.6458
6857,0.5069
6858,0.5436
6859,0.8194
6860,0.6339
6861,0.5835
6862,0.5564
6863,0.5365
6864,0.623
6865,0.621
6866,0.6001
6867,0.6019
6868,0.5725
6869,0.5468
6870,0.6935
6871,0.6182
6872,0.5473
6873,0.6286
6874,0.5206
6875,0.5728
6876,0.5715
6877,0.5193
6878,0.7441
6879,0.5667
6880,0.5653
6881,0.7449
6882,0.7041
6883,0.5892
6884,0.5417
6885,0.6325
6886,0.5987
6887,0.5465
6888,0.6865
6889,0.8207
6890,0.5989
6891,0.8188
6892,0.5611
6893,0.5942
6894,0.6155
6895,0.7132
6896,0.6271
6897,0.6922
6898,0.8206
6899,0.6368
6900,0.5622
6901,0.7946
6902,0.507
6903,0.5075
6904,0.5388
6905,0.8217
6906,0.6083
6907,0.8205
6908,0.6492
6909,0.6228
6910,0.6363
6911,0.5019
6912,0.7405
6913,0.501
6914,0.6463
6915,0.8262
6916,0.7045
6917,0.503
6918,0.8206
6919,0.647
6920,0.5246
6921,0.5221
6922,0.743
6923,0.7235
6924,0.5562
6925,0.5011
6926,0.5391
6927,0.8212
6928,0.557
6929,0.5302
6930,0.5716
6931,0.5186
6932,0.5913
6933,0.5349
6934,0.7098
6935,0.6707
6936,0.6342
6937,0.6931
6938,0.5574
6939,0.5336
6940,0.5922
6941,0.6804
6942,0.5114
6943,0.5633
6944,0.6968
6945,0.5786
6946,0.7189
6947,0.5781
6948,0.6047
6949,0.7017
6950,0.6364
6951,0.5069
6952,0.5525
6953,0.5909
6954,0.8257
6955,0.6281
6956,0.6314
6957,0.5666
6958,0.7361
6959,0.5556
6960,0.6078
6961,0.6578
6962,0.6368
6963,0.5091
6964,0.557
6965,0.5249
6966,0.621
6967,0.5519
6968,0.6926
6969,0.8237
6970,0.8251
6971,0.5216
6972,0.5445
6973,0.5728
6974,0.6341
6975,0.5408
6976,0.5898
6977,0.5014
6978,0.674
6979,0.6019
6980,0.6221
6981,0.5609
6982,0.66
6983,0.5532
6984,0.555
6985,0.633
6986,0.6316
6987,0.5944
6988,0.5982
6989,0.5332
6990,0.512
6991,0.6489
6992,0.7675
6993,0.5071
6994,0.8171
6995,0.5266
6996,0.5429
6997,0.6531
6998,0.5365
6999,0.5738
7000,0.667
7001,0.6377
7002,0.6279
7003,0.5403
7004,0.721
7005,0.5235
7006,0.5656
7007,0.5847
7008,0.7175
7009,0.5667
7010,0.5219
7011,0.6874
7012,0.5407
7013,0.666
7014,0.6019
7015,0.5613
7016,0.5076
7017,0.7251
7018,0.5577
7019,0.5314
7020,0.7593
7021,0.8243
7022,0.6435
7023,0.506
7024,0.543
7025,0.7458
7026,0.5492
7027,0.8217
7028,0.5873
7029,0.5251
7030,0.5635
7031,0.8219
7032,0.5749
7033,0.6119
7034,0.6069
7035,0.6938
7036,0.6568
7037,0.5547
7038,0.7126
7039,0.5204
7040,0.5774
7041,0.595
7042,0.7116
7043,0.7574
7044,0.629
7045,0.5269
7046,0.6358
7047,0.8161
7048,0.523
7049,0.6072
7050,0.822
7051,0.5686
7052,0.5247
7053,0.532
7054,0.6034
7055,0.6368
7056,0.6185
7057,0.7124
7058,0.5124
7059,0.6269
7060,0.7619
7061,0.5635
7062,0.5743
7063,0.5821
7064,0.6404
7065,0.6805
7066,0.603
7067,0.5145
7068,0.5494
7069,0.8239
7070,0.6439
7071,0.6312
7072,0.6708
7073,0.5008
7074,0.6086
7075,0.6082
7076,0.5346
7077,0.5832
7078,0.5791
7079,0.542
7080,0.5791
7081,0.7542
7082,0.5066
7083,0.5654
7084,0.6549
7085,0.6473
7086,0.6493
7087,0.5281
7088,0.5472
7089,0.6142
7090,0.5594
7091,0.6159
7092,0.5924
7093,0.6092
7094,0.6151
7095,0.5221
7096,0.5574
7097,0.7057
7098,0.6518
7099,0.5451
7100,0.6089
7101,0.5677
7102,0.6158
7103,0.6774
7104,0.7585
7105,0.7284
7106,0.5475
7107,0.6181
7108,0.6607
7109,0.6653
7110,0.6052
7111,0.5497
7112,0.5237
7113,0.6075
7114,0.627
7115,0.5677
7116,0.6338
7117,0.533
7118,0.5718
7119,0.6601
7120,0.5022
7121,0.6763
7122,0.6939
7123,0.6349
7124,0.7396
7125,0.5246
7126,0.505
7127,0.583
7128,0.6207
7129,0.5074
7130,0.579
7131,0.5567
7132,0.8205
7133,0.6809
7134,0.5431
7135,0.5884
7136,0.5155
7137,0.5157
7138,0.6349
7139,0.6158
7140,0.823
7141,0.6395
7142,0.5717
7143,0.8189
7144,0.6128
7145,0.5117
7146,0.6309
7147,0.6143
7148,0.5511
7149,0.696
7150,0.7076
7151,0.8214
7152,0.5418
7153,0.5068
7154,0.6782
7155,0.5225
7156,0.536
7157,0.6049
7158,0.8235
7159,0.5042
7160,0.6826
7161,0.6044
7162,0.5023
7163,0.5705
7164,0.6622
7165,0.5088
7166,0.8192
7167,0.619
7168,0.5759
7169,0.6265
7170,0.6585
7171,0.7011
7172,0.5032
7173,0.7088
7174,0.7095
7175,0.592
7176,0.8218
7177,0.8214
7178,0.5554
7179,0.5319
7180,0.8195
7181,0.8193
7182,0.616
7183,0.6732
7184,0.5132
7185,0.5459
7186,0.6656
7187,0.6937
7188,0.8229
7189,0.7041
7190,0.5826
7191,0.5792
7192,0.5606
7193,0.6502
7194,0.5172
7195,0.6178
7196,0.5537
7197,0.5108
7198,0.6409
7199,0.6735
7200,0.5556
7201,0.5863
7202,0.718
7203,0.5015
7204,0.642
7205,0.5557
7206,0.8195
7207,0.5345
7208,0.5493
7209,0.6135
7210,0.6255
7211,0.672
7212,0.6725
7213,0.5917
7214,0.5116
7215,0.5385
7216,0.7129
7217,0.5389
7218,0.5129
7219,0.5803
7220,0.7586
7221,0.5236
7222,0.691
7223,0.7441
7224,0.5095
7225,0.7234
7226,0.5638
7227,0.6062
7228,0.5118
7229,0.7187
7230,0.684
7231,0.621
7232,0.6597
7233,0.703
7234,0.5706
7235,0.5029
7236,0.5111
7237,0.6097
7238,0.5935
7239,0.5781
7240,0.5512
7241,0.6248
7242,0.822
7243,0.5881
7244,0.5333
7245,0.6171
7246,0.6282
7247,0.6757
7248,0.5755
7249,0.6701
7250,0.6301
7251,0.5993
7252,0.631
7253,0.6132
7254,0.6497
7255,0.6834
7256,0.5044
7257,0.5149
7258,0.5718
7259,0.6645
7260,0.5993
7261,0.5794
7262,0.5268
7263,0.6511
7264,0.6488
7265,0.5966
7266,0.6745
7267,0.5007
7268,0.822
7269,0.5897
7270,0.5746
7271,0.7059
7272,0.8241
7273,0.5041
7274,0.5396
7275,0.5346
7276,0.5992
7277,0.7095
7278,0.5102
7279,0.5419
7280,0.5145
7281,0.6273
7282,0.7119
7283,0.5753
7284,0.5605
7285,0.826
7286,0.5652
7287,0.8186
7288,0.6854
7289,0.5896
7290,0.5555
7291,0.6458
7292,0.6131
7293,0.6002
7294,0.6316
7295,0.5597
7296,0.537
7297,0.8215
7298,0.6696
7299,0.8258
7300,0.5841
7301,0.633
7302,0.6609
7303,0.596
7304,0.8225
7305,0.8215
7306,0.5978
7307,0.6984
7308,0.5345
7309,0.5461
7310,0.5726
7311,0.5007
7312,0.6873
7313,0.6101
7314,0.564
7315,0.666
7316,0.7767
7317,0.8187
7318,0.513
7319,0.6083
7320,0.7929
7321,0.5327
7322,0.7527
7323,0.5187
7324,0.6009
7325,0.6187
7326,0.8249
7327,0.5209
7328,0.6696
7329,0.6534
7330,0.6843
7331,0.5175
7332,0.6552
7333,0.7023
7334,0.5453
7335,0.5849
7336,0.6936
7337,0.6816
7338,0.5989
7339,0.541
7340,0.5631
7341,0.506
7342,0.5928
7343,0.6396
7344,0.607
7345,0.6595
7346,0.5354
7347,0.6116
7348,0.5597
7349,0.5736
7350,0.7349
7351,0.6123
7352,0.7561
7353,0.6092
7354,0.5903
7355,0.6187
7356,0.6413
7357,0.7335
7358,0.6686
7359,0.5755
7360,0.5392
7361,0.5474
7362,0.7183
7363,0.6259
7364,0.638
7365,0.6788
7366,0.6373
7367,0.6511
7368,0.8185
7369,0.6166
7370,0.5318
7371,0.6742
7372,0.8221
7373,0.6061
7374,0.6541
7375,0.5694
7376,0.6577
7377,0.7994
7378,0.7103
7379,0.5652
7380,0.8216
7381,0.5308
7382,0.5447
7383,0.7208
7384,0.5612
7385,0.57
7386,0.609
7387,0.6491
7388,0.8217
7389,0.7619
7390,0.6521
7391,0.5194
7392,0.5387
7393,0.7701
7394,0.6382
7395,0.6013
7396,0.6046
7397,0.8217
7398,0.5865
7399,0.7271
7400,0.52
7401,0.6523
7402,0.5552
7403,0.526
7404,0.5609
7405,0.606
7406,0.6943
7407,0.5148
7408,0.5021
7409,0.626
7410,0.5962
7411,0.668
7412,0.6442
7413,0.5043
7414,0.5122
7415,0.6485
7416,0.5859
7417,0.6684
7418,0.5884
7419,0.594
7420,0.6836
7421,0.5845
7422,0.6443
7423,0.5523
7424,0.7738
7425,0.523
7426,0.5028
7427,0.824
7428,0.6329
7429,0.5995
7430,0.5361
7431,0.5325
7432,0.5772
7433,0.6328
7434,0.5086
7435,0.5126
7436,0.821
7437,0.6971
7438,0.5635
7439,0.5647
7440,0.5717
7441,0.6051
7442,0.5877
7443,0.8247
7444,0.6155
7445,0.5421
7446,0.5161
7447,0.8217
7448,0.5973
7449,0.6682
7450,0.6043
7451,0.5429
7452,0.5316
7453,0.7321
7454,0.5738
7455,0.5965
7456,0.6536
7457,0.6298
7458,0.6452
7459,0.6846
7460,0.5452
7461,0.5107
7462,0.8263
7463,0.5018
7464,0.6558
7465,0.5103
7466,0.7719
7467,0.8221
7468,0.6091
7469,0.5854
7470,0.8232
7471,0.5974
7472,0.6907
7473,0.8201
7474,0.8195
7475,0.7468
7476,0.6051
7477,0.6917
7478,0.526
7479,0.8228
7480,0.6734
7481,0.6296
7482,0.8197
7483,0.735
7484,0.711
7485,0.5337
7486,0.5967
7487,0.5085
7488,0.5012
7489,0.6737
7490,0.5794
7491,0.6056
7492,0.8174
7493,0.5958
7494,0.5649
7495,0.8219
7496,0.7061
7497,0.6014
7498,0.5492
7499,0.7242
7500,0.571
7501,0.5256
7502,0.5981
7503,0.5896
7504,0.6832
7505,0.6311
7506,0.6552
7507,0.7109
7508,0.624
7509,0.5436
7510,0.5661
7511,0.5301
7512,0.696
7513,0.6337
7514,0.5668
7515,0.5834
7516,0.6054
7517,0.5901
7518,0.5412
7519,0.5043
7520,0.555
7521,0.5524
7522,0.5487
7523,0.5073
7524,0.6754
7525,0.6632
7526,0.6958
7527,0.7276
7528,0.6022
7529,0.8193
7530,0.5475
7531,0.5531
7532,0.7122
7533,0.5425
7534,0.6571
7535,0.5864
7536,0.7164
7537,0.7164
7538,0.5763
7539,0.7491
7540,0.6124
7541,0.5672
7542,0.6848
7543,0.6631
7544,0.6896
7545,0.5344
7546,0.7303
7547,0.5098
7548,0.6804
7549,0.82
7550,0.6183
7551,0.689
7552,0.5314
7553,0.5691
7554,0.7326
7555,0.6917
7556,0.7063
7557,0.5703
7558,0.7225
7559,0.6112
7560,0.6176
7561,0.6851
7562,0.5512
7563,0.5075
7564,0.5163
7565,0.6124
7566,0.5597
7567,0.5223
7568,0.5166
7569,0.5433
7570,0.6118
7571,0.5034
7572,0.7017
7573,0.556
7574,0.5649
7575,0.564
7576,0.5287
7577,0.6325
7578,0.6068
7579,0.8218
7580,0.5228
7581,0.5673
7582,0.527
7583,0.6742
7584,0.6992
7585,0.8271
7586,0.7213
7587,0.6294
7588,0.5273
7589,0.8231
7590,0.7589
7591,0.5367
7592,0.621
7593,0.644
7594,0.5776
7595,0.5446
7596,0.5653
7597,0.5133
7598,0.5013
7599,0.6471
7600,0.5498
7601,0.5022
7602,0.5423
7603,0.5501
7604,0.5187
7605,0.5071
7606,0.6482
7607,0.5553
7608,0.6349
7609,0.6713
7610,0.5904
7611,0.6181
7612,0.6958
7613,0.626
7614,0.5686
7615,0.5002
7616,0.6779
7617,0.6056
7618,0.5941
7619,0.515
7620,0.7082
7621,0.7663
7622,0.5975
7623,0.6638
7624,0.5573
7625,0.6141
7626,0.5996
7627,0.819
7628,0.7173
7629,0.6464
7630,0.5922
7631,0.6318
7632,0.6279
7633,0.6111
7634,0.5808
7635,0.5961
7636,0.5532
7637,0.5565
7638,0.7064
7639,0.6477
7640,0.6355
7641,0.605
7642,0.5641
7643,0.5009
7644,0.5202
7645,0.5724
7646,0.531
7647,0.7213
7648,0.5176
7649,0.7107
7650,0.5248
7651,0.6792
7652,0.5228
7653,0.6059
7654,0.6064
7655,0.72
7656,0.5327
7657,0.8225
7658,0.8178
7659,0.5013
7660,0.6755
7661,0.5155
7662,0.6243
7663,0.5685
7664,0.5403
7665,0.6466
7666,0.5104
7667,0.5232
7668,0.561
7669,0.6555
7670,0.5454
7671,0.6502
7672,0.5094
7673,0.6378
7674,0.5382
7675,0.6458
7676,0.7049
7677,0.5114
7678,0.5196
7679,0.5207
7680,0.6365
7681,0.554
7682,0.5791
7683,0.8201
7684,0.7626
7685,0.6352
7686,0.8257
7687,0.5941
7688,0.5425
7689,0.7119
7690,0.6661
7691,0.5656
7692,0.5867
7693,0.5061
7694,0.8219
7695,0.7129
7696,0.8199
7697,0.724
7698,0.6338
7699,0.7102
7700,0.6494
7701,0.5898
7702,0.8222
7703,0.5593
7704,0.6095
7705,0.6081
7706,0.7082
7707,0.5316
7708,0.7132
7709,0.5288
7710,0.6361
7711,0.5331
7712,0.5882
7713,0.8231
7714,0.5171
7715,0.8169
7716,0.5052
7717,0.559
7718,0.8262
7719,0.5753
7720,0.5186
7721,0.5626
7722,0.7615
7723,0.822
7724,0.5251
7725,0.7347
7726,0.7306
7727,0.6534
7728,0.5126
7729,0.6656
7730,0.6533
7731,0.5326
7732,0.8191
7733,0.5078
7734,0.7034
7735,0.8221
7736,0.8194
7737,0.5565
7738,0.6457
7739,0.6491
7740,0.705
7741,0.6614
7742,0.6455
7743,0.8242
7744,0.5165
7745,0.6984
7746,0.8205
7747,0.682
7748,0.598
7749,0.8206
7750,0.6599
7751,0.8221
7752,0.6731
7753,0.5496
7754,0.6739
7755,0.6371
7756,0.6633
7757,0.6491
7758,0.643
7759,0.7117
7760,0.5922
7761,0.5789
7762,0.6712
7763,0.5066
7764,0.8223
7765,0.82
7766,0.511
7767,0.5351
7768,0.5004
7769,0.598
7770,0.5661
7771,0.5418
7772,0.7303
7773,0.5514
7774,0.6783
7775,0.8237
7776,0.5383
7777,0.5948
7778,0.6099
7779,0.6079
7780,0.708
7781,0.6169
7782,0.7145
7783,0.8195
7784,0.5955
7785,0.6316
7786,0.6117
7787,0.7041
7788,0.731
7789,0.6239
7790,0.5315
7791,0.5249
7792,0.7551
7793,0.6018
7794,0.5798
7795,0.6956
7796,0.5164
7797,0.5445
7798,0.7456
7799,0.5598
7800,0.5174
7801,0.5861
7802,0.6567
7803,0.5608
7804,0.5445
7805,0.666
7806,0.5771
7807,0.6384
7808,0.6639
7809,0.6778
7810,0.5137
7811,0.586
7812,0.7314
7813,0.665
7814,0.5581
7815,0.6234
7816,0.6661
7817,0.548
7818,0.5634
7819,0.5676
7820,0.7388
7821,0.7094
7822,0.7282
7823,0.7383
7824,0.5354
7825,0.8228
7826,0.6952
7827,0.574
7828,0.5483
7829,0.6782
7830,0.6591
7831,0.635
7832,0.6581
7833,0.6422
7834,0.6511
7835,0.557
7836,0.5535
7837,0.7183
7838,0.8244
7839,0.5458
7840,0.5042
7841,0.5948
7842,0.5077
7843,0.6556
7844,0.6129
7845,0.6237
7846,0.5927
7847,0.8204
7848,0.6465
7849,0.5007
7850,0.5249
7851,0.5734
7852,0.6157
7853,0.5618
7854,0.7285
7855,0.5053
7856,0.5642
7857,0.5442
7858,0.5068
7859,0.5784
7860,0.583
7861,0.7393
7862,0.6737
7863,0.5678
7864,0.701
7865,0.5323
7866,0.7108
7867,0.6912
7868,0.5447
7869,0.5857
7870,0.8233
7871,0.8223
7872,0.6008
7873,0.6054
7874,0.7221
7875,0.621
7876,0.8248
7877,0.8228
7878,0.5742
7879,0.5311
7880,0.6017
7881,0.5141
7882,0.6788
7883,0.687
7884,0.68
7885,0.6953
7886,0.5047
7887,0.5626
7888,0.6744
7889,0.5262
7890,0.6473
7891,0.5843
7892,0.5468
7893,0.8267
7894,0.824
7895,0.7034
7896,0.5958
7897,0.6792
7898,0.7368
7899,0.5942
7900,0.5503
7901,0.6732
7902,0.6725
7903,0.5266
7904,0.8235
7905,0.5309
7906,0.6704
7907,0.5419
7908,0.5779
7909,0.6004
7910,0.5236
7911,0.5054
7912,0.6016
7913,0.8234
7914,0.6573
7915,0.5098
7916,0.5007
7917,0.6242
7918,0.5671
7919,0.7527
7920,0.5606
7921,0.5565
7922,0.5274
7923,0.6655
7924,0.6375
7925,0.569
7926,0.6591
7927,0.5084
7928,0.8212
7929,0.7075
7930,0.6154
7931,0.5405
7932,0.6706
7933,0.5215
7934,0.5912
7935,0.5132
7936,0.6975
7937,0.6697
7938,0.6008
7939,0.5556
7940,0.5252
7941,0.7285
7942,0.5863
7943,0.6856
7944,0.601
7945,0.6607
7946,0.5103
7947,0.7233
7948,0.5259
7949,0.7041
7950,0.6144
7951,0.6635
7952,0.5286
7953,0.5845
7954,0.513
7955,0.773
7956,0.5855
7957,0.6019
7958,0.629
7959,0.51
7960,0.6366
7961,0.6579
7962,0.5252
7963,0.5017
7964,0.7199
7965,0.6425
7966,0.6328
7967,0.5082
7968,0.5608
7969,0.5063
7970,0.705
7971,0.5367
7972,0.8215
7973,0.5575
7974,0.5559
7975,0.5729
7976,0.8227
7977,0.576
7978,0.589
7979,0.533
7980,0.5133
7981,0.6478
7982,0.8176
7983,0.673
7984,0.6328
7985,0.5724
7986,0.5431
7987,0.8203
7988,0.5975
7989,0.5987
7990,0.8158
7991,0.5868
7992,0.6492
7993,0.6619
7994,0.5738
7995,0.5915
7996,0.6652
7997,0.5916
7998,0.5261
7999,0.5365
8000,0.7366
8001,0.5146
8002,0.5199
8003,0.7361
8004,0.826
8005,0.6552
8006,0.6897
8007,0.6527
8008,0.8243
8009,0.5337
8010,0.655
8011,0.5347
8012,0.64
8013,0.5863
8014,0.5889
8015,0.6061
8016,0.5205
8017,0.6659
8018,0.8196
8019,0.6741
8020,0.573
8021,0.6223
8022,0.6856
8023,0.5227
8024,0.6139
8025,0.5998
8026,0.6338
8027,0.6142
8028,0.6256
8029,0.8228
8030,0.6302
8031,0.6094
8032,0.6144
8033,0.6177
8034,0.5844
8035,0.7186
8036,0.5818
8037,0.5793
8038,0.6192
8039,0.5756
8040,0.8193
8041,0.5425
8042,0.5411
8043,0.6349
8044,0.5431
8045,0.7643
8046,0.6918
8047,0.6655
8048,0.574
8049,0.5002
8050,0.5633
8051,0.6676
8052,0.6564
8053,0.6006
8054,0.5584
8055,0.7337
8056,0.6479
8057,0.5078
8058,0.5801
8059,0.6189
8060,0.5537
8061,0.6148
8062,0.589
8063,0.7158
8064,0.6191
8065,0.6901
8066,0.6704
8067,0.8218
8068,0.5266
8069,0.667
8070,0.5058
8071,0.593
8072,0.812
8073,0.697
8074,0.5024
8075,0.6698
8076,0.5795
8077,0.5183
8078,0.5538
8079,0.5982
8080,0.5808
8081,0.5715
8082,0.6813
8083,0.5639
8084,0.7248
8085,0.5935
8086,0.5709
8087,0.7123
8088,0.8238
8089,0.6651
8090,0.5261
8091,0.6522
8092,0.5921
8093,0.6355
8094,0.8183
8095,0.5611
8096,0.6676
8097,0.5235
8098,0.5815
8099,0.6554
8100,0.5342
8101,0.5799
8102,0.579
8103,0.5759
8104,0.8252
8105,0.7644
8106,0.5098
8107,0.5263
8108,0.5433
8109,0.586
8110,0.7403
8111,0.6133
8112,0.7366
8113,0.5804
8114,0.7132
8115,0.5069
8116,0.8209
8117,0.5467
8118,0.5497
8119,0.6017
8120,0.6839
8121,0.5148
8122,0.5549
8123,0.5544
8124,0.5058
8125,0.723
8126,0.6251
8127,0.5402
8128,0.7254
8129,0.5781
8130,0.6466
8131,0.5902
8132,0.6942
8133,0.6222
8134,0.592
8135,0.6422
8136,0.609
8137,0.5177
8138,0.5676
8139,0.5588
8140,0.5755
8141,0.5521
8142,0.6529
8143,0.5244
8144,0.6031
8145,0.5523
8146,0.5845
8147,0.6326
8148,0.8232
8149,0.5406
8150,0.7437
8151,0.5267
8152,0.6499
8153,0.5655
8154,0.6849
8155,0.5639
8156,0.7412
8157,0.8204
8158,0.5683
8159,0.5629
8160,0.5748
8161,0.5489
8162,0.5175
8163,0.6487
8164,0.5818
8165,0.6732
8166,0.8203
8167,0.6094
8168,0.6951
8169,0.6833
8170,0.594
8171,0.582
8172,0.531
8173,0.6558
8174,0.517
8175,0.6248
8176,0.5837
8177,0.6185
8178,0.5771
8179,0.5627
8180,0.666
8181,0.6072
8182,0.5147
8183,0.5501
8184,0.8206
8185,0.5059
8186,0.588
8187,0.6327
8188,0.5857
8189,0.5649
8190,0.5193
8191,0.5107
8192,0.7027
8193,0.5405
8194,0.5408
8195,0.5308
8196,0.5327
8197,0.754
8198,0.64
8199,0.623
8200,0.613
8201,0.5238
8202,0.7175
8203,0.6643
8204,0.5697
8205,0.5111
8206,0.822
8207,0.6006
8208,0.6254
8209,0.6414
8210,0.5284
8211,0.6441
8212,0.7105
8213,0.6084
8214,0.6748
8215,0.6914
8216,0.5019
8217,0.7543
8218,0.5295
8219,0.5875
8220,0.5986
8221,0.606
8222,0.8165
8223,0.6154
8224,0.6282
8225,0.6683
8226,0.5786
8227,0.6042
8228,0.5938
8229,0.5542
8230,0.6654
8231,0.6055
8232,0.5714
8233,0.6546
8234,0.5268
8235,0.5776
8236,0.6175
8237,0.6209
8238,0.8204
8239,0.6708
8240,0.5015
8241,0.8246
8242,0.5524
8243,0.5219
8244,0.7294
8245,0.6198
8246,0.5884
8247,0.6297
8248,0.554
8249,0.5248
8250,0.6679
8251,0.7639
8252,0.6315
8253,0.5757
8254,0.8122
8255,0.6351
8256,0.6781
8257,0.5014
8258,0.5448
8259,0.8223
8260,0.8158
8261,0.8238
8262,0.653
8263,0.5165
8264,0.5676
8265,0.5917
8266,0.5269
8267,0.5115
8268,0.5125
8269,0.5876
8270,0.6186
8271,0.5989
8272,0.8237
8273,0.6032
8274,0.6766
8275,0.5764
8276,0.8253
8277,0.6708
8278,0.8197
8279,0.5185
8280,0.6
8281,0.7108
8282,0.7118
8283,0.6184
8284,0.5266
8285,0.8242
8286,0.8232
8287,0.5137
8288,0.6248
8289,0.6147
8290,0.6558
8291,0.6135
8292,0.6409
8293,0.6261
8294,0.5255
8295,0.72
8296,0.6582
8297,0.6485
8298,0.8215
8299,0.5254
8300,0.6223
8301,0.6744
8302,0.6608
8303,0.548
8304,0.8142
8305,0.546
8306,0.5959
8307,0.548
8308,0.6222
8309,0.6421
8310,0.5649
8311,0.5308
8312,0.6358
8313,0.6456
8314,0.6261
8315,0.5364
8316,0.7656
8317,0.5982
8318,0.6464
8319,0.6781
8320,0.5631
8321,0.5015
8322,0.528
8323,0.5927
8324,0.5128
8325,0.7249
8326,0.6484
8327,0.5698
8328,0.619
8329,0.8198
8330,0.5742
8331,0.5006
8332,0.6899
8333,0.5539
8334,0.5324
8335,0.61
8336,0.6023
8337,0.5826
8338,0.536
8339,0.7411
8340,0.5765
8341,0.8219
8342,0.6462
8343,0.6314
8344,0.5485
8345,0.8199
8346,0.5349
8347,0.6607
8348,0.8222
8349,0.8205
8350,0.6882
8351,0.5683
8352,0.5019
8353,0.5845
8354,0.5789
8355,0.5716
8356,0.8224
8357,0.7506
8358,0.6728
8359,0.6175
8360,0.5041
8361,0.5627
8362,0.5613
8363,0.5932
8364,0.8225
8365,0.6426
8366,0.5959
8367,0.5189
8368,0.6211
8369,0.613
8370,0.5051
8371,0.5098
8372,0.638
8373,0.5587
8374,0.6913
8375,0.7294
8376,0.6855
8377,0.6545
8378,0.8235
8379,0.631
8380,0.6669
8381,0.565
8382,0.6993
8383,0.5765
8384,0.6204
8385,0.6135
8386,0.7126
8387,0.5948
8388,0.5789
8389,0.8216
8390,0.5756
8391,0.8173
8392,0.7295
8393,0.5469
8394,0.672
8395,0.639
8396,0.6072
8397,0.6898
8398,0.5925
8399,0.564
8400,0.5651
8401,0.7388
8402,0.61
8403,0.5285
8404,0.6027
8405,0.5415
8406,0.5996
8407,0.6996
8408,0.6074
8409,0.6706
8410,0.6544
8411,0.6048
8412,0.6408
8413,0.6591
8414,0.6267
8415,0.7123
8416,0.6611
8417,0.6304
8418,0.7214
8419,0.5987
8420,0.5126
8421,0.8177
8422,0.8227
8423,0.616
8424,0.6404
8425,0.6397
8426,0.5068
8427,0.5288
8428,0.7373
8429,0.7171
8430,0.5083
8431,0.6375
8432,0.5859
8433,0.5462
8434,0.5359
8435,0.5708
8436,0.6374
8437,0.5745
8438,0.8248
8439,0.5991
8440,0.6203
8441,0.5914
8442,0.6949
8443,0.5099
8444,0.7229
8445,0.8213
8446,0.6307
8447,0.5216
8448,0.608
8449,0.573
8450,0.5265
8451,0.5645
8452,0.6596
8453,0.8231
8454,0.6556
8455,0.5704
8456,0.5303
8457,0.5951
8458,0.5128
8459,0.6735
8460,0.5039
8461,0.6062
8462,0.5964
8463,0.5805
8464,0.5098
8465,0.5982
8466,0.5802
8467,0.5841
8468,0.6806
8469,0.5059
8470,0.824
8471,0.5944
8472,0.614
8473,0.5752
8474,0.513
8475,0.6983
8476,0.5348
8477,0.6765
8478,0.6837
8479,0.8152
8480,0.6155
8481,0.6424
8482,0.5525
8483,0.821
8484,0.5902
8485,0.5605
8486,0.6484
8487,0.8272
8488,0.8245
8489,0.7139
8490,0.5635
8491,0.7708
8492,0.8126
8493,0.712
8494,0.6018
8495,0.8223
8496,0.5861
8497,0.5071
8498,0.5306
8499,0.5177
8500,0.7164
8501,0.6535
8502,0.5099
8503,0.713
8504,0.6058
8505,0.5021
8506,0.6191
8507,0.6749
8508,0.5179
8509,0.7504
8510,0.6445
8511,0.6117
8512,0.5442
8513,0.6967
8514,0.536
8515,0.5436
8516,0.593
8517,0.5317
8518,0.5525
8519,0.5119
8520,0.5648
8521,0.5112
8522,0.595
8523,0.6514
8524,0.815
8525,0.7483
8526,0.6097
8527,0.6401
8528,0.6632
8529,0.5274
8530,0.6327
8531,0.5963
8532,0.5828
8533,0.6913
8534,0.8242
8535,0.6933
8536,0.6827
8537,0.5859
8538,0.5708
8539,0.7223
8540,0.7027
8541,0.6973
8542,0.5996
8543,0.6602
8544,0.5814
8545,0.6482
8546,0.823
8547,0.5855
8548,0.5586
8549,0.5503
8550,0.6014
8551,0.539
8552,0.6649
8553,0.5878
8554,0.5495
8555,0.6563
8556,0.5251
8557,0.5585
8558,0.6117
8559,0.8232
8560,0.8191
8561,0.6179
8562,0.6188
8563,0.8207
8564,0.7597
8565,0.7169
8566,0.7022
8567,0.5137
8568,0.5739
8569,0.7024
8570,0.7415
8571,0.8207
8572,0.5451
8573,0.692
8574,0.7629
8575,0.5347
8576,0.7598
8577,0.8227
8578,0.5087
8579,0.5314
8580,0.6318
8581,0.6024
8582,0.5513
8583,0.7222
8584,0.59
8585,0.7635
8586,0.7191
8587,0.5635
8588,0.6964
8589,0.5511
8590,0.6929
8591,0.5828
8592,0.5759
8593,0.6451
8594,0.6085
8595,0.5987
8596,0.6413
8597,0.7059
8598,0.5828
8599,0.5388
8600,0.625
8601,0.612
8602,0.5004
8603,0.5522
8604,0.5381
8605,0.7302
8606,0.5042
8607,0.6138
8608,0.5408
8609,0.7275
8610,0.5215
8611,0.5117
8612,0.6001
8613,0.6367
8614,0.556
8615,0.6115
8616,0.6433
8617,0.647
8618,0.6198
8619,0.7146
8620,0.8189
8621,0.569
8622,0.6157
8623,0.5892
8624,0.5824
8625,0.6834
8626,0.6143
8627,0.8187
8628,0.5263
8629,0.7411
8630,0.5952
8631,0.5188
8632,0.5373
8633,0.6295
8634,0.5099
8635,0.7512
8636,0.5891
8637,0.5101
8638,0.5459
8639,0.5888
8640,0.5928
8641,0.8202
8642,0.5609
8643,0.5765
8644,0.6078
8645,0.5261
8646,0.6398
8647,0.6324
8648,0.7313
8649,0.5772
8650,0.8257
8651,0.5476
8652,0.5966
8653,0.8175
8654,0.5238
8655,0.575
8656,0.5305
8657,0.6022
8658,0.53
8659,0.6386
8660,0.5483
8661,0.6433
8662,0.5241
8663,0.674
8664,0.6335
8665,0.6166
8666,0.6678
8667,0.6323
8668,0.7184
8669,0.5861
8670,0.5081
8671,0.6172
8672,0.5822
8673,0.6139
8674,0.5354
8675,0.6124
8676,0.6543
8677,0.5657
8678,0.558
8679,0.5324
8680,0.5269
8681,0.5285
8682,0.5615
8683,0.5531
8684,0.6976
8685,0.5081
8686,0.5157
8687,0.6381
8688,0.6067
8689,0.8248
8690,0.567
8691,0.5358
8692,0.606
8693,0.6247
8694,0.6931
8695,0.824
8696,0.8212
8697,0.8211
8698,0.5837
8699,0.6285
8700,0.6553
8701,0.6285
8702,0.5848
8703,0.6009
8704,0.6399
8705,0.6437
8706,0.5516
8707,0.6423
8708,0.8139
8709,0.8252
8710,0.6038
8711,0.6673
8712,0.6647
8713,0.763
8714,0.654
8715,0.5264
8716,0.7115
8717,0.6963
8718,0.596
8719,0.5115
8720,0.6366
8721,0.8211
8722,0.5432
8723,0.681
8724,0.6811
8725,0.8228
8726,0.8206
8727,0.6414
8728,0.5707
8729,0.5464
8730,0.7523
8731,0.6853
8732,0.7248
8733,0.8258
8734,0.6507
8735,0.5827
8736,0.664
8737,0.8259
8738,0.5761
8739,0.5772
8740,0.8203
8741,0.8215
8742,0.6365
8743,0.5471
8744,0.589
8745,0.5264
8746,0.58
8747,0.5679
8748,0.5605
8749,0.5646
8750,0.6046
8751,0.8213
8752,0.6675
8753,0.5463
8754,0.6079
8755,0.8227
8756,0.5996
8757,0.5027
8758,0.5731
8759,0.7159
8760,0.5546
8761,0.5214
8762,0.5545
8763,0.6246
8764,0.6812
8765,0.623
8766,0.5908
8767,0.8226
8768,0.5338
8769,0.52
8770,0.6399
8771,0.5523
8772,0.5707
8773,0.5096
8774,0.5032
8775,0.5222
8776,0.6976
8777,0.8203
8778,0.5069
8779,0.6656
8780,0.5266
8781,0.5534
8782,0.5059
8783,0.6538
8784,0.5029
8785,0.5241
8786,0.6615
8787,0.8227
8788,0.5164
8789,0.6249
8790,0.6765
8791,0.5472
8792,0.5184
8793,0.6486
8794,0.5327
8795,0.543
8796,0.563
8797,0.5973
8798,0.531
8799,0.6696
8800,0.723
8801,0.551
8802,0.6287
8803,0.5098
8804,0.5315
8805,0.5972
8806,0.5938
8807,0.6976
8808,0.6228
8809,0.8217
8810,0.6188
8811,0.6059
8812,0.5966
8813,0.5513
8814,0.515
8815,0.7267
8816,0.5071
8817,0.5229
8818,0.5075
8819,0.5113
8820,0.612
8821,0.5751
8822,0.5661
8823,0.6201
8824,0.748
8825,0.8248
8826,0.6512
8827,0.6619
8828,0.8181
8829,0.5469
8830,0.6311
8831,0.5195
8832,0.6777
8833,0.5552
8834,0.5861
8835,0.532
8836,0.581
8837,0.5544
8838,0.7421
8839,0.5199
8840,0.822
8841,0.5278
8842,0.825
8843,0.5239
8844,0.6725
8845,0.57
8846,0.82
8847,0.6413
8848,0.5275
8849,0.6896
8850,0.538
8851,0.8222
8852,0.7205
8853,0.5311
8854,0.5826
8855,0.6732
8856,0.6194
8857,0.658
8858,0.5662
8859,0.6434
8860,0.8205
8861,0.5168
8862,0.7213
8863,0.6592
8864,0.6451
8865,0.6572
8866,0.6545
8867,0.5053
8868,0.5601
8869,0.5158
8870,0.5056
8871,0.7614
8872,0.6406
8873,0.7485
8874,0.5666
8875,0.538
8876,0.5805
8877,0.5839
8878,0.7101
8879,0.6018
8880,0.7729
8881,0.5697
8882,0.6166
8883,0.6033
8884,0.5535
8885,0.6997
8886,0.6672
8887,0.6056
8888,0.5844
8889,0.6652
8890,0.6757
8891,0.6105
8892,0.6762
8893,0.5086
8894,0.8202
8895,0.669
8896,0.5498
8897,0.6465
8898,0.5771
8899,0.5308
8900,0.6967
8901,0.5386
8902,0.6575
8903,0.8253
8904,0.6028
8905,0.5061
8906,0.8209
8907,0.8212
8908,0.6695
8909,0.5873
8910,0.5802
8911,0.603
8912,0.8248
8913,0.6104
8914,0.5063
8915,0.5648
8916,0.6717
8917,0.7421
8918,0.822
8919,0.665
8920,0.8215
8921,0.6202
8922,0.6016
8923,0.6037
8924,0.5939
8925,0.6589
8926,0.6313
8927,0.5745
8928,0.5521
8929,0.6633
8930,0.5244
8931,0.5922
8932,0.531
8933,0.5582
8934,0.6273
8935,0.8232
8936,0.5035
8937,0.5807
8938,0.8142
8939,0.514
8940,0.5009
8941,0.5056
8942,0.5276
8943,0.6579
8944,0.5807
8945,0.5522
8946,0.7618
8947,0.6702
8948,0.7051
8949,0.5021
8950,0.5353
8951,0.674
8952,0.5836
8953,0.5048
8954,0.6219
8955,0.6394
8956,0.5215
8957,0.6436
8958,0.7029
8959,0.6691
8960,0.825
8961,0.6437
8962,0.5309
8963,0.6713
8964,0.5398
8965,0.656
8966,0.6069
8967,0.726
8968,0.577
8969,0.5967
8970,0.8111
8971,0.6152
8972,0.7558
8973,0.6445
8974,0.8247
8975,0.562
8976,0.7659
8977,0.565
8978,0.6653
8979,0.5188
8980,0.5883
8981,0.7036
8982,0.5525
8983,0.704
8984,0.6143
8985,0.5634
8986,0.6334
8987,0.6415
8988,0.6897
8989,0.6392
8990,0.7358
8991,0.5135
8992,0.6405
8993,0.5799
8994,0.5114
8995,0.5311
8996,0.699
8997,0.6626
8998,0.8233
8999,0.695
9000,0.8256
9001,0.502
9002,0.5291
9003,0.558
9004,0.6582
9005,0.5833
9006,0.5607
9007,0.5779
9008,0.8248
9009,0.5856
9010,0.5732
9011,0.613
9012,0.6527
9013,0.7176
9014,0.6127
9015,0.7349
9016,0.5342
9017,0.6243
9018,0.8229
9019,0.5899
9020,0.5148
9021,0.8237
9022,0.6686
9023,0.5031
9024,0.5512
9025,0.7114
9026,0.8248
9027,0.5243
9028,0.5171
9029,0.5238
9030,0.6411
9031,0.5156
9032,0.5602
9033,0.7369
9034,0.8238
9035,0.5547
9036,0.503
9037,0.5118
9038,0.5177
9039,0.6644
9040,0.8219
9041,0.742
9042,0.5649
9043,0.6632
9044,0.7275
9045,0.5213
9046,0.8198
9047,0.5639
9048,0.7425
9049,0.5115
9050,0.5509
9051,0.5122
9052,0.8255
9053,0.7023
9054,0.6748
9055,0.5482
9056,0.6118
9057,0.6626
9058,0.5325
9059,0.586
9060,0.6062
9061,0.5777
9062,0.568
9063,0.5269
9064,0.6651
9065,0.5552
9066,0.7078
9067,0.5368
9068,0.7245
9069,0.6054
9070,0.5761
9071,0.703
9072,0.6852
9073,0.6111
9074,0.6032
9075,0.5709
9076,0.6671
9077,0.7058
9078,0.6032
9079,0.5916
9080,0.5901
9081,0.6982
9082,0.8198
9083,0.8224
9084,0.5174
9085,0.6302
9086,0.5307
9087,0.6288
9088,0.8232
9089,0.6507
9090,0.5227
9091,0.6808
9092,0.7014
9093,0.5149
9094,0.6371
9095,0.6245
9096,0.5298
9097,0.7035
9098,0.5925
9099,0.5415
9100,0.6536
9101,0.6503
9102,0.6402
9103,0.5676
9104,0.5567
9105,0.7116
9106,0.5217
9107,0.5381
9108,0.5766
9109,0.7789
9110,0.5294
9111,0.5714
9112,0.6998
9113,0.5325
9114,0.822
9115,0.8249
9116,0.6286
9117,0.7325
9118,0.702
9119,0.5856
9120,0.5574
9121,0.5827
9122,0.5428
9123,0.6332
9124,0.6533
9125,0.5068
9126,0.6136
9127,0.5411
9128,0.7114
9129,0.8252
9130,0.5248
9131,0.6286
9132,0.7322
9133,0.7105
9134,0.7114
9135,0.6847
9136,0.51
9137,0.5172
9138,0.5127
9139,0.5862
9140,0.6746
9141,0.6273
9142,0.531
9143,0.5947
9144,0.5976
9145,0.5613
9146,0.684
9147,0.6292
9148,0.5682
9149,0.5855
9150,0.52
9151,0.5378
9152,0.6253
9153,0.5914
9154,0.6384
9155,0.6364
9156,0.591
9157,0.629
9158,0.8215
9159,0.5142
9160,0.507
9161,0.5553
9162,0.5854
9163,0.5986
9164,0.6039
9165,0.69
9166,0.5746
9167,0.5343
9168,0.6327
9169,0.5982
9170,0.5287
9171,0.6212
9172,0.6247
9173,0.684
9174,0.5007
9175,0.5722
9176,0.6498
9177,0.6331
9178,0.6069
9179,0.5561
9180,0.5343
9181,0.7334
9182,0.5581
9183,0.5237
9184,0.5255
9185,0.5829
9186,0.649
9187,0.7476
9188,0.5667
9189,0.6425
9190,0.5168
9191,0.5677
9192,0.5836
9193,0.5191
9194,0.504
9195,0.6403
9196,0.6762
9197,0.6182
9198,0.6398
9199,0.5181
9200,0.62
9201,0.5275
9202,0.6711
9203,0.5792
9204,0.5914
9205,0.6678
9206,0.5295
9207,0.7003
9208,0.5079
9209,0.7234
9210,0.5519
9211,0.704
9212,0.7321
9213,0.5962
9214,0.6111
9215,0.6437
9216,0.823
9217,0.6841
9218,0.7122
9219,0.5554
9220,0.5757
9221,0.7003
9222,0.6018
9223,0.6724
9224,0.638
9225,0.5721
9226,0.566
9227,0.7094
9228,0.6978
9229,0.5671
9230,0.6318
9231,0.6222
9232,0.8259
9233,0.5313
9234,0.6311
9235,0.6407
9236,0.5459
9237,0.6538
9238,0.7638
9239,0.5984
9240,0.5698
9241,0.6655
9242,0.5171
9243,0.5342
9244,0.5737
9245,0.5539
9246,0.698
9247,0.823
9248,0.6122
9249,0.533
9250,0.8204
9251,0.6001
9252,0.8235
9253,0.7806
9254,0.8228
9255,0.6897
9256,0.6199
9257,0.6352
9258,0.5724
9259,0.6553
9260,0.618
9261,0.7138
9262,0.5079
9263,0.5843
9264,0.6761
9265,0.5158
9266,0.5578
9267,0.606
9268,0.5473
9269,0.6676
9270,0.5822
9271,0.6012
9272,0.6947
9273,0.5755
9274,0.7211
9275,0.5232
9276,0.6116
9277,0.5559
9278,0.6305
9279,0.6585
9280,0.8221
9281,0.6479
9282,0.6718
9283,0.8219
9284,0.6728
9285,0.5801
9286,0.5809
9287,0.8055
9288,0.547
9289,0.6492
9290,0.5134
9291,0.5783
9292,0.5163
9293,0.5706
9294,0.6572
9295,0.8212
9296,0.5958
9297,0.8243
9298,0.6788
9299,0.7548
9300,0.644
9301,0.5707
9302,0.5334
9303,0.628
9304,0.6058
9305,0.6383
9306,0.5761
9307,0.5534
9308,0.6416
9309,0.5037
9310,0.5606
9311,0.5438
9312,0.6325
9313,0.5528
9314,0.5629
9315,0.5035
9316,0.5194
9317,0.5704
9318,0.7626
9319,0.6154
9320,0.5963
9321,0.5881
9322,0.5407
9323,0.8253
9324,0.5274
9325,0.8209
9326,0.6679
9327,0.618
9328,0.5387
9329,0.5128
9330,0.6667
9331,0.6883
9332,0.6267
9333,0.5869
9334,0.519
9335,0.6572
9336,0.5387
9337,0.5851
9338,0.56
9339,0.5502
9340,0.5711
9341,0.7471
9342,0.7011
9343,0.633
9344,0.7574
9345,0.6272
9346,0.5326
9347,0.6163
9348,0.6597
9349,0.5789
9350,0.821
9351,0.5422
9352,0.5659
9353,0.7137
9354,0.6446
9355,0.5997
9356,0.508
9357,0.6652
9358,0.5995
9359,0.823
9360,0.6207
9361,0.6573
9362,0.5235
9363,0.5727
9364,0.5737
9365,0.8198
9366,0.5232
9367,0.5588
9368,0.8215
9369,0.6609
9370,0.8182
9371,0.5286
9372,0.6617
9373,0.6872
9374,0.565
9375,0.6237
9376,0.6435
9377,0.5179
9378,0.5227
9379,0.5684
9380,0.709
9381,0.8255
9382,0.5505
9383,0.5396
9384,0.6852
9385,0.5878
9386,0.8259
9387,0.6425
9388,0.5236
9389,0.5875
9390,0.5641
9391,0.5076
9392,0.5818
9393,0.548
9394,0.5317
9395,0.7497
9396,0.7634
9397,0.7498
9398,0.5112
9399,0.8227
9400,0.5807
9401,0.6196
9402,0.5174
9403,0.5544
9404,0.822
9405,0.6226
9406,0.6644
9407,0.5288
9408,0.6483
9409,0.6095
9410,0.5829
9411,0.5428
9412,0.643
9413,0.5356
9414,0.8214
9415,0.8216
9416,0.6302
9417,0.5827
9418,0.6542
9419,0.5713
9420,0.6273
9421,0.6485
9422,0.6736
9423,0.5771
9424,0.503
9425,0.5132
9426,0.6814
9427,0.54
9428,0.7454
9429,0.5894
9430,0.607
9431,0.5465
9432,0.666
9433,0.5246
9434,0.554
9435,0.5062
9436,0.824
9437,0.6577
9438,0.6634
9439,0.7305
9440,0.7262
9441,0.8257
9442,0.817
9443,0.5447
9444,0.6392
9445,0.8222
9446,0.5052
9447,0.6473
9448,0.5429
9449,0.6613
9450,0.6563
9451,0.5658
9452,0.7073
9453,0.5599
9454,0.5526
9455,0.5327
9456,0.65
9457,0.6428
9458,0.674
9459,0.5768
9460,0.731
9461,0.503
9462,0.8267
9463,0.6487
9464,0.7502
9465,0.6067
9466,0.5928
9467,0.6346
9468,0.6076
9469,0.5264
9470,0.5004
9471,0.6451
9472,0.6153
9473,0.8228
9474,0.8204
9475,0.5848
9476,0.5617
9477,0.6796
9478,0.5172
9479,0.5465
9480,0.8245
9481,0.5938
9482,0.5391
9483,0.5603
9484,0.6624
9485,0.8202
9486,0.6083
9487,0.7343
9488,0.6283
9489,0.5668
9490,0.5929
9491,0.7327
9492,0.658
9493,0.6358
9494,0.5696
9495,0.8208
9496,0.5312
9497,0.7267
9498,0.6768
9499,0.5502
9500,0.6718
9501,0.5232
9502,0.558
9503,0.5703
9504,0.5836
9505,0.6431
9506,0.6815
9507,0.8239
9508,0.6424
9509,0.6119
9510,0.5278
9511,0.5234
9512,0.5821
9513,0.8214
9514,0.5162
9515,0.8233
9516,0.7248
9517,0.7049
9518,0.8241
9519,0.7513
9520,0.5155
9521,0.5591
9522,0.5712
9523,0.5292
9524,0.571
9525,0.7194
9526,0.6558
9527,0.6419
9528,0.7172
9529,0.5986
9530,0.6295
9531,0.5483
9532,0.5979
9533,0.5335
9534,0.6233
9535,0.6936
9536,0.5585
9537,0.5229
9538,0.6994
9539,0.5314
9540,0.5498
9541,0.5598
9542,0.5693
9543,0.5723
9544,0.8225
9545,0.5612
9546,0.6493
9547,0.5814
9548,0.7129
9549,0.5213
9550,0.715
9551,0.6146
9552,0.7041
9553,0.5243
9554,0.6227
9555,0.822
9556,0.821
9557,0.5667
9558,0.5545
9559,0.533
9560,0.6436
9561,0.6356
9562,0.711
9563,0.6047
9564,0.7009
9565,0.668
9566,0.6806
9567,0.5404
9568,0.6254
9569,0.8166
9570,0.5324
9571,0.5708
9572,0.8226
9573,0.8223
9574,0.824
9575,0.5104
9576,0.6511
9577,0.5719
9578,0.5822
9579,0.7849
9580,0.5163
9581,0.5318
9582,0.5864
9583,0.561
9584,0.6046
9585,0.6259
9586,0.8216
9587,0.5579
9588,0.5261
9589,0.5825
9590,0.824
9591,0.5393
9592,0.5407
9593,0.5225
9594,0.6769
9595,0.6585
9596,0.6915
9597,0.8214
9598,0.7084
9599,0.7319
9600,0.7093
9601,0.529
9602,0.5888
9603,0.8234
9604,0.6013
9605,0.5324
9606,0.6661
9607,0.503
9608,0.6342
9609,0.6903
9610,0.5932
9611,0.6941
9612,0.5539
9613,0.5649
9614,0.5178
9615,0.6438
9616,0.5375
9617,0.549
9618,0.6969
9619,0.7825
9620,0.5911
9621,0.6639
9622,0.8252
9623,0.5762
9624,0.6598
9625,0.6471
9626,0.7116
9627,0.5993
9628,0.7596
9629,0.6067
9630,0.5493
9631,0.6037
9632,0.8235
9633,0.5277
9634,0.5096
9635,0.8245
9636,0.5204
9637,0.5592
9638,0.6468
9639,0.5936
9640,0.6224
9641,0.5561
9642,0.5073
9643,0.6232
9644,0.5956
9645,0.6977
9646,0.6393
9647,0.6011
9648,0.8235
9649,0.6918
9650,0.6159
9651,0.59
9652,0.6919
9653,0.5386
9654,0.716
9655,0.5677
9656,0.6092
9657,0.5956
9658,0.5733
9659,0.5298
9660,0.5535
9661,0.6588
9662,0.5859
9663,0.71
9664,0.6709
9665,0.6018
9666,0.551
9667,0.5174
9668,0.8217
9669,0.5426
9670,0.8195
9671,0.6362
9672,0.7561
9673,0.6572
9674,0.5388
9675,0.6474
9676,0.6776
9677,0.6367
9678,0.6805
9679,0.5531
9680,0.6652
9681,0.6998
9682,0.646
9683,0.7463
9684,0.5713
9685,0.7216
9686,0.5167
9687,0.6086
9688,0.6599
9689,0.8208
9690,0.5752
9691,0.6827
9692,0.599
9693,0.6348
9694,0.5827
9695,0.502
9696,0.6466
9697,0.7758
9698,0.7701
9699,0.8199
9700,0.6067
9701,0.6953
9702,0.5111
9703,0.5555
9704,0.5878
9705,0.8218
9706,0.7586
9707,0.5211
9708,0.5882
9709,0.6301
9710,0.6914
9711,0.5586
9712,0.6722
9713,0.539
9714,0.6025
9715,0.6782
9716,0.5229
9717,0.7151
9718,0.7591
9719,0.525
9720,0.6585
9721,0.5662
9722,0.75
9723,0.5184
9724,0.5672
9725,0.8259
9726,0.5024
9727,0.8221
9728,0.6097
9729,0.6691
9730,0.6172
9731,0.6863
9732,0.6328
9733,0.5407
9734,0.642
9735,0.5159
9736,0.5864
9737,0.5132
9738,0.7092
9739,0.8226
9740,0.6933
9741,0.5326
9742,0.6805
9743,0.5125
9744,0.7148
9745,0.7238
9746,0.6826
9747,0.6997
9748,0.6838
9749,0.716
9750,0.5913
9751,0.5798
9752,0.5502
9753,0.5542
9754,0.556
9755,0.5617
9756,0.5918
9757,0.6934
9758,0.7032
9759,0.5583
9760,0.8235
9761,0.7262
9762,0.6489
9763,0.8218
9764,0.7401
9765,0.6557
9766,0.6736
9767,0.5752
9768,0.8216
9769,0.5452
9770,0.5098
9771,0.8209
9772,0.6542
9773,0.5896
9774,0.5496
9775,0.8228
9776,0.824
9777,0.586
9778,0.5701
9779,0.5709
9780,0.5699
9781,0.5952
9782,0.5222
9783,0.6138
9784,0.6555
9785,0.5716
9786,0.6948
9787,0.6244
9788,0.67
9789,0.6334
9790,0.5803
9791,0.6143
9792,0.8217
9793,0.7151
9794,0.6893
9795,0.6315
9796,0.6329
9797,0.5561
9798,0.6345
9799,0.534
9800,0.5424
9801,0.6072
9802,0.5202
9803,0.524
9804,0.556
9805,0.6177
9806,0.7582
9807,0.5412
9808,0.5249
9809,0.5095
9810,0.5199
9811,0.6846
9812,0.6888
9813,0.5108
9814,0.6113
9815,0.5774
9816,0.682
9817,0.8203
9818,0.6642
9819,0.8237
9820,0.571
9821,0.6365
9822,0.8274
9823,0.8266
9824,0.593
9825,0.597
9826,0.5926
9827,0.5176
9828,0.5425
9829,0.5113
9830,0.5718
9831,0.6399
9832,0.8218
9833,0.8168
9834,0.5634
9835,0.8257
9836,0.5682
9837,0.5214
9838,0.7105
9839,0.826
9840,0.6793
9841,0.566
9842,0.8227
9843,0.6439
9844,0.5905
9845,0.6273
9846,0.5935
9847,0.8186
9848,0.5686
9849,0.5298
9850,0.6587
9851,0.693
9852,0.6765
9853,0.5227
9854,0.6001
9855,0.6808
9856,0.615
9857,0.7559
9858,0.6366
9859,0.5825
9860,0.5218
9861,0.8206
9862,0.6163
9863,0.5995
9864,0.6138
9865,0.6654
9866,0.5822
9867,0.5503
9868,0.55
9869,0.6055
9870,0.6623
9871,0.6462
9872,0.6395
9873,0.8224
9874,0.5587
9875,0.5221
9876,0.8183
9877,0.6084
9878,0.6145
9879,0.5145
9880,0.8254
9881,0.7575
9882,0.6351
9883,0.5519
9884,0.7282
9885,0.5498
9886,0.7092
9887,0.5264
9888,0.6211
9889,0.6524
9890,0.5294
9891,0.5917
9892,0.6234
9893,0.6912
9894,0.7099
9895,0.6443
9896,0.6409
9897,0.6609
9898,0.5759
9899,0.5422
9900,0.6364
9901,0.5284
9902,0.7618
9903,0.5203
9904,0.6716
9905,0.5591
9906,0.6981
9907,0.6656
9908,0.7094
9909,0.8233
9910,0.5574
9911,0.7382
9912,0.5348
9913,0.5982
9914,0.6232
9915,0.5571
9916,0.6051
9917,0.556
9918,0.5907
9919,0.665
9920,0.7112
9921,0.5403
9922,0.5874
9923,0.5191
9924,0.6704
9925,0.5567
9926,0.6674
9927,0.8152
9928,0.544
9929,0.8262
9930,0.5756
9931,0.5035
9932,0.6341
9933,0.6417
9934,0.5347
9935,0.8218
9936,0.6832
9937,0.5121
9938,0.6252
9939,0.5212
9940,0.507
9941,0.561
9942,0.6397
9943,0.6404
9944,0.5133
9945,0.6415
9946,0.5179
9947,0.5867
9948,0.5567
9949,0.5619
9950,0.6706
9951,0.573
9952,0.823
9953,0.666
9954,0.5103
9955,0.649
9956,0.7009
9957,0.8258
9958,0.8251
9959,0.7533
9960,0.5677
9961,0.8221
9962,0.6152
9963,0.6602
9964,0.8232
9965,0.7937
9966,0.5213
9967,0.5809
9968,0.5224
9969,0.5563
9970,0.7766
9971,0.537
9972,0.6372
9973,0.5086
9974,0.5346
9975,0.7287
9976,0.5858
9977,0.5633
9978,0.689
9979,0.6292
9980,0.5562
9981,0.5299
9982,0.5759
9983,0.522
9984,0.5555
9985,0.583
9986,0.6391
9987,0.7632
9988,0.5442
9989,0.7236
9990,0.8207
9991,0.7121
9992,0.5601
9993,0.648
9994,0.7171
9995,0.8194
9996,0.8236
9997,0.6238
9998,0.6383
9999,0.5016
10000,0.5877
10001,0.5515
10002,0.6726
10003,0.5816
10004,0.6009
10005,0.827
10006,0.6862
10007,0.6261
10008,0.7619
10009,0.5833
10010,0.8214
10011,0.6002
10012,0.7807
10013,0.6066
10014,0.5983
10015,0.5256
10016,0.5817
10017,0.5393
10018,0.7681
10019,0.5696
10020,0.6398
10021,0.6688
10022,0.5222
10023,0.6766
10024,0.6544
10025,0.822
10026,0.6857
10027,0.5402
10028,0.7374
10029,0.6407
10030,0.6437
10031,0.6175
10032,0.7754
10033,0.6581
10034,0.5202
10035,0.6376
10036,0.5239
10037,0.6901
10038,0.6721
10039,0.6085
10040,0.641
10041,0.6112
10042,0.6458
10043,0.6354
10044,0.7094
10045,0.5406
10046,0.6393
10047,0.8222
10048,0.5657
10049,0.6693
10050,0.657
10051,0.5411
10052,0.6076
10053,0.7015
10054,0.8203
10055,0.6478
10056,0.5828
10057,0.5174
10058,0.5648
10059,0.6594
10060,0.7128
10061,0.5574
10062,0.5706
10063,0.6247
10064,0.5984
10065,0.5457
10066,0.5939
10067,0.8221
10068,0.5601
10069,0.6387
10070,0.6669
10071,0.524
10072,0.5144
10073,0.6698
10074,0.69
10075,0.5119
10076,0.6
10077,0.5762
10078,0.5375
10079,0.567
10080,0.5962
10081,0.5416
10082,0.5797
10083,0.7311
10084,0.5777
10085,0.692
10086,0.7273
10087,0.695
10088,0.6214
10089,0.5886
10090,0.6069
10091,0.6076
10092,0.6352
10093,0.5906
10094,0.7465
10095,0.5995
10096,0.8235
10097,0.8195
10098,0.5533
10099,0.5613
10100,0.59
10101,0.5917
10102,0.5882
10103,0.8242
10104,0.8211
10105,0.8241
10106,0.6487
10107,0.6496
10108,0.8201
10109,0.8285
10110,0.6237
10111,0.5679
10112,0.5211
10113,0.6146
10114,0.5445
10115,0.6363
10116,0.524
10117,0.5705
10118,0.5004
10119,0.6917
10120,0.747
10121,0.6352
10122,0.6644
10123,0.6328
10124,0.6973
10125,0.5413
10126,0.7725
10127,0.6445
10128,0.7031
10129,0.8209
10130,0.5128
10131,0.6298
10132,0.5862
10133,0.7183
10134,0.7259
10135,0.5689
10136,0.6873
10137,0.5734
10138,0.6278
10139,0.6698
10140,0.5878
10141,0.6645
10142,0.7377
10143,0.7513
10144,0.608
10145,0.757
10146,0.5618
10147,0.6842
10148,0.6309
10149,0.6419
10150,0.5106
10151,0.5567
10152,0.5801
10153,0.8194
10154,0.7033
10155,0.6786
10156,0.754
10157,0.5658
10158,0.5735
10159,0.5709
10160,0.6326
10161,0.5159
10162,0.7161
10163,0.5507
10164,0.544
10165,0.5256
10166,0.6296
10167,0.6147
10168,0.6138
10169,0.6047
10170,0.5677
10171,0.7425
10172,0.8078
10173,0.7206
10174,0.7411
10175,0.5071
10176,0.5916
10177,0.6272
10178,0.6579
10179,0.6536
10180,0.5825
10181,0.6403
10182,0.5641
10183,0.5525
10184,0.6169
10185,0.5139
10186,0.5706
10187,0.7529
10188,0.6259
10189,0.6293
10190,0.5913
10191,0.5439
10192,0.6009
10193,0.5282
10194,0.5675
10195,0.82
10196,0.5014
10197,0.5195
10198,0.7033
10199,0.5378
10200,0.6445
10201,0.6224
10202,0.8211
10203,0.5875
10204,0.5852
10205,0.5282
10206,0.6474
10207,0.6208
10208,0.6755
10209,0.7383
10210,0.5578
10211,0.5455
10212,0.5522
10213,0.697
10214,0.8197
10215,0.5523
10216,0.8162
10217,0.5651
10218,0.63
10219,0.817
10220,0.8186
10221,0.5542
10222,0.5331
10223,0.5253
10224,0.6561
10225,0.6025
10226,0.8222
10227,0.5249
10228,0.5573
10229,0.8245
10230,0.5029
10231,0.8225
10232,0.5245
10233,0.6915
10234,0.6797
10235,0.5138
10236,0.506
10237,0.6082
10238,0.6475
10239,0.8227
10240,0.6745
10241,0.5516
10242,0.6714
10243,0.6954
10244,0.6847
10245,0.563
10246,0.6241
10247,0.5328
10248,0.6473
10249,0.5892
10250,0.5432
10251,0.5259
10252,0.5563
10253,0.6458
10254,0.7135
10255,0.5872
10256,0.5782
10257,0.5959
10258,0.5717
10259,0.5706
10260,0.8216
10261,0.5759
10262,0.649
10263,0.557
10264,0.6783
10265,0.5419
10266,0.6133
10267,0.6481
10268,0.6609
10269,0.712
10270,0.6111
10271,0.6832
10272,0.6315
10273,0.5298
10274,0.5816
10275,0.6669
10276,0.5254
10277,0.5913
10278,0.814
10279,0.6159
10280,0.6505
10281,0.6128
10282,0.7335
10283,0.595
10284,0.7557
10285,0.541
10286,0.6476
10287,0.618
10288,0.5456
10289,0.6754
10290,0.5949
10291,0.5626
10292,0.7062
10293,0.5082
10294,0.5228
10295,0.6429
10296,0.5553
10297,0.677
10298,0.5538
10299,0.8202
10300,0.6722
10301,0.7348
10302,0.7235
10303,0.606
10304,0.8244
10305,0.5399
10306,0.7649
10307,0.8233
10308,0.8214
10309,0.5996
10310,0.5803
10311,0.6534
10312,0.5998
10313,0.6655
10314,0.505
10315,0.505
10316,0.8224
10317,0.7469
10318,0.8194
10319,0.5335
10320,0.6775
10321,0.5808
10322,0.5529
10323,0.6541
10324,0.5636
10325,0.6181
10326,0.6259
10327,0.7256
10328,0.5745
10329,0.6511
10330,0.5713
10331,0.6433
10332,0.67
10333,0.8221
10334,0.683
10335,0.5758
10336,0.6316
10337,0.7116
10338,0.5857
10339,0.5716
10340,0.5712
10341,0.5896
10342,0.666
10343,0.7052
10344,0.5983
10345,0.6112
10346,0.5799
10347,0.5036
10348,0.5822
10349,0.8213
10350,0.6731
10351,0.6515
10352,0.5269
10353,0.5468
10354,0.5137
10355,0.6086
10356,0.7337
10357,0.6968
10358,0.7487
10359,0.7363
10360,0.5022
10361,0.5301
10362,0.6371
10363,0.592
10364,0.6916
10365,0.5875
10366,0.7019
10367,0.7342
10368,0.6762
10369,0.8233
10370,0.821
10371,0.8226
10372,0.8178
10373,0.5836
10374,0.6272
10375,0.5429
10376,0.7432
10377,0.5104
10378,0.5962
10379,0.7257
10380,0.6974
10381,0.6076
10382,0.5012
10383,0.8187
10384,0.5446
10385,0.6003
10386,0.6053
10387,0.562
10388,0.8266
10389,0.6275
10390,0.6149
10391,0.7347
10392,0.5927
10393,0.7213
10394,0.7159
10395,0.6964
10396,0.574
10397,0.5755
10398,0.5892
10399,0.5305
10400,0.6368
10401,0.6023
10402,0.5841
10403,0.6384
10404,0.6814
10405,0.5685
10406,0.6617
10407,0.8226
10408,0.7042
10409,0.5875
10410,0.76
10411,0.5126
10412,0.52
10413,0.5972
10414,0.6055
10415,0.5605
10416,0.5666
10417,0.55
10418,0.8216
10419,0.7245
10420,0.6598
10421,0.7501
10422,0.5812
10423,0.5275
10424,0.5289
10425,0.632
10426,0.5723
10427,0.6402
10428,0.5854
10429,0.6354
10430,0.5343
10431,0.5781
10432,0.6974
10433,0.5937
10434,0.5607
10435,0.5501
10436,0.8217
10437,0.5505
10438,0.6201
10439,0.6425
10440,0.5398
10441,0.8186
10442,0.6279
10443,0.5059
10444,0.6524
10445,0.82
10446,0.622
10447,0.6406
10448,0.6352
10449,0.6045
10450,0.5834
10451,0.5217
10452,0.7441
10453,0.6267
10454,0.5376
10455,0.6093
10456,0.5247
10457,0.6063
10458,0.8212
10459,0.5088
10460,0.5231
10461,0.6185
10462,0.6057
10463,0.7369
10464,0.5264
10465,0.6601
10466,0.5509
10467,0.5612
10468,0.8215
10469,0.821
10470,0.6313
10471,0.546
10472,0.6026
10473,0.5461
10474,0.6062
10475,0.5959
10476,0.5318
10477,0.7375
10478,0.7117
10479,0.8242
10480,0.5314
10481,0.6043
10482,0.6126
10483,0.5834
10484,0.7047
10485,0.644
10486,0.5841
10487,0.5788
10488,0.6426
10489,0.5945
10490,0.555
10491,0.5921
10492,0.5099
10493,0.8245
10494,0.554
10495,0.6371
10496,0.5306
10497,0.8213
10498,0.5574
10499,0.636
10500,0.5863
10501,0.8225
10502,0.8205
10503,0.6531
10504,0.7673
10505,0.6203
10506,0.8185
10507,0.5659
10508,0.728
10509,0.6643
10510,0.5707
10511,0.6431
10512,0.6014
10513,0.6634
10514,0.6024
10515,0.5759
10516,0.5504
10517,0.7933
10518,0.5867
10519,0.7186
10520,0.6387
10521,0.8204
10522,0.5069
10523,0.6845
10524,0.824
10525,0.5225
10526,0.6388
10527,0.5316
10528,0.6222
10529,0.7562
10530,0.5528
10531,0.5894
10532,0.641
10533,0.5716
10534,0.5637
10535,0.7347
10536,0.5617
10537,0.5565
10538,0.6013
10539,0.677
10540,0.5473
10541,0.5781
10542,0.6414
10543,0.7208
10544,0.5184
10545,0.6966
10546,0.6022
10547,0.6694
10548,0.6862
10549,0.7741
10550,0.5626
10551,0.6588
10552,0.7413
10553,0.5307
10554,0.6462
10555,0.6531
10556,0.5227
10557,0.819
10558,0.7226
10559,0.6578
10560,0.5499
10561,0.5125
10562,0.5531
10563,0.7
10564,0.6129
10565,0.6839
10566,0.5518
10567,0.5697
10568,0.5275
10569,0.7586
10570,0.7154
10571,0.5517
10572,0.8266
10573,0.6025
10574,0.5375
10575,0.8121
10576,0.6055
10577,0.5789
10578,0.5657
10579,0.6552
10580,0.5992
10581,0.5163
10582,0.623
10583,0.5434
10584,0.5978
10585,0.5946
10586,0.6874
10587,0.5316
10588,0.5992
10589,0.655
10590,0.5974
10591,0.6535
10592,0.7395
10593,0.5029
10594,0.5777
10595,0.8279
10596,0.8238
10597,0.6553
10598,0.5575
10599,0.6261
10600,0.7062
10601,0.7061
10602,0.713
10603,0.5638
10604,0.5218
10605,0.5482
10606,0.5508
10607,0.5352
10608,0.5113
10609,0.5779
10610,0.5833
10611,0.5071
10612,0.5111
10613,0.5632
10614,0.5141
10615,0.8192
10616,0.5733
10617,0.5238
10618,0.5978
10619,0.7423
10620,0.5127
10621,0.5994
10622,0.6966
10623,0.5712
10624,0.5928
10625,0.6592
10626,0.6644
10627,0.7487
10628,0.6916
10629,0.7309
10630,0.5852
10631,0.5067
10632,0.6692
10633,0.8215
10634,0.7213
10635,0.5135
10636,0.7262
10637,0.5897
10638,0.6941
10639,0.506
10640,0.5001
10641,0.558
10642,0.55
10643,0.5474
10644,0.552
10645,0.6396
10646,0.651
10647,0.5748
10648,0.7152
10649,0.532
10650,0.67
10651,0.5877
10652,0.5452
10653,0.6019
10654,0.6222
10655,0.8227
10656,0.5795
10657,0.633
10658,0.7161
10659,0.5167
10660,0.6873
10661,0.5726
10662,0.6148
10663,0.5988
10664,0.6472
10665,0.6338
10666,0.6935
10667,0.6594
10668,0.6414
10669,0.5291
10670,0.6501
10671,0.7569
10672,0.7704
10673,0.5351
10674,0.5852
10675,0.7681
10676,0.7375
10677,0.5767
10678,0.685
10679,0.5738
10680,0.642
10681,0.5855
10682,0.5985
10683,0.7778
10684,0.6956
10685,0.637
10686,0.7021
10687,0.5916
10688,0.7875
10689,0.6346
10690,0.526
10691,0.5815
10692,0.5006
10693,0.8209
10694,0.6103
10695,0.8261
10696,0.5458
10697,0.5212
10698,0.5392
10699,0.8188
10700,0.6787
10701,0.628
10702,0.5985
10703,0.6009
10704,0.8162
10705,0.6564
10706,0.6229
10707,0.7451
10708,0.7008
10709,0.557
10710,0.8223
10711,0.5257
10712,0.6921
10713,0.8231
10714,0.6327
10715,0.6725
10716,0.5025
10717,0.6731
10718,0.6563
10719,0.5904
10720,0.519
10721,0.5762
10722,0.6285
10723,0.6311
10724,0.8023
10725,0.5587
10726,0.8166
10727,0.5444
10728,0.8225
10729,0.8232
10730,0.8262
10731,0.5181
10732,0.5582
10733,0.585
10734,0.6988
10735,0.5132
10736,0.5519
10737,0.6399
10738,0.6422
10739,0.506
10740,0.5053
10741,0.6014
10742,0.666
10743,0.6552
10744,0.6518
10745,0.6882
10746,0.5212
10747,0.6119
10748,0.5525
10749,0.6477
10750,0.6147
10751,0.7018
10752,0.647
10753,0.5952
10754,0.6754
10755,0.5727
10756,0.649
10757,0.5215
10758,0.6807
10759,0.5023
10760,0.8226
10761,0.576
10762,0.5203
10763,0.7545
10764,0.5081
10765,0.5224
10766,0.8221
10767,0.6097
10768,0.5262
10769,0.7321
10770,0.5909
10771,0.6349
10772,0.6982
10773,0.602
10774,0.6775
10775,0.5562
10776,0.5744
10777,0.6942
10778,0.5672
10779,0.7552
10780,0.6189
10781,0.5951
10782,0.64
10783,0.7347
10784,0.5653
10785,0.5225
10786,0.6143
10787,0.6526
10788,0.762
10789,0.5856
10790,0.5688
10791,0.6255
10792,0.7147
10793,0.7592
10794,0.5701
10795,0.5166
10796,0.6353
10797,0.7436
10798,0.7179
10799,0.6157
10800,0.5552
10801,0.539
10802,0.5976
10803,0.6025
10804,0.6904
10805,0.5983
10806,0.5029
10807,0.5904
10808,0.8246
10809,0.7356
10810,0.6294
10811,0.7127
10812,0.6987
10813,0.8208
10814,0.6196
10815,0.6368
10816,0.5563
10817,0.5807
10818,0.6522
10819,0.581
10820,0.6321
10821,0.6736
10822,0.8013
10823,0.546
10824,0.501
10825,0.5333
10826,0.5965
10827,0.528
10828,0.5292
10829,0.8193
10830,0.5963
10831,0.5906
10832,0.7126
10833,0.5413
10834,0.5804
10835,0.5967
10836,0.5192
10837,0.5245
10838,0.5663
10839,0.6449
10840,0.5494
10841,0.5954
10842,0.6655
10843,0.6739
10844,0.822
10845,0.6193
10846,0.8193
10847,0.566
10848,0.5818
10849,0.5401
10850,0.656
10851,0.623
10852,0.5581
10853,0.5097
10854,0.5858
10855,0.5308
10856,0.5374
10857,0.8186
10858,0.765
10859,0.6555
10860,0.8197
10861,0.5003
10862,0.5928
10863,0.6698
10864,0.7168
10865,0.713
10866,0.5955
10867,0.6745
10868,0.7022
10869,0.5655
10870,0.7255
10871,0.5435
10872,0.7456
10873,0.5871
10874,0.6433
10875,0.8271
10876,0.5623
10877,0.5363
10878,0.5185
10879,0.5555
10880,0.5685
10881,0.5704
10882,0.6746
10883,0.503
10884,0.6392
10885,0.5584
10886,0.5566
10887,0.5889
10888,0.7138
10889,0.8218
10890,0.5205
10891,0.6133
10892,0.6852
10893,0.6381
10894,0.6309
10895,0.5498
10896,0.5347
10897,0.6
10898,0.6204
10899,0.7426
10900,0.6452
10901,0.6176
10902,0.7584
10903,0.6556
10904,0.8208
10905,0.7547
10906,0.561
10907,0.7138
10908,0.5527
10909,0.6518
10910,0.6783
10911,0.8182
10912,0.5189
10913,0.5635
10914,0.5025
10915,0.6835
10916,0.502
10917,0.586
10918,0.6717
10919,0.5949
10920,0.6475
10921,0.6989
10922,0.567
10923,0.5606
10924,0.543
10925,0.5642
10926,0.5692
10927,0.6228
10928,0.7498
10929,0.5097
10930,0.6979
10931,0.5686
10932,0.5031
10933,0.508
10934,0.6304
10935,0.5762
10936,0.6392
10937,0.6403
10938,0.6277
10939,0.6181
10940,0.5579
10941,0.6574
10942,0.6881
10943,0.7007
10944,0.5734
10945,0.5314
10946,0.8243
10947,0.502
10948,0.761
10949,0.5723
10950,0.7353
10951,0.6111
10952,0.6779
10953,0.5463
10954,0.8159
10955,0.7142
10956,0.5223
10957,0.5835
10958,0.6144
10959,0.6438
10960,0.5827
10961,0.6404
10962,0.6591
10963,0.5706
10964,0.5043
10965,0.7294
10966,0.5397
10967,0.5797
10968,0.5056
10969,0.6723
10970,0.824
10971,0.534
10972,0.8205
10973,0.6963
10974,0.6936
10975,0.6399
10976,0.6765
10977,0.6895
10978,0.6845
10979,0.7321
10980,0.5627
10981,0.576
10982,0.5551
10983,0.5224
10984,0.5681
10985,0.8214
10986,0.5034
10987,0.6873
10988,0.5804
10989,0.6772
10990,0.8236
10991,0.5773
10992,0.6601
10993,0.5289
10994,0.5065
10995,0.6019
10996,0.5655
10997,0.6756
10998,0.6377
10999,0.6504
11000,0.5412
11001,0.6474
11002,0.5913
11003,0.8244
11004,0.6001
11005,0.6512
11006,0.5708
11007,0.6089
11008,0.6634
11009,0.592
11010,0.8216
11011,0.8206
11012,0.5378
11013,0.7255
11014,0.5337
11015,0.8247
11016,0.6804
11017,0.643
11018,0.6546
11019,0.5902
11020,0.5718
11021,0.554
11022,0.5112
11023,0.5943
11024,0.6403
11025,0.5892
11026,0.7153
11027,0.5193
11028,0.6253
11029,0.6347
11030,0.5063
11031,0.553
11032,0.702
11033,0.5624
11034,0.7214
11035,0.579
11036,0.7035
11037,0.6865
11038,0.635
11039,0.5287
11040,0.5924
11041,0.8205
11042,0.7134
11043,0.5484
11044,0.6568
11045,0.5865
11046,0.6569
11047,0.538
11048,0.6465
11049,0.611
11050,0.5206
11051,0.6144
11052,0.6013
11053,0.589
11054,0.7343
11055,0.5304
11056,0.586
11057,0.596
11058,0.6594
11059,0.6257
11060,0.5626
11061,0.5521
11062,0.6254
11063,0.6277
11064,0.5892
11065,0.5348
11066,0.6513
11067,0.6307
11068,0.544
11069,0.5006
11070,0.8197
11071,0.596
11072,0.5694
11073,0.7754
11074,0.5249
11075,0.6041
11076,0.6978
11077,0.6005
11078,0.6208
11079,0.583
11080,0.8236
11081,0.7101
11082,0.5169
11083,0.5544
11084,0.5928
11085,0.8286
11086,0.5694
11087,0.5747
11088,0.5176
11089,0.5422
11090,0.5966
11091,0.5224
11092,0.5281
11093,0.8225
11094,0.5488
11095,0.6969
11096,0.504
11097,0.8227
11098,0.8273
11099,0.6498
11100,0.6342
11101,0.5541
11102,0.6695
11103,0.6359
11104,0.8228
11105,0.578
11106,0.5672
11107,0.6025
11108,0.5979
11109,0.5012
11110,0.6303
11111,0.5057
11112,0.7756
11113,0.8217
11114,0.6818
11115,0.5474
11116,0.602
11117,0.8209
11118,0.5876
11119,0.5793
11120,0.5165
11121,0.6728
11122,0.5922
11123,0.6319
11124,0.5739
11125,0.58
11126,0.6062
11127,0.6417
11128,0.5892
11129,0.5613
11130,0.6073
11131,0.561
11132,0.8232
11133,0.5832
11134,0.7477
11135,0.5943
11136,0.5688
11137,0.5916
11138,0.6473
11139,0.5668
11140,0.6981
11141,0.674
11142,0.5632
11143,0.8206
11144,0.5602
11145,0.522
11146,0.5743
11147,0.5441
11148,0.518
11149,0.7171
11150,0.5867
11151,0.7749
11152,0.618
11153,0.6159
11154,0.7494
11155,0.6461
11156,0.5508
11157,0.6123
11158,0.5798
11159,0.7441
11160,0.5083
11161,0.5938
11162,0.7306
11163,0.5153
11164,0.6642
11165,0.5047
11166,0.574
11167,0.6935
11168,0.6618
11169,0.7078
11170,0.5954
11171,0.7214
11172,0.5661
11173,0.6512
11174,0.6628
11175,0.665
11176,0.5866
11177,0.5552
11178,0.6542
11179,0.7062
11180,0.821
11181,0.5461
11182,0.5701
11183,0.6238
11184,0.6337
11185,0.6276
11186,0.7061
11187,0.5768
11188,0.5251
11189,0.5373
11190,0.5065
11191,0.7509
11192,0.5777
11193,0.6291
11194,0.6539
11195,0.6259
11196,0.8234
11197,0.6112
11198,0.5651
11199,0.5821
11200,0.7372
11201,0.5425
11202,0.5663
11203,0.6677
11204,0.7372
11205,0.6239
11206,0.8254
11207,0.518
11208,0.6348
11209,0.5094
11210,0.5701
11211,0.5259
11212,0.5721
11213,0.6031
11214,0.542
11215,0.6237
11216,0.8217
11217,0.5852
11218,0.5762
11219,0.6484
11220,0.5073
11221,0.5138
11222,0.557
11223,0.5653
11224,0.6048
11225,0.6366
11226,0.768
11227,0.5693
11228,0.5234
11229,0.5455
11230,0.8234
11231,0.5166
11232,0.5989
11233,0.7079
11234,0.7168
11235,0.6342
11236,0.8221
11237,0.8261
11238,0.6554
11239,0.5914
11240,0.6392
11241,0.6764
11242,0.8226
11243,0.5345
11244,0.7638
11245,0.6497
11246,0.5354
11247,0.6508
11248,0.5734
11249,0.5743
11250,0.5025
11251,0.6142
11252,0.6216
11253,0.6134
11254,0.6927
11255,0.5119
11256,0.5792
11257,0.5589
11258,0.5987
11259,0.6516
11260,0.5177
11261,0.6772
11262,0.6055
11263,0.6559
11264,0.822
11265,0.6155
11266,0.6215
11267,0.5863
11268,0.5463
11269,0.6314
11270,0.8223
11271,0.5707
11272,0.8229
11273,0.7113
11274,0.5892
11275,0.8217
11276,0.6204
11277,0.7898
11278,0.6551
11279,0.5794
11280,0.5958
11281,0.6258
11282,0.7141
11283,0.6539
11284,0.6511
11285,0.6324
11286,0.5856
11287,0.5009
11288,0.5549
11289,0.6041
11290,0.5153
11291,0.6267
11292,0.6519
11293,0.5936
11294,0.629
11295,0.6659
11296,0.619
11297,0.5534
11298,0.6268
11299,0.5741
11300,0.514
11301,0.7496
11302,0.6793
11303,0.5281
11304,0.7364
11305,0.7276
11306,0.6108
11307,0.5178
11308,0.6046
11309,0.6352
11310,0.526
11311,0.5092
11312,0.5256
11313,0.639
11314,0.5169
11315,0.511
11316,0.8233
11317,0.515
11318,0.6604
11319,0.5299
11320,0.5826
11321,0.8282
11322,0.6447
11323,0.657
11324,0.8209
11325,0.619
11326,0.5477
11327,0.8247
11328,0.6066
11329,0.6734
11330,0.5416
11331,0.6307
11332,0.8246
11333,0.6257
11334,0.6403
11335,0.6586
11336,0.6309
11337,0.5781
11338,0.5335
11339,0.7116
11340,0.659
11341,0.6138
11342,0.5781
11343,0.6906
11344,0.6533
11345,0.584
11346,0.5343
11347,0.8234
11348,0.7495
11349,0.5601
11350,0.5701
11351,0.6668
11352,0.7592
11353,0.594
11354,0.5683
11355,0.6496
11356,0.5238
11357,0.823
11358,0.6098
11359,0.5813
11360,0.6047
11361,0.7247
11362,0.5283
11363,0.5943
11364,0.5427
11365,0.5041
11366,0.7084
11367,0.6552
11368,0.5451
11369,0.6088
11370,0.5362
11371,0.8215
11372,0.6821
11373,0.822
11374,0.7583
11375,0.531
11376,0.8219
11377,0.6734
11378,0.5462
11379,0.7327
11380,0.6729
11381,0.6062
11382,0.5078
