index,voted
0,1.4967538118362427
1,1.9665498733520508
2,1.4600491523742676
3,1.138462781906128
4,1.6599490642547607
5,1.4216309785842896
6,1.862504482269287
7,1.420912742614746
8,1.2812929153442383
9,1.5654211044311523
10,1.2768754959106445
11,1.8298382759094238
12,1.380955457687378
13,1.5358927249908447
14,1.3344123363494873
15,1.9704720973968506
16,1.7607029676437378
17,1.325119972229004
18,1.4147403240203857
19,1.4292842149734497
20,1.3692940473556519
21,1.4192479848861694
22,1.1941715478897095
23,1.3080265522003174
24,1.6697396039962769
25,1.139385461807251
26,1.9708365201950073
27,1.4287959337234497
28,1.3514246940612793
29,1.2276639938354492
30,1.4822529554367065
31,1.7900797128677368
32,1.1910802125930786
33,1.5451898574829102
34,1.5562549829483032
35,1.137802004814148
36,1.3117601871490479
37,1.416878342628479
38,1.3100578784942627
39,1.3229107856750488
40,1.376469373703003
41,1.9076337814331055
42,1.8615705966949463
43,1.582220196723938
44,1.9825576543807983
45,1.3138618469238281
46,1.6680333614349365
47,1.9801230430603027
48,1.4597163200378418
49,1.9260520935058594
50,1.1960972547531128
51,1.911851167678833
52,1.4487524032592773
53,1.831933856010437
54,1.9938044548034668
55,1.5162627696990967
56,1.5241541862487793
57,1.6273020505905151
58,1.7876101732254028
59,1.2615686655044556
60,1.8936636447906494
61,1.4592158794403076
62,1.4466667175292969
63,1.4581773281097412
64,1.2947965860366821
65,1.6671051979064941
66,1.318274736404419
67,1.2582370042800903
68,1.431365728378296
69,1.4507484436035156
70,1.214766263961792
71,1.4165518283843994
72,1.223872184753418
73,1.700195074081421
74,1.864046573638916
75,1.4079670906066895
76,1.7786632776260376
77,1.2655885219573975
78,1.4678505659103394
79,1.3393230438232422
80,1.9850634336471558
81,1.3397384881973267
82,1.4045498371124268
83,1.37201726436615
84,1.7416865825653076
85,1.403586983680725
86,1.7696435451507568
87,1.3726307153701782
88,1.2938495874404907
89,1.7167648077011108
90,1.9928430318832397
91,1.2992812395095825
92,1.270354986190796
93,1.3490709066390991
94,1.5501255989074707
95,1.8515887260437012
96,1.495260238647461
97,1.9413526058197021
98,1.4451909065246582
99,1.5278737545013428
100,1.1970398426055908
101,1.3982304334640503
102,1.7374176979064941
103,1.3369097709655762
104,1.185956597328186
105,1.3442929983139038
106,1.3287590742111206
107,1.3752754926681519
108,1.7118146419525146
109,1.270548701286316
110,1.5786082744598389
111,1.2442704439163208
112,1.842190146446228
113,1.8143320083618164
114,1.9346601963043213
115,1.9727693796157837
116,1.4136863946914673
117,1.2720930576324463
118,1.2144596576690674
119,1.2794029712677002
120,1.373305082321167
121,1.8150721788406372
122,1.9921445846557617
123,1.2423487901687622
124,1.2908157110214233
125,1.5396448373794556
126,1.9893771409988403
127,1.7604786157608032
128,1.991323709487915
129,1.5286297798156738
130,1.3444159030914307
131,1.2182725667953491
132,1.2691545486450195
133,1.8392524719238281
134,1.9952818155288696
135,1.8375753164291382
136,1.2111355066299438
137,1.6682236194610596
138,1.2305554151535034
139,1.9880633354187012
140,1.459028959274292
141,1.8007891178131104
142,1.1886370182037354
143,1.3088322877883911
144,1.4220600128173828
145,1.3287560939788818
146,1.796941876411438
147,1.1797431707382202
148,1.4033321142196655
149,1.3857783079147339
150,1.3092834949493408
151,1.3901499509811401
152,1.6450012922286987
153,1.4171967506408691
154,1.5297069549560547
155,1.4371516704559326
156,1.8329353332519531
157,1.408211350440979
158,1.9925544261932373
159,1.415839433670044
160,1.8123440742492676
161,1.377427101135254
162,1.2945009469985962
163,1.3965346813201904
164,1.5917003154754639
165,1.486783504486084
166,1.3520489931106567
167,1.9134525060653687
168,1.4220623970031738
169,1.9883737564086914
170,1.9894322156906128
171,1.4346094131469727
172,1.224907636642456
173,1.753092885017395
174,1.7423495054244995
175,1.6881345510482788
176,1.8466531038284302
177,1.4156670570373535
178,1.1558232307434082
179,1.9905848503112793
180,1.986694574356079
181,1.4834694862365723
182,1.9015365839004517
183,1.3694782257080078
184,1.266695499420166
185,1.3348214626312256
186,1.541244626045227
187,1.5866788625717163
188,1.695338487625122
189,1.5093176364898682
190,1.5679655075073242
191,1.5963844060897827
192,1.761784553527832
193,1.2874152660369873
194,1.4191811084747314
195,1.3054523468017578
196,1.3095159530639648
197,1.1313058137893677
198,1.2306759357452393
199,1.522205114364624
200,1.3340446949005127
201,1.463578224182129
202,1.171373724937439
203,1.2335528135299683
204,1.9897407293319702
205,1.1989946365356445
206,1.298196792602539
207,1.271673560142517
208,1.2111154794692993
209,1.7910308837890625
210,1.9962618350982666
211,1.4043902158737183
212,1.224165678024292
213,1.9855397939682007
214,1.2688202857971191
215,1.40578031539917
216,1.7537389993667603
217,1.3080261945724487
218,1.2105164527893066
219,1.2812284231185913
220,1.397817611694336
221,1.3260730504989624
222,1.8652421236038208
223,1.2126489877700806
224,1.3594573736190796
225,1.292037010192871
226,1.3947780132293701
227,1.9964957237243652
228,1.4070075750350952
229,1.3769865036010742
230,1.3178815841674805
231,1.2897769212722778
232,1.2335094213485718
233,1.7927948236465454
234,1.9903974533081055
235,1.6889234781265259
236,1.9874141216278076
237,1.7885541915893555
238,1.765733003616333
239,1.3985110521316528
240,1.5517783164978027
241,1.4529829025268555
242,1.28179132938385
243,1.6728417873382568
244,1.4345289468765259
245,1.1994630098342896
246,1.3160454034805298
247,1.6320525407791138
248,1.1963040828704834
249,1.759132981300354
250,1.8204853534698486
251,1.1747843027114868
252,1.387567400932312
253,1.5936554670333862
254,1.2188690900802612
255,1.3392449617385864
256,1.2489781379699707
257,1.319888949394226
258,1.8173032999038696
259,1.3791025876998901
260,1.9896615743637085
261,1.4413261413574219
262,1.2811875343322754
263,1.58089017868042
264,1.3365638256072998
265,1.2425750494003296
266,1.699984073638916
267,1.826674461364746
268,1.553584098815918
269,1.72215735912323
270,1.3443585634231567
271,1.2872554063796997
272,1.495301604270935
273,1.2977570295333862
274,1.2587686777114868
275,1.5367772579193115
276,1.9950779676437378
277,1.9866299629211426
278,1.5360219478607178
279,1.2673592567443848
280,1.4104868173599243
281,1.7789726257324219
282,1.7010767459869385
283,1.3892172574996948
284,1.2962164878845215
285,1.3692408800125122
286,1.28678297996521
287,1.2571717500686646
288,1.1925946474075317
289,1.7910783290863037
290,1.148158073425293
291,1.771941900253296
292,1.2377188205718994
293,1.5737264156341553
294,1.5827348232269287
295,1.34197998046875
296,1.25815749168396
297,1.1196002960205078
298,1.2931993007659912
299,1.7596009969711304
300,1.785146713256836
301,1.6184667348861694
302,1.7953667640686035
303,1.37772536277771
304,1.9911285638809204
305,1.8317042589187622
306,1.4068567752838135
307,1.381990671157837
308,1.4788661003112793
309,1.656394124031067
310,1.226454257965088
311,1.7035068273544312
312,1.5268819332122803
313,1.6885641813278198
314,1.2212871313095093
315,1.9888477325439453
316,1.361914038658142
317,1.383353590965271
318,1.428329586982727
319,1.2663756608963013
320,1.434201955795288
321,1.3680013418197632
322,1.6314855813980103
323,1.378416895866394
324,1.4220613241195679
325,1.3613183498382568
326,1.325337529182434
327,1.371247410774231
328,1.244010090827942
329,1.8085252046585083
330,1.990757703781128
331,1.2669585943222046
332,1.3182199001312256
333,1.492772102355957
334,1.9925638437271118
335,1.731379508972168
336,1.3863648176193237
337,1.5974836349487305
338,1.5411317348480225
339,1.8889386653900146
340,1.9260295629501343
341,1.2609349489212036
342,1.8031834363937378
343,1.2820000648498535
344,1.6027077436447144
345,1.3826922178268433
346,1.302485466003418
347,1.8431735038757324
348,1.3008655309677124
349,1.2888236045837402
350,1.9836440086364746
351,1.9840494394302368
352,1.197225570678711
353,1.3168014287948608
354,1.8126931190490723
355,1.2315876483917236
356,1.7668761014938354
357,1.4026577472686768
358,1.994828224182129
359,1.2661746740341187
360,1.821690320968628
361,1.7762106657028198
362,1.6118911504745483
363,1.7593427896499634
364,1.4653115272521973
365,1.7297923564910889
366,1.4481076002120972
367,1.611568808555603
368,1.270233154296875
369,1.2795987129211426
370,1.3142937421798706
371,1.6974667310714722
372,1.2953298091888428
373,1.6823902130126953
374,1.3065438270568848
375,1.9009087085723877
376,1.2963064908981323
377,1.3390307426452637
378,1.4007457494735718
379,1.3001154661178589
380,1.6201785802841187
381,1.7247931957244873
382,1.473864197731018
383,1.7232098579406738
384,1.3137526512145996
385,1.2366998195648193
386,1.3610326051712036
387,1.341158390045166
388,1.6963300704956055
389,1.3094180822372437
390,1.5421382188796997
391,1.5505573749542236
392,1.321321725845337
393,1.4578951597213745
394,1.198962926864624
395,1.619288444519043
396,1.284619688987732
397,1.4077088832855225
398,1.7791272401809692
399,1.2671700716018677
400,1.3869847059249878
401,1.8232465982437134
402,1.5290441513061523
403,1.987355351448059
404,1.359208106994629
405,1.3422085046768188
406,1.159193515777588
407,1.3780053853988647
408,1.3090846538543701
409,1.5216825008392334
410,1.3639763593673706
411,1.4633687734603882
412,1.4439185857772827
413,1.511968731880188
414,1.2984377145767212
415,1.3671257495880127
416,1.417008399963379
417,1.9160369634628296
418,1.9925956726074219
419,1.5562517642974854
420,1.6606230735778809
421,1.2777633666992188
422,1.2962530851364136
423,1.382262945175171
424,1.1675584316253662
425,1.1924355030059814
426,1.2656400203704834
427,1.3906660079956055
428,1.3039995431900024
429,1.226290225982666
430,1.3510514497756958
431,1.2443137168884277
432,1.3092546463012695
433,1.3207124471664429
434,1.4266818761825562
435,1.2649860382080078
436,1.6559585332870483
437,1.4968242645263672
438,1.4055931568145752
439,1.9795558452606201
440,1.5083746910095215
441,1.3515430688858032
442,1.3431763648986816
443,1.511501669883728
444,1.2823760509490967
445,1.2616689205169678
446,1.2944519519805908
447,1.4061146974563599
448,1.330181360244751
449,1.6758509874343872
450,1.3454283475875854
451,1.4537549018859863
452,1.3427214622497559
453,1.4136834144592285
454,1.329817295074463
455,1.2383819818496704
456,1.5314991474151611
457,1.8451969623565674
458,1.6054778099060059
459,1.9915103912353516
460,1.321215033531189
461,1.1962076425552368
462,1.9945825338363647
463,1.541977047920227
464,1.2748597860336304
465,1.3432601690292358
466,1.3088436126708984
467,1.911068320274353
468,1.4826555252075195
469,1.623988151550293
470,1.845215082168579
471,1.7150136232376099
472,1.6264673471450806
473,1.236950397491455
474,1.4691755771636963
475,1.5808730125427246
476,1.5051230192184448
477,1.7591136693954468
478,1.824256420135498
479,1.9938222169876099
480,1.230915904045105
481,1.6319187879562378
482,1.364793300628662
483,1.4859424829483032
484,1.988407850265503
485,1.9756312370300293
486,1.3696506023406982
487,1.2469757795333862
488,1.3771705627441406
489,1.3155238628387451
490,1.5581995248794556
491,1.2366334199905396
492,1.3194829225540161
493,1.416437029838562
494,1.8070447444915771
495,1.454269528388977
496,1.3896121978759766
497,1.7554599046707153
498,1.3115967512130737
499,1.3975188732147217
500,1.457574486732483
501,1.78860604763031
502,1.3048484325408936
503,1.434218168258667
504,1.2018284797668457
505,1.4512174129486084
506,1.3586276769638062
507,1.2789607048034668
508,1.3307379484176636
509,1.7281090021133423
510,1.3576364517211914
511,1.5402274131774902
512,1.4529019594192505
513,1.4433048963546753
514,1.9285120964050293
515,1.4022719860076904
516,1.2997750043869019
517,1.3449163436889648
518,1.2471036911010742
519,1.76100754737854
520,1.4307516813278198
521,1.3905012607574463
522,1.8883308172225952
523,1.3243589401245117
524,1.1116375923156738
525,1.9072775840759277
526,1.9567008018493652
527,1.7544317245483398
528,1.9738225936889648
529,1.8145469427108765
530,1.9726535081863403
531,1.3988497257232666
532,1.3317937850952148
533,1.4851422309875488
534,1.2964147329330444
535,1.2730246782302856
536,1.4265834093093872
537,1.4384307861328125
538,1.383171558380127
539,1.163254976272583
540,1.4154046773910522
541,1.458662509918213
542,1.9876259565353394
543,1.2574483156204224
544,1.4199174642562866
545,1.4123834371566772
546,1.987786889076233
547,1.2374224662780762
548,1.8973764181137085
549,1.5284889936447144
550,1.321958303451538
551,1.3172760009765625
552,1.1330705881118774
553,1.8307335376739502
554,1.268194317817688
555,1.2775455713272095
556,1.314030647277832
557,1.7995476722717285
558,1.460461139678955
559,1.733664631843567
560,1.8661998510360718
561,1.4603599309921265
562,1.386587142944336
563,1.9675151109695435
564,1.477216362953186
565,1.7519381046295166
566,1.3522472381591797
567,1.4619250297546387
568,1.9733803272247314
569,1.3056089878082275
570,1.448029637336731
571,1.8855804204940796
572,1.2682735919952393
573,1.78506338596344
574,1.2892005443572998
575,1.8586225509643555
576,1.3429065942764282
577,1.4730528593063354
578,1.6282914876937866
579,1.8240163326263428
580,1.2886896133422852
581,1.7994238138198853
582,1.6590927839279175
583,1.368167757987976
584,1.755253791809082
585,1.6987284421920776
586,1.2553716897964478
587,1.4419951438903809
588,1.4522786140441895
589,1.329317331314087
590,1.7449325323104858
591,1.2339611053466797
592,1.3997794389724731
593,1.2038075923919678
594,1.3369804620742798
595,1.4343509674072266
596,1.3180994987487793
597,1.3320894241333008
598,1.6235014200210571
599,1.4456669092178345
600,1.4883021116256714
601,1.2873082160949707
602,1.9077712297439575
603,1.8052059412002563
604,1.3006974458694458
605,1.3468958139419556
606,1.2778488397598267
607,1.2267444133758545
608,1.8755427598953247
609,1.6531703472137451
610,1.3483585119247437
611,1.4744672775268555
612,1.3974443674087524
613,1.4405616521835327
614,1.139775276184082
615,1.24721360206604
616,1.350121021270752
617,1.3171930313110352
618,1.3560391664505005
619,1.5904643535614014
620,1.1630724668502808
621,1.3949294090270996
622,1.3568682670593262
623,1.3445019721984863
624,1.4972110986709595
625,1.3330662250518799
626,1.5194610357284546
627,1.7924556732177734
628,1.9825559854507446
629,1.9778587818145752
630,1.8629322052001953
631,1.3782542943954468
632,1.8823845386505127
633,1.3018088340759277
634,1.4087812900543213
635,1.897889256477356
636,1.2095370292663574
637,1.435570478439331
638,1.2227076292037964
639,1.5125608444213867
640,1.7331604957580566
641,1.4403959512710571
642,1.2770671844482422
643,1.4581248760223389
644,1.3315939903259277
645,1.3963513374328613
646,1.774843454360962
647,1.6116173267364502
648,1.3232539892196655
649,1.376509189605713
650,1.9919105768203735
651,1.3893176317214966
652,1.748826265335083
653,1.307308554649353
654,1.3672419786453247
655,1.5045397281646729
656,1.3775408267974854
657,1.312077283859253
658,1.9665815830230713
659,1.7051515579223633
660,1.3249706029891968
661,1.7247450351715088
662,1.3894829750061035
663,1.70320463180542
664,1.7414283752441406
665,1.2700350284576416
666,1.600592851638794
667,1.2967710494995117
668,1.8672986030578613
669,1.3870869874954224
670,1.2857940196990967
671,1.432389497756958
672,1.9715136289596558
673,1.9861793518066406
674,1.3689769506454468
675,1.2547333240509033
676,1.9749702215194702
677,1.2336235046386719
678,1.7751851081848145
679,1.2924860715866089
680,1.3521461486816406
681,1.9486687183380127
682,1.9965254068374634
683,1.5676639080047607
684,1.3632813692092896
685,1.6710351705551147
686,1.3620060682296753
687,1.5222365856170654
688,1.4236818552017212
689,1.384638786315918
690,1.269718885421753
691,1.5601327419281006
692,1.989606499671936
693,1.5474956035614014
694,1.3002156019210815
695,1.3913904428482056
696,1.9933266639709473
697,1.3672666549682617
698,1.4998921155929565
699,1.2060362100601196
700,1.3244216442108154
701,1.3674908876419067
702,1.336925983428955
703,1.3475286960601807
704,1.988590121269226
705,1.9906322956085205
706,1.7432217597961426
707,1.9765536785125732
708,1.5420976877212524
709,1.5371798276901245
710,1.9122580289840698
711,1.3992502689361572
712,1.359351634979248
713,1.2388471364974976
714,1.9768626689910889
715,1.8735965490341187
716,1.3804738521575928
717,1.6361972093582153
718,1.420660376548767
719,1.2324446439743042
720,1.6167446374893188
721,1.98158860206604
722,1.3592681884765625
723,1.9676728248596191
724,1.3633580207824707
725,1.190758466720581
726,1.6540685892105103
727,1.9796212911605835
728,1.207772970199585
729,1.4542794227600098
730,1.823179841041565
731,1.627367615699768
732,1.9904862642288208
733,1.5449081659317017
734,1.3256219625473022
735,1.9040015935897827
736,1.9894969463348389
737,1.827457308769226
738,1.7619211673736572
739,1.463526725769043
740,1.3381863832473755
741,1.826725721359253
742,1.9871230125427246
743,1.6822972297668457
744,1.8120070695877075
745,1.3495808839797974
746,1.3524105548858643
747,1.2475359439849854
748,1.2728257179260254
749,1.4143744707107544
750,1.3709436655044556
751,1.7216516733169556
752,1.3754611015319824
753,1.7350172996520996
754,1.2947282791137695
755,1.7064238786697388
756,1.814632773399353
757,1.3511613607406616
758,1.7306849956512451
759,1.3708453178405762
760,1.3834829330444336
761,1.797900915145874
762,1.325395941734314
763,1.2724790573120117
764,1.7467496395111084
765,1.315333604812622
766,1.9826877117156982
767,1.2317826747894287
768,1.8647875785827637
769,1.9113845825195312
770,1.3407115936279297
771,1.6446770429611206
772,1.985123872756958
773,1.711522102355957
774,1.304145336151123
775,1.3367892503738403
776,1.3323510885238647
777,1.260717749595642
778,1.3517671823501587
779,1.5981214046478271
780,1.7998206615447998
781,1.6801717281341553
782,1.3927898406982422
783,1.6041860580444336
784,1.7788586616516113
785,1.345786452293396
786,1.3153761625289917
787,1.2487367391586304
788,1.2691723108291626
789,1.2633296251296997
790,1.2720255851745605
791,1.3876618146896362
792,1.4597501754760742
793,1.493951439857483
794,1.7606937885284424
795,1.4834399223327637
796,1.288045883178711
797,1.764083981513977
798,1.3082627058029175
799,1.2961739301681519
800,1.9505444765090942
801,1.6941416263580322
802,1.88153874874115
803,1.8074747323989868
804,1.387340784072876
805,1.3208290338516235
806,1.3636894226074219
807,1.3121027946472168
808,1.3327291011810303
809,1.4130005836486816
810,1.8294838666915894
811,1.3571200370788574
812,1.3169642686843872
813,1.431200385093689
814,1.9917733669281006
815,1.1761188507080078
816,1.4519397020339966
817,1.7377501726150513
818,1.3625993728637695
819,1.8395849466323853
820,1.356058955192566
821,1.9918932914733887
822,1.389953374862671
823,1.2104519605636597
824,1.991407036781311
825,1.4020435810089111
826,1.3991589546203613
827,1.6088999509811401
828,1.7486636638641357
829,1.777772307395935
830,1.2532795667648315
831,1.5344619750976562
832,1.8053863048553467
833,1.178532600402832
834,1.3445287942886353
835,1.8833866119384766
836,1.2444889545440674
837,1.160460352897644
838,1.1978113651275635
839,1.3536829948425293
840,1.4349396228790283
841,1.1894580125808716
842,1.8676296472549438
843,1.8417038917541504
844,1.3537877798080444
845,1.2396929264068604
846,1.5731315612792969
847,1.3710178136825562
848,1.8326865434646606
849,1.1861867904663086
850,1.4703431129455566
851,1.449343204498291
852,1.802549958229065
853,1.5652908086776733
854,1.2476608753204346
855,1.9860615730285645
856,1.5657984018325806
857,1.4513030052185059
858,1.3604806661605835
859,1.3285287618637085
860,1.826015830039978
861,1.391481637954712
862,1.3796062469482422
863,1.3393402099609375
864,1.4744665622711182
865,1.8149659633636475
866,1.348048448562622
867,1.2197412252426147
868,1.2758063077926636
869,1.2254047393798828
870,1.267390489578247
871,1.4111595153808594
872,1.3170311450958252
873,1.6559994220733643
874,1.367437481880188
875,1.47519052028656
876,1.3335713148117065
877,1.3278870582580566
878,1.2199945449829102
879,1.557603359222412
880,1.618228554725647
881,1.465350866317749
882,1.7531797885894775
883,1.9878895282745361
884,1.3889318704605103
885,1.5330103635787964
886,1.3668242692947388
887,1.5408262014389038
888,1.360856533050537
889,1.5052516460418701
890,1.6248475313186646
891,1.7212845087051392
892,1.2877320051193237
893,1.3140531778335571
894,1.406672477722168
895,1.329554796218872
896,1.4167509078979492
897,1.9958600997924805
898,1.9859697818756104
899,1.8246959447860718
900,1.8946980237960815
901,1.6521755456924438
902,1.3535799980163574
903,1.4092971086502075
904,1.3988449573516846
905,1.2370377779006958
906,1.3471537828445435
907,1.2841805219650269
908,1.3275282382965088
909,1.8170626163482666
910,1.3492387533187866
911,1.3654303550720215
912,1.401243805885315
913,1.28415048122406
914,1.311607837677002
915,1.2244420051574707
916,1.7281968593597412
917,1.737918496131897
918,1.3582308292388916
919,1.4452651739120483
920,1.2321752309799194
921,1.2081356048583984
922,1.298733115196228
923,1.9724619388580322
924,1.483503818511963
925,1.3531105518341064
926,1.8746850490570068
927,1.2660146951675415
928,1.9749475717544556
929,1.1919091939926147
930,1.4248697757720947
931,1.4853075742721558
932,1.7719403505325317
933,1.9586838483810425
934,1.283987045288086
935,1.416994571685791
936,1.2193564176559448
937,1.9064545631408691
938,1.893425703048706
939,1.3478330373764038
940,1.4876528978347778
941,1.1623129844665527
942,1.3831175565719604
943,1.2441093921661377
944,1.3357857465744019
945,1.998806357383728
946,1.354535460472107
947,1.815614104270935
948,1.307930588722229
949,1.3491218090057373
950,1.4411317110061646
951,1.318380355834961
952,1.4156906604766846
953,1.4009463787078857
954,1.2594759464263916
955,1.3113672733306885
956,1.3048237562179565
957,1.2092458009719849
958,1.8528341054916382
959,1.4689629077911377
960,1.5208948850631714
961,1.2719823122024536
962,1.3673619031906128
963,1.263973355293274
964,1.2218284606933594
965,1.959062099456787
966,1.1986198425292969
967,1.440477967262268
968,1.8535836935043335
969,1.37697434425354
970,1.4124966859817505
971,1.3646984100341797
972,1.4194985628128052
973,1.455878734588623
974,1.4794379472732544
975,1.4359163045883179
976,1.3938671350479126
977,1.9894939661026
978,1.4287850856781006
979,1.2751332521438599
980,1.9799025058746338
981,1.3636070489883423
982,1.9726145267486572
983,1.319911241531372
984,1.6281486749649048
985,1.986942172050476
986,1.7686213254928589
987,1.7940908670425415
988,1.386816382408142
989,1.3401224613189697
990,1.3506429195404053
991,1.3997069597244263
992,1.7643502950668335
993,1.3549473285675049
994,1.5344183444976807
995,1.3078385591506958
996,1.4462852478027344
997,1.257045030593872
998,1.5731940269470215
999,1.2018579244613647
1000,1.3022029399871826
1001,1.3682564496994019
1002,1.44742751121521
1003,1.225066900253296
1004,1.8143956661224365
1005,1.566572666168213
1006,1.2318626642227173
1007,1.5902854204177856
1008,1.4812085628509521
1009,1.288653016090393
1010,1.3407082557678223
1011,1.4458119869232178
1012,1.4813588857650757
1013,1.392253041267395
1014,1.928795576095581
1015,1.6025434732437134
1016,1.9851590394973755
1017,1.3131136894226074
1018,1.3626830577850342
1019,1.2738255262374878
1020,1.566404104232788
1021,1.7368882894515991
1022,1.5789644718170166
1023,1.2691445350646973
1024,1.3936595916748047
1025,1.261470079421997
1026,1.3677668571472168
1027,1.3160408735275269
1028,1.3260716199874878
1029,1.2851262092590332
1030,1.8144639730453491
1031,1.993310570716858
1032,1.8791276216506958
1033,1.2627815008163452
1034,1.3945821523666382
1035,1.798423409461975
1036,1.4562357664108276
1037,1.3519037961959839
1038,1.4381957054138184
1039,1.9739298820495605
1040,1.4364820718765259
1041,1.3079166412353516
1042,1.2841941118240356
1043,1.4009904861450195
1044,1.9730026721954346
1045,1.28535795211792
1046,1.292134404182434
1047,1.6794275045394897
1048,1.2772268056869507
1049,1.3309752941131592
1050,1.825709581375122
1051,1.5982439517974854
1052,1.3740453720092773
1053,1.406882405281067
1054,1.6299136877059937
1055,1.2580797672271729
1056,1.7628487348556519
1057,1.6677956581115723
1058,1.2137304544448853
1059,1.2692115306854248
1060,1.2907356023788452
1061,1.3346282243728638
1062,1.2679983377456665
1063,1.3764303922653198
1064,1.4083541631698608
1065,1.4109749794006348
1066,1.8316580057144165
1067,1.2999931573867798
1068,1.2228221893310547
1069,1.4106305837631226
1070,1.3527127504348755
1071,1.819056749343872
1072,1.3175373077392578
1073,1.3438528776168823
1074,1.8145843744277954
1075,1.2761685848236084
1076,1.407811164855957
1077,1.986229419708252
1078,1.3692222833633423
1079,1.7383816242218018
1080,1.9791299104690552
1081,1.2074614763259888
1082,1.3320485353469849
1083,1.9892518520355225
1084,1.1650004386901855
1085,1.3686316013336182
1086,1.383699893951416
1087,1.5655924081802368
1088,1.5278619527816772
1089,1.940722942352295
1090,1.419749140739441
1091,1.3968102931976318
1092,1.5722163915634155
1093,1.288541316986084
1094,1.1225340366363525
1095,1.2347843647003174
1096,1.708975911140442
1097,1.9864780902862549
1098,1.9945703744888306
1099,1.499023199081421
1100,1.3537729978561401
1101,1.3808565139770508
1102,1.4891899824142456
1103,1.9909135103225708
1104,1.4358711242675781
1105,1.5646239519119263
1106,1.2755539417266846
1107,1.506523847579956
1108,1.5956811904907227
1109,1.4791635274887085
1110,1.3880125284194946
1111,1.3736454248428345
1112,1.240718126296997
1113,1.3889460563659668
1114,1.9696736335754395
1115,1.7739887237548828
1116,1.7865867614746094
1117,1.355995774269104
1118,1.7769739627838135
1119,1.3190044164657593
1120,1.339145541191101
1121,1.6274224519729614
1122,1.4287422895431519
1123,1.8220428228378296
1124,1.8144452571868896
1125,1.5853098630905151
1126,1.7425724267959595
1127,1.9134173393249512
1128,1.2763549089431763
1129,1.367142677307129
1130,1.4797883033752441
1131,1.5598331689834595
1132,1.2997101545333862
1133,1.4591084718704224
1134,1.3628779649734497
1135,1.8554054498672485
1136,1.2927441596984863
1137,1.1946271657943726
1138,1.736206293106079
1139,1.3775060176849365
1140,1.855288028717041
1141,1.9196385145187378
1142,1.4255390167236328
1143,1.399487018585205
1144,1.2991151809692383
1145,1.3590326309204102
1146,1.366969108581543
1147,1.3654768466949463
1148,1.4598305225372314
1149,1.8462014198303223
1150,1.334171175956726
1151,1.6977126598358154
1152,1.2393180131912231
1153,1.8149012327194214
1154,1.341866374015808
1155,1.2943601608276367
1156,1.2031142711639404
1157,1.3240505456924438
1158,1.2742210626602173
1159,1.3602079153060913
1160,1.982681393623352
1161,1.2293059825897217
1162,1.4031676054000854
1163,1.29018235206604
1164,1.4425386190414429
1165,1.2327505350112915
1166,1.255164384841919
1167,1.2338833808898926
1168,1.4612408876419067
1169,1.9714834690093994
1170,1.4617156982421875
1171,1.6123483180999756
1172,1.3545576333999634
1173,1.989289402961731
1174,1.3868175745010376
1175,1.2395777702331543
1176,1.7914183139801025
1177,1.8263076543807983
1178,1.3040691614151
1179,1.7573232650756836
1180,1.3933627605438232
1181,1.921665906906128
1182,1.3088196516036987
1183,1.3423765897750854
1184,1.3340224027633667
1185,1.3979820013046265
1186,1.20156991481781
1187,1.993027925491333
1188,1.8695555925369263
1189,1.6017810106277466
1190,1.3725296258926392
1191,1.4000800848007202
1192,1.8727787733078003
1193,1.4611166715621948
1194,1.3661534786224365
1195,1.7989050149917603
1196,1.341060996055603
1197,1.3445327281951904
1198,1.7060775756835938
1199,1.3386801481246948
1200,1.3578122854232788
1201,1.980410099029541
1202,1.5327937602996826
1203,1.5923253297805786
1204,1.3281018733978271
1205,1.2713459730148315
1206,1.8882641792297363
1207,1.8817301988601685
1208,1.313704252243042
1209,1.9758822917938232
1210,1.3992305994033813
1211,1.3938064575195312
1212,1.8048863410949707
1213,1.575256586074829
1214,1.544103980064392
1215,1.336013913154602
1216,1.3693865537643433
1217,1.196895718574524
1218,1.2727314233779907
1219,1.6800516843795776
1220,1.769971251487732
1221,1.9921330213546753
1222,1.2831569910049438
1223,1.4003559350967407
1224,1.7461894750595093
1225,1.6159452199935913
1226,1.3696136474609375
1227,1.2965346574783325
1228,1.3198761940002441
1229,1.3174923658370972
1230,1.319692850112915
1231,1.6780976057052612
1232,1.2715330123901367
1233,1.7339059114456177
1234,1.5903878211975098
1235,1.2824592590332031
1236,1.3992103338241577
1237,1.2777827978134155
1238,1.7700996398925781
1239,1.2931163311004639
1240,1.3183363676071167
1241,1.2346932888031006
1242,1.201671838760376
1243,1.1733145713806152
1244,1.465264916419983
1245,1.5275874137878418
1246,1.969334602355957
1247,1.2759668827056885
1248,1.4430558681488037
1249,1.8048665523529053
1250,1.4111542701721191
1251,1.8731591701507568
1252,1.435288906097412
1253,1.8810882568359375
1254,1.3327733278274536
1255,1.7228596210479736
1256,1.7573368549346924
1257,1.9470860958099365
1258,1.2567538022994995
1259,1.2550770044326782
1260,1.8036267757415771
1261,1.996181607246399
1262,1.540069580078125
1263,1.3196483850479126
1264,1.6151442527770996
1265,1.152596354484558
1266,1.777138590812683
1267,1.4092609882354736
1268,1.9916449785232544
1269,1.281267762184143
1270,1.3125524520874023
1271,1.4591490030288696
1272,1.3478766679763794
1273,1.9711991548538208
1274,1.9863977432250977
1275,1.8310344219207764
1276,1.4421379566192627
1277,1.9265207052230835
1278,1.226711630821228
1279,1.841567039489746
1280,1.9925341606140137
1281,1.5434844493865967
1282,1.2652722597122192
1283,1.335059404373169
1284,1.2510241270065308
1285,1.3227076530456543
1286,1.3800020217895508
1287,1.6570473909378052
1288,1.8253000974655151
1289,1.5745348930358887
1290,1.9507827758789062
1291,1.447997808456421
1292,1.367615818977356
1293,1.2526211738586426
1294,1.3440319299697876
1295,1.9248847961425781
1296,1.2599831819534302
1297,1.3608437776565552
1298,1.1360162496566772
1299,1.4293038845062256
1300,1.8669301271438599
1301,1.817257046699524
1302,1.5265661478042603
1303,1.3594099283218384
1304,1.2882914543151855
1305,1.806640863418579
1306,1.9678025245666504
1307,1.2392500638961792
1308,1.2157407999038696
1309,1.475075125694275
1310,1.3203074932098389
1311,1.723088026046753
1312,1.5890859365463257
1313,1.9975899457931519
1314,1.7102744579315186
1315,1.175721287727356
1316,1.5094082355499268
1317,1.575619101524353
1318,1.3018923997879028
1319,1.659399151802063
1320,1.217261552810669
1321,1.9080408811569214
1322,1.867287278175354
1323,1.3010679483413696
1324,1.388838291168213
1325,1.4763524532318115
1326,1.9867230653762817
1327,1.2903269529342651
1328,1.3192806243896484
1329,1.8633283376693726
1330,1.5676054954528809
1331,1.3704423904418945
1332,1.3018499612808228
1333,1.39680814743042
1334,1.3120918273925781
1335,1.668910264968872
1336,1.4922678470611572
1337,1.2799251079559326
1338,1.377106785774231
1339,1.930298089981079
1340,1.7308499813079834
1341,1.8229641914367676
1342,1.5439453125
1343,1.432084560394287
1344,1.237658977508545
1345,1.2683601379394531
1346,1.8373634815216064
1347,1.6181004047393799
1348,1.931443452835083
1349,1.7927583456039429
1350,1.8896050453186035
1351,1.190886378288269
1352,1.2207849025726318
1353,1.7076867818832397
1354,1.9916032552719116
1355,1.4019193649291992
1356,1.1959476470947266
1357,1.7784333229064941
1358,1.7760498523712158
1359,1.6933695077896118
1360,1.9141767024993896
1361,1.2100536823272705
1362,1.7877055406570435
1363,1.375491976737976
1364,1.3286553621292114
1365,1.4319854974746704
1366,1.4360339641571045
1367,1.3740025758743286
1368,1.2165383100509644
1369,1.8231266736984253
1370,1.8548431396484375
1371,1.3539801836013794
1372,1.391371250152588
1373,1.3816494941711426
1374,1.27101469039917
1375,1.2590750455856323
1376,1.365032434463501
1377,1.7983133792877197
1378,1.3333847522735596
1379,1.528886079788208
1380,1.990051031112671
1381,1.3647814989089966
1382,1.2090871334075928
1383,1.6583114862442017
1384,1.431114912033081
1385,1.3609704971313477
1386,1.2169195413589478
1387,1.349608063697815
1388,1.3676949739456177
1389,1.6643624305725098
1390,1.609643578529358
1391,1.908990740776062
1392,1.4045904874801636
1393,1.839689016342163
1394,1.2022713422775269
1395,1.2779598236083984
1396,1.44193696975708
1397,1.7204878330230713
1398,1.2503474950790405
1399,1.7761516571044922
1400,1.2591586112976074
1401,1.4686381816864014
1402,1.8938010931015015
1403,1.4285603761672974
1404,1.5047686100006104
1405,1.4669437408447266
1406,1.2947195768356323
1407,1.8427376747131348
1408,1.5337727069854736
1409,1.3774832487106323
1410,1.679119348526001
1411,1.3965656757354736
1412,1.632056474685669
1413,1.2671840190887451
1414,1.3147441148757935
1415,1.2263022661209106
1416,1.4419485330581665
1417,1.360449194908142
1418,1.9946305751800537
1419,1.6879507303237915
1420,1.292084813117981
1421,1.290891408920288
1422,1.4841805696487427
1423,1.8375521898269653
1424,1.9491207599639893
1425,1.8453660011291504
1426,1.3041307926177979
1427,1.5334253311157227
1428,1.3838014602661133
1429,1.296684980392456
1430,1.2901496887207031
1431,1.2395617961883545
1432,1.8361300230026245
1433,1.3122737407684326
1434,1.3480784893035889
1435,1.3913639783859253
1436,1.7658839225769043
1437,1.2080439329147339
1438,1.4667227268218994
1439,1.5170373916625977
1440,1.3163483142852783
1441,1.5791321992874146
1442,1.3932300806045532
1443,1.7520887851715088
1444,1.5812653303146362
1445,1.66328763961792
1446,1.3402421474456787
1447,1.9087733030319214
1448,1.2102488279342651
1449,1.7272922992706299
1450,1.3212742805480957
1451,1.6419085264205933
1452,1.7811843156814575
1453,1.635655403137207
1454,1.3999577760696411
1455,1.7614096403121948
1456,1.6074336767196655
1457,1.4342595338821411
1458,1.2402132749557495
1459,1.333124041557312
1460,1.6339759826660156
1461,1.3217695951461792
1462,1.5605686902999878
1463,1.3059343099594116
1464,1.156569004058838
1465,1.2779303789138794
1466,1.1939548254013062
1467,1.317439079284668
1468,1.9881565570831299
1469,1.710610270500183
1470,1.3910408020019531
1471,1.9788237810134888
1472,1.3908660411834717
1473,1.979234218597412
1474,1.9879250526428223
1475,1.4007290601730347
1476,1.4489014148712158
1477,1.183505892753601
1478,1.8821004629135132
1479,1.3129007816314697
1480,1.3751773834228516
1481,1.663374662399292
1482,1.8735142946243286
1483,1.435518741607666
1484,1.6768288612365723
1485,1.2880654335021973
1486,1.4940558671951294
1487,1.5496762990951538
1488,1.2533338069915771
1489,1.2491650581359863
1490,1.3223243951797485
1491,1.7647453546524048
1492,1.4520587921142578
1493,1.9940056800842285
1494,1.2805471420288086
1495,1.5025415420532227
1496,1.3344135284423828
1497,1.2697850465774536
1498,1.1600576639175415
1499,1.6374272108078003
1500,1.983267068862915
1501,1.3703548908233643
1502,1.4099785089492798
1503,1.5139414072036743
1504,1.2143852710723877
1505,1.3627628087997437
1506,1.779410481452942
1507,1.994175672531128
1508,1.4279122352600098
1509,1.1521238088607788
1510,1.257483720779419
1511,1.7010841369628906
1512,1.9806816577911377
1513,1.233642578125
1514,1.21983802318573
1515,1.5028817653656006
1516,1.4820430278778076
1517,1.9927897453308105
1518,1.608048439025879
1519,1.3240036964416504
1520,1.4549002647399902
1521,1.896744966506958
1522,1.7499048709869385
1523,1.8946367502212524
1524,1.4656670093536377
1525,1.4900562763214111
1526,1.2779088020324707
1527,1.2881176471710205
1528,1.7114591598510742
1529,1.4509245157241821
1530,1.4158294200897217
1531,1.5486934185028076
1532,1.7165300846099854
1533,1.596434235572815
1534,1.579333782196045
1535,1.7223031520843506
1536,1.407323956489563
1537,1.3438268899917603
1538,1.7819823026657104
1539,1.7989327907562256
1540,1.263189673423767
1541,1.3274298906326294
1542,1.4420160055160522
1543,1.4074606895446777
1544,1.2588850259780884
1545,1.3812057971954346
1546,1.4095723628997803
1547,1.2004985809326172
1548,1.3513104915618896
1549,1.9721918106079102
1550,1.2788559198379517
1551,1.2193034887313843
1552,1.2581170797348022
1553,1.3745126724243164
1554,1.4009684324264526
1555,1.561941385269165
1556,1.3527706861495972
1557,1.7378709316253662
1558,1.9890494346618652
1559,1.3595503568649292
1560,1.5388007164001465
1561,1.8518644571304321
1562,1.755196452140808
1563,1.9685510396957397
1564,1.4486298561096191
1565,1.2903952598571777
1566,1.995316505432129
1567,1.896999716758728
1568,1.6262109279632568
1569,1.9433826208114624
1570,1.3211594820022583
1571,1.3550138473510742
1572,1.730534553527832
1573,1.2131478786468506
1574,1.2322064638137817
1575,1.3053672313690186
1576,1.2530113458633423
1577,1.858292818069458
1578,1.3866510391235352
1579,1.9936964511871338
1580,1.3548319339752197
1581,1.42424738407135
1582,1.4448399543762207
1583,1.2241623401641846
1584,1.728791356086731
1585,1.237756609916687
1586,1.5834386348724365
1587,1.3952577114105225
1588,1.5802114009857178
1589,1.9289005994796753
1590,1.4721667766571045
1591,1.390697956085205
1592,1.9880759716033936
1593,1.4017701148986816
1594,1.2277579307556152
1595,1.7041027545928955
1596,1.91135573387146
1597,1.2078450918197632
1598,1.4727754592895508
1599,1.9783159494400024
1600,1.39525306224823
1601,1.2638458013534546
1602,1.7717411518096924
1603,1.4073115587234497
1604,1.176895260810852
1605,1.8751345872879028
1606,1.4119672775268555
1607,1.3765623569488525
1608,1.498625636100769
1609,1.9818153381347656
1610,1.4277528524398804
1611,1.356408953666687
1612,1.7824113368988037
1613,1.354955792427063
1614,1.3810924291610718
1615,1.4608778953552246
1616,1.750433087348938
1617,1.2927577495574951
1618,1.2749478816986084
1619,1.7515918016433716
1620,1.2097713947296143
1621,1.1703429222106934
1622,1.104225993156433
1623,1.6118700504302979
1624,1.4649486541748047
1625,1.4130913019180298
1626,1.4121410846710205
1627,1.992987871170044
1628,1.402523398399353
1629,1.8367207050323486
1630,1.5510276556015015
1631,1.9884252548217773
1632,1.3507869243621826
1633,1.1762216091156006
1634,1.2138818502426147
1635,1.770153522491455
1636,1.9798656702041626
1637,1.2207974195480347
1638,1.418336033821106
1639,1.4344558715820312
1640,1.7531708478927612
1641,1.763578176498413
1642,1.780043363571167
1643,1.4542100429534912
1644,1.9871197938919067
1645,1.238991618156433
1646,1.3964571952819824
1647,1.1933647394180298
1648,1.3142024278640747
1649,1.4177592992782593
1650,1.35616934299469
1651,1.2029343843460083
1652,1.4504971504211426
1653,1.460437297821045
1654,1.899407982826233
1655,1.8686249256134033
1656,1.973920464515686
1657,1.3316783905029297
1658,1.3703347444534302
1659,1.7011277675628662
1660,1.757459044456482
1661,1.3198975324630737
1662,1.3198907375335693
1663,1.3512303829193115
1664,1.357778549194336
1665,1.360901117324829
1666,1.3954638242721558
1667,1.9811347723007202
1668,1.3450084924697876
1669,1.809281826019287
1670,1.3025356531143188
1671,1.2973138093948364
1672,1.7141112089157104
1673,1.6404838562011719
1674,1.9816453456878662
1675,1.385361909866333
1676,1.5399293899536133
1677,1.5034323930740356
1678,1.9761101007461548
1679,1.204119086265564
1680,1.2703499794006348
1681,1.5644886493682861
1682,1.3910828828811646
1683,1.422796607017517
1684,1.1310497522354126
1685,1.957720398902893
1686,1.642939805984497
1687,1.4723496437072754
1688,1.2757121324539185
1689,1.4164284467697144
1690,1.3349378108978271
1691,1.2295958995819092
1692,1.6436808109283447
1693,1.9910078048706055
1694,1.3728752136230469
1695,1.2513772249221802
1696,1.3374826908111572
1697,1.2058451175689697
1698,1.8177926540374756
1699,1.32271409034729
1700,1.3351978063583374
1701,1.3404409885406494
1702,1.331700086593628
1703,1.5218439102172852
1704,1.5025360584259033
1705,1.3788161277770996
1706,1.9878493547439575
1707,1.3016490936279297
1708,1.308674693107605
1709,1.2332075834274292
1710,1.9859076738357544
1711,1.4382827281951904
1712,1.7489564418792725
1713,1.3399949073791504
1714,1.3500806093215942
1715,1.2753889560699463
1716,1.3784486055374146
1717,1.7291412353515625
1718,1.2833772897720337
1719,1.286816954612732
1720,1.9892737865447998
1721,1.2833480834960938
1722,1.3121650218963623
1723,1.255943775177002
1724,1.9736803770065308
1725,1.471503496170044
1726,1.25513756275177
1727,1.392698884010315
1728,1.5373977422714233
1729,1.365523099899292
1730,1.4054285287857056
1731,1.9705241918563843
1732,1.8253695964813232
1733,1.3315917253494263
1734,1.750768780708313
1735,1.967634916305542
1736,1.303746223449707
1737,1.4516173601150513
1738,1.7924150228500366
1739,1.242075800895691
1740,1.8195439577102661
1741,1.4444985389709473
1742,1.3991166353225708
1743,1.272416353225708
1744,1.361426591873169
1745,1.397161841392517
1746,1.3050256967544556
1747,1.4242242574691772
1748,1.4763001203536987
1749,1.1896742582321167
1750,1.4250822067260742
1751,1.7327909469604492
1752,1.2685002088546753
1753,1.9085863828659058
1754,1.318281650543213
1755,1.2616850137710571
1756,1.3209712505340576
1757,1.963793396949768
1758,1.3449721336364746
1759,1.161163330078125
1760,1.5954532623291016
1761,1.2275609970092773
1762,1.204385757446289
1763,1.6337435245513916
1764,1.7579885721206665
1765,1.2818598747253418
1766,1.4695794582366943
1767,1.891603946685791
1768,1.6361634731292725
1769,1.3319870233535767
1770,1.9825571775436401
1771,1.222926139831543
1772,1.4348695278167725
1773,1.2089118957519531
1774,1.4217559099197388
1775,1.3124194145202637
1776,1.7569701671600342
1777,1.1656149625778198
1778,1.991705298423767
1779,1.2549911737442017
1780,1.2506141662597656
1781,1.2188959121704102
1782,1.3374850749969482
1783,1.5464280843734741
1784,1.2904521226882935
1785,1.3689395189285278
1786,1.585532784461975
1787,1.3685048818588257
1788,1.2685608863830566
1789,1.715456485748291
1790,1.2841750383377075
1791,1.301916480064392
1792,1.4107154607772827
1793,1.1927140951156616
1794,1.8981562852859497
1795,1.2278214693069458
1796,1.7380865812301636
1797,1.3088133335113525
1798,1.9875297546386719
1799,1.5652976036071777
1800,1.7824592590332031
1801,1.3304026126861572
1802,1.9863190650939941
1803,1.5805749893188477
1804,1.9700045585632324
1805,1.3080105781555176
1806,1.523006796836853
1807,1.1730910539627075
1808,1.5113887786865234
1809,1.9861348867416382
1810,1.4630762338638306
1811,1.406328558921814
1812,1.3110274076461792
1813,1.293241262435913
1814,1.5825310945510864
1815,1.4851809740066528
1816,1.1791167259216309
1817,1.3523977994918823
1818,1.4584863185882568
1819,1.2154923677444458
1820,1.2301417589187622
1821,1.4306519031524658
1822,1.4305410385131836
1823,1.8334256410598755
1824,1.3263667821884155
1825,1.6567436456680298
1826,1.219166874885559
1827,1.4590764045715332
1828,1.9460641145706177
1829,1.3746764659881592
1830,1.4029607772827148
1831,1.5248985290527344
1832,1.3226425647735596
1833,1.3014808893203735
1834,1.328226923942566
1835,1.2604728937149048
1836,1.2455979585647583
1837,1.2765965461730957
1838,1.3708462715148926
1839,1.3732863664627075
1840,1.9207178354263306
1841,1.6872539520263672
1842,1.8248567581176758
1843,1.951986312866211
1844,1.829919695854187
1845,1.547590970993042
1846,1.2214325666427612
1847,1.9733110666275024
1848,1.3868786096572876
1849,1.7038214206695557
1850,1.2981178760528564
1851,1.4282420873641968
1852,1.7770025730133057
1853,1.2638485431671143
1854,1.713392972946167
1855,1.9644089937210083
1856,1.2664250135421753
1857,1.8027498722076416
1858,1.3218274116516113
1859,1.2781025171279907
1860,1.345510721206665
1861,1.7309956550598145
1862,1.3906636238098145
1863,1.2829409837722778
1864,1.2790985107421875
1865,1.4057841300964355
1866,1.7616745233535767
1867,1.4661327600479126
1868,1.1977988481521606
1869,1.240852952003479
1870,1.3982598781585693
1871,1.8465291261672974
1872,1.2696869373321533
1873,1.3328912258148193
1874,1.8238502740859985
1875,1.8762407302856445
1876,1.3914885520935059
1877,1.3542237281799316
1878,1.3243732452392578
1879,1.7058563232421875
1880,1.8562759160995483
1881,1.2057799100875854
1882,1.9562618732452393
1883,1.7345237731933594
1884,1.5916218757629395
1885,1.3300304412841797
1886,1.298099398612976
1887,1.4414396286010742
1888,1.4128127098083496
1889,1.3053871393203735
1890,1.484357237815857
1891,1.5877840518951416
1892,1.7906948328018188
1893,1.39992356300354
1894,1.3781167268753052
1895,1.3190255165100098
1896,1.3496246337890625
1897,1.399199366569519
1898,1.3663502931594849
1899,1.3263075351715088
1900,1.3862699270248413
1901,1.4982911348342896
1902,1.9662752151489258
1903,1.8221720457077026
1904,1.296188473701477
1905,1.3122484683990479
1906,1.3776112794876099
1907,1.8237618207931519
1908,1.7303297519683838
1909,1.4113810062408447
1910,1.3614085912704468
1911,1.722416639328003
1912,1.3774261474609375
1913,1.3322367668151855
1914,1.995309591293335
1915,1.3124867677688599
1916,1.4668926000595093
1917,1.3413774967193604
1918,1.2957054376602173
1919,1.338249683380127
1920,1.5274193286895752
1921,1.989344835281372
1922,1.9930328130722046
1923,1.3383607864379883
1924,1.182313323020935
1925,1.7353383302688599
1926,1.38678777217865
1927,1.519919991493225
1928,1.9882125854492188
1929,1.3648031949996948
1930,1.9927537441253662
1931,1.2332366704940796
1932,1.2273986339569092
1933,1.4394261837005615
1934,1.990159273147583
1935,1.8895199298858643
1936,1.2455933094024658
1937,1.8820182085037231
1938,1.2213821411132812
1939,1.7884750366210938
1940,1.5073838233947754
1941,1.971903920173645
1942,1.2419768571853638
1943,1.3687567710876465
1944,1.3996423482894897
1945,1.4432041645050049
1946,1.3066084384918213
1947,1.1566426753997803
1948,1.8780708312988281
1949,1.4886863231658936
1950,1.257957935333252
1951,1.3221378326416016
1952,1.2844148874282837
1953,1.3063753843307495
1954,1.3173828125
1955,1.3575539588928223
1956,1.3659785985946655
1957,1.3401302099227905
1958,1.3344477415084839
1959,1.4462882280349731
1960,1.7403485774993896
1961,1.3061443567276
1962,1.5535701513290405
1963,1.7549731731414795
1964,1.730712652206421
1965,1.9871224164962769
1966,1.5064324140548706
1967,1.9861634969711304
1968,1.8210123777389526
1969,1.4057927131652832
1970,1.169763445854187
1971,1.4876821041107178
1972,1.5010535717010498
1973,1.3316456079483032
1974,1.272720456123352
1975,1.8626930713653564
1976,1.336936593055725
1977,1.8398888111114502
1978,1.9197231531143188
1979,1.2332152128219604
1980,1.2107049226760864
1981,1.8961650133132935
1982,1.5686545372009277
1983,1.299985647201538
1984,1.3090182542800903
1985,1.1555657386779785
1986,1.3095455169677734
1987,1.9922899007797241
1988,1.3355350494384766
1989,1.5042893886566162
1990,1.328601360321045
1991,1.455932855606079
1992,1.5538699626922607
1993,1.154963493347168
1994,1.650972604751587
1995,1.2793338298797607
1996,1.9886513948440552
1997,1.3851159811019897
1998,1.9909043312072754
1999,1.7653279304504395
2000,1.1784706115722656
2001,1.9854700565338135
2002,1.3937556743621826
2003,1.5228530168533325
2004,1.4387006759643555
2005,1.277026653289795
2006,1.2809356451034546
2007,1.3636295795440674
2008,1.139161229133606
2009,1.4711058139801025
2010,1.7036422491073608
2011,1.2641819715499878
2012,1.3754422664642334
2013,1.4303417205810547
2014,1.4060466289520264
2015,1.2955117225646973
2016,1.4251396656036377
2017,1.4078892469406128
2018,1.278765082359314
2019,1.3651947975158691
2020,1.2690188884735107
2021,1.2233577966690063
2022,1.2447086572647095
2023,1.2791050672531128
2024,1.3911974430084229
2025,1.3167972564697266
2026,1.6944843530654907
2027,1.6620532274246216
2028,1.791808843612671
2029,1.510668396949768
2030,1.3134227991104126
2031,1.2660188674926758
2032,1.37317955493927
2033,1.9817653894424438
2034,1.5249602794647217
2035,1.718597650527954
2036,1.7906103134155273
2037,1.4214280843734741
2038,1.9957441091537476
2039,1.3396342992782593
2040,1.4026379585266113
2041,1.3003360033035278
2042,1.312825322151184
2043,1.420267939567566
2044,1.2635788917541504
2045,1.2024850845336914
2046,1.9306646585464478
2047,1.9207876920700073
2048,1.7625970840454102
2049,1.3935966491699219
2050,1.3949339389801025
2051,1.9880574941635132
2052,1.939713954925537
2053,1.4097847938537598
2054,1.4237028360366821
2055,1.2004190683364868
2056,1.3660731315612793
2057,1.617392659187317
2058,1.3488692045211792
2059,1.5072437524795532
2060,1.509987473487854
2061,1.4563961029052734
2062,1.3069051504135132
2063,1.5497286319732666
2064,1.9953455924987793
2065,1.7385717630386353
2066,1.5086476802825928
2067,1.4619866609573364
2068,1.2746385335922241
2069,1.2452545166015625
2070,1.2789366245269775
2071,1.279836893081665
2072,1.7296271324157715
2073,1.4614664316177368
2074,1.3995290994644165
2075,1.9926512241363525
2076,1.5909713506698608
2077,1.2358355522155762
2078,1.2777429819107056
2079,1.9961433410644531
2080,1.98747980594635
2081,1.2413818836212158
2082,1.8906702995300293
2083,1.3654718399047852
2084,1.2505791187286377
2085,1.3345633745193481
2086,1.9870017766952515
2087,1.9851049184799194
2088,1.795749306678772
2089,1.3715839385986328
2090,1.5033713579177856
2091,1.9729156494140625
2092,1.2015730142593384
2093,1.2350069284439087
2094,1.3156908750534058
2095,1.705473780632019
2096,1.2723482847213745
2097,1.7837046384811401
2098,1.3108148574829102
2099,1.988804578781128
2100,1.7139599323272705
2101,1.214664101600647
2102,1.3433820009231567
2103,1.3464860916137695
2104,1.722790241241455
2105,1.3493901491165161
2106,1.491688847541809
2107,1.3547580242156982
2108,1.9903467893600464
2109,1.32094407081604
2110,1.2099348306655884
2111,1.408220648765564
2112,1.3889974355697632
2113,1.6026968955993652
2114,1.9780572652816772
2115,1.9234964847564697
2116,1.2497961521148682
2117,1.4839801788330078
2118,1.539574384689331
2119,1.4803085327148438
2120,1.8029979467391968
2121,1.5046412944793701
2122,1.4609646797180176
2123,1.9958112239837646
2124,1.3881741762161255
2125,1.7547359466552734
2126,1.2025330066680908
2127,1.546923279762268
2128,1.6014567613601685
2129,1.260369896888733
2130,1.4390755891799927
2131,1.7720654010772705
2132,1.3070894479751587
2133,1.238964557647705
2134,1.9676111936569214
2135,1.335450530052185
2136,1.3486744165420532
2137,1.22891104221344
2138,1.277562141418457
2139,1.9528142213821411
2140,1.9829260110855103
2141,1.3328815698623657
2142,1.8769956827163696
2143,1.2215914726257324
2144,1.982068419456482
2145,1.3630306720733643
2146,1.9559487104415894
2147,1.4759591817855835
2148,1.9942433834075928
2149,1.4416794776916504
2150,1.3385882377624512
2151,1.791166067123413
2152,1.5230486392974854
2153,1.6031357049942017
2154,1.5610743761062622
2155,1.790021300315857
2156,1.2785773277282715
2157,1.3793575763702393
2158,1.2870227098464966
2159,1.3606213331222534
2160,1.2050724029541016
2161,1.5312193632125854
2162,1.810168743133545
2163,1.4019665718078613
2164,1.3543848991394043
2165,1.2311816215515137
2166,1.4216251373291016
2167,1.1882432699203491
2168,1.2953782081604004
2169,1.8230878114700317
2170,1.3429267406463623
2171,1.2210358381271362
2172,1.4156293869018555
2173,1.5510363578796387
2174,1.1546140909194946
2175,1.8144503831863403
2176,1.7402399778366089
2177,1.2056968212127686
2178,1.2775925397872925
2179,1.3431634902954102
2180,1.4334793090820312
2181,1.3594194650650024
2182,1.572941541671753
2183,1.351992130279541
2184,1.705186128616333
2185,1.6504591703414917
2186,1.7552694082260132
2187,1.4353567361831665
2188,1.2068790197372437
2189,1.8871963024139404
2190,1.433013916015625
2191,1.3897837400436401
2192,1.342362642288208
2193,1.4916096925735474
2194,1.2468053102493286
2195,1.3401187658309937
2196,1.8811023235321045
2197,1.5590897798538208
2198,1.2659481763839722
2199,1.2960035800933838
2200,1.3615074157714844
2201,1.6837329864501953
2202,1.263725996017456
2203,1.3327826261520386
2204,1.9921886920928955
2205,1.547768473625183
2206,1.326228380203247
2207,1.4615031480789185
2208,1.2017059326171875
2209,1.241897463798523
2210,1.7099908590316772
2211,1.3355571031570435
2212,1.3280718326568604
2213,1.5686964988708496
2214,1.3475877046585083
2215,1.7630943059921265
2216,1.366988182067871
2217,1.5175535678863525
2218,1.3732500076293945
2219,1.4221278429031372
2220,1.302664875984192
2221,1.3289694786071777
2222,1.420693278312683
2223,1.5026987791061401
2224,1.7854503393173218
2225,1.5269397497177124
2226,1.7261550426483154
2227,1.3460309505462646
2228,1.457996129989624
2229,1.8307052850723267
2230,1.3209645748138428
2231,1.3046962022781372
2232,1.6253987550735474
2233,1.3083906173706055
2234,1.2370587587356567
2235,1.3813546895980835
2236,1.9337824583053589
2237,1.2135778665542603
2238,1.7527574300765991
2239,1.3015532493591309
2240,1.3819135427474976
2241,1.7085210084915161
2242,1.1873246431350708
2243,1.4949886798858643
2244,1.4717187881469727
2245,1.205692172050476
2246,1.7443652153015137
2247,1.2210661172866821
2248,1.6999164819717407
2249,1.9844073057174683
2250,1.9785586595535278
2251,1.3449532985687256
2252,1.4509148597717285
2253,1.5847197771072388
2254,1.3370202779769897
2255,1.2397124767303467
2256,1.9824576377868652
2257,1.1734706163406372
2258,1.3628841638565063
2259,1.2486324310302734
2260,1.9876540899276733
2261,1.2522656917572021
2262,1.3405128717422485
2263,1.246975064277649
2264,1.3784198760986328
2265,1.9484565258026123
2266,1.1796948909759521
2267,1.6039161682128906
2268,1.3019071817398071
2269,1.3627500534057617
2270,1.3322861194610596
2271,1.2687032222747803
2272,1.524845838546753
2273,1.3013001680374146
2274,1.8222150802612305
2275,1.9820457696914673
2276,1.9653390645980835
2277,1.2574503421783447
2278,1.3527326583862305
2279,1.2419618368148804
2280,1.280310869216919
2281,1.9934083223342896
2282,1.3875340223312378
2283,1.3601429462432861
2284,1.234049677848816
2285,1.3497743606567383
2286,1.2534022331237793
2287,1.175718903541565
2288,1.3052074909210205
2289,1.2578165531158447
2290,1.3568511009216309
2291,1.628588080406189
2292,1.28713059425354
2293,1.4524507522583008
2294,1.8027970790863037
2295,1.3895421028137207
2296,1.328046202659607
2297,1.3307440280914307
2298,1.2715879678726196
2299,1.5710917711257935
2300,1.5188570022583008
2301,1.9868576526641846
2302,1.7696276903152466
2303,1.545723795890808
2304,1.3089405298233032
2305,1.7122224569320679
2306,1.9813921451568604
2307,1.6358637809753418
2308,1.5810953378677368
2309,1.3028242588043213
2310,1.6751317977905273
2311,1.377416729927063
2312,1.1755163669586182
2313,1.3240692615509033
2314,1.3574347496032715
2315,1.9923672676086426
2316,1.8515688180923462
2317,1.7449917793273926
2318,1.4892174005508423
2319,1.2312934398651123
2320,1.3781273365020752
2321,1.722629427909851
2322,1.9938138723373413
2323,1.5319342613220215
2324,1.7408289909362793
2325,1.1695598363876343
2326,1.2278293371200562
2327,1.7499076128005981
2328,1.2371695041656494
2329,1.1178593635559082
2330,1.5295132398605347
2331,1.9934457540512085
2332,1.4578911066055298
2333,1.2758920192718506
2334,1.333592414855957
2335,1.258285641670227
2336,1.3588608503341675
2337,1.3084849119186401
2338,1.3105909824371338
2339,1.3186604976654053
2340,1.5025814771652222
2341,1.7520759105682373
2342,1.209753155708313
2343,1.994340181350708
2344,1.2458668947219849
2345,1.3795455694198608
2346,1.3368395566940308
2347,1.294516921043396
2348,1.3719127178192139
2349,1.6010518074035645
2350,1.5710265636444092
2351,1.2364706993103027
2352,1.43527090549469
2353,1.5913242101669312
2354,1.9948562383651733
2355,1.1764403581619263
2356,1.791333556175232
2357,1.217824101448059
2358,1.450441837310791
2359,1.4583083391189575
2360,1.2804805040359497
2361,1.286289095878601
2362,1.90373694896698
2363,1.3281059265136719
2364,1.3461450338363647
2365,1.3844245672225952
2366,1.3279207944869995
2367,1.3070194721221924
2368,1.2149219512939453
2369,1.5826010704040527
2370,1.3783541917800903
2371,1.4846596717834473
2372,1.3932955265045166
2373,1.3155447244644165
2374,1.2728577852249146
2375,1.4628245830535889
2376,1.2567949295043945
2377,1.2656725645065308
2378,1.5243935585021973
2379,1.368460774421692
2380,1.4473192691802979
2381,1.6548436880111694
2382,1.671925663948059
2383,1.9634488821029663
2384,1.973948359489441
2385,1.5242116451263428
2386,1.844863772392273
2387,1.3379878997802734
2388,1.4161620140075684
2389,1.253967523574829
2390,1.3791029453277588
2391,1.6221156120300293
2392,1.3570305109024048
2393,1.5187959671020508
2394,1.2237809896469116
2395,1.2769097089767456
2396,1.760951042175293
2397,1.3615130186080933
2398,1.6651805639266968
2399,1.9901586771011353
2400,1.5960676670074463
2401,1.3807224035263062
2402,1.4598925113677979
2403,1.390002727508545
2404,1.6301549673080444
2405,1.3648061752319336
2406,1.272420048713684
2407,1.9504190683364868
2408,1.234220027923584
2409,1.537352442741394
2410,1.3553507328033447
2411,1.3456954956054688
2412,1.6044785976409912
2413,1.4422059059143066
2414,1.2085505723953247
2415,1.3453891277313232
2416,1.3335027694702148
2417,1.9814248085021973
2418,1.2562342882156372
2419,1.8130391836166382
2420,1.9850735664367676
2421,1.4546515941619873
2422,1.8354963064193726
2423,1.988876223564148
2424,1.2326029539108276
2425,1.7100938558578491
2426,1.4564212560653687
2427,1.354907751083374
2428,1.3076348304748535
2429,1.9883701801300049
2430,1.624035358428955
2431,1.1181460618972778
2432,1.978825569152832
2433,1.2334579229354858
2434,1.290974497795105
2435,1.5106757879257202
2436,1.2190760374069214
2437,1.5198503732681274
2438,1.8758431673049927
2439,1.6713476181030273
2440,1.3906763792037964
2441,1.7691360712051392
2442,1.2177510261535645
2443,1.531119704246521
2444,1.8538603782653809
2445,1.2564936876296997
2446,1.992080569267273
2447,1.37162446975708
2448,1.9942147731781006
2449,1.4522894620895386
2450,1.3342167139053345
2451,1.3793033361434937
2452,1.7879904508590698
2453,1.30341637134552
2454,1.6322834491729736
2455,1.6524330377578735
2456,1.3703587055206299
2457,1.2596832513809204
2458,1.840618371963501
2459,1.8082308769226074
2460,1.9791821241378784
2461,1.5054423809051514
2462,1.9824124574661255
2463,1.9782319068908691
2464,1.8916537761688232
2465,1.3231810331344604
2466,1.5034316778182983
2467,1.4944069385528564
2468,1.4002243280410767
2469,1.383915901184082
2470,1.4281831979751587
2471,1.3766438961029053
2472,1.2024208307266235
2473,1.3693578243255615
2474,1.4988740682601929
2475,1.4028154611587524
2476,1.3411543369293213
2477,1.4391117095947266
2478,1.4631140232086182
2479,1.1645846366882324
2480,1.3018146753311157
2481,1.3690907955169678
2482,1.969351887702942
2483,1.4049382209777832
2484,1.3782204389572144
2485,1.2637298107147217
2486,1.4151568412780762
2487,1.2974207401275635
2488,1.3435345888137817
2489,1.4946531057357788
2490,1.3453079462051392
2491,1.2342758178710938
2492,1.951328992843628
2493,1.718197226524353
2494,1.4856793880462646
2495,1.3580821752548218
2496,1.7296255826950073
2497,1.9961820840835571
2498,1.4480104446411133
2499,1.7711234092712402
2500,1.3638418912887573
2501,1.3546056747436523
2502,1.2283896207809448
2503,1.727462649345398
2504,1.7109969854354858
2505,1.2935982942581177
2506,1.4156112670898438
2507,1.5762516260147095
2508,1.3936405181884766
2509,1.3662961721420288
2510,1.4178550243377686
2511,1.8558897972106934
2512,1.5333417654037476
2513,1.326989769935608
2514,1.6395840644836426
2515,1.2317615747451782
2516,1.3443353176116943
2517,1.2102608680725098
2518,1.9831658601760864
2519,1.984723448753357
2520,1.4708601236343384
2521,1.3490246534347534
2522,1.4058436155319214
2523,1.4703198671340942
2524,1.5627902746200562
2525,1.781522274017334
2526,1.2679516077041626
2527,1.5552513599395752
2528,1.9633108377456665
2529,1.6622951030731201
2530,1.3558990955352783
2531,1.6413367986679077
2532,1.3492361307144165
2533,1.3199958801269531
2534,1.523574709892273
2535,1.2487791776657104
2536,1.440839171409607
2537,1.477790117263794
2538,1.3159453868865967
2539,1.2869306802749634
2540,1.3618884086608887
2541,1.32550048828125
2542,1.4161566495895386
2543,1.7491413354873657
2544,1.2983797788619995
2545,1.2692372798919678
2546,1.2758467197418213
2547,1.9978926181793213
2548,1.3898755311965942
2549,1.3731935024261475
2550,1.2113081216812134
2551,1.378052830696106
2552,1.195613980293274
2553,1.7029902935028076
2554,1.3975313901901245
2555,1.3868377208709717
2556,1.9948225021362305
2557,1.4285968542099
2558,1.196639060974121
2559,1.7015188932418823
2560,1.261903166770935
2561,1.8377563953399658
2562,1.5153343677520752
2563,1.2070449590682983
2564,1.8165053129196167
2565,1.3852450847625732
2566,1.4475778341293335
2567,1.2729910612106323
2568,1.3414067029953003
2569,1.4411640167236328
2570,1.4095746278762817
2571,1.258454442024231
2572,1.991145372390747
2573,1.8854588270187378
2574,1.376789927482605
2575,1.3354694843292236
2576,1.3426538705825806
2577,1.7603137493133545
2578,1.169360637664795
2579,1.9966604709625244
2580,1.9928877353668213
2581,1.1879891157150269
2582,1.2386726140975952
2583,1.6479696035385132
2584,1.2553315162658691
2585,1.3977539539337158
2586,1.4164010286331177
2587,1.941550850868225
2588,1.2802218198776245
2589,1.2478830814361572
2590,1.9247410297393799
2591,1.450361967086792
2592,1.8535479307174683
2593,1.412834882736206
2594,1.1718332767486572
2595,1.4166642427444458
2596,1.5376205444335938
2597,1.9438139200210571
2598,1.318947196006775
2599,1.7426891326904297
2600,1.3548449277877808
2601,1.2750117778778076
2602,1.4296513795852661
2603,1.3362233638763428
2604,1.235139012336731
2605,1.4480717182159424
2606,1.8566192388534546
2607,1.264183759689331
2608,1.6791554689407349
2609,1.91703200340271
2610,1.3684720993041992
2611,1.6442229747772217
2612,1.469028115272522
2613,1.8348991870880127
2614,1.9824793338775635
2615,1.9663697481155396
2616,1.3581392765045166
2617,1.7987208366394043
2618,1.608238697052002
2619,1.8138684034347534
2620,1.2756476402282715
2621,1.8264211416244507
2622,1.3583301305770874
2623,1.219412922859192
2624,1.324694037437439
2625,1.291477918624878
2626,1.6371229887008667
2627,1.3400665521621704
2628,1.3052083253860474
2629,1.578197717666626
2630,1.1808477640151978
2631,1.527708888053894
2632,1.2198565006256104
2633,1.3586667776107788
2634,1.9952583312988281
2635,1.5168237686157227
2636,1.4607632160186768
2637,1.2354180812835693
2638,1.346543550491333
2639,1.4163850545883179
2640,1.1920567750930786
2641,1.8571497201919556
2642,1.3174489736557007
2643,1.2230113744735718
2644,1.359655499458313
2645,1.3593803644180298
2646,1.3930418491363525
2647,1.2689629793167114
2648,1.3605819940567017
2649,1.2293747663497925
2650,1.4423401355743408
2651,1.201747179031372
2652,1.2994071245193481
2653,1.3903875350952148
2654,1.1888740062713623
2655,1.9758174419403076
2656,1.922142505645752
2657,1.9896979331970215
2658,1.8758364915847778
2659,1.9924416542053223
2660,1.6096850633621216
2661,1.3731130361557007
2662,1.3397246599197388
2663,1.3480808734893799
2664,1.3669424057006836
2665,1.7367229461669922
2666,1.3241318464279175
2667,1.1987335681915283
2668,1.1550869941711426
2669,1.1794860363006592
2670,1.2894794940948486
2671,1.2916597127914429
2672,1.2623519897460938
2673,1.3804000616073608
2674,1.2129751443862915
2675,1.3055100440979004
2676,1.6355141401290894
2677,1.2593307495117188
2678,1.453789472579956
2679,1.223944902420044
2680,1.8748300075531006
2681,1.9875842332839966
2682,1.3845900297164917
2683,1.323653221130371
2684,1.3502824306488037
2685,1.6773747205734253
2686,1.55894136428833
2687,1.7980895042419434
2688,1.437609076499939
2689,1.2547646760940552
2690,1.5369793176651
2691,1.3565540313720703
2692,1.5071078538894653
2693,1.6920607089996338
2694,1.84049391746521
2695,1.492382526397705
2696,1.7705316543579102
2697,1.9976091384887695
2698,1.3252370357513428
2699,1.8711007833480835
2700,1.1537801027297974
2701,1.824741005897522
2702,1.3162018060684204
2703,1.2580616474151611
2704,1.388639211654663
2705,1.3270026445388794
2706,1.3530558347702026
2707,1.3273420333862305
2708,1.535971999168396
2709,1.7619171142578125
2710,1.5451102256774902
2711,1.8978936672210693
2712,1.283500075340271
2713,1.4620258808135986
2714,1.4325242042541504
2715,1.2734520435333252
2716,1.7411822080612183
2717,1.2850964069366455
2718,1.556523323059082
2719,1.3172972202301025
2720,1.9815787076950073
2721,1.9923951625823975
2722,1.440478801727295
2723,1.4210448265075684
2724,1.992040753364563
2725,1.3320595026016235
2726,1.9234728813171387
2727,1.9860727787017822
2728,1.3515944480895996
2729,1.2932538986206055
2730,1.6939852237701416
2731,1.5227761268615723
2732,1.3581770658493042
2733,1.3839585781097412
2734,1.770763635635376
2735,1.1680091619491577
2736,1.5204496383666992
2737,1.2662622928619385
2738,1.21331787109375
2739,1.9118598699569702
2740,1.9935483932495117
2741,1.3394322395324707
2742,1.2840697765350342
2743,1.2916300296783447
2744,1.979406714439392
2745,1.546356201171875
2746,1.7579597234725952
2747,1.284340262413025
2748,1.3384672403335571
2749,1.2258087396621704
2750,1.2846144437789917
2751,1.24168860912323
2752,1.9937528371810913
2753,1.7944831848144531
2754,1.2749829292297363
2755,1.3551850318908691
2756,1.2286133766174316
2757,1.6797877550125122
2758,1.5595271587371826
2759,1.4517366886138916
2760,1.9905272722244263
2761,1.2800750732421875
2762,1.2293832302093506
2763,1.2827709913253784
2764,1.7005521059036255
2765,1.3598181009292603
2766,1.8230006694793701
2767,1.3838826417922974
2768,1.427814245223999
2769,1.6894068717956543
2770,1.2578024864196777
2771,1.892792820930481
2772,1.4818644523620605
2773,1.595881462097168
2774,1.4693595170974731
2775,1.6162960529327393
2776,1.3521990776062012
2777,1.4106357097625732
2778,1.5147428512573242
2779,1.3210945129394531
2780,1.31105637550354
2781,1.8156367540359497
2782,1.3036439418792725
2783,1.7414814233779907
2784,1.913405179977417
2785,1.6695611476898193
2786,1.3482400178909302
2787,1.2264511585235596
2788,1.1470203399658203
2789,1.555211067199707
2790,1.368914008140564
2791,1.1970338821411133
2792,1.3347312211990356
2793,1.2861354351043701
2794,1.3037017583847046
2795,1.2951816320419312
2796,1.9955440759658813
2797,1.39011549949646
2798,1.759746789932251
2799,1.3842737674713135
2800,1.2257158756256104
2801,1.791537880897522
2802,1.8156343698501587
2803,1.8164077997207642
2804,1.3307385444641113
2805,1.4666353464126587
2806,1.6513556241989136
2807,1.3651272058486938
2808,1.1817878484725952
2809,1.271336555480957
2810,1.37983238697052
2811,1.4127843379974365
2812,1.9534590244293213
2813,1.344462275505066
2814,1.3464863300323486
2815,1.3747612237930298
2816,1.8474329710006714
2817,1.3327211141586304
2818,1.9932212829589844
2819,1.4531975984573364
2820,1.2530837059020996
2821,1.2885615825653076
2822,1.5929509401321411
2823,1.9765344858169556
2824,1.2709611654281616
2825,1.9664030075073242
2826,1.3371409177780151
2827,1.9794154167175293
2828,1.4845917224884033
2829,1.8785223960876465
2830,1.2186164855957031
2831,1.244988203048706
2832,1.2792710065841675
2833,1.6015815734863281
2834,1.9879264831542969
2835,1.247254729270935
2836,1.3622108697891235
2837,1.371860384941101
2838,1.402127981185913
2839,1.856960415840149
2840,1.5298559665679932
2841,1.300703763961792
2842,1.6541966199874878
2843,1.2726038694381714
2844,1.348144292831421
2845,1.9791804552078247
2846,1.5562621355056763
2847,1.7855638265609741
2848,1.2861114740371704
2849,1.3881224393844604
2850,1.7769273519515991
2851,1.9462450742721558
2852,1.464087963104248
2853,1.336289644241333
2854,1.4458013772964478
2855,1.3919131755828857
2856,1.8486247062683105
2857,1.9916812181472778
2858,1.2565704584121704
2859,1.7017022371292114
2860,1.938808560371399
2861,1.740043044090271
2862,1.4576197862625122
2863,1.2619386911392212
2864,1.9930391311645508
2865,1.2559536695480347
2866,1.4760475158691406
2867,1.3917877674102783
2868,1.7755842208862305
2869,1.6921473741531372
2870,1.7771742343902588
2871,1.4487648010253906
2872,1.3586682081222534
2873,1.763761043548584
2874,1.3584070205688477
2875,1.6992212533950806
2876,1.6902782917022705
2877,1.3798325061798096
2878,1.518477439880371
2879,1.5365535020828247
2880,1.3012906312942505
2881,1.9886621236801147
2882,1.257902979850769
2883,1.2966797351837158
2884,1.3521764278411865
2885,1.985734224319458
2886,1.2712613344192505
2887,1.2828387022018433
2888,1.709460735321045
2889,1.5361030101776123
2890,1.3093897104263306
2891,1.7502341270446777
2892,1.3780455589294434
2893,1.2201327085494995
2894,1.9124921560287476
2895,1.393803596496582
2896,1.9910356998443604
2897,1.3037430047988892
2898,1.3852801322937012
2899,1.8197859525680542
2900,1.480867862701416
2901,1.984484076499939
2902,1.2757585048675537
2903,1.31455397605896
2904,1.490159034729004
2905,1.3625142574310303
2906,1.7763291597366333
2907,1.52911376953125
2908,1.991638422012329
2909,1.2876415252685547
2910,1.4121454954147339
2911,1.3883802890777588
2912,1.3175615072250366
2913,1.3930922746658325
2914,1.5220959186553955
2915,1.6498388051986694
2916,1.3055989742279053
2917,1.7248095273971558
2918,1.4104496240615845
2919,1.4365460872650146
2920,1.511214017868042
2921,1.6694051027297974
2922,1.627556562423706
2923,1.184528112411499
2924,1.3630316257476807
2925,1.4152002334594727
2926,1.6082621812820435
2927,1.7923691272735596
2928,1.4171262979507446
2929,1.2414237260818481
2930,1.2825706005096436
2931,1.9701511859893799
2932,1.8060059547424316
2933,1.5420253276824951
2934,1.7274055480957031
2935,1.3505163192749023
2936,1.409528374671936
2937,1.9913504123687744
2938,1.3709982633590698
2939,1.2957292795181274
2940,1.5080931186676025
2941,1.6126220226287842
2942,1.2313380241394043
2943,1.3915985822677612
2944,1.9160276651382446
2945,1.3787704706192017
2946,1.5285224914550781
2947,1.4820654392242432
2948,1.9490841627120972
2949,1.8087447881698608
2950,1.8986047506332397
2951,1.4761723279953003
2952,1.6055891513824463
2953,1.3293765783309937
2954,1.383945345878601
2955,1.9809117317199707
2956,1.9766404628753662
2957,1.2544739246368408
2958,1.7779808044433594
2959,1.3495975732803345
2960,1.3039010763168335
2961,1.3479938507080078
2962,1.486815094947815
2963,1.4995728731155396
2964,1.5858569145202637
2965,1.3154149055480957
2966,1.9902223348617554
2967,1.3221104145050049
2968,1.4876550436019897
2969,1.982898235321045
2970,1.2510135173797607
2971,1.9589276313781738
2972,1.1894973516464233
2973,1.3336957693099976
2974,1.3410412073135376
2975,1.4264904260635376
2976,1.758940577507019
2977,1.2680203914642334
2978,1.4838600158691406
2979,1.406130075454712
2980,1.2706055641174316
2981,1.3133660554885864
2982,1.9879688024520874
2983,1.3604391813278198
2984,1.8799716234207153
2985,1.7945668697357178
2986,1.4728068113327026
2987,1.5172791481018066
2988,1.3458040952682495
2989,1.6120870113372803
2990,1.3964253664016724
2991,1.990151047706604
2992,1.257194995880127
2993,1.1528735160827637
2994,1.5546846389770508
2995,1.6427797079086304
2996,1.2996317148208618
2997,1.3846278190612793
2998,1.2416326999664307
2999,1.7227035760879517
3000,1.3209248781204224
3001,1.7010085582733154
3002,1.5098841190338135
3003,1.6202645301818848
3004,1.3114639520645142
3005,1.3927711248397827
3006,1.395331859588623
3007,1.3591761589050293
3008,1.3486143350601196
3009,1.8766711950302124
3010,1.297682523727417
3011,1.5224716663360596
3012,1.822906255722046
3013,1.3914672136306763
3014,1.6427606344223022
3015,1.9893929958343506
3016,1.391048789024353
3017,1.376570224761963
3018,1.2595491409301758
3019,1.9837918281555176
3020,1.3553929328918457
3021,1.3483823537826538
3022,1.3232810497283936
3023,1.3160892724990845
3024,1.3774911165237427
3025,1.3791807889938354
3026,1.2916055917739868
3027,1.1757651567459106
3028,1.9170880317687988
3029,1.3348910808563232
3030,1.6152334213256836
3031,1.6487576961517334
3032,1.924434781074524
3033,1.3226696252822876
3034,1.2508386373519897
3035,1.2584730386734009
3036,1.8303008079528809
3037,1.2941837310791016
3038,1.4029945135116577
3039,1.346448540687561
3040,1.4438591003417969
3041,1.4841383695602417
3042,1.7264740467071533
3043,1.3647515773773193
3044,1.3336035013198853
3045,1.9787360429763794
3046,1.4698176383972168
3047,1.3775880336761475
3048,1.8517142534255981
3049,1.3119423389434814
3050,1.1984747648239136
3051,1.344186782836914
3052,1.3874272108078003
3053,1.2624691724777222
3054,1.9864997863769531
3055,1.2564475536346436
3056,1.3317720890045166
3057,1.2217724323272705
3058,1.4613128900527954
3059,1.305862307548523
3060,1.2988182306289673
3061,1.861259937286377
3062,1.7293436527252197
3063,1.338527798652649
3064,1.953112244606018
3065,1.2954355478286743
3066,1.2639142274856567
3067,1.215382695198059
3068,1.8618335723876953
3069,1.5277061462402344
3070,1.3920886516571045
3071,1.5234758853912354
3072,1.6128946542739868
3073,1.9972552061080933
3074,1.7164641618728638
3075,1.3709464073181152
3076,1.3848271369934082
3077,1.2713091373443604
3078,1.3292142152786255
3079,1.4836140871047974
3080,1.369971752166748
3081,1.4068236351013184
3082,1.6575183868408203
3083,1.9941352605819702
3084,1.2983959913253784
3085,1.3491950035095215
3086,1.46567964553833
3087,1.7011528015136719
3088,1.9221103191375732
3089,1.7758350372314453
3090,1.9803695678710938
3091,1.9905986785888672
3092,1.3251612186431885
3093,1.4122556447982788
3094,1.3846758604049683
3095,1.3894474506378174
3096,1.9803519248962402
3097,1.9866901636123657
3098,1.3562614917755127
3099,1.504454493522644
3100,1.7837414741516113
3101,1.5042085647583008
3102,1.3947794437408447
3103,1.8513087034225464
3104,1.353574514389038
3105,1.3864468336105347
3106,1.6691657304763794
3107,1.217472791671753
3108,1.5065420866012573
3109,1.5411412715911865
3110,1.89654541015625
3111,1.4554579257965088
3112,1.3356196880340576
3113,1.3141388893127441
3114,1.3497053384780884
3115,1.5719623565673828
3116,1.9799811840057373
3117,1.4683525562286377
3118,1.9818662405014038
3119,1.891972541809082
3120,1.5458168983459473
3121,1.8058680295944214
3122,1.9887233972549438
3123,1.4075589179992676
3124,1.4830552339553833
3125,1.3532464504241943
3126,1.4999654293060303
3127,1.467964768409729
3128,1.371799111366272
3129,1.488724708557129
3130,1.2609761953353882
3131,1.409183382987976
3132,1.3823755979537964
3133,1.3088304996490479
3134,1.4121185541152954
3135,1.549073338508606
3136,1.268818736076355
3137,1.3798775672912598
3138,1.983253836631775
3139,1.1713136434555054
3140,1.5962951183319092
3141,1.273250937461853
3142,1.5101518630981445
3143,1.3412697315216064
3144,1.1457797288894653
3145,1.5841151475906372
3146,1.5785655975341797
3147,1.4901337623596191
3148,1.4536232948303223
3149,1.3125438690185547
3150,1.8057949542999268
3151,1.4371684789657593
3152,1.6654731035232544
3153,1.9935742616653442
3154,1.1482620239257812
3155,1.4885380268096924
3156,1.3425201177597046
3157,1.5571887493133545
3158,1.4644646644592285
3159,1.4009122848510742
3160,1.5350277423858643
3161,1.373462438583374
3162,1.360936164855957
3163,1.9243143796920776
3164,1.331952691078186
3165,1.4042948484420776
3166,1.3599841594696045
3167,1.2420440912246704
3168,1.3619173765182495
3169,1.4371216297149658
3170,1.3083696365356445
3171,1.2105673551559448
3172,1.6687712669372559
3173,1.3159655332565308
3174,1.7930855751037598
3175,1.6659802198410034
3176,1.4939916133880615
3177,1.7938482761383057
3178,1.3044703006744385
3179,1.371176838874817
3180,1.2532844543457031
3181,1.7078814506530762
3182,1.3587595224380493
3183,1.5267088413238525
3184,1.32856285572052
3185,1.3166285753250122
3186,1.2223929166793823
3187,1.417014241218567
3188,1.347324252128601
3189,1.5184483528137207
3190,1.7086808681488037
3191,1.2735092639923096
3192,1.9843065738677979
3193,1.8399080038070679
3194,1.707925796508789
3195,1.7615196704864502
3196,1.3019559383392334
3197,1.1974632740020752
3198,1.4904108047485352
3199,1.7573705911636353
3200,1.4992327690124512
3201,1.287649393081665
3202,1.5719504356384277
3203,1.5803613662719727
3204,1.1538006067276
3205,1.5874309539794922
3206,1.7634245157241821
3207,1.5307648181915283
3208,1.5419167280197144
3209,1.9917314052581787
3210,1.3064525127410889
3211,1.4389770030975342
3212,1.641209602355957
3213,1.2188496589660645
3214,1.581642985343933
3215,1.4255499839782715
3216,1.860894799232483
3217,1.6769987344741821
3218,1.4911726713180542
3219,1.7975891828536987
3220,1.4791141748428345
3221,1.4754300117492676
3222,1.7104569673538208
3223,1.3176484107971191
3224,1.4818040132522583
3225,1.312307357788086
3226,1.4767124652862549
3227,1.328141450881958
3228,1.3227945566177368
3229,1.8123717308044434
3230,1.4327830076217651
3231,1.4084539413452148
3232,1.3004168272018433
3233,1.3457766771316528
3234,1.973862886428833
3235,1.5010968446731567
3236,1.9856832027435303
3237,1.6281689405441284
3238,1.3397326469421387
3239,1.4928356409072876
3240,1.8587462902069092
3241,1.1455645561218262
3242,1.5365731716156006
3243,1.2177858352661133
3244,1.3167978525161743
3245,1.2722811698913574
3246,1.9961260557174683
3247,1.290015459060669
3248,1.214807152748108
3249,1.2938517332077026
3250,1.706965684890747
3251,1.3331689834594727
3252,1.9894126653671265
3253,1.330247163772583
3254,1.3728504180908203
3255,1.2024341821670532
3256,1.2284964323043823
3257,1.4141813516616821
3258,1.437248706817627
3259,1.4507110118865967
3260,1.5134676694869995
3261,1.6819796562194824
3262,1.368704080581665
3263,1.2096203565597534
3264,1.3540908098220825
3265,1.4307072162628174
3266,1.9502601623535156
3267,1.5468851327896118
3268,1.415291428565979
3269,1.9873836040496826
3270,1.2740051746368408
3271,1.4899992942810059
3272,1.3081963062286377
3273,1.2661406993865967
3274,1.3342714309692383
3275,1.4804328680038452
3276,1.4284322261810303
3277,1.7902946472167969
3278,1.6483252048492432
3279,1.9941277503967285
3280,1.2681028842926025
3281,1.3019399642944336
3282,1.6092368364334106
3283,1.4808741807937622
3284,1.473606824874878
3285,1.27366304397583
3286,1.3508214950561523
3287,1.293113112449646
3288,1.812771201133728
3289,1.465064525604248
3290,1.5505534410476685
3291,1.4122251272201538
3292,1.4163169860839844
3293,1.9879968166351318
3294,1.2003623247146606
3295,1.8340057134628296
3296,1.3686810731887817
3297,1.3455156087875366
3298,1.9645214080810547
3299,1.6674948930740356
3300,1.3844598531723022
3301,1.4618836641311646
3302,1.2987337112426758
3303,1.5276660919189453
3304,1.3045029640197754
3305,1.7975375652313232
3306,1.3065786361694336
3307,1.2787870168685913
3308,1.5393476486206055
3309,1.3147426843643188
3310,1.4862427711486816
3311,1.3805692195892334
3312,1.4064861536026
3313,1.1664341688156128
3314,1.8713023662567139
3315,1.2532178163528442
3316,1.3741421699523926
3317,1.7237097024917603
3318,1.8027936220169067
3319,1.3765649795532227
3320,1.2050700187683105
3321,1.3781018257141113
3322,1.8347866535186768
3323,1.2723908424377441
3324,1.2903786897659302
3325,1.8274263143539429
3326,1.3856779336929321
3327,1.3846285343170166
3328,1.6732616424560547
3329,1.8773510456085205
3330,1.5229544639587402
3331,1.3883960247039795
3332,1.334235429763794
3333,1.153745174407959
3334,1.9734392166137695
3335,1.4150477647781372
3336,1.986668586730957
3337,1.8743369579315186
3338,1.41447913646698
3339,1.3071982860565186
3340,1.9765435457229614
3341,1.1888923645019531
3342,1.9929975271224976
3343,1.271435022354126
3344,1.2413747310638428
3345,1.430983543395996
3346,1.4075788259506226
3347,1.345165729522705
3348,1.9024553298950195
3349,1.2133115530014038
3350,1.43265962600708
3351,1.6124464273452759
3352,1.9796282052993774
3353,1.5145808458328247
3354,1.5626168251037598
3355,1.3347289562225342
3356,1.9726349115371704
3357,1.3623989820480347
3358,1.4788165092468262
3359,1.5006911754608154
3360,1.2628295421600342
3361,1.375846028327942
3362,1.30544912815094
3363,1.5611646175384521
3364,1.9076626300811768
3365,1.2456557750701904
3366,1.6695597171783447
3367,1.321431279182434
3368,1.9962599277496338
3369,1.3115450143814087
3370,1.2690792083740234
3371,1.4832146167755127
3372,1.3603501319885254
3373,1.2212241888046265
3374,1.6784964799880981
3375,1.89768648147583
3376,1.530141830444336
3377,1.575024127960205
3378,1.3257807493209839
3379,1.9863336086273193
3380,1.4458057880401611
3381,1.3528871536254883
3382,1.9924017190933228
3383,1.2629796266555786
3384,1.712661862373352
3385,1.4213075637817383
3386,1.4250684976577759
3387,1.697681188583374
3388,1.3357681035995483
3389,1.9334269762039185
3390,1.300055980682373
3391,1.1829466819763184
3392,1.5272139310836792
3393,1.4706248044967651
3394,1.220088243484497
3395,1.6283642053604126
3396,1.7606817483901978
3397,1.207633376121521
3398,1.3672603368759155
3399,1.355254888534546
3400,1.3255308866500854
3401,1.3210889101028442
3402,1.5674916505813599
3403,1.324779987335205
3404,1.349593162536621
3405,1.3178026676177979
3406,1.9844448566436768
3407,1.3506048917770386
3408,1.7617013454437256
3409,1.380530595779419
3410,1.3754113912582397
3411,1.3615370988845825
3412,1.231713891029358
3413,1.4183406829833984
3414,1.5021486282348633
3415,1.9913713932037354
3416,1.3065390586853027
3417,1.9799175262451172
3418,1.9843047857284546
3419,1.2439353466033936
3420,1.3315837383270264
3421,1.5748348236083984
3422,1.181345820426941
3423,1.3782321214675903
3424,1.4477213621139526
3425,1.6470825672149658
3426,1.3700884580612183
3427,1.6986589431762695
3428,1.1536827087402344
3429,1.3410968780517578
3430,1.7267602682113647
3431,1.3892587423324585
3432,1.3121083974838257
3433,1.3163180351257324
3434,1.3549621105194092
3435,1.3907926082611084
3436,1.9873242378234863
3437,1.3655883073806763
3438,1.2789809703826904
3439,1.3422882556915283
3440,1.4566031694412231
3441,1.8647353649139404
3442,1.7293312549591064
3443,1.4334731101989746
3444,1.4221688508987427
3445,1.9780828952789307
3446,1.2092688083648682
3447,1.4069854021072388
3448,1.4453160762786865
3449,1.2858240604400635
3450,1.2767512798309326
3451,1.1002790927886963
3452,1.4457148313522339
3453,1.4330110549926758
3454,1.991438388824463
3455,1.899933099746704
3456,1.3459932804107666
3457,1.7625316381454468
3458,1.9893338680267334
3459,1.9749836921691895
3460,1.420983910560608
3461,1.3338911533355713
3462,1.5791760683059692
3463,1.3869588375091553
3464,1.1607704162597656
3465,1.9138290882110596
3466,1.3294548988342285
3467,1.396518588066101
3468,1.2766354084014893
3469,1.6806033849716187
3470,1.3391910791397095
3471,1.3439788818359375
3472,1.6340612173080444
3473,1.2904844284057617
3474,1.3702596426010132
3475,1.5523755550384521
3476,1.2307929992675781
3477,1.2913649082183838
3478,1.4259275197982788
3479,1.5923597812652588
3480,1.4696766138076782
3481,1.7351797819137573
3482,1.3517889976501465
3483,1.9503772258758545
3484,1.992511510848999
3485,1.4445496797561646
3486,1.3401892185211182
3487,1.6937386989593506
3488,1.376537799835205
3489,1.9814109802246094
3490,1.9655187129974365
3491,1.5265226364135742
3492,1.242733359336853
3493,1.9722424745559692
3494,1.3568915128707886
3495,1.8699952363967896
3496,1.6864473819732666
3497,1.6050925254821777
3498,1.4181712865829468
3499,1.715550184249878
3500,1.350967526435852
3501,1.3035975694656372
3502,1.4089348316192627
3503,1.4136649370193481
3504,1.1700382232666016
3505,1.4034554958343506
3506,1.4266942739486694
3507,1.9917467832565308
3508,1.259119987487793
3509,1.644384503364563
3510,1.3507812023162842
3511,1.2924251556396484
3512,1.266857624053955
3513,1.418546438217163
3514,1.2783578634262085
3515,1.835420846939087
3516,1.3599823713302612
3517,1.3183174133300781
3518,1.782783031463623
3519,1.3760075569152832
3520,1.4000275135040283
3521,1.30805504322052
3522,1.351684808731079
3523,1.8877747058868408
3524,1.9863293170928955
3525,1.4039067029953003
3526,1.2832043170928955
3527,1.7964943647384644
3528,1.5326701402664185
3529,1.6636968851089478
3530,1.4204622507095337
3531,1.9875136613845825
3532,1.1816974878311157
3533,1.6957505941390991
3534,1.9890068769454956
3535,1.3134679794311523
3536,1.8478431701660156
3537,1.9847201108932495
3538,1.5232454538345337
3539,1.9033845663070679
3540,1.2839529514312744
3541,1.5382452011108398
3542,1.4323731660842896
3543,1.7836350202560425
3544,1.3750489950180054
3545,1.9778214693069458
3546,1.2549526691436768
3547,1.5728318691253662
3548,1.2170573472976685
3549,1.9894517660140991
3550,1.183190107345581
3551,1.9887830018997192
3552,1.3412525653839111
3553,1.6941893100738525
3554,1.3309216499328613
3555,1.477612018585205
3556,1.4555798768997192
3557,1.9434607028961182
3558,1.5103263854980469
3559,1.4272724390029907
3560,1.2799501419067383
3561,1.3936293125152588
3562,1.1089295148849487
3563,1.2812206745147705
3564,1.8915495872497559
3565,1.2806905508041382
3566,1.2724971771240234
3567,1.3518561124801636
3568,1.70175039768219
3569,1.4172720909118652
3570,1.2711819410324097
3571,1.463940978050232
3572,1.977321982383728
3573,1.9132522344589233
3574,1.2159945964813232
3575,1.7448159456253052
3576,1.1476815938949585
3577,1.3448139429092407
3578,1.9808504581451416
3579,1.8526818752288818
3580,1.369814395904541
3581,1.5132321119308472
3582,1.8627896308898926
3583,1.2175339460372925
3584,1.7359343767166138
3585,1.3397834300994873
3586,1.6755744218826294
3587,1.9819848537445068
3588,1.480239748954773
3589,1.3028056621551514
3590,1.2208099365234375
3591,1.4622726440429688
3592,1.1980491876602173
3593,1.3043897151947021
3594,1.6960877180099487
3595,1.988083839416504
3596,1.432665228843689
3597,1.3523473739624023
3598,1.158610463142395
3599,1.3874012231826782
3600,1.3464230298995972
3601,1.3636958599090576
3602,1.9587688446044922
3603,1.7853121757507324
3604,1.690977692604065
3605,1.6905097961425781
3606,1.3864368200302124
3607,1.7685946226119995
3608,1.352658748626709
3609,1.3056120872497559
3610,1.367570400238037
3611,1.1142008304595947
3612,1.378174901008606
3613,1.9837433099746704
3614,1.4000017642974854
3615,1.9637370109558105
3616,1.858906626701355
3617,1.214998483657837
3618,1.8637253046035767
3619,1.6904222965240479
3620,1.2672100067138672
3621,1.2835336923599243
3622,1.14127516746521
3623,1.4868929386138916
3624,1.5193405151367188
3625,1.9878674745559692
3626,1.8183934688568115
3627,1.608887791633606
3628,1.444404125213623
3629,1.529995322227478
3630,1.3250848054885864
3631,1.327513337135315
3632,1.3353421688079834
3633,1.3235580921173096
3634,1.3216441869735718
3635,1.2043496370315552
3636,1.3536945581436157
3637,1.8344730138778687
3638,1.924564242362976
3639,1.4391381740570068
3640,1.8490525484085083
3641,1.746299386024475
3642,1.526445746421814
3643,1.2201286554336548
3644,1.8692868947982788
3645,1.226244330406189
3646,1.376789927482605
3647,1.323947548866272
3648,1.1603608131408691
3649,1.4197276830673218
3650,1.3025381565093994
3651,1.496877670288086
3652,1.221447467803955
3653,1.8111857175827026
3654,1.4599337577819824
3655,1.355857253074646
3656,1.5085992813110352
3657,1.1534597873687744
3658,1.9243818521499634
3659,1.274409532546997
3660,1.9947965145111084
3661,1.340012788772583
3662,1.5122747421264648
3663,1.2212352752685547
3664,1.2971007823944092
3665,1.447309970855713
3666,1.606730341911316
3667,1.34946608543396
3668,1.7546287775039673
3669,1.3638603687286377
3670,1.3775931596755981
3671,1.4018725156784058
3672,1.743831753730774
3673,1.3895034790039062
3674,1.6774717569351196
3675,1.2568268775939941
3676,1.2687349319458008
3677,1.3856526613235474
3678,1.2666537761688232
3679,1.2211030721664429
3680,1.8780272006988525
3681,1.4071482419967651
3682,1.6383488178253174
3683,1.590440273284912
3684,1.2937778234481812
3685,1.3419320583343506
3686,1.4188404083251953
3687,1.3588416576385498
3688,1.6404087543487549
3689,1.9696301221847534
3690,1.1982215642929077
3691,1.3061482906341553
3692,1.9504139423370361
3693,1.8606520891189575
3694,1.4366306066513062
3695,1.351462721824646
3696,1.3744148015975952
3697,1.256545066833496
3698,1.609084963798523
3699,1.5593029260635376
3700,1.1888254880905151
3701,1.7519805431365967
3702,1.4370622634887695
3703,1.726938247680664
3704,1.7203993797302246
3705,1.2539879083633423
3706,1.7238246202468872
3707,1.466515302658081
3708,1.6318154335021973
3709,1.498103380203247
3710,1.6317870616912842
3711,1.2080613374710083
3712,1.3979853391647339
3713,1.9969127178192139
3714,1.675194501876831
3715,1.2646934986114502
3716,1.3177133798599243
3717,1.9806164503097534
3718,1.3223185539245605
3719,1.2972562313079834
3720,1.48525071144104
3721,1.5132571458816528
3722,1.9972459077835083
3723,1.364447832107544
3724,1.3825747966766357
3725,1.359967827796936
3726,1.3230229616165161
3727,1.6166115999221802
3728,1.3533672094345093
3729,1.5170180797576904
3730,1.2581188678741455
3731,1.3681726455688477
3732,1.8891876935958862
3733,1.5321851968765259
3734,1.7674492597579956
3735,1.3170346021652222
3736,1.3554877042770386
3737,1.3448652029037476
3738,1.627240777015686
3739,1.3113268613815308
3740,1.1667758226394653
3741,1.3279458284378052
3742,1.8694751262664795
3743,1.2303967475891113
3744,1.2617968320846558
3745,1.324312686920166
3746,1.784972071647644
3747,1.2451930046081543
3748,1.412683129310608
3749,1.3908287286758423
3750,1.993624210357666
3751,1.7932130098342896
3752,1.3206957578659058
3753,1.3089599609375
3754,1.765320897102356
3755,1.464026927947998
3756,1.797305941581726
3757,1.306501030921936
3758,1.4247770309448242
3759,1.9846125841140747
3760,1.1783674955368042
3761,1.2780531644821167
3762,1.689582109451294
3763,1.2721023559570312
3764,1.618837833404541
3765,1.338993787765503
3766,1.3169227838516235
3767,1.3314776420593262
3768,1.9915210008621216
3769,1.9868959188461304
3770,1.814092993736267
3771,1.976615309715271
3772,1.9873170852661133
3773,1.91644287109375
3774,1.4240437746047974
3775,1.354935646057129
3776,1.4772521257400513
3777,1.1916775703430176
3778,1.9925841093063354
3779,1.668921709060669
3780,1.932716727256775
3781,1.426501989364624
3782,1.4526418447494507
3783,1.5788698196411133
3784,1.8252768516540527
3785,1.9743359088897705
3786,1.302521824836731
3787,1.6160430908203125
3788,1.9830973148345947
3789,1.402984619140625
3790,1.2921035289764404
3791,1.9827697277069092
3792,1.6627743244171143
3793,1.322508692741394
3794,1.3720781803131104
3795,1.2758558988571167
3796,1.6574255228042603
3797,1.3211339712142944
3798,1.4794706106185913
3799,1.4316840171813965
3800,1.3501765727996826
3801,1.406269907951355
3802,1.248486042022705
3803,1.9306654930114746
3804,1.7070473432540894
3805,1.9937176704406738
3806,1.8624480962753296
3807,1.230941891670227
3808,1.9926589727401733
3809,1.394681453704834
3810,1.3566840887069702
3811,1.9898695945739746
3812,1.5839561223983765
3813,1.3276736736297607
3814,1.9875291585922241
3815,1.3381447792053223
3816,1.639936089515686
3817,1.7409876585006714
3818,1.218786358833313
3819,1.752604365348816
3820,1.4393892288208008
3821,1.9937236309051514
3822,1.311977505683899
3823,1.3411916494369507
3824,1.2571725845336914
3825,1.1547211408615112
3826,1.1672959327697754
3827,1.5154505968093872
3828,1.3688640594482422
3829,1.230828046798706
3830,1.4204330444335938
3831,1.5249994993209839
3832,1.3294525146484375
3833,1.4155453443527222
3834,1.1805599927902222
3835,1.3760980367660522
3836,1.3184421062469482
3837,1.5222244262695312
3838,1.1820751428604126
3839,1.4173897504806519
3840,1.1469610929489136
3841,1.716191291809082
3842,1.9671576023101807
3843,1.5029878616333008
3844,1.5379431247711182
3845,1.3350839614868164
3846,1.8726822137832642
3847,1.2298672199249268
3848,1.9077175855636597
3849,1.3300026655197144
3850,1.3224940299987793
3851,1.4147884845733643
3852,1.2586206197738647
3853,1.3194191455841064
3854,1.8135911226272583
3855,1.2916971445083618
3856,1.3485945463180542
3857,1.4470062255859375
3858,1.4095195531845093
3859,1.339390516281128
3860,1.505494475364685
3861,1.2006372213363647
3862,1.5712541341781616
3863,1.63187575340271
3864,1.8688610792160034
3865,1.8404303789138794
3866,1.226494312286377
3867,1.299484133720398
3868,1.368188738822937
3869,1.3493033647537231
3870,1.8915735483169556
3871,1.9573673009872437
3872,1.3111039400100708
3873,1.3162189722061157
3874,1.8299521207809448
3875,1.389295220375061
3876,1.8535557985305786
3877,1.5020473003387451
3878,1.3947124481201172
3879,1.257240891456604
3880,1.2538855075836182
3881,1.3627407550811768
3882,1.3426635265350342
3883,1.161952018737793
3884,1.9707860946655273
3885,1.2524223327636719
3886,1.18372642993927
3887,1.332464575767517
3888,1.1653906106948853
3889,1.283473014831543
3890,1.3632742166519165
3891,1.455528736114502
3892,1.9870878458023071
3893,1.1158068180084229
3894,1.3360786437988281
3895,1.4020990133285522
3896,1.4045379161834717
3897,1.8069698810577393
3898,1.3593510389328003
3899,1.2686690092086792
3900,1.25227952003479
3901,1.7055997848510742
3902,1.2895671129226685
3903,1.4981105327606201
3904,1.6404764652252197
3905,1.623823642730713
3906,1.4063317775726318
3907,1.2996255159378052
3908,1.5966277122497559
3909,1.4528907537460327
3910,1.3990883827209473
3911,1.279523253440857
3912,1.4558449983596802
3913,1.353611946105957
3914,1.3306915760040283
3915,1.9857922792434692
3916,1.7621324062347412
3917,1.328020691871643
3918,1.5764343738555908
3919,1.2338204383850098
3920,1.5099704265594482
3921,1.2383235692977905
3922,1.9943442344665527
3923,1.3620800971984863
3924,1.7729681730270386
3925,1.728346824645996
3926,1.3637101650238037
3927,1.9895130395889282
3928,1.8994413614273071
3929,1.9001269340515137
3930,1.2085866928100586
3931,1.4131958484649658
3932,1.4253969192504883
3933,1.32059645652771
3934,1.9720700979232788
3935,1.4277911186218262
3936,1.4346344470977783
3937,1.368981957435608
3938,1.4230562448501587
3939,1.1679002046585083
3940,1.4300448894500732
3941,1.4899189472198486
3942,1.4478188753128052
3943,1.408329725265503
3944,1.1457762718200684
3945,1.3195456266403198
3946,1.3280467987060547
3947,1.453691840171814
3948,1.3559093475341797
3949,1.2826920747756958
3950,1.382580041885376
3951,1.3743391036987305
3952,1.3365038633346558
3953,1.174709677696228
3954,1.4973304271697998
3955,1.4833236932754517
3956,1.3504745960235596
3957,1.2806086540222168
3958,1.9775975942611694
3959,1.4876768589019775
3960,1.55864679813385
3961,1.3642116785049438
3962,1.273512601852417
3963,1.3262983560562134
3964,1.3496307134628296
3965,1.6982074975967407
3966,1.5203461647033691
3967,1.4866878986358643
3968,1.6733452081680298
3969,1.47633695602417
3970,1.3945844173431396
3971,1.9864497184753418
3972,1.4905401468276978
3973,1.5113365650177002
3974,1.7328754663467407
3975,1.4265573024749756
3976,1.3566290140151978
3977,1.441133975982666
3978,1.8537356853485107
3979,1.4630787372589111
3980,1.993549108505249
3981,1.3269374370574951
3982,1.2657512426376343
3983,1.3886686563491821
3984,1.3532334566116333
3985,1.962707281112671
3986,1.395099401473999
3987,1.862961769104004
3988,1.641960859298706
3989,1.3969752788543701
3990,1.8287725448608398
3991,1.9902849197387695
3992,1.529607892036438
3993,1.1811742782592773
3994,1.4445860385894775
3995,1.322866439819336
3996,1.362322211265564
3997,1.2948648929595947
3998,1.175718903541565
3999,1.5746594667434692
4000,1.5988080501556396
4001,1.2621701955795288
4002,1.2524501085281372
4003,1.2739628553390503
4004,1.3793994188308716
4005,1.4200019836425781
4006,1.2361259460449219
4007,1.3220981359481812
4008,1.5859811305999756
4009,1.2976609468460083
4010,1.8391884565353394
4011,1.686354637145996
4012,1.3339569568634033
4013,1.9892230033874512
4014,1.5547834634780884
4015,1.751582384109497
4016,1.5642805099487305
4017,1.4981878995895386
4018,1.9718241691589355
4019,1.4421370029449463
4020,1.9798976182937622
4021,1.4286786317825317
4022,1.970037579536438
4023,1.235718011856079
4024,1.3294662237167358
4025,1.320765733718872
4026,1.2986003160476685
4027,1.253333568572998
4028,1.3438907861709595
4029,1.329092264175415
4030,1.4093514680862427
4031,1.5840911865234375
4032,1.580971598625183
4033,1.5358264446258545
4034,1.9220763444900513
4035,1.2570964097976685
4036,1.8215246200561523
4037,1.649607539176941
4038,1.6634418964385986
4039,1.9249134063720703
4040,1.5970218181610107
4041,1.8799540996551514
4042,1.5141863822937012
4043,1.989772915840149
4044,1.6285654306411743
4045,1.6044092178344727
4046,1.6895784139633179
4047,1.2567570209503174
4048,1.2939425706863403
4049,1.2735967636108398
4050,1.4102497100830078
4051,1.4052058458328247
4052,1.9450089931488037
4053,1.991852879524231
4054,1.958001971244812
4055,1.98896324634552
4056,1.3592239618301392
4057,1.328002691268921
4058,1.4451138973236084
4059,1.300338625907898
4060,1.985046148300171
4061,1.3927044868469238
4062,1.3414050340652466
4063,1.2680412530899048
4064,1.1932262182235718
4065,1.3208191394805908
4066,1.9779738187789917
4067,1.5443129539489746
4068,1.274181842803955
4069,1.318490743637085
4070,1.4514477252960205
4071,1.1684765815734863
4072,1.3435051441192627
4073,1.4445916414260864
4074,1.4578908681869507
4075,1.1251624822616577
4076,1.4644380807876587
4077,1.2500569820404053
4078,1.717306137084961
4079,1.434373140335083
4080,1.8476803302764893
4081,1.6372538805007935
4082,1.3070276975631714
4083,1.4106647968292236
4084,1.9686808586120605
4085,1.2892378568649292
4086,1.5933316946029663
4087,1.1582403182983398
4088,1.3626012802124023
4089,1.3949564695358276
4090,1.2361938953399658
4091,1.355915904045105
4092,1.3966319561004639
4093,1.8992513418197632
4094,1.22446608543396
4095,1.2424286603927612
4096,1.2823864221572876
4097,1.3683815002441406
4098,1.2933807373046875
4099,1.9853514432907104
4100,1.4295120239257812
4101,1.349615216255188
4102,1.4396566152572632
4103,1.2120764255523682
4104,1.9892616271972656
4105,1.3850362300872803
4106,1.9867842197418213
4107,1.7528727054595947
4108,1.9889600276947021
4109,1.3883414268493652
4110,1.390791416168213
4111,1.3235715627670288
4112,1.9509968757629395
4113,1.3170523643493652
4114,1.3825756311416626
4115,1.7673892974853516
4116,1.9818317890167236
4117,1.4234031438827515
4118,1.3701773881912231
4119,1.4225759506225586
4120,1.7435158491134644
4121,1.9881441593170166
4122,1.2625279426574707
4123,1.4968923330307007
4124,1.3201556205749512
4125,1.395634651184082
4126,1.2714160680770874
4127,1.4913333654403687
4128,1.9599586725234985
4129,1.3300050497055054
4130,1.3939270973205566
4131,1.6500625610351562
4132,1.43951416015625
4133,1.3316556215286255
4134,1.3857221603393555
4135,1.3787850141525269
4136,1.8515217304229736
4137,1.2939103841781616
4138,1.2895509004592896
4139,1.8703489303588867
4140,1.4897271394729614
4141,1.3901392221450806
4142,1.8114947080612183
4143,1.264146089553833
4144,1.2531934976577759
4145,1.7912721633911133
4146,1.3124995231628418
4147,1.4288674592971802
4148,1.2928814888000488
4149,1.5910069942474365
4150,1.3009915351867676
4151,1.480794072151184
4152,1.277045726776123
4153,1.339988112449646
4154,1.2546937465667725
4155,1.2350643873214722
4156,1.3071023225784302
4157,1.902133584022522
4158,1.943735957145691
4159,1.463426113128662
4160,1.378894567489624
4161,1.436479926109314
4162,1.2344201803207397
4163,1.4601603746414185
4164,1.708909273147583
4165,1.3485898971557617
4166,1.128203272819519
4167,1.4675036668777466
4168,1.6882481575012207
4169,1.4369500875473022
4170,1.3900976181030273
4171,1.362406611442566
4172,1.4711800813674927
4173,1.7380763292312622
4174,1.2974117994308472
4175,1.5496751070022583
4176,1.896983027458191
4177,1.3421512842178345
4178,1.9840031862258911
4179,1.9881222248077393
4180,1.4651165008544922
4181,1.397171139717102
4182,1.4791513681411743
4183,1.841336965560913
4184,1.4314744472503662
4185,1.3305559158325195
4186,1.5188311338424683
4187,1.283697247505188
4188,1.86737859249115
4189,1.4520723819732666
4190,1.30959153175354
4191,1.5568554401397705
4192,1.2634046077728271
4193,1.2249844074249268
4194,1.274644136428833
4195,1.2501076459884644
4196,1.217904806137085
4197,1.9198827743530273
4198,1.729418396949768
4199,1.7848575115203857
4200,1.732496976852417
4201,1.7502127885818481
4202,1.5921801328659058
4203,1.5545676946640015
4204,1.2687066793441772
4205,1.5686075687408447
4206,1.7235066890716553
4207,1.9072598218917847
4208,1.2789212465286255
4209,1.338807463645935
4210,1.2600144147872925
4211,1.7274240255355835
4212,1.4048221111297607
4213,1.9845644235610962
4214,1.670092225074768
4215,1.1354304552078247
4216,1.4959285259246826
4217,1.867065191268921
4218,1.730918526649475
4219,1.351117491722107
4220,1.3241119384765625
4221,1.5354552268981934
4222,1.3344683647155762
4223,1.3936169147491455
4224,1.2794392108917236
4225,1.3906359672546387
4226,1.442425012588501
4227,1.2655293941497803
4228,1.3336642980575562
4229,1.8990932703018188
4230,1.3456089496612549
4231,1.3919625282287598
4232,1.659424066543579
4233,1.3895031213760376
4234,1.73026442527771
4235,1.403875708580017
4236,1.2527916431427002
4237,1.3246873617172241
4238,1.7528150081634521
4239,1.4122254848480225
4240,1.3246521949768066
4241,1.3784961700439453
4242,1.1876477003097534
4243,1.5422401428222656
4244,1.3009815216064453
4245,1.3818718194961548
4246,1.3832125663757324
4247,1.7049301862716675
4248,1.4360545873641968
4249,1.2290370464324951
4250,1.6284923553466797
4251,1.3403900861740112
4252,1.3921390771865845
4253,1.2042732238769531
4254,1.4448304176330566
4255,1.2639350891113281
4256,1.2878221273422241
4257,1.4053685665130615
4258,1.2897789478302002
4259,1.1905932426452637
4260,1.342043161392212
4261,1.5138614177703857
4262,1.1518745422363281
4263,1.4146373271942139
4264,1.334684133529663
4265,1.3078322410583496
4266,1.2436714172363281
4267,1.9748555421829224
4268,1.9906588792800903
4269,1.2580863237380981
4270,1.5344167947769165
4271,1.1570892333984375
4272,1.3157132863998413
4273,1.4833040237426758
4274,1.3490583896636963
4275,1.286395788192749
4276,1.380414605140686
4277,1.667640209197998
4278,1.5231119394302368
4279,1.5485759973526
4280,1.2462828159332275
4281,1.2049171924591064
4282,1.4161362648010254
4283,1.2683863639831543
4284,1.9503968954086304
4285,1.5707699060440063
4286,1.794128656387329
4287,1.406563639640808
4288,1.6858521699905396
4289,1.9666677713394165
4290,1.2676979303359985
4291,1.2794524431228638
4292,1.4554845094680786
4293,1.3317432403564453
4294,1.210518717765808
4295,1.3689875602722168
4296,1.31630277633667
4297,1.4894939661026
4298,1.3742833137512207
4299,1.8641598224639893
4300,1.4161373376846313
4301,1.6986547708511353
4302,1.588185429573059
4303,1.9053398370742798
4304,1.210679531097412
4305,1.9948807954788208
4306,1.3999323844909668
4307,1.3336604833602905
4308,1.5028011798858643
4309,1.309790015220642
4310,1.2157748937606812
4311,1.2312158346176147
4312,1.944081425666809
4313,1.6976677179336548
4314,1.3954368829727173
4315,1.9955439567565918
4316,1.9903264045715332
4317,1.3977441787719727
4318,1.9484586715698242
4319,1.8255510330200195
4320,1.2081314325332642
4321,1.9729803800582886
4322,1.3290045261383057
4323,1.9420530796051025
4324,1.9667621850967407
4325,1.3163025379180908
4326,1.3139106035232544
4327,1.259670376777649
4328,1.9938538074493408
4329,1.7175984382629395
4330,1.708614706993103
4331,1.2646044492721558
4332,1.7698142528533936
4333,1.9910072088241577
4334,1.3469364643096924
4335,1.7622706890106201
4336,1.2304879426956177
4337,1.2560703754425049
4338,1.8455398082733154
4339,1.5357379913330078
4340,1.9070361852645874
4341,1.3620326519012451
4342,1.2905696630477905
4343,1.3013924360275269
4344,1.355251669883728
4345,1.29561185836792
4346,1.501760482788086
4347,1.2843486070632935
4348,1.3591551780700684
4349,1.9871479272842407
4350,1.364735722541809
4351,1.8993432521820068
4352,1.3733646869659424
4353,1.7546179294586182
4354,1.5072792768478394
4355,1.9919453859329224
4356,1.274841070175171
4357,1.7602620124816895
4358,1.9929825067520142
4359,1.5426175594329834
4360,1.9813686609268188
4361,1.7295433282852173
4362,1.4022226333618164
4363,1.3985211849212646
4364,1.7617461681365967
4365,1.3071560859680176
4366,1.4908711910247803
4367,1.109731912612915
4368,1.9947504997253418
4369,1.3408724069595337
4370,1.9886603355407715
4371,1.7007979154586792
4372,1.5697526931762695
4373,1.4913179874420166
4374,1.3087522983551025
4375,1.3701274394989014
4376,1.432619571685791
4377,1.8708455562591553
4378,1.3465497493743896
4379,1.67220938205719
4380,1.8872424364089966
4381,1.2667603492736816
4382,1.7837015390396118
4383,1.5703872442245483
4384,1.3690690994262695
4385,1.3604788780212402
4386,1.3208155632019043
4387,1.645729660987854
4388,1.7870454788208008
4389,1.3249733448028564
4390,1.3826829195022583
4391,1.7309739589691162
4392,1.3777493238449097
4393,1.8866535425186157
4394,1.793913722038269
4395,1.302107572555542
4396,1.4437828063964844
4397,1.3546719551086426
4398,1.8396037817001343
4399,1.9547739028930664
4400,1.3454645872116089
4401,1.593708872795105
4402,1.4714072942733765
4403,1.2551381587982178
4404,1.261206030845642
4405,1.305497407913208
4406,1.4461612701416016
4407,1.8304387331008911
4408,1.358034610748291
4409,1.2951288223266602
4410,1.5239578485488892
4411,1.8828891515731812
4412,1.2708240747451782
4413,1.3255783319473267
4414,1.6943663358688354
4415,1.7252295017242432
4416,1.797317624092102
4417,1.2172597646713257
4418,1.369166374206543
4419,1.493712067604065
4420,1.299333930015564
4421,1.6727746725082397
4422,1.9891204833984375
4423,1.555551528930664
4424,1.4210518598556519
4425,1.405541181564331
4426,1.3236716985702515
4427,1.855361819267273
4428,1.966172218322754
4429,1.4392750263214111
4430,1.752426266670227
4431,1.450565218925476
4432,1.2169440984725952
4433,1.3948783874511719
4434,1.3942291736602783
4435,1.9610438346862793
4436,1.9654881954193115
4437,1.995302438735962
4438,1.3990682363510132
4439,1.436526894569397
4440,1.4036509990692139
4441,1.9138894081115723
4442,1.7590559720993042
4443,1.5757719278335571
4444,1.3453751802444458
4445,1.2424607276916504
4446,1.3239551782608032
4447,1.3009121417999268
4448,1.3434752225875854
4449,1.2692927122116089
4450,1.2859364748001099
4451,1.9310646057128906
4452,1.277830958366394
4453,1.2679471969604492
4454,1.708542823791504
4455,1.875817060470581
4456,1.9797468185424805
4457,1.3625617027282715
4458,1.3926352262496948
4459,1.2694478034973145
4460,1.6709023714065552
4461,1.3646454811096191
4462,1.3176029920578003
4463,1.346915602684021
4464,1.2924678325653076
4465,1.5616083145141602
4466,1.2663424015045166
4467,1.402342438697815
4468,1.984241008758545
4469,1.9899234771728516
4470,1.6253960132598877
4471,1.3313896656036377
4472,1.8667633533477783
4473,1.8436717987060547
4474,1.391218900680542
4475,1.7141915559768677
4476,1.3722898960113525
4477,1.301068663597107
4478,1.4020359516143799
4479,1.3605358600616455
4480,1.3369226455688477
4481,1.2230556011199951
4482,1.6927144527435303
4483,1.3689656257629395
4484,1.984796166419983
4485,1.9190294742584229
4486,1.8900277614593506
4487,1.7786340713500977
4488,1.2232506275177002
4489,1.3785996437072754
4490,1.3360819816589355
4491,1.334058165550232
4492,1.8816355466842651
4493,1.7568655014038086
4494,1.3135367631912231
4495,1.3916914463043213
4496,1.42337965965271
4497,1.2408413887023926
4498,1.3578829765319824
4499,1.9577511548995972
4500,1.2289687395095825
4501,1.8700021505355835
4502,1.5104701519012451
4503,1.3291174173355103
4504,1.3761992454528809
4505,1.493237018585205
4506,1.9895520210266113
4507,1.466054081916809
4508,1.9237762689590454
4509,1.4575973749160767
4510,1.9080263376235962
4511,1.599725604057312
4512,1.4343509674072266
4513,1.2838677167892456
4514,1.3760920763015747
4515,1.8738248348236084
4516,1.8398158550262451
4517,1.4349377155303955
4518,1.4973160028457642
4519,1.3014531135559082
4520,1.386996865272522
4521,1.4124597311019897
4522,1.8122199773788452
4523,1.334714412689209
4524,1.3379859924316406
4525,1.2151910066604614
4526,1.549410343170166
4527,1.1261130571365356
4528,1.217698335647583
4529,1.3196948766708374
4530,1.8645296096801758
4531,1.3950166702270508
4532,1.5326582193374634
4533,1.2655085325241089
4534,1.3062267303466797
4535,1.4292283058166504
4536,1.5982898473739624
4537,1.8039731979370117
4538,1.8903549909591675
4539,1.9979701042175293
4540,1.2367910146713257
4541,1.3085864782333374
4542,1.5621051788330078
4543,1.1238995790481567
4544,1.2743427753448486
4545,1.6241205930709839
4546,1.368100881576538
4547,1.5815390348434448
4548,1.9690909385681152
4549,1.7495051622390747
4550,1.320033311843872
4551,1.2650010585784912
4552,1.8064700365066528
4553,1.3204913139343262
4554,1.3325681686401367
4555,1.2927393913269043
4556,1.3203299045562744
4557,1.2086009979248047
4558,1.301339030265808
4559,1.586220383644104
4560,1.8534351587295532
4561,1.222499966621399
4562,1.4492847919464111
4563,1.2612322568893433
4564,1.3907643556594849
4565,1.3474677801132202
4566,1.4275239706039429
4567,1.4689737558364868
4568,1.2077354192733765
4569,1.900119423866272
4570,1.2563376426696777
4571,1.806257724761963
4572,1.4284645318984985
4573,1.8778293132781982
4574,1.3954344987869263
4575,1.3558464050292969
4576,1.4983841180801392
4577,1.2069090604782104
4578,1.300194263458252
4579,1.3190568685531616
4580,1.3623408079147339
4581,1.5790479183197021
4582,1.7856906652450562
4583,1.7104634046554565
4584,1.404213786125183
4585,1.4254472255706787
4586,1.3532272577285767
4587,1.3185248374938965
4588,1.3988436460494995
4589,1.213087558746338
4590,1.3574351072311401
4591,1.3942060470581055
4592,1.3539832830429077
4593,1.268698811531067
4594,1.3325903415679932
4595,1.255856990814209
4596,1.349015474319458
4597,1.3276704549789429
4598,1.985171914100647
4599,1.3950132131576538
4600,1.8675072193145752
4601,1.2982691526412964
4602,1.4767265319824219
4603,1.406904697418213
4604,1.8111023902893066
4605,1.546048879623413
4606,1.3323516845703125
4607,1.9911832809448242
4608,1.8484420776367188
4609,1.4725383520126343
4610,1.5564396381378174
4611,1.4041072130203247
4612,1.3654215335845947
4613,1.355663776397705
4614,1.5910383462905884
4615,1.5495332479476929
4616,1.2650725841522217
4617,1.5182242393493652
4618,1.9568514823913574
4619,1.7757960557937622
4620,1.2193419933319092
4621,1.3190189599990845
4622,1.440066933631897
4623,1.2958486080169678
4624,1.2026212215423584
4625,1.3105753660202026
4626,1.3978055715560913
4627,1.3506208658218384
4628,1.2922934293746948
4629,1.2325106859207153
4630,1.3337867259979248
4631,1.3613994121551514
4632,1.8757963180541992
4633,1.3836817741394043
4634,1.4079283475875854
4635,1.235205054283142
4636,1.4455840587615967
4637,1.6658551692962646
4638,1.8555175065994263
4639,1.4247809648513794
4640,1.4292469024658203
4641,1.3029886484146118
4642,1.723484992980957
4643,1.2317394018173218
4644,1.4925400018692017
4645,1.4304242134094238
4646,1.4068325757980347
4647,1.9822938442230225
4648,1.991580843925476
4649,1.3177355527877808
4650,1.290211796760559
4651,1.75772225856781
4652,1.163604736328125
4653,1.2973376512527466
4654,1.443362832069397
4655,1.3264304399490356
4656,1.2851147651672363
4657,1.3172105550765991
4658,1.8651422262191772
4659,1.3080636262893677
4660,1.8451257944107056
4661,1.3497508764266968
4662,1.8318181037902832
4663,1.9786725044250488
4664,1.369262933731079
4665,1.3330750465393066
4666,1.4769749641418457
4667,1.6063227653503418
4668,1.2999845743179321
4669,1.7488641738891602
4670,1.210604190826416
4671,1.360496997833252
4672,1.3203827142715454
4673,1.7231355905532837
4674,1.3899320363998413
4675,1.9883830547332764
4676,1.5369631052017212
4677,1.684870958328247
4678,1.39961838722229
4679,1.3055044412612915
4680,1.3813318014144897
4681,1.5887048244476318
4682,1.938759684562683
4683,1.1465387344360352
4684,1.9910571575164795
4685,1.4971500635147095
4686,1.355961561203003
4687,1.369402289390564
4688,1.245669960975647
4689,1.5232068300247192
4690,1.3179408311843872
4691,1.3310022354125977
4692,1.3403525352478027
4693,1.712497591972351
4694,1.3183684349060059
4695,1.605621576309204
4696,1.739281415939331
4697,1.3774304389953613
4698,1.9896990060806274
4699,1.1482425928115845
4700,1.9904924631118774
4701,1.6062864065170288
4702,1.3073108196258545
4703,1.8649218082427979
4704,1.3756885528564453
4705,1.7535697221755981
4706,1.2906752824783325
4707,1.376473307609558
4708,1.619505524635315
4709,1.284000039100647
4710,1.8709275722503662
4711,1.4506373405456543
4712,1.8353501558303833
4713,1.977806568145752
4714,1.2263226509094238
4715,1.2691493034362793
4716,1.290560245513916
4717,1.6463547945022583
4718,1.2666339874267578
4719,1.860809326171875
4720,1.4403705596923828
4721,1.3740897178649902
4722,1.1484755277633667
4723,1.2184737920761108
4724,1.2713725566864014
4725,1.6545085906982422
4726,1.3748178482055664
4727,1.3050376176834106
4728,1.5295096635818481
4729,1.9866019487380981
4730,1.5729295015335083
4731,1.4752277135849
4732,1.279167890548706
4733,1.3261656761169434
4734,1.7736097574234009
4735,1.2436569929122925
4736,1.3698875904083252
4737,1.8132505416870117
4738,1.7580054998397827
4739,1.5131568908691406
4740,1.3280118703842163
4741,1.4445748329162598
4742,1.2985420227050781
4743,1.3967151641845703
4744,1.392682433128357
4745,1.5352551937103271
4746,1.2856035232543945
4747,1.742587685585022
4748,1.7195043563842773
4749,1.9890457391738892
4750,1.992786169052124
4751,1.978833794593811
4752,1.883375644683838
4753,1.326162338256836
4754,1.6793509721755981
4755,1.362420678138733
4756,1.3944494724273682
4757,1.7883760929107666
4758,1.263749599456787
4759,1.9780627489089966
4760,1.3938357830047607
4761,1.9685351848602295
4762,1.4249156713485718
4763,1.9908491373062134
4764,1.153860330581665
4765,1.2208552360534668
4766,1.4721500873565674
4767,1.4009331464767456
4768,1.1426918506622314
4769,1.3871469497680664
4770,1.3346987962722778
4771,1.29397451877594
4772,1.7346794605255127
4773,1.3665705919265747
4774,1.8949533700942993
4775,1.9167732000350952
4776,1.390244960784912
4777,1.1671370267868042
4778,1.814017653465271
4779,1.3898093700408936
4780,1.2508859634399414
4781,1.2460378408432007
4782,1.3275244235992432
4783,1.4234447479248047
4784,1.847612977027893
4785,1.9874532222747803
4786,1.18514084815979
4787,1.9702569246292114
4788,1.2509512901306152
4789,1.7046833038330078
4790,1.4274729490280151
4791,1.360876202583313
4792,1.1429238319396973
4793,1.6716208457946777
4794,1.2140973806381226
4795,1.9729760885238647
4796,1.1817444562911987
4797,1.4881095886230469
4798,1.3845183849334717
4799,1.4687618017196655
4800,1.6594699621200562
4801,1.369252324104309
4802,1.2697088718414307
4803,1.3874683380126953
4804,1.2714391946792603
4805,1.5962878465652466
4806,1.2905837297439575
4807,1.902086853981018
4808,1.1659008264541626
4809,1.4631472826004028
4810,1.9816547632217407
4811,1.987713098526001
4812,1.2094155550003052
4813,1.3729842901229858
4814,1.7050737142562866
4815,1.402751088142395
4816,1.517890214920044
4817,1.7306286096572876
4818,1.7625585794448853
4819,1.2263319492340088
4820,1.6513592004776
4821,1.4461126327514648
4822,1.74940025806427
4823,1.2825429439544678
4824,1.9848270416259766
4825,1.790826439857483
4826,1.3247958421707153
4827,1.539913296699524
4828,1.199093222618103
4829,1.8126951456069946
4830,1.6573817729949951
4831,1.3787963390350342
4832,1.3410872220993042
4833,1.9824206829071045
4834,1.3676722049713135
4835,1.3766676187515259
4836,1.3605914115905762
4837,1.9723843336105347
4838,1.256052851676941
4839,1.253889560699463
4840,1.583889365196228
4841,1.801963210105896
4842,1.6141103506088257
4843,1.4051339626312256
4844,1.109915018081665
4845,1.3135734796524048
4846,1.1744381189346313
4847,1.3688205480575562
4848,1.383326530456543
4849,1.7857937812805176
4850,1.373193621635437
4851,1.2888063192367554
4852,1.4721553325653076
4853,1.365909218788147
4854,1.2465535402297974
4855,1.3575128316879272
4856,1.40477454662323
4857,1.663848638534546
4858,1.7746001482009888
4859,1.1889288425445557
4860,1.4243243932724
4861,1.652272343635559
4862,1.4910809993743896
4863,1.3599101305007935
4864,1.2738056182861328
4865,1.3049782514572144
4866,1.7190006971359253
4867,1.3144229650497437
4868,1.48373281955719
4869,1.56190824508667
4870,1.3413413763046265
4871,1.5090051889419556
4872,1.987163782119751
4873,1.3563814163208008
4874,1.3736953735351562
4875,1.464902400970459
4876,1.3853462934494019
4877,1.5156980752944946
4878,1.3710922002792358
4879,1.349901556968689
4880,1.0572971105575562
4881,1.1854662895202637
4882,1.9929471015930176
4883,1.8061240911483765
4884,1.990135669708252
4885,1.3860710859298706
4886,1.3892335891723633
4887,1.7887510061264038
4888,1.3933480978012085
4889,1.2349885702133179
4890,1.532742977142334
4891,1.3698434829711914
4892,1.3657246828079224
4893,1.8012980222702026
4894,1.3922200202941895
4895,1.3962599039077759
4896,1.7348271608352661
4897,1.3170771598815918
4898,1.262257695198059
4899,1.3520182371139526
4900,1.4284887313842773
4901,1.8169734477996826
4902,1.3119380474090576
4903,1.3206864595413208
4904,1.3663603067398071
4905,1.4463224411010742
4906,1.3087531328201294
4907,1.8456250429153442
4908,1.4468443393707275
4909,1.3988844156265259
4910,1.681008219718933
4911,1.8066045045852661
4912,1.8491379022598267
4913,1.808010220527649
4914,1.4397271871566772
4915,1.8204479217529297
4916,1.974669337272644
4917,1.3444465398788452
4918,1.9851242303848267
4919,1.9909136295318604
4920,1.3382664918899536
4921,1.595707893371582
4922,1.7130515575408936
4923,1.9844567775726318
4924,1.4521574974060059
4925,1.3137705326080322
4926,1.8163158893585205
4927,1.9149731397628784
4928,1.3932503461837769
4929,1.9857807159423828
4930,1.2655965089797974
4931,1.4080404043197632
4932,1.3590314388275146
4933,1.662192702293396
4934,1.8521263599395752
4935,1.1014021635055542
4936,1.9937721490859985
4937,1.3801079988479614
4938,1.3751076459884644
4939,1.3420273065567017
4940,1.3522469997406006
4941,1.393555998802185
4942,1.5087494850158691
4943,1.3849807977676392
4944,1.323922872543335
4945,1.4434945583343506
4946,1.596657633781433
4947,1.3812124729156494
4948,1.361702799797058
4949,1.1982141733169556
4950,1.5620841979980469
4951,1.4386961460113525
4952,1.288151502609253
4953,1.3842490911483765
4954,1.4024994373321533
4955,1.41738760471344
4956,1.7135120630264282
4957,1.3046289682388306
4958,1.5079401731491089
4959,1.2600253820419312
4960,1.344896674156189
4961,1.5974818468093872
4962,1.3674789667129517
4963,1.2364507913589478
4964,1.2669520378112793
4965,1.304343581199646
4966,1.8289562463760376
4967,1.3113436698913574
4968,1.4097435474395752
4969,1.3240872621536255
4970,1.4935526847839355
4971,1.7227126359939575
4972,1.5295519828796387
4973,1.9872124195098877
4974,1.4957784414291382
4975,1.3875494003295898
4976,1.5949954986572266
4977,1.2534507513046265
4978,1.2546252012252808
4979,1.207162857055664
4980,1.26219642162323
4981,1.3219457864761353
4982,1.4957594871520996
4983,1.7861645221710205
4984,1.5212690830230713
4985,1.6819019317626953
4986,1.850959062576294
4987,1.5617053508758545
4988,1.7095613479614258
4989,1.459119200706482
4990,1.7341705560684204
4991,1.3228150606155396
4992,1.3732811212539673
4993,1.3139322996139526
4994,1.4270297288894653
4995,1.3835759162902832
4996,1.7358521223068237
4997,1.9752079248428345
4998,1.68959379196167
4999,1.2523175477981567
5000,1.870666265487671
5001,1.9144209623336792
5002,1.4930208921432495
5003,1.5257786512374878
5004,1.986422061920166
5005,1.1488031148910522
5006,1.496962547302246
5007,1.348481297492981
5008,1.3089959621429443
5009,1.7588242292404175
5010,1.332092523574829
5011,1.3976117372512817
5012,1.2845083475112915
5013,1.9789693355560303
5014,1.5328633785247803
5015,1.2482930421829224
5016,1.3692691326141357
5017,1.4004722833633423
5018,1.3299845457077026
5019,1.430242657661438
5020,1.4213614463806152
5021,1.8865256309509277
5022,1.1924669742584229
5023,1.3633170127868652
5024,1.9979225397109985
5025,1.3938297033309937
5026,1.3161805868148804
5027,1.3317984342575073
5028,1.28074312210083
5029,1.1760923862457275
5030,1.1631542444229126
5031,1.1825326681137085
5032,1.9944047927856445
5033,1.7620731592178345
5034,1.4313856363296509
5035,1.511351466178894
5036,1.2808520793914795
5037,1.4576950073242188
5038,1.4281293153762817
5039,1.2780827283859253
5040,1.8695597648620605
5041,1.4515169858932495
5042,1.2680805921554565
5043,1.2803033590316772
5044,1.3555461168289185
5045,1.2595986127853394
5046,1.3324755430221558
5047,1.492440104484558
5048,1.4190428256988525
5049,1.6021242141723633
5050,1.353823184967041
5051,1.3142979145050049
5052,1.9876538515090942
5053,1.4563884735107422
5054,1.9796390533447266
5055,1.5376936197280884
5056,1.3757798671722412
5057,1.512637972831726
5058,1.1756242513656616
5059,1.2445824146270752
5060,1.6907234191894531
5061,1.2745448350906372
5062,1.6741701364517212
5063,1.2450439929962158
5064,1.9848800897598267
5065,1.4453940391540527
5066,1.2199102640151978
5067,1.2292646169662476
5068,1.4044427871704102
5069,1.3366882801055908
5070,1.5443015098571777
5071,1.6603448390960693
5072,1.3171422481536865
5073,1.9718066453933716
5074,1.2653406858444214
5075,1.1825402975082397
5076,1.2684788703918457
5077,1.4834368228912354
5078,1.4591463804244995
5079,1.3629504442214966
5080,1.7688713073730469
5081,1.9869691133499146
5082,1.2321970462799072
5083,1.3862721920013428
5084,1.4405567646026611
5085,1.6247700452804565
5086,1.9923264980316162
5087,1.8404998779296875
5088,1.2348850965499878
5089,1.3556122779846191
5090,1.3673138618469238
5091,1.8233460187911987
5092,1.3979893922805786
5093,1.3248987197875977
5094,1.3227654695510864
5095,1.34181547164917
5096,1.5132746696472168
5097,1.2841070890426636
5098,1.5885623693466187
5099,1.2656006813049316
5100,1.9875613451004028
5101,1.5559744834899902
5102,1.2962005138397217
5103,1.505309820175171
5104,1.4404118061065674
5105,1.6355339288711548
5106,1.8621609210968018
5107,1.9933027029037476
5108,1.4494495391845703
5109,1.5046055316925049
5110,1.7352025508880615
5111,1.4525479078292847
5112,1.2927072048187256
5113,1.441096544265747
5114,1.994018316268921
5115,1.7072597742080688
5116,1.3929126262664795
5117,1.766546607017517
5118,1.6872735023498535
5119,1.609285593032837
5120,1.3782259225845337
5121,1.4280269145965576
5122,1.5357831716537476
5123,1.4504168033599854
5124,1.8710148334503174
5125,1.371956467628479
5126,1.4267679452896118
5127,1.3623204231262207
5128,1.381701111793518
5129,1.373110055923462
5130,1.3349416255950928
5131,1.3069595098495483
5132,1.3245335817337036
5133,1.6488980054855347
5134,1.4573783874511719
5135,1.7182635068893433
5136,1.2921876907348633
5137,1.2357877492904663
5138,1.476073980331421
5139,1.7367820739746094
5140,1.2128691673278809
5141,1.8718880414962769
5142,1.4404547214508057
5143,1.2463438510894775
5144,1.6860121488571167
5145,1.826230525970459
5146,1.9710384607315063
5147,1.3171558380126953
5148,1.3858673572540283
5149,1.9812959432601929
5150,1.468764305114746
5151,1.7189085483551025
5152,1.4980723857879639
5153,1.296187162399292
5154,1.5307576656341553
5155,1.326433777809143
5156,1.3835391998291016
5157,1.3312851190567017
5158,1.3296239376068115
5159,1.2712459564208984
5160,1.3404457569122314
5161,1.3479032516479492
5162,1.4175760746002197
5163,1.7821022272109985
5164,1.4827172756195068
5165,1.8515995740890503
5166,1.3510005474090576
5167,1.1495003700256348
5168,1.8728684186935425
5169,1.283503770828247
5170,1.447131872177124
5171,1.205204963684082
5172,1.2134681940078735
5173,1.9651929140090942
5174,1.6314793825149536
5175,1.8874164819717407
5176,1.2822316884994507
5177,1.611206293106079
5178,1.338200569152832
5179,1.2611029148101807
5180,1.7438684701919556
5181,1.6234444379806519
5182,1.6958057880401611
5183,1.2160835266113281
5184,1.6562937498092651
5185,1.6512869596481323
5186,1.9336636066436768
5187,1.9477040767669678
5188,1.4063522815704346
5189,1.6765460968017578
5190,1.2999335527420044
5191,1.5352954864501953
5192,1.251859188079834
5193,1.2949743270874023
5194,1.7254050970077515
5195,1.7010821104049683
5196,1.6941941976547241
5197,1.2330741882324219
5198,1.277610182762146
5199,1.4213920831680298
5200,1.7202894687652588
5201,1.7059721946716309
5202,1.9527504444122314
5203,1.8246104717254639
5204,1.237975001335144
5205,1.6944952011108398
5206,1.206483244895935
5207,1.9151628017425537
5208,1.292673110961914
5209,1.8129334449768066
5210,1.418411374092102
5211,1.4631154537200928
5212,1.604578971862793
5213,1.612578272819519
5214,1.8478002548217773
5215,1.405871033668518
5216,1.7552865743637085
5217,1.3161413669586182
5218,1.3408334255218506
5219,1.7544142007827759
5220,1.839229702949524
5221,1.42472505569458
5222,1.3621915578842163
5223,1.497280478477478
5224,1.3687946796417236
5225,1.983220100402832
5226,1.2242448329925537
5227,1.8204267024993896
5228,1.3356677293777466
5229,1.2847988605499268
5230,1.5433887243270874
5231,1.612476110458374
5232,1.216963768005371
5233,1.2911887168884277
5234,1.3836116790771484
5235,1.2269513607025146
5236,1.3920762538909912
5237,1.9883248805999756
5238,1.5808801651000977
5239,1.9807069301605225
5240,1.5217857360839844
5241,1.7772544622421265
5242,1.8462810516357422
5243,1.1868884563446045
5244,1.4132646322250366
5245,1.8573795557022095
5246,1.5747967958450317
5247,1.2362914085388184
5248,1.2454280853271484
5249,1.354495882987976
5250,1.3930585384368896
5251,1.5395903587341309
5252,1.8629182577133179
5253,1.3480284214019775
5254,1.3043206930160522
5255,1.413541555404663
5256,1.8266856670379639
5257,1.7042863368988037
5258,1.9860548973083496
5259,1.3609790802001953
5260,1.3865993022918701
5261,1.3801419734954834
5262,1.272870659828186
5263,1.2403695583343506
5264,1.9697922468185425
5265,1.8479845523834229
5266,1.469510793685913
5267,1.9937840700149536
5268,1.37928307056427
5269,1.4033761024475098
5270,1.5526825189590454
5271,1.6564255952835083
5272,1.3389748334884644
5273,1.3183666467666626
5274,1.3461642265319824
5275,1.2831759452819824
5276,1.4171620607376099
5277,1.3548320531845093
5278,1.4141589403152466
5279,1.411757230758667
5280,1.4571261405944824
5281,1.9927494525909424
5282,1.9534095525741577
5283,1.3341773748397827
5284,1.8825750350952148
5285,1.9821810722351074
5286,1.428218126296997
5287,1.339415431022644
5288,1.3930450677871704
5289,1.3241575956344604
5290,1.3269569873809814
5291,1.7025891542434692
5292,1.4189647436141968
5293,1.403241515159607
5294,1.3946166038513184
5295,1.3021732568740845
5296,1.2793068885803223
5297,1.3204143047332764
5298,1.389925241470337
5299,1.380630373954773
5300,1.550798773765564
5301,1.3492234945297241
5302,1.3728814125061035
5303,1.7749593257904053
5304,1.4172148704528809
5305,1.597429633140564
5306,1.7997791767120361
5307,1.6632567644119263
5308,1.4363244771957397
5309,1.3938766717910767
5310,1.5820426940917969
5311,1.3107885122299194
5312,1.9797475337982178
5313,1.2414624691009521
5314,1.2981832027435303
5315,1.531935691833496
5316,1.6985301971435547
5317,1.2465338706970215
5318,1.4816031455993652
5319,1.4337234497070312
5320,1.9724446535110474
5321,1.369968056678772
5322,1.426632285118103
5323,1.74923837184906
5324,1.9891564846038818
5325,1.24393630027771
5326,1.3975096940994263
5327,1.353799819946289
5328,1.4564659595489502
5329,1.558908224105835
5330,1.669052243232727
5331,1.275661587715149
5332,1.887087106704712
5333,1.2259820699691772
5334,1.6022732257843018
5335,1.3732010126113892
5336,1.2795090675354004
5337,1.335718035697937
5338,1.404657244682312
5339,1.3022772073745728
5340,1.349765419960022
5341,1.8847793340682983
5342,1.3604021072387695
5343,1.948728084564209
5344,1.473265290260315
5345,1.2509373426437378
5346,1.381191372871399
5347,1.9654818773269653
5348,1.7617595195770264
5349,1.3371284008026123
5350,1.3289871215820312
5351,1.4163784980773926
5352,1.921992540359497
5353,1.3262712955474854
5354,1.7445961236953735
5355,1.334571361541748
5356,1.4389899969100952
5357,1.5363271236419678
5358,1.4732013940811157
5359,1.3669331073760986
5360,1.3431665897369385
5361,1.410284161567688
5362,1.9881157875061035
5363,1.8785886764526367
5364,1.8458118438720703
5365,1.2706849575042725
5366,1.791393756866455
5367,1.8840787410736084
5368,1.3631521463394165
5369,1.987245798110962
5370,1.7109538316726685
5371,1.4225749969482422
5372,1.6887803077697754
5373,1.7263376712799072
5374,1.7708234786987305
5375,1.991709589958191
5376,1.2961623668670654
5377,1.230350136756897
5378,1.2961903810501099
5379,1.2431910037994385
5380,1.4853078126907349
5381,1.1987836360931396
5382,1.3777295351028442
5383,1.6510860919952393
5384,1.4211654663085938
5385,1.198468804359436
5386,1.1573622226715088
5387,1.318078637123108
5388,1.4182114601135254
5389,1.7764785289764404
5390,1.8907843828201294
5391,1.3987284898757935
5392,1.9813684225082397
5393,1.3147215843200684
5394,1.247104287147522
5395,1.8333370685577393
5396,1.9855502843856812
5397,1.3338874578475952
5398,1.9940507411956787
5399,1.350848913192749
5400,1.2642744779586792
5401,1.8095643520355225
5402,1.6033236980438232
5403,1.3073103427886963
5404,1.2803725004196167
5405,1.3593037128448486
5406,1.228150486946106
5407,1.3588941097259521
5408,1.2437448501586914
5409,1.732887864112854
5410,1.3529096841812134
5411,1.9834935665130615
5412,1.3031293153762817
5413,1.4103959798812866
5414,1.8909544944763184
5415,1.2262859344482422
5416,1.9864548444747925
5417,1.3281022310256958
5418,1.9868816137313843
5419,1.9523730278015137
5420,1.9948097467422485
5421,1.709810733795166
5422,1.7642531394958496
5423,1.3545148372650146
5424,1.2839488983154297
5425,1.870909333229065
5426,1.233444333076477
5427,1.6067235469818115
5428,1.97561514377594
5429,1.3129686117172241
5430,1.2932478189468384
5431,1.8515815734863281
5432,1.471253752708435
5433,1.2685415744781494
5434,1.343362808227539
5435,1.4522264003753662
5436,1.9898018836975098
5437,1.788770318031311
5438,1.1725925207138062
5439,1.254969835281372
5440,1.6878576278686523
5441,1.1696335077285767
5442,1.3230482339859009
5443,1.3144540786743164
5444,1.367742896080017
5445,1.2760474681854248
5446,1.8196403980255127
5447,1.5307575464248657
5448,1.3020356893539429
5449,1.3638447523117065
5450,1.3438767194747925
5451,1.4220539331436157
5452,1.6016563177108765
5453,1.334651231765747
5454,1.2599564790725708
5455,1.3316506147384644
5456,1.7914458513259888
5457,1.2062349319458008
5458,1.991245985031128
5459,1.2087321281433105
5460,1.2471580505371094
5461,1.3416224718093872
5462,1.9867382049560547
5463,1.7141896486282349
5464,1.3363162279129028
5465,1.281827449798584
5466,1.1946442127227783
5467,1.3541687726974487
5468,1.6620064973831177
5469,1.9965200424194336
5470,1.1971248388290405
5471,1.2934775352478027
5472,1.631183385848999
5473,1.3208448886871338
5474,1.6873234510421753
5475,1.3244000673294067
5476,1.3482245206832886
5477,1.8366785049438477
5478,1.3915966749191284
5479,1.3652758598327637
5480,1.294260025024414
5481,1.3523045778274536
5482,1.2337239980697632
5483,1.3927496671676636
5484,1.503767967224121
5485,1.2861709594726562
5486,1.346022367477417
5487,1.1321942806243896
5488,1.2137415409088135
5489,1.957579493522644
5490,1.4335503578186035
5491,1.402962565422058
5492,1.5462286472320557
5493,1.3047153949737549
5494,1.9712142944335938
5495,1.2842530012130737
5496,1.8187998533248901
5497,1.4073057174682617
5498,1.2967544794082642
5499,1.459174394607544
5500,1.4514732360839844
5501,1.3807463645935059
5502,1.2918341159820557
5503,1.8444797992706299
5504,1.7911242246627808
5505,1.1652238368988037
5506,1.3768903017044067
5507,1.4146900177001953
5508,1.1524227857589722
5509,1.965505599975586
5510,1.6616250276565552
5511,1.35149085521698
5512,1.6714754104614258
5513,1.6283133029937744
5514,1.276879072189331
5515,1.3008497953414917
5516,1.4827089309692383
5517,1.6509677171707153
5518,1.6147946119308472
5519,1.3113007545471191
5520,1.346439242362976
5521,1.2618612051010132
5522,1.3421666622161865
5523,1.3429770469665527
5524,1.1756432056427002
5525,1.9955079555511475
5526,1.325487494468689
5527,1.2982624769210815
5528,1.993382453918457
5529,1.991909146308899
5530,1.5898995399475098
5531,1.3510268926620483
5532,1.483823537826538
5533,1.3389047384262085
5534,1.5629242658615112
5535,1.273442268371582
5536,1.7139898538589478
5537,1.5298916101455688
5538,1.3013848066329956
5539,1.5532879829406738
5540,1.2875020503997803
5541,1.458778738975525
5542,1.335306167602539
5543,1.610700249671936
5544,1.3088915348052979
5545,1.723612904548645
5546,1.9728621244430542
5547,1.2903393507003784
5548,1.3970861434936523
5549,1.2251863479614258
5550,1.3125730752944946
5551,1.5785881280899048
5552,1.5890257358551025
5553,1.4918768405914307
5554,1.247178316116333
5555,1.3603581190109253
5556,1.8918663263320923
5557,1.742614984512329
5558,1.3165827989578247
5559,1.8865913152694702
5560,1.2519851922988892
5561,1.9840937852859497
5562,1.3600705862045288
5563,1.4105613231658936
5564,1.8318778276443481
5565,1.9901814460754395
5566,1.2245616912841797
5567,1.2889015674591064
5568,1.299909234046936
5569,1.536610722541809
5570,1.2829365730285645
5571,1.3741470575332642
5572,1.7801676988601685
5573,1.722933053970337
5574,1.754616141319275
5575,1.5717577934265137
5576,1.3656036853790283
5577,1.7861021757125854
5578,1.2868117094039917
5579,1.2477635145187378
5580,1.370060682296753
5581,1.4724575281143188
5582,1.3794173002243042
5583,1.7438945770263672
5584,1.4123115539550781
5585,1.4607057571411133
5586,1.220707893371582
5587,1.3587554693222046
5588,1.4092785120010376
5589,1.5913901329040527
5590,1.8450796604156494
5591,1.3463168144226074
5592,1.3305280208587646
5593,1.3425577878952026
5594,1.8051502704620361
5595,1.4192345142364502
5596,1.1733070611953735
5597,1.8699458837509155
5598,1.3236664533615112
5599,1.2719674110412598
5600,1.3589547872543335
5601,1.3330141305923462
5602,1.982157588005066
5603,1.3781938552856445
5604,1.4767467975616455
5605,1.6917872428894043
5606,1.9838526248931885
5607,1.523700475692749
5608,1.408447265625
5609,1.3897147178649902
5610,1.6635453701019287
5611,1.610579252243042
5612,1.9414117336273193
5613,1.3316129446029663
5614,1.7860463857650757
5615,1.324074149131775
5616,1.2584558725357056
5617,1.5686718225479126
5618,1.8175257444381714
5619,1.3383923768997192
5620,1.2622140645980835
5621,1.294262170791626
5622,1.8124399185180664
5623,1.621586799621582
5624,1.992550253868103
5625,1.4114699363708496
5626,1.785139560699463
5627,1.7597131729125977
5628,1.371286392211914
5629,1.5985355377197266
5630,1.3365404605865479
5631,1.9667885303497314
5632,1.480155348777771
5633,1.2922420501708984
5634,1.9885833263397217
5635,1.817594051361084
5636,1.4199482202529907
5637,1.976277232170105
5638,1.3596255779266357
5639,1.7264732122421265
5640,1.9927078485488892
5641,1.3740798234939575
5642,1.4863321781158447
5643,1.2520692348480225
5644,1.2505559921264648
5645,1.3325284719467163
5646,1.8327515125274658
5647,1.687056303024292
5648,1.4405993223190308
5649,1.9938453435897827
5650,1.7104413509368896
5651,1.6064982414245605
5652,1.276055932044983
5653,1.9806660413742065
5654,1.3576573133468628
5655,1.6527966260910034
5656,1.5396006107330322
5657,1.4773917198181152
5658,1.9866827726364136
5659,1.3803613185882568
5660,1.8377290964126587
5661,1.414077877998352
5662,1.3921667337417603
5663,1.7524529695510864
5664,1.271988034248352
5665,1.3052598237991333
5666,1.7111320495605469
5667,1.3468446731567383
5668,1.7306489944458008
5669,1.9930343627929688
5670,1.351836919784546
5671,1.5917487144470215
5672,1.4439424276351929
5673,1.6684285402297974
5674,1.2421945333480835
5675,1.2377796173095703
5676,1.3464951515197754
5677,1.2948343753814697
5678,1.967332124710083
5679,1.4727476835250854
5680,1.7652146816253662
5681,1.4195377826690674
5682,1.3689289093017578
5683,1.479849934577942
5684,1.5717045068740845
5685,1.851089596748352
5686,1.974900245666504
5687,1.5847364664077759
5688,1.2734953165054321
5689,1.3519136905670166
5690,1.390115737915039
5691,1.3539414405822754
5692,1.3172041177749634
5693,1.3540972471237183
5694,1.4001572132110596
5695,1.4394466876983643
5696,1.709742784500122
5697,1.2164701223373413
5698,1.2854772806167603
5699,1.3223775625228882
5700,1.511436939239502
5701,1.6746468544006348
5702,1.1800423860549927
5703,1.998459815979004
5704,1.5554574728012085
5705,1.1811778545379639
5706,1.5942074060440063
5707,1.3559342622756958
5708,1.2990885972976685
5709,1.426376461982727
5710,1.217058777809143
5711,1.3017005920410156
5712,1.620970606803894
5713,1.4487149715423584
5714,1.2501755952835083
5715,1.9094370603561401
5716,1.27769935131073
5717,1.6427170038223267
5718,1.287508487701416
5719,1.6506116390228271
5720,1.9752579927444458
5721,1.3541642427444458
5722,1.400640845298767
5723,1.2858549356460571
5724,1.778909683227539
5725,1.2943605184555054
5726,1.7687920331954956
5727,1.864941120147705
5728,1.3187992572784424
5729,1.2968724966049194
5730,1.470603346824646
5731,1.3383326530456543
5732,1.2376080751419067
5733,1.3190518617630005
5734,1.3121494054794312
5735,1.3558971881866455
5736,1.3299236297607422
5737,1.2861679792404175
5738,1.374125361442566
5739,1.78023362159729
5740,1.9405722618103027
5741,1.6432572603225708
5742,1.2918343544006348
5743,1.2153732776641846
5744,1.5568395853042603
5745,1.3483750820159912
5746,1.6498675346374512
5747,1.6793214082717896
5748,1.3253157138824463
5749,1.9852745532989502
5750,1.3329280614852905
5751,1.9902600049972534
5752,1.5276621580123901
5753,1.7214292287826538
5754,1.4779936075210571
5755,1.6784520149230957
5756,1.7608826160430908
5757,1.2417198419570923
5758,1.3108282089233398
5759,1.2825658321380615
5760,1.3125579357147217
5761,1.2517021894454956
5762,1.850991129875183
5763,1.3894360065460205
5764,1.2134675979614258
5765,1.5865896940231323
5766,1.268919587135315
5767,1.7075963020324707
5768,1.9203925132751465
5769,1.5373201370239258
5770,1.18367338180542
5771,1.7349894046783447
5772,1.2379133701324463
5773,1.9474211931228638
5774,1.3173147439956665
5775,1.5482966899871826
5776,1.3266384601593018
5777,1.8045405149459839
5778,1.7932462692260742
5779,1.2415701150894165
5780,1.9146170616149902
5781,1.9922630786895752
5782,1.156211495399475
5783,1.4155304431915283
5784,1.352834701538086
5785,1.4809247255325317
5786,1.984898567199707
5787,1.5282330513000488
5788,1.8746230602264404
5789,1.3586443662643433
5790,1.3629631996154785
5791,1.68134605884552
5792,1.301702857017517
5793,1.7821117639541626
5794,1.985912799835205
5795,1.748105764389038
5796,1.3402842283248901
5797,1.281620740890503
5798,1.6680712699890137
5799,1.7196698188781738
5800,1.9048449993133545
5801,1.9872281551361084
5802,1.36227285861969
5803,1.334583044052124
5804,1.4306983947753906
5805,1.3671766519546509
5806,1.3383746147155762
5807,1.4183831214904785
5808,1.3254344463348389
5809,1.7222048044204712
5810,1.3399834632873535
5811,1.8616790771484375
5812,1.4168623685836792
5813,1.9218459129333496
5814,1.324818730354309
5815,1.3715053796768188
5816,1.6893900632858276
5817,1.377347707748413
5818,1.3680006265640259
5819,1.836985468864441
5820,1.9291882514953613
5821,1.5693681240081787
5822,1.2907166481018066
5823,1.7875657081604004
5824,1.163252592086792
5825,1.302911400794983
5826,1.3749570846557617
5827,1.3797471523284912
5828,1.816050410270691
5829,1.196254849433899
5830,1.8116689920425415
5831,1.1938591003417969
5832,1.50147545337677
5833,1.6552417278289795
5834,1.382565975189209
5835,1.5145626068115234
5836,1.3095098733901978
5837,1.893135666847229
5838,1.4181798696517944
5839,1.3974769115447998
5840,1.843785285949707
5841,1.5889570713043213
5842,1.2582868337631226
5843,1.5213009119033813
5844,1.501010775566101
5845,1.9765712022781372
5846,1.251128077507019
5847,1.2755842208862305
5848,1.807306170463562
5849,1.9871937036514282
5850,1.3877654075622559
5851,1.9846135377883911
5852,1.959918737411499
5853,1.3474035263061523
5854,1.4013303518295288
5855,1.8325674533843994
5856,1.3309412002563477
5857,1.3546056747436523
5858,1.8743314743041992
5859,1.4013272523880005
5860,1.368004560470581
5861,1.233215570449829
5862,1.3906008005142212
5863,1.3447470664978027
5864,1.2611004114151
5865,1.6653797626495361
5866,1.333256721496582
5867,1.3960964679718018
5868,1.4146367311477661
5869,1.5047227144241333
5870,1.4658211469650269
5871,1.2623729705810547
5872,1.5558345317840576
5873,1.8889796733856201
5874,1.3382703065872192
5875,1.3212271928787231
5876,1.3760931491851807
5877,1.3339251279830933
5878,1.2773001194000244
5879,1.7521512508392334
5880,1.237738847732544
5881,1.4854621887207031
5882,1.499184012413025
5883,1.2134555578231812
5884,1.8214325904846191
5885,1.2404811382293701
5886,1.7435314655303955
5887,1.82237708568573
5888,1.8736302852630615
5889,1.3144422769546509
5890,1.2938157320022583
5891,1.4871388673782349
5892,1.6395370960235596
5893,1.1813750267028809
5894,1.4787280559539795
5895,1.4256811141967773
5896,1.3354759216308594
5897,1.9920881986618042
5898,1.2319927215576172
5899,1.5100533962249756
5900,1.4230414628982544
5901,1.38609778881073
5902,1.4547322988510132
5903,1.9403685331344604
5904,1.307999849319458
5905,1.537455439567566
5906,1.4158000946044922
5907,1.662145972251892
5908,1.3796727657318115
5909,1.62189519405365
5910,1.9807322025299072
5911,1.3671704530715942
5912,1.9904170036315918
5913,1.4212877750396729
5914,1.382791519165039
5915,1.6300640106201172
5916,1.3993083238601685
5917,1.3251307010650635
5918,1.6367661952972412
5919,1.2296161651611328
5920,1.2970784902572632
5921,1.3585530519485474
5922,1.7945356369018555
5923,1.3803035020828247
5924,1.416533350944519
5925,1.3633840084075928
5926,1.4231598377227783
5927,1.7079861164093018
5928,1.360491156578064
5929,1.3039132356643677
5930,1.1933685541152954
5931,1.1772456169128418
5932,1.3478204011917114
5933,1.4479131698608398
5934,1.7772670984268188
5935,1.7998225688934326
5936,1.2693934440612793
5937,1.2663908004760742
5938,1.82444167137146
5939,1.8406660556793213
5940,1.5558996200561523
5941,1.5103846788406372
5942,1.204647421836853
5943,1.8952747583389282
5944,1.7043054103851318
5945,1.207825779914856
5946,1.487943172454834
5947,1.3280693292617798
5948,1.9912723302841187
5949,1.356697916984558
5950,1.9917325973510742
5951,1.256607174873352
5952,1.517161250114441
5953,1.3953969478607178
5954,1.5772228240966797
5955,1.7024320363998413
5956,1.9835450649261475
5957,1.9929850101470947
5958,1.2667871713638306
5959,1.9791196584701538
5960,1.2056081295013428
5961,1.3530977964401245
5962,1.5061520338058472
5963,1.3654080629348755
5964,1.5196518898010254
5965,1.1644407510757446
5966,1.4040696620941162
5967,1.2738697528839111
5968,1.9895286560058594
5969,1.3257756233215332
5970,1.3802427053451538
5971,1.4101378917694092
5972,1.6396015882492065
5973,1.7035027742385864
5974,1.2332812547683716
5975,1.7840889692306519
5976,1.2679775953292847
5977,1.473081350326538
5978,1.2865145206451416
5979,1.4997609853744507
5980,1.3252075910568237
5981,1.6020538806915283
5982,1.5249130725860596
5983,1.2680448293685913
5984,1.252441167831421
5985,1.8122718334197998
5986,1.7762099504470825
5987,1.313900113105774
5988,1.3831682205200195
5989,1.455639362335205
5990,1.5467339754104614
5991,1.4919674396514893
5992,1.608634352684021
5993,1.3249825239181519
5994,1.8900071382522583
5995,1.9709829092025757
5996,1.980961799621582
5997,1.8244657516479492
5998,1.5646311044692993
5999,1.293359637260437
6000,1.2583613395690918
6001,1.3569077253341675
6002,1.4463410377502441
6003,1.1603248119354248
6004,1.218928575515747
6005,1.9946786165237427
6006,1.3434932231903076
6007,1.5344345569610596
6008,1.5383528470993042
6009,1.992159128189087
6010,1.2540494203567505
6011,1.9026451110839844
6012,1.832667589187622
6013,1.3936843872070312
6014,1.2928056716918945
6015,1.363774299621582
6016,1.2991812229156494
6017,1.330730676651001
6018,1.9814592599868774
6019,1.416393518447876
6020,1.9915796518325806
6021,1.917203426361084
6022,1.3187174797058105
6023,1.3356603384017944
6024,1.2695590257644653
6025,1.342261791229248
6026,1.4994046688079834
6027,1.9886151552200317
6028,1.4130948781967163
6029,1.9937829971313477
6030,1.9003231525421143
6031,1.381341576576233
6032,1.91146981716156
6033,1.5491544008255005
6034,1.4096012115478516
6035,1.2871615886688232
6036,1.9953176975250244
6037,1.6359758377075195
6038,1.7706996202468872
6039,1.904126763343811
6040,1.7975168228149414
6041,1.9953151941299438
6042,1.4447604417800903
6043,1.2732994556427002
6044,1.7965120077133179
6045,1.4080946445465088
6046,1.43711256980896
6047,1.3901526927947998
6048,1.5674445629119873
6049,1.269201636314392
6050,1.9765437841415405
6051,1.5694177150726318
6052,1.7630666494369507
6053,1.965855360031128
6054,1.3496760129928589
6055,1.74024498462677
6056,1.4127599000930786
6057,1.2724348306655884
6058,1.7159216403961182
6059,1.914635181427002
6060,1.261629343032837
6061,1.595808506011963
6062,1.4300003051757812
6063,1.4272160530090332
6064,1.654528260231018
6065,1.345594882965088
6066,1.3960407972335815
6067,1.5321775674819946
6068,1.9766252040863037
6069,1.2213953733444214
6070,1.9627498388290405
6071,1.3718571662902832
6072,1.7642533779144287
6073,1.8142837285995483
6074,1.7102975845336914
6075,1.4173576831817627
6076,1.4056190252304077
6077,1.7137869596481323
6078,1.7929563522338867
6079,1.2423524856567383
6080,1.2549155950546265
6081,1.330052375793457
6082,1.7100070714950562
6083,1.3198972940444946
6084,1.4786250591278076
6085,1.2215826511383057
6086,1.7402524948120117
6087,1.9896618127822876
6088,1.2843167781829834
6089,1.8211445808410645
6090,1.2032840251922607
6091,1.2743746042251587
6092,1.723723292350769
6093,1.3868606090545654
6094,1.2032850980758667
6095,1.9939799308776855
6096,1.3515987396240234
6097,1.883603811264038
6098,1.3498075008392334
6099,1.3797965049743652
6100,1.9770983457565308
6101,1.314333200454712
6102,1.387535810470581
6103,1.6072362661361694
6104,1.4257985353469849
6105,1.707594871520996
6106,1.287257432937622
6107,1.4507066011428833
6108,1.2554842233657837
6109,1.203751564025879
6110,1.9922223091125488
6111,1.2962135076522827
6112,1.4674330949783325
6113,1.3178104162216187
6114,1.9708718061447144
6115,1.9003154039382935
6116,1.9844032526016235
6117,1.1894512176513672
6118,1.8529653549194336
6119,1.5839896202087402
6120,1.3687787055969238
6121,1.7621634006500244
6122,1.323019027709961
6123,1.7005813121795654
6124,1.355117917060852
6125,1.4085981845855713
6126,1.4474141597747803
6127,1.3998490571975708
6128,1.3407208919525146
6129,1.6514472961425781
6130,1.3430286645889282
6131,1.8351737260818481
6132,1.405132532119751
6133,1.4396047592163086
6134,1.8055278062820435
6135,1.3804411888122559
6136,1.413361668586731
6137,1.5963884592056274
6138,1.2573105096817017
6139,1.1911964416503906
6140,1.320380687713623
6141,1.468438982963562
6142,1.9876993894577026
6143,1.4089103937149048
6144,1.5000457763671875
6145,1.3304002285003662
6146,1.45074462890625
6147,1.3311538696289062
6148,1.409457802772522
6149,1.2810946702957153
6150,1.4657399654388428
6151,1.8439247608184814
6152,1.2793651819229126
6153,1.68214750289917
6154,1.4640190601348877
6155,1.221248745918274
6156,1.3546836376190186
6157,1.858488917350769
6158,1.9683340787887573
6159,1.3367575407028198
6160,1.6840959787368774
6161,1.4150261878967285
6162,1.4275131225585938
6163,1.433115005493164
6164,1.5834981203079224
6165,1.4445421695709229
6166,1.2875326871871948
6167,1.3034008741378784
6168,1.4356932640075684
6169,1.2678450345993042
6170,1.420724868774414
6171,1.4009047746658325
6172,1.6379142999649048
6173,1.4399343729019165
6174,1.8942675590515137
6175,1.9133573770523071
6176,1.4285422563552856
6177,1.2292284965515137
6178,1.3714723587036133
6179,1.2200584411621094
6180,1.3706825971603394
6181,1.8084461688995361
6182,1.993754267692566
6183,1.1719200611114502
6184,1.6863229274749756
6185,1.3416810035705566
6186,1.2657852172851562
6187,1.4366217851638794
6188,1.3469430208206177
6189,1.6079570055007935
6190,1.1854382753372192
6191,1.638480544090271
6192,1.7952380180358887
6193,1.1556799411773682
6194,1.2066799402236938
6195,1.290047526359558
6196,1.3676629066467285
6197,1.3376023769378662
6198,1.8165658712387085
6199,1.6938865184783936
6200,1.9948352575302124
6201,1.3069201707839966
6202,1.9770227670669556
6203,1.9790763854980469
6204,1.3150594234466553
6205,1.563704252243042
6206,1.5541560649871826
6207,1.9930042028427124
6208,1.7156342267990112
6209,1.8990542888641357
6210,1.6096680164337158
6211,1.3483792543411255
6212,1.400255560874939
6213,1.3835177421569824
6214,1.3805893659591675
6215,1.3788812160491943
6216,1.3342176675796509
6217,1.379948377609253
6218,1.3684027194976807
6219,1.5150799751281738
6220,1.240972638130188
6221,1.4266453981399536
6222,1.336211085319519
6223,1.7719875574111938
6224,1.1563916206359863
6225,1.689731478691101
6226,1.80807363986969
6227,1.4105523824691772
6228,1.9814236164093018
6229,1.3974119424819946
6230,1.1610331535339355
6231,1.2460278272628784
6232,1.2923506498336792
6233,1.34649658203125
6234,1.7828325033187866
6235,1.314752459526062
6236,1.3988978862762451
6237,1.9258227348327637
6238,1.2240415811538696
6239,1.3997821807861328
6240,1.5755122900009155
6241,1.8976401090621948
6242,1.3327211141586304
6243,1.3302453756332397
6244,1.696065068244934
6245,1.2994071245193481
6246,1.1528205871582031
6247,1.3996936082839966
6248,1.2247178554534912
6249,1.4724962711334229
6250,1.993849515914917
6251,1.306835412979126
6252,1.3012534379959106
6253,1.4280362129211426
6254,1.9935169219970703
6255,1.2320696115493774
6256,1.5885608196258545
6257,1.5488922595977783
6258,1.3416024446487427
6259,1.808142900466919
6260,1.8092741966247559
6261,1.9662724733352661
6262,1.3430638313293457
6263,1.7809911966323853
6264,1.3302156925201416
6265,1.4020004272460938
6266,1.385362148284912
6267,1.3127111196517944
6268,1.2357439994812012
6269,1.2540953159332275
6270,1.2651727199554443
6271,1.7260185480117798
6272,1.5103516578674316
6273,1.3906570672988892
6274,1.4233461618423462
6275,1.982850193977356
6276,1.420173168182373
6277,1.9810487031936646
6278,1.4885667562484741
6279,1.3608185052871704
6280,1.2596185207366943
6281,1.33708918094635
6282,1.4229618310928345
6283,1.610727071762085
6284,1.2284468412399292
6285,1.311598777770996
6286,1.33063542842865
6287,1.3306275606155396
6288,1.3668460845947266
6289,1.4386359453201294
6290,1.9872008562088013
6291,1.8382651805877686
6292,1.8415563106536865
6293,1.3912547826766968
6294,1.347820520401001
6295,1.5255881547927856
6296,1.9854986667633057
6297,1.3326516151428223
6298,1.8006188869476318
6299,1.2936033010482788
6300,1.485442876815796
6301,1.872876763343811
6302,1.3959590196609497
6303,1.206881046295166
6304,1.45729660987854
6305,1.2476087808609009
6306,1.402632236480713
6307,1.1733368635177612
6308,1.2624531984329224
6309,1.3638217449188232
6310,1.8446881771087646
6311,1.984330654144287
6312,1.6348588466644287
6313,1.8213210105895996
6314,1.2384541034698486
6315,1.3041256666183472
6316,1.799800992012024
6317,1.8026317358016968
6318,1.6644082069396973
6319,1.2604939937591553
6320,1.2730159759521484
6321,1.3229633569717407
6322,1.263772964477539
6323,1.3061084747314453
6324,1.3505163192749023
6325,1.4212214946746826
6326,1.4092592000961304
6327,1.5199873447418213
6328,1.4186944961547852
6329,1.4762428998947144
6330,1.4883899688720703
6331,1.2651170492172241
6332,1.8965848684310913
6333,1.7337857484817505
6334,1.616766095161438
6335,1.981587290763855
6336,1.2300593852996826
6337,1.4096648693084717
6338,1.2971175909042358
6339,1.431089162826538
6340,1.7161757946014404
6341,1.1546627283096313
6342,1.2854552268981934
6343,1.4103347063064575
6344,1.9773186445236206
6345,1.996235728263855
6346,1.3047391176223755
6347,1.4191263914108276
6348,1.4040894508361816
6349,1.8608213663101196
6350,1.3492437601089478
6351,1.662269949913025
6352,1.9819252490997314
6353,1.6799590587615967
6354,1.7823182344436646
6355,1.5557076930999756
6356,1.4349260330200195
6357,1.3968043327331543
6358,1.4820935726165771
6359,1.4711625576019287
6360,1.510857343673706
6361,1.401112675666809
6362,1.8793365955352783
6363,1.2946542501449585
6364,1.2924200296401978
6365,1.4463765621185303
6366,1.4209238290786743
6367,1.3279163837432861
6368,1.1909048557281494
6369,1.281415343284607
6370,1.210875153541565
6371,1.8440628051757812
6372,1.314677119255066
6373,1.238520860671997
6374,1.3237069845199585
6375,1.7027567625045776
6376,1.2941837310791016
6377,1.4273533821105957
6378,1.8714860677719116
6379,1.994244933128357
6380,1.3096147775650024
6381,1.4697896242141724
6382,1.9747520685195923
6383,1.3369759321212769
6384,1.3089885711669922
6385,1.3124992847442627
6386,1.2527967691421509
6387,1.7241921424865723
6388,1.4117711782455444
6389,1.771384596824646
6390,1.5022304058074951
6391,1.282186508178711
6392,1.3003718852996826
6393,1.2650375366210938
6394,1.334173321723938
6395,1.5654722452163696
6396,1.4845426082611084
6397,1.2458469867706299
6398,1.9282962083816528
6399,1.8018028736114502
6400,1.7568650245666504
6401,1.3983402252197266
6402,1.9708479642868042
6403,1.7276949882507324
6404,1.7499321699142456
6405,1.5069948434829712
6406,1.3936439752578735
6407,1.2155256271362305
6408,1.2753013372421265
6409,1.8655338287353516
6410,1.3515774011611938
6411,1.2360830307006836
6412,1.2673728466033936
6413,1.4705314636230469
6414,1.3532724380493164
6415,1.9673722982406616
6416,1.9906573295593262
6417,1.287688136100769
6418,1.3518694639205933
6419,1.294126033782959
6420,1.4666036367416382
6421,1.291316032409668
6422,1.4231432676315308
6423,1.44595468044281
6424,1.2756301164627075
6425,1.3052128553390503
6426,1.3025950193405151
6427,1.4743435382843018
6428,1.9826325178146362
6429,1.9777352809906006
6430,1.5595465898513794
6431,1.3781729936599731
6432,1.9921458959579468
6433,1.2553924322128296
6434,1.7838433980941772
6435,1.3331843614578247
6436,1.4846348762512207
6437,1.5969393253326416
6438,1.3432676792144775
6439,1.8389338254928589
6440,1.5979450941085815
6441,1.2545195817947388
6442,1.9756745100021362
6443,1.4407167434692383
6444,1.8267890214920044
6445,1.7339297533035278
6446,1.3424158096313477
6447,1.269855260848999
6448,1.7863991260528564
6449,1.823282241821289
6450,1.1998404264450073
6451,1.2950847148895264
6452,1.9820492267608643
6453,1.307159423828125
6454,1.3966150283813477
6455,1.317259430885315
6456,1.3331878185272217
6457,1.9610798358917236
6458,1.4981403350830078
6459,1.5225074291229248
6460,1.3695701360702515
6461,1.4956992864608765
6462,1.7209627628326416
6463,1.3482762575149536
6464,1.4676443338394165
6465,1.975785493850708
6466,1.1976600885391235
6467,1.2627582550048828
6468,1.2503025531768799
6469,1.3783998489379883
6470,1.4932754039764404
6471,1.8545666933059692
6472,1.382026195526123
6473,1.2258543968200684
6474,1.4106608629226685
6475,1.25699782371521
6476,1.9798355102539062
6477,1.689972162246704
6478,1.7304909229278564
6479,1.3062059879302979
6480,1.3563380241394043
6481,1.6035311222076416
6482,1.989302635192871
6483,1.974987506866455
6484,1.4356741905212402
6485,1.9310789108276367
6486,1.2058684825897217
6487,1.9776099920272827
6488,1.4546798467636108
6489,1.2074451446533203
6490,1.2491028308868408
6491,1.8510807752609253
6492,1.986223578453064
6493,1.5078320503234863
6494,1.7197260856628418
6495,1.8561111688613892
6496,1.6166038513183594
6497,1.3822386264801025
6498,1.9404959678649902
6499,1.4121304750442505
6500,1.5245816707611084
6501,1.9698858261108398
6502,1.379440426826477
6503,1.3725180625915527
6504,1.3753836154937744
6505,1.9880260229110718
6506,1.987565279006958
6507,1.5824331045150757
6508,1.3356739282608032
6509,1.4034669399261475
6510,1.5819201469421387
6511,1.3140110969543457
6512,1.381669521331787
6513,1.6091396808624268
6514,1.5685503482818604
6515,1.26045823097229
6516,1.9731695652008057
6517,1.7218981981277466
6518,1.479688286781311
6519,1.192726731300354
6520,1.3421363830566406
6521,1.4922888278961182
6522,1.4158376455307007
6523,1.3509705066680908
6524,1.5204577445983887
6525,1.4201620817184448
6526,1.6813178062438965
6527,1.406249761581421
6528,1.332026720046997
6529,1.4727647304534912
6530,1.7255221605300903
6531,1.1619874238967896
6532,1.3902091979980469
6533,1.6544665098190308
6534,1.3531478643417358
6535,1.3949384689331055
6536,1.2875605821609497
6537,1.8206360340118408
6538,1.2884539365768433
6539,1.7220691442489624
6540,1.942251443862915
6541,1.3098055124282837
6542,1.7023522853851318
6543,1.4193328619003296
6544,1.4274393320083618
6545,1.3298572301864624
6546,1.3807612657546997
6547,1.290671706199646
6548,1.187415361404419
6549,1.3390634059906006
6550,1.3134931325912476
6551,1.3973320722579956
6552,1.780120611190796
6553,1.6552786827087402
6554,1.3173507452011108
6555,1.7443886995315552
6556,1.3117619752883911
6557,1.986656665802002
6558,1.5167227983474731
6559,1.4400880336761475
6560,1.2074519395828247
6561,1.338442325592041
6562,1.9772436618804932
6563,1.3585913181304932
6564,1.298082709312439
6565,1.3703277111053467
6566,1.2842345237731934
6567,1.987189531326294
6568,1.3124878406524658
6569,1.9767025709152222
6570,1.1928110122680664
6571,1.8758466243743896
6572,1.6727858781814575
6573,1.8438081741333008
6574,1.2909066677093506
6575,1.270029067993164
6576,1.318689227104187
6577,1.6440778970718384
6578,1.5522825717926025
6579,1.3191428184509277
6580,1.3626946210861206
6581,1.9642672538757324
6582,1.6304566860198975
6583,1.9042596817016602
6584,1.271125078201294
6585,1.7588269710540771
6586,1.2912023067474365
6587,1.8213105201721191
6588,1.9920322895050049
6589,1.304053544998169
6590,1.245548963546753
6591,1.4115087985992432
6592,1.9942662715911865
6593,1.5265051126480103
6594,1.549031138420105
6595,1.9893990755081177
6596,1.3402607440948486
6597,1.3447299003601074
6598,1.337706446647644
6599,1.9680907726287842
6600,1.9816172122955322
6601,1.2744603157043457
6602,1.537493109703064
6603,1.182966709136963
6604,1.8240835666656494
6605,1.341065526008606
6606,1.2934434413909912
6607,1.7903375625610352
6608,1.7265753746032715
6609,1.3397351503372192
6610,1.2753913402557373
6611,1.2233563661575317
6612,1.8518720865249634
6613,1.1973310708999634
6614,1.3761788606643677
6615,1.3730543851852417
6616,1.4256653785705566
6617,1.7064814567565918
6618,1.1754027605056763
6619,1.9949359893798828
6620,1.2767904996871948
6621,1.3455477952957153
6622,1.693852424621582
6623,1.9790124893188477
6624,1.8696542978286743
6625,1.470824122428894
6626,1.7073924541473389
6627,1.2189826965332031
6628,1.3880620002746582
6629,1.9011335372924805
6630,1.9959403276443481
6631,1.640912413597107
6632,1.3840242624282837
6633,1.2865363359451294
6634,1.3495794534683228
6635,1.3106038570404053
6636,1.7453629970550537
6637,1.5276437997817993
6638,1.3594367504119873
6639,1.9167073965072632
6640,1.389067530632019
6641,1.4140640497207642
6642,1.7471100091934204
6643,1.4756886959075928
6644,1.2881604433059692
6645,1.391014814376831
6646,1.3532166481018066
6647,1.3657565116882324
6648,1.9753719568252563
6649,1.2862530946731567
6650,1.4229612350463867
6651,1.540414810180664
6652,1.3144246339797974
6653,1.3634341955184937
6654,1.918245792388916
6655,1.6426957845687866
6656,1.8297971487045288
6657,1.2327871322631836
6658,1.2779603004455566
6659,1.3132787942886353
6660,1.8738527297973633
6661,1.4496692419052124
6662,1.7994043827056885
6663,1.6485272645950317
6664,1.6998839378356934
6665,1.4409501552581787
6666,1.422074556350708
6667,1.2628180980682373
6668,1.989445447921753
6669,1.3228026628494263
6670,1.3013989925384521
6671,1.4396898746490479
6672,1.2314316034317017
6673,1.349682092666626
6674,1.9866390228271484
6675,1.4590436220169067
6676,1.5926011800765991
6677,1.9970512390136719
6678,1.261872410774231
6679,1.305456519126892
6680,1.2327446937561035
6681,1.2482270002365112
6682,1.2399431467056274
6683,1.9020764827728271
6684,1.486075520515442
6685,1.3032090663909912
6686,1.585932970046997
6687,1.724990963935852
6688,1.3027269840240479
6689,1.4806098937988281
6690,1.3119536638259888
6691,1.3841633796691895
6692,1.3211866617202759
6693,1.3483468294143677
6694,1.1276741027832031
6695,1.3264223337173462
6696,1.8459901809692383
6697,1.9943592548370361
6698,1.207227110862732
6699,1.322068214416504
6700,1.9754137992858887
6701,1.2605229616165161
6702,1.4899358749389648
6703,1.346987009048462
6704,1.40446937084198
6705,1.9792102575302124
6706,1.6829739809036255
6707,1.2263370752334595
6708,1.4174304008483887
6709,1.9913034439086914
6710,1.306964635848999
6711,1.5277734994888306
6712,1.334788203239441
6713,1.2967643737792969
6714,1.2641431093215942
6715,1.248834490776062
6716,1.6570253372192383
6717,1.29131281375885
6718,1.3562662601470947
6719,1.5456331968307495
6720,1.904654860496521
6721,1.956691026687622
6722,1.2516896724700928
6723,1.7222018241882324
6724,1.423153281211853
6725,1.2227027416229248
6726,1.8246722221374512
6727,1.764767050743103
6728,1.5408505201339722
6729,1.3510533571243286
6730,1.989027500152588
6731,1.3571184873580933
6732,1.4473341703414917
6733,1.2328557968139648
6734,1.227089762687683
6735,1.2113991975784302
6736,1.2195991277694702
6737,1.332467794418335
6738,1.9839881658554077
6739,1.7767266035079956
6740,1.390838384628296
6741,1.319671392440796
6742,1.3708856105804443
6743,1.2524555921554565
6744,1.3234527111053467
6745,1.4666740894317627
6746,1.748152256011963
6747,1.7412220239639282
6748,1.3921406269073486
6749,1.5676325559616089
6750,1.546981692314148
6751,1.3637864589691162
6752,1.298083782196045
6753,1.9878783226013184
6754,1.4272862672805786
6755,1.984527826309204
6756,1.1978024244308472
6757,1.8054914474487305
6758,1.3491078615188599
6759,1.3958820104599
6760,1.8078924417495728
6761,1.4091928005218506
6762,1.2599735260009766
6763,1.8818447589874268
6764,1.259238839149475
6765,1.8030424118041992
6766,1.9948948621749878
6767,1.7401223182678223
6768,1.3411813974380493
6769,1.1148886680603027
6770,1.7014800310134888
6771,1.9249162673950195
6772,1.6124486923217773
6773,1.9914488792419434
6774,1.3184353113174438
6775,1.413696050643921
6776,1.2830572128295898
6777,1.142045021057129
6778,1.423485279083252
6779,1.9865823984146118
6780,1.7119795083999634
6781,1.2080131769180298
6782,1.3690396547317505
6783,1.987366795539856
6784,1.984120488166809
6785,1.3006007671356201
6786,1.36278235912323
6787,1.9964507818222046
6788,1.4366320371627808
6789,1.3958286046981812
6790,1.6618887186050415
6791,1.6187400817871094
6792,1.310852289199829
6793,1.972129225730896
6794,1.3905013799667358
6795,1.6758285760879517
6796,1.9809287786483765
6797,1.2801240682601929
6798,1.7427031993865967
6799,1.255123496055603
6800,1.872798204421997
6801,1.318131685256958
6802,1.444075345993042
6803,1.803314208984375
6804,1.2625584602355957
6805,1.3603039979934692
6806,1.9620862007141113
6807,1.7034029960632324
6808,1.4290401935577393
6809,1.6519051790237427
6810,1.3628730773925781
6811,1.9449869394302368
6812,1.3194150924682617
6813,1.7031431198120117
6814,1.9586246013641357
6815,1.1941367387771606
6816,1.5959086418151855
6817,1.5643175840377808
6818,1.6687101125717163
6819,1.876758098602295
6820,1.2171540260314941
6821,1.550408124923706
6822,1.3460662364959717
6823,1.2031598091125488
6824,1.6434450149536133
6825,1.3673174381256104
6826,1.9376575946807861
6827,1.255338430404663
6828,1.6485602855682373
6829,1.8675522804260254
6830,1.2725807428359985
6831,1.7437211275100708
6832,1.3911101818084717
6833,1.188522219657898
6834,1.4881938695907593
6835,1.9788663387298584
6836,1.2884371280670166
6837,1.804222822189331
6838,1.3542330265045166
6839,1.9689092636108398
6840,1.4645516872406006
6841,1.8820043802261353
6842,1.7884395122528076
6843,1.2416517734527588
6844,1.4151796102523804
6845,1.156016230583191
6846,1.344900131225586
6847,1.3348987102508545
6848,1.3231432437896729
6849,1.4032182693481445
6850,1.350578784942627
6851,1.2668668031692505
6852,1.5937995910644531
6853,1.6750714778900146
6854,1.800243854522705
6855,1.3512152433395386
6856,1.233859658241272
6857,1.5464006662368774
6858,1.4209853410720825
6859,1.9820982217788696
6860,1.2812554836273193
6861,1.3576898574829102
6862,1.3589574098587036
6863,1.377197265625
6864,1.3285844326019287
6865,1.3159947395324707
6866,1.6200498342514038
6867,1.2900809049606323
6868,1.3509044647216797
6869,1.3596417903900146
6870,1.7532494068145752
6871,1.4017196893692017
6872,1.4895347356796265
6873,1.2760286331176758
6874,1.4731855392456055
6875,1.3760802745819092
6876,1.3126063346862793
6877,1.4275320768356323
6878,1.852665901184082
6879,1.3827813863754272
6880,1.3600355386734009
6881,1.9397891759872437
6882,1.1387364864349365
6883,1.3175253868103027
6884,1.7415658235549927
6885,1.612199068069458
6886,1.324377179145813
6887,1.3141390085220337
6888,1.1737934350967407
6889,1.9818265438079834
6890,1.3174928426742554
6891,1.9836312532424927
6892,1.3448817729949951
6893,1.379791259765625
6894,1.705886960029602
6895,1.750192403793335
6896,1.2791252136230469
6897,1.906007170677185
6898,1.9915165901184082
6899,1.682249665260315
6900,1.3190078735351562
6901,1.9476821422576904
6902,1.3930566310882568
6903,1.4934531450271606
6904,1.4607809782028198
6905,1.9918365478515625
6906,1.6648157835006714
6907,1.9956350326538086
6908,1.271672248840332
6909,1.2725218534469604
6910,1.5231456756591797
6911,1.4971548318862915
6912,1.8223457336425781
6913,1.4589170217514038
6914,1.2016496658325195
6915,1.9965609312057495
6916,1.7690809965133667
6917,1.4364326000213623
6918,1.9895789623260498
6919,1.3424006700515747
6920,1.4827690124511719
6921,1.2984036207199097
6922,1.7186360359191895
6923,1.8024616241455078
6924,1.283519983291626
6925,1.3940566778182983
6926,1.405745506286621
6927,1.9909906387329102
6928,1.4143649339675903
6929,1.3802133798599243
6930,1.376334547996521
6931,1.4458205699920654
6932,1.3321369886398315
6933,1.4810452461242676
6934,1.703582525253296
6935,1.606819987297058
6936,1.3252447843551636
6937,1.8385580778121948
6938,1.4338232278823853
6939,1.3960866928100586
6940,1.4160206317901611
6941,1.6251643896102905
6942,1.584309697151184
6943,1.4275403022766113
6944,1.758691668510437
6945,1.3647470474243164
6946,1.8310891389846802
6947,1.5419968366622925
6948,1.2989808320999146
6949,1.8221356868743896
6950,1.3415695428848267
6951,1.42250394821167
6952,1.3692964315414429
6953,1.6565759181976318
6954,1.995060920715332
6955,1.2494926452636719
6956,1.3351209163665771
6957,1.3787219524383545
6958,1.8748644590377808
6959,1.3582751750946045
6960,1.2628909349441528
6961,1.6733423471450806
6962,1.2963889837265015
6963,1.4229421615600586
6964,1.276089072227478
6965,1.3442362546920776
6966,1.6135717630386353
6967,1.40438973903656
6968,1.7777011394500732
6969,1.9885386228561401
6970,1.9888993501663208
6971,1.513781189918518
6972,1.389764666557312
6973,1.4315471649169922
6974,1.4807883501052856
6975,1.511618733406067
6976,1.6110063791275024
6977,1.5273106098175049
6978,1.1682446002960205
6979,1.3588825464248657
6980,1.5479894876480103
6981,1.4879971742630005
6982,1.2106149196624756
6983,1.358156681060791
6984,1.5271469354629517
6985,1.3566113710403442
6986,1.181323766708374
6987,1.315480351448059
6988,1.265397548675537
6989,1.5194141864776611
6990,1.4479938745498657
6991,1.1583071947097778
6992,1.866292953491211
6993,1.5030690431594849
6994,1.956000804901123
6995,1.5018408298492432
6996,1.477693796157837
6997,1.2605711221694946
6998,1.5598615407943726
6999,1.5861120223999023
7000,1.2660404443740845
7001,1.1904585361480713
7002,1.3097984790802002
7003,1.4005835056304932
7004,1.7520703077316284
7005,1.3624788522720337
7006,1.4940760135650635
7007,1.2706327438354492
7008,1.8614133596420288
7009,1.388505458831787
7010,1.4437721967697144
7011,1.8521177768707275
7012,1.5789408683776855
7013,1.6707943677902222
7014,1.5227973461151123
7015,1.5600591897964478
7016,1.387397289276123
7017,1.8200572729110718
7018,1.2641863822937012
7019,1.5505800247192383
7020,1.9357569217681885
7021,1.990984320640564
7022,1.2935326099395752
7023,1.3821498155593872
7024,1.4771733283996582
7025,1.8108866214752197
7026,1.3608964681625366
7027,1.989119291305542
7028,1.5488160848617554
7029,1.4163554906845093
7030,1.3486779928207397
7031,1.9744765758514404
7032,1.3556491136550903
7033,1.3459423780441284
7034,1.8065346479415894
7035,1.83523690700531
7036,1.1635242700576782
7037,1.5298062562942505
7038,1.7527481317520142
7039,1.393114447593689
7040,1.5696680545806885
7041,1.3353554010391235
7042,1.2347408533096313
7043,1.9144564867019653
7044,1.6641980409622192
7045,1.5593620538711548
7046,1.2867555618286133
7047,1.981479287147522
7048,1.336657166481018
7049,1.3248850107192993
7050,1.9972102642059326
7051,1.3000761270523071
7052,1.3935191631317139
7053,1.4617862701416016
7054,1.2739789485931396
7055,1.6052496433258057
7056,1.334619402885437
7057,1.806221842765808
7058,1.3977091312408447
7059,1.3180638551712036
7060,1.9069687128067017
7061,1.3073551654815674
7062,1.3061223030090332
7063,1.3867688179016113
7064,1.2138826847076416
7065,1.2238821983337402
7066,1.3273829221725464
7067,1.5610167980194092
7068,1.377832293510437
7069,1.9852794408798218
7070,1.2685729265213013
7071,1.1921278238296509
7072,1.647400975227356
7073,1.3745343685150146
7074,1.2450369596481323
7075,1.6581836938858032
7076,1.3799047470092773
7077,1.335935115814209
7078,1.3326644897460938
7079,1.5169702768325806
7080,1.2911202907562256
7081,1.8905161619186401
7082,1.4403860569000244
7083,1.333547830581665
7084,1.1970075368881226
7085,1.2147409915924072
7086,1.8218328952789307
7087,1.4189225435256958
7088,1.416307806968689
7089,1.2974493503570557
7090,1.581843614578247
7091,1.327368974685669
7092,1.5704169273376465
7093,1.6859853267669678
7094,1.325836181640625
7095,1.4496138095855713
7096,1.714880347251892
7097,1.7932301759719849
7098,1.6339778900146484
7099,1.398118257522583
7100,1.2570314407348633
7101,1.3925962448120117
7102,1.3422846794128418
7103,1.2000763416290283
7104,1.805260419845581
7105,1.7725541591644287
7106,1.3517723083496094
7107,1.252502202987671
7108,1.7300868034362793
7109,1.2062222957611084
7110,1.3039262294769287
7111,1.4546035528182983
7112,1.4276535511016846
7113,1.5506497621536255
7114,1.2421761751174927
7115,1.2865023612976074
7116,1.2816072702407837
7117,1.4145512580871582
7118,1.3760151863098145
7119,1.7172971963882446
7120,1.4163764715194702
7121,1.210559606552124
7122,1.8215622901916504
7123,1.1567714214324951
7124,1.7960814237594604
7125,1.4949393272399902
7126,1.508115291595459
7127,1.4166440963745117
7128,1.257449984550476
7129,1.469517469406128
7130,1.2879337072372437
7131,1.291520357131958
7132,1.9702242612838745
7133,1.227534294128418
7134,1.544708251953125
7135,1.5780688524246216
7136,1.4297432899475098
7137,1.2985690832138062
7138,1.7810375690460205
7139,1.7294424772262573
7140,1.9851326942443848
7141,1.3078254461288452
7142,1.527753233909607
7143,1.9856950044631958
7144,1.232136607170105
7145,1.5953443050384521
7146,1.2878721952438354
7147,1.277501106262207
7148,1.3281691074371338
7149,1.7861262559890747
7150,1.8512705564498901
7151,1.9874601364135742
7152,1.2931488752365112
7153,1.4400384426116943
7154,1.182162880897522
7155,1.3071787357330322
7156,1.3587772846221924
7157,1.2861149311065674
7158,1.9817376136779785
7159,1.3901889324188232
7160,1.7160450220108032
7161,1.435522437095642
7162,1.5739760398864746
7163,1.2475930452346802
7164,1.641047716140747
7165,1.416035771369934
7166,1.978408932685852
7167,1.1869434118270874
7168,1.6367530822753906
7169,1.3460376262664795
7170,1.2332534790039062
7171,1.8238918781280518
7172,1.510217308998108
7173,1.1282308101654053
7174,1.1339572668075562
7175,1.3057506084442139
7176,1.9835069179534912
7177,1.9681646823883057
7178,1.3866621255874634
7179,1.3928474187850952
7180,1.9732364416122437
7181,1.947657823562622
7182,1.318023443222046
7183,1.1583020687103271
7184,1.4482314586639404
7185,1.3508820533752441
7186,1.6465123891830444
7187,1.7238612174987793
7188,1.9827932119369507
7189,1.8029708862304688
7190,1.4355493783950806
7191,1.3833001852035522
7192,1.354070782661438
7193,1.6590116024017334
7194,1.3824506998062134
7195,1.3172144889831543
7196,1.4274318218231201
7197,1.412502408027649
7198,1.3168463706970215
7199,1.208662986755371
7200,1.3771803379058838
7201,1.305924415588379
7202,1.7119450569152832
7203,1.3497897386550903
7204,1.8977419137954712
7205,1.523581862449646
7206,1.9961738586425781
7207,1.3802043199539185
7208,1.4433015584945679
7209,1.61081862449646
7210,1.1696982383728027
7211,1.2559927701950073
7212,1.2402260303497314
7213,1.3371305465698242
7214,1.5334135293960571
7215,1.4194979667663574
7216,1.1679998636245728
7217,1.596204161643982
7218,1.4749209880828857
7219,1.3162600994110107
7220,1.9183396100997925
7221,1.4479056596755981
7222,1.2145097255706787
7223,1.9276669025421143
7224,1.4010117053985596
7225,1.8099744319915771
7226,1.4547910690307617
7227,1.3466981649398804
7228,1.4540892839431763
7229,1.8438425064086914
7230,1.857201099395752
7231,1.311787724494934
7232,1.680931568145752
7233,1.795047402381897
7234,1.4316846132278442
7235,1.3996154069900513
7236,1.3282365798950195
7237,1.3276947736740112
7238,1.3255820274353027
7239,1.3777356147766113
7240,1.4322351217269897
7241,1.4987846612930298
7242,1.928163766860962
7243,1.3459398746490479
7244,1.3576728105545044
7245,1.6691207885742188
7246,1.3318324089050293
7247,1.608070731163025
7248,1.327452301979065
7249,1.7545109987258911
7250,1.2509267330169678
7251,1.3282893896102905
7252,1.3489105701446533
7253,1.3349316120147705
7254,1.2042875289916992
7255,1.6432032585144043
7256,1.5480303764343262
7257,1.4313783645629883
7258,1.3303030729293823
7259,1.1539865732192993
7260,1.289486050605774
7261,1.314646601676941
7262,1.4079186916351318
7263,1.2123279571533203
7264,1.8284387588500977
7265,1.364877700805664
7266,1.6421926021575928
7267,1.5247279405593872
7268,1.9728507995605469
7269,1.3399215936660767
7270,1.3062810897827148
7271,1.8046866655349731
7272,1.9909018278121948
7273,1.3440258502960205
7274,1.3771300315856934
7275,1.3930587768554688
7276,1.308078408241272
7277,1.8044345378875732
7278,1.4784733057022095
7279,1.4330086708068848
7280,1.6096793413162231
7281,1.3202147483825684
7282,1.1224496364593506
7283,1.3522803783416748
7284,1.601247787475586
7285,1.9921045303344727
7286,1.3697447776794434
7287,1.987730622291565
7288,1.7434489727020264
7289,1.327478051185608
7290,1.3539316654205322
7291,1.2730106115341187
7292,1.6050364971160889
7293,1.3679711818695068
7294,1.8540172576904297
7295,1.4694039821624756
7296,1.401487112045288
7297,1.985727310180664
7298,1.1977146863937378
7299,1.9942643642425537
7300,1.351321816444397
7301,1.226488471031189
7302,1.289520263671875
7303,1.2282161712646484
7304,1.983519434928894
7305,1.9415218830108643
7306,1.363672137260437
7307,1.2351313829421997
7308,1.3918944597244263
7309,1.3759020566940308
7310,1.331056833267212
7311,1.3895597457885742
7312,1.7094169855117798
7313,1.2727947235107422
7314,1.4047778844833374
7315,1.1798917055130005
7316,1.913299560546875
7317,1.988100290298462
7318,1.3371212482452393
7319,1.711340308189392
7320,1.8595430850982666
7321,1.3932394981384277
7322,1.847474217414856
7323,1.4184234142303467
7324,1.2949283123016357
7325,1.3453809022903442
7326,1.9967665672302246
7327,1.4672346115112305
7328,1.2258341312408447
7329,1.2473900318145752
7330,1.7108488082885742
7331,1.4099880456924438
7332,1.6275678873062134
7333,1.7120845317840576
7334,1.5113834142684937
7335,1.4440337419509888
7336,1.7163910865783691
7337,1.8468842506408691
7338,1.3624640703201294
7339,1.3523821830749512
7340,1.5386847257614136
7341,1.4575544595718384
7342,1.3977961540222168
7343,1.199266791343689
7344,1.301058053970337
7345,1.1856635808944702
7346,1.3701969385147095
7347,1.2958256006240845
7348,1.3597248792648315
7349,1.332613468170166
7350,1.9068553447723389
7351,1.3195488452911377
7352,1.8713442087173462
7353,1.5689184665679932
7354,1.6297662258148193
7355,1.6605392694473267
7356,1.2207551002502441
7357,1.8232622146606445
7358,1.6261100769042969
7359,1.6189863681793213
7360,1.2608948945999146
7361,1.4397833347320557
7362,1.7699575424194336
7363,1.27871572971344
7364,1.5706006288528442
7365,1.7128493785858154
7366,1.2770525217056274
7367,1.65512216091156
7368,1.9602060317993164
7369,1.3689210414886475
7370,1.4827085733413696
7371,1.739133596420288
7372,1.9805620908737183
7373,1.299791932106018
7374,1.2642836570739746
7375,1.3050105571746826
7376,1.666915774345398
7377,1.963557243347168
7378,1.1804850101470947
7379,1.2913795709609985
7380,1.9761550426483154
7381,1.468226671218872
7382,1.5421961545944214
7383,1.7693251371383667
7384,1.7080931663513184
7385,1.3483617305755615
7386,1.273399829864502
7387,1.6864078044891357
7388,1.9835758209228516
7389,1.930643081665039
7390,1.6881721019744873
7391,1.4644614458084106
7392,1.6481943130493164
7393,1.847830057144165
7394,1.3110101222991943
7395,1.2324168682098389
7396,1.31217360496521
7397,1.9610530138015747
7398,1.3283684253692627
7399,1.8089094161987305
7400,1.4115475416183472
7401,1.3036872148513794
7402,1.4008359909057617
7403,1.362074851989746
7404,1.3572993278503418
7405,1.3047864437103271
7406,1.260920763015747
7407,1.6494420766830444
7408,1.4100239276885986
7409,1.366174578666687
7410,1.2321420907974243
7411,1.1468863487243652
7412,1.6114622354507446
7413,1.6601847410202026
7414,1.3803801536560059
7415,1.2313233613967896
7416,1.3796241283416748
7417,1.6605304479599
7418,1.3438993692398071
7419,1.359999656677246
7420,1.7981423139572144
7421,1.2982044219970703
7422,1.2853736877441406
7423,1.4413219690322876
7424,1.8536477088928223
7425,1.385614037513733
7426,1.4427047967910767
7427,1.9915223121643066
7428,1.5415970087051392
7429,1.3234221935272217
7430,1.404115080833435
7431,1.5443687438964844
7432,1.2910877466201782
7433,1.3113552331924438
7434,1.4569659233093262
7435,1.3391392230987549
7436,1.9659724235534668
7437,1.9234592914581299
7438,1.2973499298095703
7439,1.2944245338439941
7440,1.5642467737197876
7441,1.3227062225341797
7442,1.240896224975586
7443,1.9843230247497559
7444,1.2716690301895142
7445,1.395618200302124
7446,1.431255578994751
7447,1.9858887195587158
7448,1.6616551876068115
7449,1.6159889698028564
7450,1.3564722537994385
7451,1.6173038482666016
7452,1.2754589319229126
7453,1.8021228313446045
7454,1.351378321647644
7455,1.2894694805145264
7456,1.6966432332992554
7457,1.3173470497131348
7458,1.2616263628005981
7459,1.7316765785217285
7460,1.4259332418441772
7461,1.3810944557189941
7462,1.9968430995941162
7463,1.4447160959243774
7464,1.5964726209640503
7465,1.415949821472168
7466,1.8700416088104248
7467,1.982409954071045
7468,1.2593107223510742
7469,1.5090532302856445
7470,1.9859687089920044
7471,1.222456932067871
7472,1.779076099395752
7473,1.9908862113952637
7474,1.9792287349700928
7475,1.8883602619171143
7476,1.3701820373535156
7477,1.148547887802124
7478,1.3483964204788208
7479,1.943784475326538
7480,1.232689380645752
7481,1.3187363147735596
7482,1.9843473434448242
7483,1.8757433891296387
7484,1.7696716785430908
7485,1.512839674949646
7486,1.3428159952163696
7487,1.354374885559082
7488,1.575768232345581
7489,1.6081585884094238
7490,1.3671053647994995
7491,1.7015185356140137
7492,1.960863471031189
7493,1.3812744617462158
7494,1.2141855955123901
7495,1.9932035207748413
7496,1.6994528770446777
7497,1.2735638618469238
7498,1.564945936203003
7499,1.9148571491241455
7500,1.5261025428771973
7501,1.410634994506836
7502,1.2550933361053467
7503,1.2331533432006836
7504,1.7604891061782837
7505,1.2510513067245483
7506,1.2609171867370605
7507,1.8338546752929688
7508,1.2517613172531128
7509,1.3463586568832397
7510,1.3478386402130127
7511,1.3327492475509644
7512,1.7820665836334229
7513,1.2909222841262817
7514,1.3942841291427612
7515,1.3990960121154785
7516,1.5896300077438354
7517,1.3468844890594482
7518,1.3761863708496094
7519,1.524640440940857
7520,1.3626635074615479
7521,1.3514328002929688
7522,1.2894967794418335
7523,1.4444591999053955
7524,1.330690622329712
7525,1.8056565523147583
7526,1.7524259090423584
7527,1.820979118347168
7528,1.6277166604995728
7529,1.9565987586975098
7530,1.3733183145523071
7531,1.495316505432129
7532,1.6971192359924316
7533,1.2923529148101807
7534,1.7310043573379517
7535,1.597576379776001
7536,1.87485671043396
7537,1.7489304542541504
7538,1.3807826042175293
7539,1.8335720300674438
7540,1.6526087522506714
7541,1.3738194704055786
7542,1.728477954864502
7543,1.5873146057128906
7544,1.7390823364257812
7545,1.4129929542541504
7546,1.7781058549880981
7547,1.3289483785629272
7548,1.7977802753448486
7549,1.9920605421066284
7550,1.6442992687225342
7551,1.260626196861267
7552,1.485189437866211
7553,1.4915422201156616
7554,1.772915005683899
7555,1.7514804601669312
7556,1.7371450662612915
7557,1.5811501741409302
7558,1.8311777114868164
7559,1.3353508710861206
7560,1.6478053331375122
7561,1.8081308603286743
7562,1.3804856538772583
7563,1.3679535388946533
7564,1.4274142980575562
7565,1.1684470176696777
7566,1.2683504819869995
7567,1.3975858688354492
7568,1.4248619079589844
7569,1.3152709007263184
7570,1.2725062370300293
7571,1.563520908355713
7572,1.8279634714126587
7573,1.6261317729949951
7574,1.326905608177185
7575,1.327439785003662
7576,1.5464756488800049
7577,1.5142918825149536
7578,1.3551673889160156
7579,1.9881874322891235
7580,1.4052212238311768
7581,1.4973242282867432
7582,1.4017162322998047
7583,1.6968334913253784
7584,1.7823286056518555
7585,1.970626711845398
7586,1.7372372150421143
7587,1.5547267198562622
7588,1.384993076324463
7589,1.9945422410964966
7590,1.9251326322555542
7591,1.5530706644058228
7592,1.368597388267517
7593,1.2349181175231934
7594,1.3551322221755981
7595,1.6645077466964722
7596,1.284049391746521
7597,1.3298320770263672
7598,1.3855289220809937
7599,1.2311346530914307
7600,1.3775871992111206
7601,1.4779953956604004
7602,1.3811724185943604
7603,1.31253981590271
7604,1.4696623086929321
7605,1.3769911527633667
7606,1.1695835590362549
7607,1.4101418256759644
7608,1.3592897653579712
7609,1.8442869186401367
7610,1.267663836479187
7611,1.3023271560668945
7612,1.2255821228027344
7613,1.2886945009231567
7614,1.278933048248291
7615,1.366287350654602
7616,1.7175956964492798
7617,1.334059476852417
7618,1.3113529682159424
7619,1.484539270401001
7620,1.138398289680481
7621,1.876828908920288
7622,1.3808889389038086
7623,1.681566834449768
7624,1.4277853965759277
7625,1.3742291927337646
7626,1.3143258094787598
7627,1.977187156677246
7628,1.1583683490753174
7629,1.201073408126831
7630,1.3142805099487305
7631,1.2645988464355469
7632,1.3209244012832642
7633,1.31978440284729
7634,1.3338541984558105
7635,1.3269134759902954
7636,1.3819860219955444
7637,1.3583927154541016
7638,1.7728185653686523
7639,1.7118247747421265
7640,1.24343740940094
7641,1.343409776687622
7642,1.4033018350601196
7643,1.5616711378097534
7644,1.4205502271652222
7645,1.2978236675262451
7646,1.4450793266296387
7647,1.743939757347107
7648,1.3035671710968018
7649,1.8060531616210938
7650,1.4520232677459717
7651,1.636817216873169
7652,1.3221722841262817
7653,1.2824071645736694
7654,1.2982734441757202
7655,1.8616048097610474
7656,1.3854939937591553
7657,1.9954742193222046
7658,1.9885833263397217
7659,1.4166548252105713
7660,1.6738041639328003
7661,1.4841055870056152
7662,1.3279062509536743
7663,1.3150967359542847
7664,1.4248769283294678
7665,1.262394666671753
7666,1.4725366830825806
7667,1.4749609231948853
7668,1.6874361038208008
7669,1.2624480724334717
7670,1.4200713634490967
7671,1.2961641550064087
7672,1.3803906440734863
7673,1.2559300661087036
7674,1.4334242343902588
7675,1.5765286684036255
7676,1.890596628189087
7677,1.3386564254760742
7678,1.3143483400344849
7679,1.5862809419631958
7680,1.278672695159912
7681,1.4345464706420898
7682,1.3233104944229126
7683,1.9744318723678589
7684,1.8977185487747192
7685,1.7730004787445068
7686,1.962627649307251
7687,1.2995591163635254
7688,1.3617024421691895
7689,1.1644703149795532
7690,1.701014757156372
7691,1.5474132299423218
7692,1.6108732223510742
7693,1.4324450492858887
7694,1.9638880491256714
7695,1.74300217628479
7696,1.9809366464614868
7697,1.8232101202011108
7698,1.609182357788086
7699,1.7169489860534668
7700,1.2063144445419312
7701,1.3170887231826782
7702,1.98405122756958
7703,1.3487052917480469
7704,1.311133623123169
7705,1.2630577087402344
7706,1.8119865655899048
7707,1.442915439605713
7708,1.7566890716552734
7709,1.374096393585205
7710,1.333717942237854
7711,1.7278718948364258
7712,1.2766690254211426
7713,1.9901764392852783
7714,1.3953574895858765
7715,1.9819440841674805
7716,1.4889765977859497
7717,1.5253275632858276
7718,1.9793455600738525
7719,1.3800503015518188
7720,1.430621862411499
7721,1.3985625505447388
7722,1.8968349695205688
7723,1.9479398727416992
7724,1.5466686487197876
7725,1.8391348123550415
7726,1.8436062335968018
7727,1.7626999616622925
7728,1.4493458271026611
7729,1.9157408475875854
7730,1.7118842601776123
7731,1.4811675548553467
7732,1.9752552509307861
7733,1.396257758140564
7734,1.7810273170471191
7735,1.9919483661651611
7736,1.9893325567245483
7737,1.3642035722732544
7738,1.5813149213790894
7739,1.307276964187622
7740,1.200659155845642
7741,1.678731083869934
7742,1.2733988761901855
7743,1.984307885169983
7744,1.4685335159301758
7745,1.808424711227417
7746,1.9782862663269043
7747,1.8578851222991943
7748,1.3472903966903687
7749,1.9750077724456787
7750,1.5667543411254883
7751,1.9809341430664062
7752,1.73130464553833
7753,1.604353904724121
7754,1.2256962060928345
7755,1.2269175052642822
7756,1.1945279836654663
7757,1.2906922101974487
7758,1.5747159719467163
7759,1.895304799079895
7760,1.3244708776474
7761,1.5481517314910889
7762,1.7358672618865967
7763,1.4156217575073242
7764,1.9699337482452393
7765,1.9859446287155151
7766,1.462540864944458
7767,1.5360896587371826
7768,1.4948630332946777
7769,1.6562567949295044
7770,1.3727182149887085
7771,1.3065608739852905
7772,1.8305037021636963
7773,1.4073691368103027
7774,1.1442272663116455
7775,1.982633113861084
7776,1.3303918838500977
7777,1.740992784500122
7778,1.3277868032455444
7779,1.3296335935592651
7780,1.7744892835617065
7781,1.2747979164123535
7782,1.16855788230896
7783,1.9765712022781372
7784,1.370310664176941
7785,1.3379902839660645
7786,1.2869994640350342
7787,1.8001294136047363
7788,1.8831497430801392
7789,1.1733899116516113
7790,1.486393928527832
7791,1.5129168033599854
7792,1.925376296043396
7793,1.3994661569595337
7794,1.3420556783676147
7795,1.9473856687545776
7796,1.5183171033859253
7797,1.391510248184204
7798,1.8225946426391602
7799,1.4073575735092163
7800,1.3432356119155884
7801,1.2795714139938354
7802,1.2841076850891113
7803,1.4440979957580566
7804,1.3897500038146973
7805,1.244377613067627
7806,1.3461850881576538
7807,1.2033480405807495
7808,1.273516297340393
7809,1.2410334348678589
7810,1.4074230194091797
7811,1.3196841478347778
7812,1.8592594861984253
7813,1.2299590110778809
7814,1.371637225151062
7815,1.1572091579437256
7816,1.7622766494750977
7817,1.3303004503250122
7818,1.3048642873764038
7819,1.3084697723388672
7820,1.8246973752975464
7821,1.8121552467346191
7822,1.7334299087524414
7823,1.8987008333206177
7824,1.4427036046981812
7825,1.9911631345748901
7826,1.7189364433288574
7827,1.360542893409729
7828,1.4423748254776
7829,1.769410490989685
7830,1.2000014781951904
7831,1.2967125177383423
7832,1.2843945026397705
7833,1.3379613161087036
7834,1.8169493675231934
7835,1.393058180809021
7836,1.3990485668182373
7837,1.8186769485473633
7838,1.9953975677490234
7839,1.3879576921463013
7840,1.4416460990905762
7841,1.3436877727508545
7842,1.4638478755950928
7843,1.8813598155975342
7844,1.256324052810669
7845,1.261786699295044
7846,1.3563657999038696
7847,1.9770855903625488
7848,1.2519123554229736
7849,1.4577678442001343
7850,1.6540310382843018
7851,1.3825076818466187
7852,1.524476170539856
7853,1.3577406406402588
7854,1.7901567220687866
7855,1.5753591060638428
7856,1.694280982017517
7857,1.3773784637451172
7858,1.4209059476852417
7859,1.3352594375610352
7860,1.2916278839111328
7861,1.8223516941070557
7862,1.7312191724777222
7863,1.368849277496338
7864,1.8362398147583008
7865,1.3094251155853271
7866,1.8687479496002197
7867,1.6852818727493286
7868,1.345953345298767
7869,1.3424060344696045
7870,1.9843579530715942
7871,1.9947755336761475
7872,1.2744728326797485
7873,1.29704749584198
7874,1.7449495792388916
7875,1.3249610662460327
7876,1.9840878248214722
7877,1.978275179862976
7878,1.3529175519943237
7879,1.4144047498703003
7880,1.3230741024017334
7881,1.4628924131393433
7882,1.186119794845581
7883,1.7405860424041748
7884,1.78301203250885
7885,1.7642415761947632
7886,1.3274133205413818
7887,1.3551315069198608
7888,1.7591676712036133
7889,1.3728433847427368
7890,1.7394839525222778
7891,1.3501923084259033
7892,1.4509408473968506
7893,1.99393892288208
7894,1.9880502223968506
7895,1.73565673828125
7896,1.3437273502349854
7897,1.156296968460083
7898,1.8416945934295654
7899,1.3248302936553955
7900,1.3872572183609009
7901,1.574084997177124
7902,1.6892350912094116
7903,1.4263991117477417
7904,1.9871989488601685
7905,1.413195013999939
7906,1.2106287479400635
7907,1.5090522766113281
7908,1.634511113166809
7909,1.288631558418274
7910,1.4223169088363647
7911,1.4639546871185303
7912,1.3662537336349487
7913,1.9866962432861328
7914,1.2822376489639282
7915,1.595420002937317
7916,1.4882869720458984
7917,1.246830940246582
7918,1.381115436553955
7919,1.9258434772491455
7920,1.3877557516098022
7921,1.3363685607910156
7922,1.454184651374817
7923,1.2006808519363403
7924,1.4237534999847412
7925,1.2782429456710815
7926,1.6822729110717773
7927,1.4414798021316528
7928,1.9897031784057617
7929,1.8269507884979248
7930,1.275740623474121
7931,1.2963002920150757
7932,1.1505441665649414
7933,1.442107081413269
7934,1.250415325164795
7935,1.3965667486190796
7936,1.8263323307037354
7937,1.2429988384246826
7938,1.3281805515289307
7939,1.3100372552871704
7940,1.45694100856781
7941,1.7788817882537842
7942,1.2496217489242554
7943,1.6562318801879883
7944,1.326596975326538
7945,1.2646362781524658
7946,1.661113977432251
7947,1.7470208406448364
7948,1.4137557744979858
7949,1.8069875240325928
7950,1.3869718313217163
7951,1.1974014043807983
7952,1.357645869255066
7953,1.3589526414871216
7954,1.4458175897598267
7955,1.9335838556289673
7956,1.6485997438430786
7957,1.3634783029556274
7958,1.2274928092956543
7959,1.4050323963165283
7960,1.2782846689224243
7961,1.6401572227478027
7962,1.3988045454025269
7963,1.3635364770889282
7964,1.8473358154296875
7965,1.2560091018676758
7966,1.2174150943756104
7967,1.435799479484558
7968,1.4385937452316284
7969,1.3836408853530884
7970,1.8143709897994995
7971,1.4451147317886353
7972,1.984769344329834
7973,1.2824769020080566
7974,1.3345504999160767
7975,1.1994149684906006
7976,1.9791810512542725
7977,1.22858726978302
7978,1.7287304401397705
7979,1.5226969718933105
7980,1.4294790029525757
7981,1.2835659980773926
7982,1.9882248640060425
7983,1.1462080478668213
7984,1.7924453020095825
7985,1.2299222946166992
7986,1.3486247062683105
7987,1.9687306880950928
7988,1.271369218826294
7989,1.2623587846755981
7990,1.9862855672836304
7991,1.3635950088500977
7992,1.206040620803833
7993,1.2278908491134644
7994,1.3626601696014404
7995,1.3490217924118042
7996,1.2118422985076904
7997,1.267576813697815
7998,1.333544373512268
7999,1.3923449516296387
8000,1.8724957704544067
8001,1.507731318473816
8002,1.4073150157928467
8003,1.8355039358139038
8004,1.991590976715088
8005,1.3298615217208862
8006,1.7471126317977905
8007,1.2638254165649414
8008,1.972340703010559
8009,1.4756977558135986
8010,1.217938780784607
8011,1.4559208154678345
8012,1.196653127670288
8013,1.323035478591919
8014,1.3671801090240479
8015,1.3000178337097168
8016,1.410344123840332
8017,1.573752999305725
8018,1.9657648801803589
8019,1.2300114631652832
8020,1.3462202548980713
8021,1.2552977800369263
8022,1.6714534759521484
8023,1.508013367652893
8024,1.268524408340454
8025,1.2820106744766235
8026,1.298567771911621
8027,1.3348616361618042
8028,1.3282685279846191
8029,1.9895386695861816
8030,1.301977515220642
8031,1.3328876495361328
8032,1.6971633434295654
8033,1.3435213565826416
8034,1.362776517868042
8035,1.899702787399292
8036,1.3318555355072021
8037,1.3575226068496704
8038,1.3154257535934448
8039,1.6611597537994385
8040,1.9872260093688965
8041,1.450674057006836
8042,1.3593435287475586
8043,1.2580920457839966
8044,1.4191817045211792
8045,1.9023041725158691
8046,1.7243492603302002
8047,1.2909016609191895
8048,1.3615543842315674
8049,1.434180498123169
8050,1.3445007801055908
8051,1.741011381149292
8052,1.2257707118988037
8053,1.3128353357315063
8054,1.28568696975708
8055,1.7029513120651245
8056,1.2204620838165283
8057,1.438085913658142
8058,1.5868374109268188
8059,1.2934389114379883
8060,1.3230743408203125
8061,1.2688519954681396
8062,1.3137731552124023
8063,1.93071448802948
8064,1.3532304763793945
8065,1.686544418334961
8066,1.259207844734192
8067,1.9835163354873657
8068,1.3823686838150024
8069,1.1747376918792725
8070,1.4223945140838623
8071,1.2634825706481934
8072,1.9808613061904907
8073,1.6287562847137451
8074,1.4001944065093994
8075,1.1837120056152344
8076,1.3420038223266602
8077,1.419028639793396
8078,1.5474803447723389
8079,1.2885541915893555
8080,1.2612004280090332
8081,1.554221272468567
8082,1.731863021850586
8083,1.3442219495773315
8084,1.1354262828826904
8085,1.2657783031463623
8086,1.381426215171814
8087,1.9229811429977417
8088,1.948004126548767
8089,1.2101818323135376
8090,1.4102262258529663
8091,1.291001796722412
8092,1.320693016052246
8093,1.2887533903121948
8094,1.9753055572509766
8095,1.6381767988204956
8096,1.7608132362365723
8097,1.4114683866500854
8098,1.3443841934204102
8099,1.2947088479995728
8100,1.353574275970459
8101,1.463722825050354
8102,1.3782835006713867
8103,1.4126962423324585
8104,1.9929810762405396
8105,1.8572425842285156
8106,1.420440673828125
8107,1.4233620166778564
8108,1.6007667779922485
8109,1.391056776046753
8110,1.8881553411483765
8111,1.2351692914962769
8112,1.75650954246521
8113,1.355025053024292
8114,1.7716012001037598
8115,1.3822206258773804
8116,1.9782527685165405
8117,1.4590176343917847
8118,1.3815892934799194
8119,1.3379155397415161
8120,1.7644991874694824
8121,1.397085428237915
8122,1.3968894481658936
8123,1.4542981386184692
8124,1.328721284866333
8125,1.8179612159729004
8126,1.6212750673294067
8127,1.5293071269989014
8128,1.7930625677108765
8129,1.4943522214889526
8130,1.2525827884674072
8131,1.2360717058181763
8132,1.1973676681518555
8133,1.2613588571548462
8134,1.332406997680664
8135,1.2341989278793335
8136,1.2866485118865967
8137,1.3748196363449097
8138,1.602501392364502
8139,1.6113234758377075
8140,1.4055919647216797
8141,1.3994057178497314
8142,1.2217625379562378
8143,1.4390677213668823
8144,1.3356791734695435
8145,1.3271064758300781
8146,1.6449898481369019
8147,1.2887544631958008
8148,1.980506181716919
8149,1.4039822816848755
8150,1.8071297407150269
8151,1.3817553520202637
8152,1.2562317848205566
8153,1.3769683837890625
8154,1.6574361324310303
8155,1.2616281509399414
8156,1.8966643810272217
8157,1.97970449924469
8158,1.3062225580215454
8159,1.2323181629180908
8160,1.679183006286621
8161,1.3265278339385986
8162,1.4100468158721924
8163,1.6202723979949951
8164,1.2326749563217163
8165,1.2102175951004028
8166,1.980506420135498
8167,1.2834140062332153
8168,1.81380295753479
8169,1.679265022277832
8170,1.2278895378112793
8171,1.2732796669006348
8172,1.3390716314315796
8173,1.185314416885376
8174,1.3802525997161865
8175,1.2987854480743408
8176,1.6676573753356934
8177,1.3347396850585938
8178,1.3470380306243896
8179,1.446597933769226
8180,1.7093579769134521
8181,1.2449555397033691
8182,1.5433615446090698
8183,1.2956969738006592
8184,1.9460300207138062
8185,1.365455985069275
8186,1.2325400114059448
8187,1.2468661069869995
8188,1.2511239051818848
8189,1.3551506996154785
8190,1.4408726692199707
8191,1.4987897872924805
8192,1.7778713703155518
8193,1.3488261699676514
8194,1.4773447513580322
8195,1.405456781387329
8196,1.4132190942764282
8197,1.7061445713043213
8198,1.2393356561660767
8199,1.2559319734573364
8200,1.2743839025497437
8201,1.345652461051941
8202,1.8278816938400269
8203,1.1339778900146484
8204,1.3226771354675293
8205,1.4414681196212769
8206,1.974209189414978
8207,1.2588597536087036
8208,1.5790613889694214
8209,1.2931301593780518
8210,1.4437602758407593
8211,1.15570068359375
8212,1.8857964277267456
8213,1.3233006000518799
8214,1.8219228982925415
8215,1.7620728015899658
8216,1.4007266759872437
8217,1.843432903289795
8218,1.3702242374420166
8219,1.581748604774475
8220,1.318007230758667
8221,1.773869276046753
8222,1.98232102394104
8223,1.2605069875717163
8224,1.8175101280212402
8225,1.217782974243164
8226,1.3208683729171753
8227,1.3925647735595703
8228,1.297803521156311
8229,1.4198981523513794
8230,1.2622838020324707
8231,1.2887213230133057
8232,1.3627196550369263
8233,1.6210657358169556
8234,1.4290498495101929
8235,1.476828932762146
8236,1.3185112476348877
8237,1.2728443145751953
8238,1.9859826564788818
8239,1.6323387622833252
8240,1.3929141759872437
8241,1.9776090383529663
8242,1.5497523546218872
8243,1.4753549098968506
8244,1.873450756072998
8245,1.2789157629013062
8246,1.5825960636138916
8247,1.3100645542144775
8248,1.390036940574646
8249,1.4278093576431274
8250,1.6877495050430298
8251,1.870631217956543
8252,1.2551926374435425
8253,1.51369309425354
8254,1.987260103225708
8255,1.2635282278060913
8256,1.7561506032943726
8257,1.5284415483474731
8258,1.6328508853912354
8259,1.9831514358520508
8260,1.9127717018127441
8261,1.9925432205200195
8262,1.3066424131393433
8263,1.3636698722839355
8264,1.4370229244232178
8265,1.3500896692276
8266,1.4036237001419067
8267,1.4479460716247559
8268,1.377358078956604
8269,1.3781014680862427
8270,1.247435450553894
8271,1.3232487440109253
8272,1.9924196004867554
8273,1.236291527748108
8274,1.1691404581069946
8275,1.3209995031356812
8276,1.9955018758773804
8277,1.7764352560043335
8278,1.953490972518921
8279,1.3527724742889404
8280,1.2595577239990234
8281,1.760223150253296
8282,1.7395126819610596
8283,1.302150845527649
8284,1.5845963954925537
8285,1.979090929031372
8286,1.9905800819396973
8287,1.4589327573776245
8288,1.2467209100723267
8289,1.3268966674804688
8290,1.2855722904205322
8291,1.2342458963394165
8292,1.2176076173782349
8293,1.233092188835144
8294,1.4003700017929077
8295,1.8718374967575073
8296,1.694725751876831
8297,1.2675092220306396
8298,1.9842989444732666
8299,1.4090524911880493
8300,1.294418215751648
8301,1.804195523262024
8302,1.2520703077316284
8303,1.4152133464813232
8304,1.9253515005111694
8305,1.2666109800338745
8306,1.3304219245910645
8307,1.490596890449524
8308,1.3333994150161743
8309,1.6524990797042847
8310,1.3524017333984375
8311,1.4580206871032715
8312,1.1672239303588867
8313,1.2759201526641846
8314,1.298692226409912
8315,1.440583348274231
8316,1.9298291206359863
8317,1.3168003559112549
8318,1.282891035079956
8319,1.227502703666687
8320,1.3185852766036987
8321,1.4648549556732178
8322,1.4634994268417358
8323,1.2518019676208496
8324,1.3995054960250854
8325,1.6960678100585938
8326,1.2775113582611084
8327,1.379003882408142
8328,1.2955454587936401
8329,1.9916422367095947
8330,1.2973963022232056
8331,1.393235445022583
8332,1.140792965888977
8333,1.403905987739563
8334,1.3766428232192993
8335,1.3177242279052734
8336,1.2940970659255981
8337,1.387965202331543
8338,1.443523645401001
8339,1.8959304094314575
8340,1.3836719989776611
8341,1.9881391525268555
8342,1.823676586151123
8343,1.240120768547058
8344,1.44724440574646
8345,1.948081612586975
8346,1.4838182926177979
8347,1.2005622386932373
8348,1.9849315881729126
8349,1.9868685007095337
8350,1.718166708946228
8351,1.3569889068603516
8352,1.3981691598892212
8353,1.3764464855194092
8354,1.3471777439117432
8355,1.424891471862793
8356,1.9806689023971558
8357,1.838877558708191
8358,1.6757490634918213
8359,1.269747257232666
8360,1.4134736061096191
8361,1.33555269241333
8362,1.4314441680908203
8363,1.282177448272705
8364,1.976417064666748
8365,1.232108473777771
8366,1.3154442310333252
8367,1.4648865461349487
8368,1.3246489763259888
8369,1.58562171459198
8370,1.3500193357467651
8371,1.5185705423355103
8372,1.2452961206436157
8373,1.368506669998169
8374,1.745227336883545
8375,1.8308793306350708
8376,1.1542404890060425
8377,1.3548866510391235
8378,1.9890296459197998
8379,1.277231216430664
8380,1.7719025611877441
8381,1.3133463859558105
8382,1.7029718160629272
8383,1.4224023818969727
8384,1.3340613842010498
8385,1.3489505052566528
8386,1.7304573059082031
8387,1.2662514448165894
8388,1.3452540636062622
8389,1.9762517213821411
8390,1.3201220035552979
8391,1.980032205581665
8392,1.8416932821273804
8393,1.3133347034454346
8394,1.2037214040756226
8395,1.2417958974838257
8396,1.3300210237503052
8397,1.2616816759109497
8398,1.3423936367034912
8399,1.3172669410705566
8400,1.3631898164749146
8401,1.7812139987945557
8402,1.3047246932983398
8403,1.3494222164154053
8404,1.2566769123077393
8405,1.4071242809295654
8406,1.275245189666748
8407,1.914784550666809
8408,1.3066120147705078
8409,1.3006739616394043
8410,1.2558597326278687
8411,1.2726889848709106
8412,1.2363684177398682
8413,1.7478736639022827
8414,1.342195749282837
8415,1.8295210599899292
8416,1.2129085063934326
8417,1.3065779209136963
8418,1.7697960138320923
8419,1.542450189590454
8420,1.4148262739181519
8421,1.872525691986084
8422,1.979935646057129
8423,1.3826626539230347
8424,1.2786657810211182
8425,1.6561988592147827
8426,1.4141216278076172
8427,1.427535891532898
8428,1.864353060722351
8429,1.8059500455856323
8430,1.3968666791915894
8431,1.6774412393569946
8432,1.2502672672271729
8433,1.3017120361328125
8434,1.4242796897888184
8435,1.3843766450881958
8436,1.2581415176391602
8437,1.4598610401153564
8438,1.9883301258087158
8439,1.5874760150909424
8440,1.5853424072265625
8441,1.3276456594467163
8442,1.7874503135681152
8443,1.3317787647247314
8444,1.8209446668624878
8445,1.9777764081954956
8446,1.2982006072998047
8447,1.3673679828643799
8448,1.338276982307434
8449,1.3663525581359863
8450,1.4438890218734741
8451,1.4795687198638916
8452,1.196689486503601
8453,1.9959371089935303
8454,1.2213616371154785
8455,1.2881718873977661
8456,1.4498183727264404
8457,1.311973214149475
8458,1.4065852165222168
8459,1.7486152648925781
8460,1.5045934915542603
8461,1.5732612609863281
8462,1.338594913482666
8463,1.351453185081482
8464,1.5891870260238647
8465,1.259382724761963
8466,1.5384478569030762
8467,1.2861223220825195
8468,1.8528172969818115
8469,1.4073492288589478
8470,1.9829246997833252
8471,1.345115303993225
8472,1.2862210273742676
8473,1.365511417388916
8474,1.4443408250808716
8475,1.7727991342544556
8476,1.4369800090789795
8477,1.742427945137024
8478,1.6884853839874268
8479,1.990591287612915
8480,1.3037853240966797
8481,1.6114391088485718
8482,1.32520592212677
8483,1.9782487154006958
8484,1.3759657144546509
8485,1.401867151260376
8486,1.2564386129379272
8487,1.9918262958526611
8488,1.989479899406433
8489,1.7484050989151
8490,1.3594228029251099
8491,1.9067387580871582
8492,1.9756273031234741
8493,1.8239871263504028
8494,1.2441740036010742
8495,1.9918880462646484
8496,1.3173474073410034
8497,1.4452582597732544
8498,1.4077732563018799
8499,1.3895270824432373
8500,1.8169467449188232
8501,1.3092212677001953
8502,1.538694977760315
8503,1.7388737201690674
8504,1.3167076110839844
8505,1.4287045001983643
8506,1.2769991159439087
8507,1.6315901279449463
8508,1.3763666152954102
8509,1.8261394500732422
8510,1.2765531539916992
8511,1.7583534717559814
8512,1.3096792697906494
8513,1.855085849761963
8514,1.5117745399475098
8515,1.5474447011947632
8516,1.3033591508865356
8517,1.3805277347564697
8518,1.362002968788147
8519,1.4109712839126587
8520,1.3189617395401
8521,1.409450650215149
8522,1.6303677558898926
8523,1.7308177947998047
8524,1.9627516269683838
8525,1.8492076396942139
8526,1.3295197486877441
8527,1.1400872468948364
8528,1.2435001134872437
8529,1.4350167512893677
8530,1.2823803424835205
8531,1.3906971216201782
8532,1.7630031108856201
8533,1.7459670305252075
8534,1.9965068101882935
8535,1.236716389656067
8536,1.6268563270568848
8537,1.2752089500427246
8538,1.3862838745117188
8539,1.821130633354187
8540,1.7932109832763672
8541,1.8164877891540527
8542,1.2753146886825562
8543,1.2745157480239868
8544,1.5238418579101562
8545,1.2454302310943604
8546,1.9884413480758667
8547,1.3405694961547852
8548,1.3509700298309326
8549,1.322473406791687
8550,1.2946456670761108
8551,1.5360220670700073
8552,1.7065476179122925
8553,1.2668639421463013
8554,1.3736610412597656
8555,1.767532229423523
8556,1.37397038936615
8557,1.3661913871765137
8558,1.7061814069747925
8559,1.9954546689987183
8560,1.960533857345581
8561,1.257109522819519
8562,1.231812596321106
8563,1.9751349687576294
8564,1.9205846786499023
8565,1.7917523384094238
8566,1.7261756658554077
8567,1.4828484058380127
8568,1.6039094924926758
8569,1.7471977472305298
8570,1.8175783157348633
8571,1.9445013999938965
8572,1.3280044794082642
8573,1.7380149364471436
8574,1.8802297115325928
8575,1.4242134094238281
8576,1.8937169313430786
8577,1.9881178140640259
8578,1.485866904258728
8579,1.5419973134994507
8580,1.2229403257369995
8581,1.6098389625549316
8582,1.5057239532470703
8583,1.8756282329559326
8584,1.3225913047790527
8585,1.9014338254928589
8586,1.8367911577224731
8587,1.340529203414917
8588,1.7595953941345215
8589,1.3526318073272705
8590,1.1617882251739502
8591,1.4389686584472656
8592,1.526110291481018
8593,1.75882887840271
8594,1.346814751625061
8595,1.3069524765014648
8596,1.7950325012207031
8597,1.7631661891937256
8598,1.3551051616668701
8599,1.2881903648376465
8600,1.2496305704116821
8601,1.2633260488510132
8602,1.4025018215179443
8603,1.4119938611984253
8604,1.3942313194274902
8605,1.7568097114562988
8606,1.390245795249939
8607,1.3549084663391113
8608,1.3625751733779907
8609,1.928530216217041
8610,1.3844422101974487
8611,1.4663015604019165
8612,1.3277069330215454
8613,1.3205581903457642
8614,1.5581841468811035
8615,1.6306431293487549
8616,1.233044981956482
8617,1.274317979812622
8618,1.3031108379364014
8619,1.7029521465301514
8620,1.9664639234542847
8621,1.3016034364700317
8622,1.2161871194839478
8623,1.3194832801818848
8624,1.2917251586914062
8625,1.9035282135009766
8626,1.317696213722229
8627,1.9895634651184082
8628,1.410874366760254
8629,1.8561795949935913
8630,1.3716650009155273
8631,1.4189997911453247
8632,1.5196681022644043
8633,1.2406409978866577
8634,1.4393107891082764
8635,1.8412436246871948
8636,1.3628175258636475
8637,1.4427942037582397
8638,1.4629015922546387
8639,1.2599897384643555
8640,1.3157374858856201
8641,1.983341932296753
8642,1.5433294773101807
8643,1.36502206325531
8644,1.292693853378296
8645,1.3735380172729492
8646,1.2738512754440308
8647,1.2408853769302368
8648,1.856673002243042
8649,1.2794163227081299
8650,1.9893832206726074
8651,1.4360157251358032
8652,1.3627244234085083
8653,1.9756625890731812
8654,1.354657530784607
8655,1.375784158706665
8656,1.424339771270752
8657,1.2626982927322388
8658,1.8416285514831543
8659,1.7340766191482544
8660,1.4107904434204102
8661,1.2132235765457153
8662,1.3273444175720215
8663,1.719796895980835
8664,1.3440947532653809
8665,1.1595830917358398
8666,1.6803401708602905
8667,1.2305281162261963
8668,1.6959599256515503
8669,1.2938005924224854
8670,1.4989140033721924
8671,1.2480894327163696
8672,1.2877345085144043
8673,1.3261340856552124
8674,1.4078140258789062
8675,1.7121258974075317
8676,1.3229596614837646
8677,1.2199649810791016
8678,1.3613293170928955
8679,1.388782262802124
8680,1.4112759828567505
8681,1.6701525449752808
8682,1.516732931137085
8683,1.4379642009735107
8684,1.7847490310668945
8685,1.3739489316940308
8686,1.4065192937850952
8687,1.2804638147354126
8688,1.3646018505096436
8689,1.9676727056503296
8690,1.2096853256225586
8691,1.5222615003585815
8692,1.2812453508377075
8693,1.295878291130066
8694,1.1704179048538208
8695,1.9760246276855469
8696,1.9842332601547241
8697,1.9755206108093262
8698,1.3351610898971558
8699,1.2940025329589844
8700,1.6637730598449707
8701,1.2965502738952637
8702,1.3071448802947998
8703,1.332661509513855
8704,1.6576826572418213
8705,1.3036874532699585
8706,1.63980233669281
8707,1.2780431509017944
8708,1.9800509214401245
8709,1.9900152683258057
8710,1.5574194192886353
8711,1.3141766786575317
8712,1.6876957416534424
8713,1.898145318031311
8714,1.2204431295394897
8715,1.4063125848770142
8716,1.755150556564331
8717,1.861380696296692
8718,1.6274794340133667
8719,1.5252368450164795
8720,1.3076860904693604
8721,1.9669041633605957
8722,1.3556607961654663
8723,1.8861403465270996
8724,1.2219479084014893
8725,1.9625591039657593
8726,1.9036753177642822
8727,1.6273014545440674
8728,1.375692367553711
8729,1.3836727142333984
8730,1.8554686307907104
8731,1.7202366590499878
8732,1.8204838037490845
8733,1.9980136156082153
8734,1.2499401569366455
8735,1.5940501689910889
8736,1.1928472518920898
8737,1.993011713027954
8738,1.3745487928390503
8739,1.345169186592102
8740,1.992847204208374
8741,1.9947670698165894
8742,1.2874763011932373
8743,1.5326844453811646
8744,1.6335160732269287
8745,1.480981707572937
8746,1.252240777015686
8747,1.3972887992858887
8748,1.4151774644851685
8749,1.4199278354644775
8750,1.3419861793518066
8751,1.973752498626709
8752,1.630579948425293
8753,1.386997938156128
8754,1.3399693965911865
8755,1.9948642253875732
8756,1.283100962638855
8757,1.4469610452651978
8758,1.3832145929336548
8759,1.8079780340194702
8760,1.290162205696106
8761,1.4873253107070923
8762,1.3669980764389038
8763,1.2677392959594727
8764,1.7144744396209717
8765,1.6545647382736206
8766,1.3905185461044312
8767,1.9880318641662598
8768,1.4205009937286377
8769,1.39970862865448
8770,1.3054271936416626
8771,1.6301088333129883
8772,1.3847697973251343
8773,1.4638100862503052
8774,1.3944532871246338
8775,1.4192317724227905
8776,1.7380825281143188
8777,1.9737598896026611
8778,1.4931801557540894
8779,1.1791596412658691
8780,1.428352952003479
8781,1.5708097219467163
8782,1.3868486881256104
8783,1.2437916994094849
8784,1.3987727165222168
8785,1.578577995300293
8786,1.2243086099624634
8787,1.9937036037445068
8788,1.4771255254745483
8789,1.2246203422546387
8790,1.7822341918945312
8791,1.3711439371109009
8792,1.4705820083618164
8793,1.2691024541854858
8794,1.551239013671875
8795,1.3101015090942383
8796,1.3425445556640625
8797,1.7122656106948853
8798,1.5405551195144653
8799,1.2199589014053345
8800,1.792348027229309
8801,1.3237223625183105
8802,1.1984844207763672
8803,1.4744582176208496
8804,1.3876502513885498
8805,1.204384684562683
8806,1.3325811624526978
8807,1.7331769466400146
8808,1.3048347234725952
8809,1.98739492893219
8810,1.2992414236068726
8811,1.3111974000930786
8812,1.5728927850723267
8813,1.3398652076721191
8814,1.3638536930084229
8815,1.8150936365127563
8816,1.50263249874115
8817,1.457196831703186
8818,1.4208937883377075
8819,1.410868763923645
8820,1.3187264204025269
8821,1.3541944026947021
8822,1.3734822273254395
8823,1.325740098953247
8824,1.7888597249984741
8825,1.9717358350753784
8826,1.5401830673217773
8827,1.6503701210021973
8828,1.9778988361358643
8829,1.3956111669540405
8830,1.3691993951797485
8831,1.4139530658721924
8832,1.8033902645111084
8833,1.5082669258117676
8834,1.296865463256836
8835,1.4120415449142456
8836,1.3958983421325684
8837,1.3690192699432373
8838,1.848537564277649
8839,1.274537444114685
8840,1.9953668117523193
8841,1.5926954746246338
8842,1.9925754070281982
8843,1.4760736227035522
8844,1.7256287336349487
8845,1.3051552772521973
8846,1.9902101755142212
8847,1.3362078666687012
8848,1.4447649717330933
8849,1.1401991844177246
8850,1.4221241474151611
8851,1.9809986352920532
8852,1.8389272689819336
8853,1.4189555644989014
8854,1.2899315357208252
8855,1.1667156219482422
8856,1.6602604389190674
8857,1.160892367362976
8858,1.3547605276107788
8859,1.7310386896133423
8860,1.9910919666290283
8861,1.5060583353042603
8862,1.1527155637741089
8863,1.653480887413025
8864,1.667391300201416
8865,1.2426141500473022
8866,1.6300597190856934
8867,1.3893096446990967
8868,1.481217384338379
8869,1.3941140174865723
8870,1.3816189765930176
8871,1.8778276443481445
8872,1.2025717496871948
8873,1.9335148334503174
8874,1.359113097190857
8875,1.5811214447021484
8876,1.3472819328308105
8877,1.3296178579330444
8878,1.73161780834198
8879,1.3136241436004639
8880,1.8646931648254395
8881,1.3753089904785156
8882,1.3092178106307983
8883,1.366081714630127
8884,1.519443392753601
8885,1.6074239015579224
8886,1.261048436164856
8887,1.287248134613037
8888,1.344856858253479
8889,1.679705262184143
8890,1.1521885395050049
8891,1.274241328239441
8892,1.706979513168335
8893,1.4432110786437988
8894,1.9855945110321045
8895,1.2819087505340576
8896,1.5173728466033936
8897,1.2087910175323486
8898,1.802548885345459
8899,1.5030066967010498
8900,1.1749789714813232
8901,1.3604233264923096
8902,1.233734130859375
8903,1.9935389757156372
8904,1.336869239807129
8905,1.5179322957992554
8906,1.974664568901062
8907,1.957637906074524
8908,1.7363533973693848
8909,1.2861446142196655
8910,1.7322235107421875
8911,1.1855319738388062
8912,1.9920668601989746
8913,1.1943539381027222
8914,1.4256255626678467
8915,1.3599432706832886
8916,1.2198679447174072
8917,1.8388304710388184
8918,1.9649182558059692
8919,1.5839310884475708
8920,1.983603596687317
8921,1.7466679811477661
8922,1.3078734874725342
8923,1.3297295570373535
8924,1.3071259260177612
8925,1.576639175415039
8926,1.2630186080932617
8927,1.35096275806427
8928,1.5438653230667114
8929,1.7381027936935425
8930,1.5268687009811401
8931,1.341445803642273
8932,1.4061460494995117
8933,1.5234692096710205
8934,1.3134114742279053
8935,1.9923886060714722
8936,1.3921184539794922
8937,1.4031250476837158
8938,1.979325294494629
8939,1.4763340950012207
8940,1.4129670858383179
8941,1.5439724922180176
8942,1.3697692155838013
8943,1.7134716510772705
8944,1.3402477502822876
8945,1.459309697151184
8946,1.855343222618103
8947,1.2058393955230713
8948,1.7253152132034302
8949,1.407579779624939
8950,1.5559909343719482
8951,1.7533700466156006
8952,1.3231217861175537
8953,1.3815360069274902
8954,1.5171723365783691
8955,1.6875025033950806
8956,1.3622736930847168
8957,1.2860515117645264
8958,1.7327059507369995
8959,1.2394441366195679
8960,1.9857032299041748
8961,1.2161418199539185
8962,1.4200055599212646
8963,1.6566417217254639
8964,1.3743919134140015
8965,1.6745481491088867
8966,1.3328107595443726
8967,1.8180696964263916
8968,1.6185494661331177
8969,1.3530226945877075
8970,1.9655048847198486
8971,1.2651734352111816
8972,1.871090292930603
8973,1.5930964946746826
8974,1.9832528829574585
8975,1.3864668607711792
8976,1.9349019527435303
8977,1.3795719146728516
8978,1.8357285261154175
8979,1.439708948135376
8980,1.3665262460708618
8981,1.7740281820297241
8982,1.4603739976882935
8983,1.7356038093566895
8984,1.2805849313735962
8985,1.425000548362732
8986,1.2776292562484741
8987,1.2281829118728638
8988,1.7412029504776
8989,1.7096643447875977
8990,1.9097013473510742
8991,1.4965170621871948
8992,1.7620570659637451
8993,1.2970117330551147
8994,1.4402682781219482
8995,1.3961248397827148
8996,1.7814139127731323
8997,1.2260079383850098
8998,1.987863302230835
8999,1.7701220512390137
9000,1.9811440706253052
9001,1.4239568710327148
9002,1.4048875570297241
9003,1.3583744764328003
9004,1.2561250925064087
9005,1.3727045059204102
9006,1.3404200077056885
9007,1.2965668439865112
9008,1.9957830905914307
9009,1.3358962535858154
9010,1.3769735097885132
9011,1.2326266765594482
9012,1.2437623739242554
9013,1.8347992897033691
9014,1.6005414724349976
9015,1.8474133014678955
9016,1.5933774709701538
9017,1.2990151643753052
9018,1.984413743019104
9019,1.63455331325531
9020,1.5212669372558594
9021,1.982511043548584
9022,1.2229480743408203
9023,1.4888367652893066
9024,1.3396556377410889
9025,1.8289449214935303
9026,1.996930480003357
9027,1.3996992111206055
9028,1.6765385866165161
9029,1.5328093767166138
9030,1.309246301651001
9031,1.4017765522003174
9032,1.5283514261245728
9033,1.8986754417419434
9034,1.9888578653335571
9035,1.318911075592041
9036,1.4420726299285889
9037,1.4965792894363403
9038,1.3993735313415527
9039,1.7422438859939575
9040,1.9752421379089355
9041,1.8554248809814453
9042,1.3157740831375122
9043,1.6677637100219727
9044,1.824148416519165
9045,1.400132417678833
9046,1.9873689413070679
9047,1.3642038106918335
9048,1.8486050367355347
9049,1.5245689153671265
9050,1.3967735767364502
9051,1.46074378490448
9052,1.9935592412948608
9053,1.657611608505249
9054,1.7205299139022827
9055,1.4829744100570679
9056,1.3261799812316895
9057,1.697217345237732
9058,1.4850075244903564
9059,1.3566052913665771
9060,1.4970120191574097
9061,1.3470584154129028
9062,1.564807415008545
9063,1.3531558513641357
9064,1.215225338935852
9065,1.413118600845337
9066,1.9074174165725708
9067,1.3656654357910156
9068,1.8054574728012085
9069,1.7400286197662354
9070,1.4940345287322998
9071,1.7086042165756226
9072,1.18451726436615
9073,1.3434724807739258
9074,1.2880862951278687
9075,1.2877405881881714
9076,1.182678461074829
9077,1.7841439247131348
9078,1.3437705039978027
9079,1.391875982284546
9080,1.3661199808120728
9081,1.75649893283844
9082,1.9581000804901123
9083,1.9927645921707153
9084,1.444850206375122
9085,1.284090280532837
9086,1.4515272378921509
9087,1.3125027418136597
9088,1.9900645017623901
9089,1.653565764427185
9090,1.3137917518615723
9091,1.6621015071868896
9092,1.7728307247161865
9093,1.7248115539550781
9094,1.3027405738830566
9095,1.3333144187927246
9096,1.194649338722229
9097,1.8324517011642456
9098,1.5756340026855469
9099,1.368645429611206
9100,1.642413854598999
9101,1.5934760570526123
9102,1.618765950202942
9103,1.373995304107666
9104,1.3554619550704956
9105,1.8243740797042847
9106,1.441266417503357
9107,1.2754271030426025
9108,1.6275634765625
9109,1.9089486598968506
9110,1.3250106573104858
9111,1.307296872138977
9112,1.737430453300476
9113,1.4701570272445679
9114,1.9852343797683716
9115,1.9961069822311401
9116,1.2361693382263184
9117,1.8542290925979614
9118,1.8620445728302002
9119,1.363262414932251
9120,1.5206559896469116
9121,1.4919198751449585
9122,1.360600233078003
9123,1.2701835632324219
9124,1.186943531036377
9125,1.2994704246520996
9126,1.3862465620040894
9127,1.4898598194122314
9128,1.713961124420166
9129,1.9906400442123413
9130,1.3710196018218994
9131,1.3070061206817627
9132,1.6678117513656616
9133,1.7133636474609375
9134,1.1493279933929443
9135,1.7042443752288818
9136,1.5559300184249878
9137,1.6221637725830078
9138,1.3958961963653564
9139,1.6746165752410889
9140,1.6586798429489136
9141,1.5539612770080566
9142,1.4578280448913574
9143,1.3285541534423828
9144,1.2315562963485718
9145,1.5305006504058838
9146,1.8244991302490234
9147,1.296889066696167
9148,1.3089585304260254
9149,1.5637496709823608
9150,1.4580334424972534
9151,1.359204888343811
9152,1.2569338083267212
9153,1.2537875175476074
9154,1.1982455253601074
9155,1.2545400857925415
9156,1.2366020679473877
9157,1.5847184658050537
9158,1.9901597499847412
9159,1.420775055885315
9160,1.3660058975219727
9161,1.335050344467163
9162,1.54141104221344
9163,1.389162540435791
9164,1.3820858001708984
9165,1.2085340023040771
9166,1.4113163948059082
9167,1.3753342628479004
9168,1.2864844799041748
9169,1.3209577798843384
9170,1.3719135522842407
9171,1.4422849416732788
9172,1.2126621007919312
9173,1.8058956861495972
9174,1.425089716911316
9175,1.3272936344146729
9176,1.3183960914611816
9177,1.536458969116211
9178,1.3062678575515747
9179,1.3798646926879883
9180,1.466201663017273
9181,1.8740068674087524
9182,1.5170719623565674
9183,1.379296898841858
9184,1.3728324174880981
9185,1.3094735145568848
9186,1.2909300327301025
9187,1.9401606321334839
9188,1.390613317489624
9189,1.1657230854034424
9190,1.4250168800354004
9191,1.4706556797027588
9192,1.2773516178131104
9193,1.4371178150177002
9194,1.410042405128479
9195,1.2228288650512695
9196,1.2123136520385742
9197,1.2398998737335205
9198,1.2893149852752686
9199,1.4594552516937256
9200,1.3732370138168335
9201,1.3437141180038452
9202,1.569492220878601
9203,1.3123213052749634
9204,1.3036316633224487
9205,1.253092646598816
9206,1.425819754600525
9207,1.762692928314209
9208,1.411194086074829
9209,1.790578842163086
9210,1.620815396308899
9211,1.702266812324524
9212,1.8303227424621582
9213,1.3409650325775146
9214,1.5183191299438477
9215,1.6277656555175781
9216,1.9886566400527954
9217,1.6166095733642578
9218,1.1786954402923584
9219,1.518730878829956
9220,1.3035998344421387
9221,1.7711020708084106
9222,1.2749994993209839
9223,1.153299331665039
9224,1.2869514226913452
9225,1.3027303218841553
9226,1.4441144466400146
9227,1.8696402311325073
9228,1.8039941787719727
9229,1.422508716583252
9230,1.3399306535720825
9231,1.2508037090301514
9232,1.9946813583374023
9233,1.3385426998138428
9234,1.2703757286071777
9235,1.2237129211425781
9236,1.4083391427993774
9237,1.214594841003418
9238,1.8634880781173706
9239,1.2924036979675293
9240,1.5899158716201782
9241,1.282271385192871
9242,1.488922357559204
9243,1.3890283107757568
9244,1.3856842517852783
9245,1.5147303342819214
9246,1.7291910648345947
9247,1.9873244762420654
9248,1.3080142736434937
9249,1.3960479497909546
9250,1.9627909660339355
9251,1.3202943801879883
9252,1.9735966920852661
9253,1.8966789245605469
9254,1.9897230863571167
9255,1.1160681247711182
9256,1.3080323934555054
9257,1.354735255241394
9258,1.3539375066757202
9259,1.6785542964935303
9260,1.6859310865402222
9261,1.8777577877044678
9262,1.4255391359329224
9263,1.3194247484207153
9264,1.7626200914382935
9265,1.4294679164886475
9266,1.3594462871551514
9267,1.2667467594146729
9268,1.5740998983383179
9269,1.2254409790039062
9270,1.4286465644836426
9271,1.3678737878799438
9272,1.919729471206665
9273,1.536184310913086
9274,1.8927733898162842
9275,1.3306940793991089
9276,1.333356261253357
9277,1.4361556768417358
9278,1.235802412033081
9279,1.1654553413391113
9280,1.987762212753296
9281,1.2762898206710815
9282,1.7739887237548828
9283,1.9789597988128662
9284,1.7817133665084839
9285,1.6171433925628662
9286,1.3426316976547241
9287,1.9795905351638794
9288,1.525184988975525
9289,1.2409039735794067
9290,1.47519052028656
9291,1.3078386783599854
9292,1.4307279586791992
9293,1.375578761100769
9294,1.6744444370269775
9295,1.9908863306045532
9296,1.304054856300354
9297,1.9896737337112427
9298,1.6388858556747437
9299,1.8232649564743042
9300,1.1097545623779297
9301,1.4126986265182495
9302,1.421807885169983
9303,1.257232666015625
9304,1.63532292842865
9305,1.268804907798767
9306,1.3256220817565918
9307,1.3354507684707642
9308,1.594098687171936
9309,1.4038400650024414
9310,1.2976529598236084
9311,1.3766807317733765
9312,1.3264048099517822
9313,1.4075579643249512
9314,1.3817732334136963
9315,1.4508284330368042
9316,1.5455522537231445
9317,1.3577762842178345
9318,1.8866462707519531
9319,1.2806711196899414
9320,1.3386746644973755
9321,1.4190576076507568
9322,1.373353362083435
9323,1.9962095022201538
9324,1.4167954921722412
9325,1.9918988943099976
9326,1.2498037815093994
9327,1.2879815101623535
9328,1.4575157165527344
9329,1.4454982280731201
9330,1.8028119802474976
9331,1.7544105052947998
9332,1.6393086910247803
9333,1.338287353515625
9334,1.6582865715026855
9335,1.25383722782135
9336,1.3344781398773193
9337,1.3130806684494019
9338,1.5624357461929321
9339,1.400008201599121
9340,1.4098966121673584
9341,1.9012013673782349
9342,1.8261418342590332
9343,1.2079837322235107
9344,1.814636468887329
9345,1.1964211463928223
9346,1.3703713417053223
9347,1.3488011360168457
9348,1.6008961200714111
9349,1.421463131904602
9350,1.9925823211669922
9351,1.3893016576766968
9352,1.3092474937438965
9353,1.8256090879440308
9354,1.6905103921890259
9355,1.2007384300231934
9356,1.415705919265747
9357,1.5335774421691895
9358,1.3234853744506836
9359,1.9737343788146973
9360,1.340437889099121
9361,1.2407845258712769
9362,1.4750722646713257
9363,1.580385684967041
9364,1.2985352277755737
9365,1.9898289442062378
9366,1.4543699026107788
9367,1.496180534362793
9368,1.981337070465088
9369,1.2564646005630493
9370,1.9927306175231934
9371,1.3956642150878906
9372,1.7708208560943604
9373,1.203521728515625
9374,1.4582006931304932
9375,1.185019612312317
9376,1.271674394607544
9377,1.4984065294265747
9378,1.3801424503326416
9379,1.3395785093307495
9380,1.813002347946167
9381,1.9685646295547485
9382,1.3400044441223145
9383,1.3560819625854492
9384,1.1640406847000122
9385,1.3765449523925781
9386,1.9914079904556274
9387,1.1860251426696777
9388,1.5189934968948364
9389,1.3263901472091675
9390,1.4013392925262451
9391,1.5016001462936401
9392,1.2697256803512573
9393,1.4006530046463013
9394,1.5523295402526855
9395,1.9157938957214355
9396,1.8706308603286743
9397,1.86458158493042
9398,1.3886239528656006
9399,1.9905482530593872
9400,1.361281394958496
9401,1.2802419662475586
9402,1.3799817562103271
9403,1.3867543935775757
9404,1.9854562282562256
9405,1.8480416536331177
9406,1.8628066778182983
9407,1.4048738479614258
9408,1.2654656171798706
9409,1.2678707838058472
9410,1.3275679349899292
9411,1.5695154666900635
9412,1.2544989585876465
9413,1.4609843492507935
9414,1.964605450630188
9415,1.9867911338806152
9416,1.2392853498458862
9417,1.5637179613113403
9418,1.2312859296798706
9419,1.4553745985031128
9420,1.2580753564834595
9421,1.234753966331482
9422,1.777714729309082
9423,1.5236551761627197
9424,1.4051620960235596
9425,1.4404258728027344
9426,1.7542065382003784
9427,1.3869507312774658
9428,1.7972098588943481
9429,1.353702425956726
9430,1.206816554069519
9431,1.5321229696273804
9432,1.2919126749038696
9433,1.3574671745300293
9434,1.4565156698226929
9435,1.4049389362335205
9436,1.994465708732605
9437,1.1769237518310547
9438,1.6817506551742554
9439,1.8769221305847168
9440,1.8020371198654175
9441,1.9938195943832397
9442,1.9072915315628052
9443,1.4036844968795776
9444,1.614812970161438
9445,1.9934635162353516
9446,1.5150368213653564
9447,1.2660560607910156
9448,1.3979696035385132
9449,1.7172925472259521
9450,1.5984960794448853
9451,1.590213418006897
9452,1.8189966678619385
9453,1.3623266220092773
9454,1.3447575569152832
9455,1.3781940937042236
9456,1.2039847373962402
9457,1.2712398767471313
9458,1.7370575666427612
9459,1.3455498218536377
9460,1.7936389446258545
9461,1.4750618934631348
9462,1.997058629989624
9463,1.5502070188522339
9464,1.9452481269836426
9465,1.2457737922668457
9466,1.372347116470337
9467,1.2328836917877197
9468,1.3543919324874878
9469,1.4481934309005737
9470,1.5561054944992065
9471,1.2789292335510254
9472,1.2518073320388794
9473,1.9958328008651733
9474,1.9861575365066528
9475,1.6384965181350708
9476,1.2765631675720215
9477,1.2102874517440796
9478,1.4644191265106201
9479,1.4272968769073486
9480,1.970424771308899
9481,1.2284003496170044
9482,1.426646113395691
9483,1.3271325826644897
9484,1.6504508256912231
9485,1.9644718170166016
9486,1.492506504058838
9487,1.8289498090744019
9488,1.3274089097976685
9489,1.410772442817688
9490,1.2392737865447998
9491,1.8262741565704346
9492,1.2624330520629883
9493,1.6282219886779785
9494,1.3766214847564697
9495,1.970906376838684
9496,1.5495976209640503
9497,1.8628660440444946
9498,1.718368411064148
9499,1.3016971349716187
9500,1.1742265224456787
9501,1.4297717809677124
9502,1.2922133207321167
9503,1.3879557847976685
9504,1.3371142148971558
9505,1.3170413970947266
9506,1.7010390758514404
9507,1.9936414957046509
9508,1.3137325048446655
9509,1.319283366203308
9510,1.5373588800430298
9511,1.4635950326919556
9512,1.2998604774475098
9513,1.9848122596740723
9514,1.5383355617523193
9515,1.9790276288986206
9516,1.170229196548462
9517,1.7695424556732178
9518,1.9925971031188965
9519,1.8456017971038818
9520,1.4327917098999023
9521,1.360896110534668
9522,1.3582080602645874
9523,1.337270736694336
9524,1.3151322603225708
9525,1.7959325313568115
9526,1.2727597951889038
9527,1.3357504606246948
9528,1.850709319114685
9529,1.3699644804000854
9530,1.2246840000152588
9531,1.5450825691223145
9532,1.3429824113845825
9533,1.478196144104004
9534,1.2630465030670166
9535,1.6821283102035522
9536,1.5521109104156494
9537,1.4509938955307007
9538,1.1891018152236938
9539,1.5838842391967773
9540,1.3457601070404053
9541,1.4167612791061401
9542,1.3086594343185425
9543,1.3252249956130981
9544,1.988273024559021
9545,1.362457275390625
9546,1.3002523183822632
9547,1.5611469745635986
9548,1.8214913606643677
9549,1.4340009689331055
9550,1.7873765230178833
9551,1.5459003448486328
9552,1.827326774597168
9553,1.487736701965332
9554,1.3136579990386963
9555,1.9790024757385254
9556,1.9753748178482056
9557,1.321740984916687
9558,1.4431637525558472
9559,1.4484320878982544
9560,1.1823394298553467
9561,1.7207452058792114
9562,1.6927584409713745
9563,1.3098337650299072
9564,1.801745891571045
9565,1.622798204421997
9566,1.1951841115951538
9567,1.4464137554168701
9568,1.3070586919784546
9569,1.9584707021713257
9570,1.4056031703948975
9571,1.332839012145996
9572,1.99077570438385
9573,1.984226107597351
9574,1.9857819080352783
9575,1.4436511993408203
9576,1.2773982286453247
9577,1.3036160469055176
9578,1.32045578956604
9579,1.9779229164123535
9580,1.515461802482605
9581,1.3867943286895752
9582,1.3321993350982666
9583,1.5423120260238647
9584,1.2367173433303833
9585,1.631199836730957
9586,1.9811017513275146
9587,1.5942647457122803
9588,1.4836769104003906
9589,1.368124008178711
9590,1.9820154905319214
9591,1.6249821186065674
9592,1.590672254562378
9593,1.3458683490753174
9594,1.1765820980072021
9595,1.1854946613311768
9596,1.6697547435760498
9597,1.991380214691162
9598,1.804989218711853
9599,1.8048993349075317
9600,1.9003015756607056
9601,1.4854848384857178
9602,1.3494609594345093
9603,1.9935417175292969
9604,1.2356235980987549
9605,1.3217443227767944
9606,1.230226993560791
9607,1.6253560781478882
9608,1.3252108097076416
9609,1.1667252779006958
9610,1.2802484035491943
9611,1.7095366716384888
9612,1.3827472925186157
9613,1.3850210905075073
9614,1.4597535133361816
9615,1.5382567644119263
9616,1.3857277631759644
9617,1.5102676153182983
9618,1.8341068029403687
9619,1.8228299617767334
9620,1.1883885860443115
9621,1.2004673480987549
9622,1.9964299201965332
9623,1.3159722089767456
9624,1.2101433277130127
9625,1.6763451099395752
9626,1.8363045454025269
9627,1.7163442373275757
9628,1.8708648681640625
9629,1.2252182960510254
9630,1.6165971755981445
9631,1.3661718368530273
9632,1.988398790359497
9633,1.4353443384170532
9634,1.3751955032348633
9635,1.9917064905166626
9636,1.3914909362792969
9637,1.3341611623764038
9638,1.6226989030838013
9639,1.3645201921463013
9640,1.320359706878662
9641,1.5230363607406616
9642,1.4037619829177856
9643,1.7566591501235962
9644,1.3124946355819702
9645,1.736939549446106
9646,1.2388570308685303
9647,1.3254201412200928
9648,1.983107566833496
9649,1.587449312210083
9650,1.2184725999832153
9651,1.3158248662948608
9652,1.8419994115829468
9653,1.5589282512664795
9654,1.6852298974990845
9655,1.627915382385254
9656,1.2966010570526123
9657,1.3119494915008545
9658,1.3702596426010132
9659,1.3493226766586304
9660,1.4217021465301514
9661,1.174634337425232
9662,1.3296338319778442
9663,1.8112281560897827
9664,1.7227495908737183
9665,1.3392893075942993
9666,1.2971293926239014
9667,1.4499531984329224
9668,1.9423147439956665
9669,1.5432803630828857
9670,1.978217363357544
9671,1.2807904481887817
9672,1.824402093887329
9673,1.1881513595581055
9674,1.37876296043396
9675,1.646270513534546
9676,1.1743439435958862
9677,1.209376335144043
9678,1.1724077463150024
9679,1.3053630590438843
9680,1.7963143587112427
9681,1.7842953205108643
9682,1.1832982301712036
9683,1.854050636291504
9684,1.330234169960022
9685,1.7801828384399414
9686,1.4142310619354248
9687,1.2925084829330444
9688,1.6350353956222534
9689,1.9869529008865356
9690,1.5543478727340698
9691,1.6253662109375
9692,1.320284128189087
9693,1.57469642162323
9694,1.3607289791107178
9695,1.3744020462036133
9696,1.2798258066177368
9697,1.8928836584091187
9698,1.8983850479125977
9699,1.9902769327163696
9700,1.2681742906570435
9701,1.6840888261795044
9702,1.4149391651153564
9703,1.3039084672927856
9704,1.288129210472107
9705,1.9846845865249634
9706,1.9071149826049805
9707,1.3781791925430298
9708,1.3528245687484741
9709,1.31956148147583
9710,1.7765672206878662
9711,1.4862899780273438
9712,1.765949010848999
9713,1.3857238292694092
9714,1.6608664989471436
9715,1.1677132844924927
9716,1.3648501634597778
9717,1.8658456802368164
9718,1.9098708629608154
9719,1.5005781650543213
9720,1.5893068313598633
9721,1.308868408203125
9722,1.952211618423462
9723,1.4134169816970825
9724,1.5584499835968018
9725,1.9825125932693481
9726,1.4412275552749634
9727,1.9950379133224487
9728,1.4525066614151
9729,1.7011393308639526
9730,1.5426335334777832
9731,1.7365987300872803
9732,1.2959986925125122
9733,1.3948215246200562
9734,1.2871129512786865
9735,1.4997544288635254
9736,1.609226107597351
9737,1.458204746246338
9738,1.162490963935852
9739,1.9922000169754028
9740,1.6423232555389404
9741,1.4982613325119019
9742,1.684025764465332
9743,1.4725762605667114
9744,1.7939467430114746
9745,1.7768014669418335
9746,1.2531410455703735
9747,1.810218334197998
9748,1.2666025161743164
9749,1.825805902481079
9750,1.356687307357788
9751,1.5400580167770386
9752,1.4089305400848389
9753,1.281130075454712
9754,1.3575339317321777
9755,1.5600754022598267
9756,1.234415054321289
9757,1.2361146211624146
9758,1.7761452198028564
9759,1.5266807079315186
9760,1.9838491678237915
9761,1.7873225212097168
9762,1.25260329246521
9763,1.993815302848816
9764,1.9038318395614624
9765,1.1934900283813477
9766,1.67240571975708
9767,1.4354925155639648
9768,1.965994954109192
9769,1.4578900337219238
9770,1.456528902053833
9771,1.9796044826507568
9772,1.7574436664581299
9773,1.346264123916626
9774,1.368067741394043
9775,1.9962021112442017
9776,1.9932515621185303
9777,1.3039296865463257
9778,1.4684251546859741
9779,1.3724647760391235
9780,1.369178056716919
9781,1.339446783065796
9782,1.5092355012893677
9783,1.3929203748703003
9784,1.24039626121521
9785,1.3041281700134277
9786,1.6616990566253662
9787,1.2298461198806763
9788,1.6251485347747803
9789,1.2680187225341797
9790,1.2826149463653564
9791,1.2897789478302002
9792,1.9653701782226562
9793,1.8313981294631958
9794,1.6542472839355469
9795,1.3079004287719727
9796,1.3377865552902222
9797,1.3024982213974
9798,1.7315791845321655
9799,1.3512957096099854
9800,1.4283735752105713
9801,1.3809198141098022
9802,1.4127167463302612
9803,1.4619656801223755
9804,1.3817932605743408
9805,1.3009082078933716
9806,1.847469687461853
9807,1.3578439950942993
9808,1.430543065071106
9809,1.519049882888794
9810,1.414660096168518
9811,1.8096466064453125
9812,1.1876410245895386
9813,1.4749515056610107
9814,1.2962260246276855
9815,1.380568027496338
9816,1.234035611152649
9817,1.9441217184066772
9818,1.1843657493591309
9819,1.98984956741333
9820,1.2756980657577515
9821,1.7271599769592285
9822,1.9936457872390747
9823,1.9940382242202759
9824,1.3048055171966553
9825,1.26901376247406
9826,1.3478565216064453
9827,1.413511872291565
9828,1.2908897399902344
9829,1.430715799331665
9830,1.5933611392974854
9831,1.2695884704589844
9832,1.9842427968978882
9833,1.971501350402832
9834,1.311403751373291
9835,1.9945530891418457
9836,1.3814058303833008
9837,1.407883882522583
9838,1.771206021308899
9839,1.9814763069152832
9840,1.7156474590301514
9841,1.397039771080017
9842,1.9872760772705078
9843,1.2315313816070557
9844,1.3353166580200195
9845,1.3323609828948975
9846,1.3116120100021362
9847,1.9750690460205078
9848,1.3638432025909424
9849,1.4453285932540894
9850,1.2523925304412842
9851,1.636509656906128
9852,1.8298485279083252
9853,1.3889389038085938
9854,1.659409999847412
9855,1.1608998775482178
9856,1.3369845151901245
9857,1.8597248792648315
9858,1.2711760997772217
9859,1.2829828262329102
9860,1.4099184274673462
9861,1.9843825101852417
9862,1.2120671272277832
9863,1.371246576309204
9864,1.6101166009902954
9865,1.662189245223999
9866,1.3791025876998901
9867,1.3108494281768799
9868,1.3311169147491455
9869,1.3229801654815674
9870,1.201544165611267
9871,1.2127435207366943
9872,1.310010552406311
9873,1.9859808683395386
9874,1.4534941911697388
9875,1.4516565799713135
9876,1.9744001626968384
9877,1.338706135749817
9878,1.3314803838729858
9879,1.544163465499878
9880,1.9713983535766602
9881,1.8808550834655762
9882,1.2498821020126343
9883,1.388552188873291
9884,1.8233898878097534
9885,1.377486228942871
9886,1.7269457578659058
9887,1.4124342203140259
9888,1.297707200050354
9889,1.5592572689056396
9890,1.3680357933044434
9891,1.2111924886703491
9892,1.3048934936523438
9893,1.660046100616455
9894,1.7041268348693848
9895,1.1762701272964478
9896,1.6011402606964111
9897,1.1493663787841797
9898,1.3650692701339722
9899,1.551162600517273
9900,1.294427752494812
9901,1.3895583152770996
9902,1.8970868587493896
9903,1.4032169580459595
9904,1.3239303827285767
9905,1.3540860414505005
9906,1.7726808786392212
9907,1.6200494766235352
9908,1.7827790975570679
9909,1.9890327453613281
9910,1.2806020975112915
9911,1.9173219203948975
9912,1.374461054801941
9913,1.3100595474243164
9914,1.290405035018921
9915,1.362436056137085
9916,1.3563647270202637
9917,1.4871572256088257
9918,1.6577118635177612
9919,1.6221592426300049
9920,1.852231740951538
9921,1.5312310457229614
9922,1.2710957527160645
9923,1.594346046447754
9924,1.6728659868240356
9925,1.4944841861724854
9926,1.6807210445404053
9927,1.9673913717269897
9928,1.400692105293274
9929,1.986190915107727
9930,1.3082168102264404
9931,1.3574609756469727
9932,1.2169770002365112
9933,1.254729986190796
9934,1.4231139421463013
9935,1.9768387079238892
9936,1.8468297719955444
9937,1.425343632698059
9938,1.2838327884674072
9939,1.4215517044067383
9940,1.3827654123306274
9941,1.5550661087036133
9942,1.1972031593322754
9943,1.28263258934021
9944,1.3799395561218262
9945,1.207124948501587
9946,1.5693483352661133
9947,1.374967098236084
9948,1.3068758249282837
9949,1.3987371921539307
9950,1.2456958293914795
9951,1.589555263519287
9952,1.9884320497512817
9953,1.7238973379135132
9954,1.436438798904419
9955,1.1755088567733765
9956,1.1443320512771606
9957,1.9941800832748413
9958,1.9819692373275757
9959,1.9051337242126465
9960,1.3132965564727783
9961,1.9826011657714844
9962,1.3156404495239258
9963,1.3631656169891357
9964,1.9749284982681274
9965,1.9467257261276245
9966,1.167096495628357
9967,1.3459166288375854
9968,1.4268763065338135
9969,1.5491100549697876
9970,1.934463381767273
9971,1.4888691902160645
9972,1.2974299192428589
9973,1.4332449436187744
9974,1.3687547445297241
9975,1.838389277458191
9976,1.3152073621749878
9977,1.5082941055297852
9978,1.7363855838775635
9979,1.6971402168273926
9980,1.294137954711914
9981,1.439902424812317
9982,1.312279462814331
9983,1.5451631546020508
9984,1.3651559352874756
9985,1.3284313678741455
9986,1.2008552551269531
9987,1.835876226425171
9988,1.5138041973114014
9989,1.7860742807388306
9990,1.9875339269638062
9991,1.7715400457382202
9992,1.6178357601165771
9993,1.2193268537521362
9994,1.7806899547576904
9995,1.9862110614776611
9996,1.9959983825683594
9997,1.4902321100234985
9998,1.379306674003601
9999,1.323827862739563
10000,1.342005968093872
10001,1.4750841856002808
10002,1.2111250162124634
10003,1.3730156421661377
10004,1.3293174505233765
10005,1.9874207973480225
10006,1.5777382850646973
10007,1.2990797758102417
10008,1.8697959184646606
10009,1.3441234827041626
10010,1.9886866807937622
10011,1.3669660091400146
10012,1.809495449066162
10013,1.3147072792053223
10014,1.75943922996521
10015,1.3359363079071045
10016,1.3405879735946655
10017,1.484907627105713
10018,1.9234269857406616
10019,1.3406344652175903
10020,1.2453272342681885
10021,1.7407159805297852
10022,1.3434720039367676
10023,1.6732581853866577
10024,1.2514712810516357
10025,1.9872515201568604
10026,1.685696005821228
10027,1.290987491607666
10028,1.861743450164795
10029,1.593989372253418
10030,1.741328477859497
10031,1.3437433242797852
10032,1.8457081317901611
10033,1.2545737028121948
10034,1.4209792613983154
10035,1.2884005308151245
10036,1.4864875078201294
10037,1.6784508228302002
10038,1.8123031854629517
10039,1.349413514137268
10040,1.211788535118103
10041,1.637016773223877
10042,1.2861558198928833
10043,1.656652569770813
10044,1.7605297565460205
10045,1.3975640535354614
10046,1.2782182693481445
10047,1.9626026153564453
10048,1.3110193014144897
10049,1.648012399673462
10050,1.198899269104004
10051,1.292982816696167
10052,1.2572158575057983
10053,1.8113493919372559
10054,1.9806430339813232
10055,1.2032105922698975
10056,1.3510009050369263
10057,1.5173816680908203
10058,1.3490102291107178
10059,1.5549920797348022
10060,1.8162070512771606
10061,1.414040446281433
10062,1.3690155744552612
10063,1.3042235374450684
10064,1.3508282899856567
10065,1.3902305364608765
10066,1.3102400302886963
10067,1.9792319536209106
10068,1.393721342086792
10069,1.1913764476776123
10070,1.250144600868225
10071,1.4670382738113403
10072,1.3832635879516602
10073,1.2489423751831055
10074,1.7403643131256104
10075,1.3937184810638428
10076,1.3288484811782837
10077,1.3740992546081543
10078,1.3666304349899292
10079,1.4845609664916992
10080,1.6046574115753174
10081,1.3888676166534424
10082,1.3569884300231934
10083,1.7851148843765259
10084,1.6704254150390625
10085,1.6728671789169312
10086,1.865915060043335
10087,1.8347302675247192
10088,1.7250831127166748
10089,1.5556985139846802
10090,1.2848552465438843
10091,1.3080511093139648
10092,1.30302894115448
10093,1.2558233737945557
10094,1.8490688800811768
10095,1.3735138177871704
10096,1.9815263748168945
10097,1.991403341293335
10098,1.5936026573181152
10099,1.350464940071106
10100,1.386283040046692
10101,1.6910511255264282
10102,1.3333070278167725
10103,1.9509669542312622
10104,1.986648440361023
10105,1.9899989366531372
10106,1.2811180353164673
10107,1.1948047876358032
10108,1.9803038835525513
10109,1.9952279329299927
10110,1.297435998916626
10111,1.3967126607894897
10112,1.4777820110321045
10113,1.3442351818084717
10114,1.655177116394043
10115,1.2793580293655396
10116,1.3617790937423706
10117,1.2897377014160156
10118,1.4547208547592163
10119,1.7638152837753296
10120,1.8087520599365234
10121,1.2617950439453125
10122,1.730074405670166
10123,1.2103387117385864
10124,1.5912034511566162
10125,1.3497228622436523
10126,1.9824457168579102
10127,1.2199459075927734
10128,1.7276265621185303
10129,1.968625545501709
10130,1.5755289793014526
10131,1.323154091835022
10132,1.6676372289657593
10133,1.7657262086868286
10134,1.900468349456787
10135,1.5312631130218506
10136,1.2039811611175537
10137,1.4003567695617676
10138,1.3285691738128662
10139,1.7301568984985352
10140,1.5214017629623413
10141,1.2651833295822144
10142,1.8649511337280273
10143,1.8231914043426514
10144,1.3327981233596802
10145,1.8321446180343628
10146,1.2896080017089844
10147,1.6412907838821411
10148,1.1725071668624878
10149,1.2766141891479492
10150,1.4442996978759766
10151,1.4750019311904907
10152,1.335530161857605
10153,1.9501579999923706
10154,1.7514381408691406
10155,1.6861720085144043
10156,1.9357850551605225
10157,1.6265331506729126
10158,1.5227532386779785
10159,1.3720479011535645
10160,1.318489909172058
10161,1.4895673990249634
10162,1.672391414642334
10163,1.375091314315796
10164,1.4027326107025146
10165,1.4569240808486938
10166,1.3184716701507568
10167,1.2627252340316772
10168,1.2113150358200073
10169,1.1589723825454712
10170,1.3685063123703003
10171,1.8699371814727783
10172,1.974534034729004
10173,1.8647425174713135
10174,1.803911805152893
10175,1.482938289642334
10176,1.3744136095046997
10177,1.282944917678833
10178,1.7167448997497559
10179,1.2357569932937622
10180,1.5974382162094116
10181,1.302269697189331
10182,1.4023807048797607
10183,1.4235992431640625
10184,1.3217848539352417
10185,1.4468590021133423
10186,1.2958905696868896
10187,1.8703112602233887
10188,1.2790333032608032
10189,1.3159329891204834
10190,1.31136953830719
10191,1.3550827503204346
10192,1.225868821144104
10193,1.5437939167022705
10194,1.3362469673156738
10195,1.9728240966796875
10196,1.3509668111801147
10197,1.4276615381240845
10198,1.8256860971450806
10199,1.5628955364227295
10200,1.2442824840545654
10201,1.2548478841781616
10202,1.9878487586975098
10203,1.249146580696106
10204,1.3172612190246582
10205,1.6135815382003784
10206,1.2443307638168335
10207,1.2660341262817383
10208,1.7979049682617188
10209,1.8721556663513184
10210,1.445120096206665
10211,1.5406901836395264
10212,1.44821298122406
10213,1.7698348760604858
10214,1.9848307371139526
10215,1.4319933652877808
10216,1.980859398841858
10217,1.3403563499450684
10218,1.6159318685531616
10219,1.9867987632751465
10220,1.971028208732605
10221,1.4100106954574585
10222,1.5046014785766602
10223,1.3687435388565063
10224,1.7436187267303467
10225,1.346459984779358
10226,1.9858747720718384
10227,1.3582793474197388
10228,1.2640119791030884
10229,1.9898054599761963
10230,1.4514844417572021
10231,1.9848341941833496
10232,1.341135859489441
10233,1.8200913667678833
10234,1.2661147117614746
10235,1.4670300483703613
10236,1.4500529766082764
10237,1.3107304573059082
10238,1.2851579189300537
10239,1.958648681640625
10240,1.2168867588043213
10241,1.4852076768875122
10242,1.1559919118881226
10243,1.1490654945373535
10244,1.8243744373321533
10245,1.4203506708145142
10246,1.3109865188598633
10247,1.4782886505126953
10248,1.2313711643218994
10249,1.4025920629501343
10250,1.3938535451889038
10251,1.3117417097091675
10252,1.337238073348999
10253,1.2571849822998047
10254,1.729736328125
10255,1.327149748802185
10256,1.3879188299179077
10257,1.394472599029541
10258,1.3847182989120483
10259,1.4069117307662964
10260,1.956661343574524
10261,1.287277340888977
10262,1.2643649578094482
10263,1.4991918802261353
10264,1.6573253870010376
10265,1.5018445253372192
10266,1.3528474569320679
10267,1.6657929420471191
10268,1.2168208360671997
10269,1.7943958044052124
10270,1.749822974205017
10271,1.8204997777938843
10272,1.7169827222824097
10273,1.385180950164795
10274,1.52631676197052
10275,1.5386137962341309
10276,1.4064202308654785
10277,1.3261363506317139
10278,1.9533159732818604
10279,1.257893681526184
10280,1.291752815246582
10281,1.3423341512680054
10282,1.8152354955673218
10283,1.3380680084228516
10284,1.9210684299468994
10285,1.325052261352539
10286,1.334316611289978
10287,1.2985278367996216
10288,1.4450814723968506
10289,1.281859040260315
10290,1.245572566986084
10291,1.3613076210021973
10292,1.8063678741455078
10293,1.440111517906189
10294,1.580844521522522
10295,1.65438973903656
10296,1.3032846450805664
10297,1.7894768714904785
10298,1.4322476387023926
10299,1.9813618659973145
10300,1.2406991720199585
10301,1.9338500499725342
10302,1.9062498807907104
10303,1.8639640808105469
10304,1.993647575378418
10305,1.4960647821426392
10306,1.9365110397338867
10307,1.9811606407165527
10308,1.9820210933685303
10309,1.3680471181869507
10310,1.3977206945419312
10311,1.7256964445114136
10312,1.257032871246338
10313,1.7260737419128418
10314,1.4794071912765503
10315,1.445033073425293
10316,1.9804179668426514
10317,1.810014247894287
10318,1.9790806770324707
10319,1.3775913715362549
10320,1.2262647151947021
10321,1.3471401929855347
10322,1.305614948272705
10323,1.1379351615905762
10324,1.5064306259155273
10325,1.6577296257019043
10326,1.2922742366790771
10327,1.885364055633545
10328,1.381316900253296
10329,1.6092349290847778
10330,1.3621244430541992
10331,1.230547547340393
10332,1.8921507596969604
10333,1.9748358726501465
10334,1.7969471216201782
10335,1.4115248918533325
10336,1.7629725933074951
10337,1.7482962608337402
10338,1.3632692098617554
10339,1.2173256874084473
10340,1.3950097560882568
10341,1.3617935180664062
10342,1.7424399852752686
10343,1.7229857444763184
10344,1.265806794166565
10345,1.3223578929901123
10346,1.4492409229278564
10347,1.4077754020690918
10348,1.583520531654358
10349,1.9801945686340332
10350,1.2111306190490723
10351,1.5504833459854126
10352,1.3631514310836792
10353,1.345368504524231
10354,1.354284405708313
10355,1.2958605289459229
10356,1.8080544471740723
10357,1.8091471195220947
10358,1.811829924583435
10359,1.7708369493484497
10360,1.4579359292984009
10361,1.3992642164230347
10362,1.2973346710205078
10363,1.5147093534469604
10364,1.7205166816711426
10365,1.3211134672164917
10366,1.7906324863433838
10367,1.8266189098358154
10368,1.1690683364868164
10369,1.992408275604248
10370,1.987561583518982
10371,1.9623979330062866
10372,1.9683152437210083
10373,1.292415976524353
10374,1.2986241579055786
10375,1.3528728485107422
10376,1.8101073503494263
10377,1.5921987295150757
10378,1.3223299980163574
10379,1.837050437927246
10380,1.9159586429595947
10381,1.3069486618041992
10382,1.4168354272842407
10383,1.981840968132019
10384,1.3344132900238037
10385,1.5652871131896973
10386,1.2088146209716797
10387,1.4101274013519287
10388,1.9991363286972046
10389,1.2639926671981812
10390,1.430350661277771
10391,1.7890348434448242
10392,1.4596853256225586
10393,1.9101321697235107
10394,1.808910608291626
10395,1.7586315870285034
10396,1.6492347717285156
10397,1.547187328338623
10398,1.369401454925537
10399,1.400911569595337
10400,1.2058465480804443
10401,1.2823565006256104
10402,1.3769710063934326
10403,1.6728646755218506
10404,1.228791356086731
10405,1.2251613140106201
10406,1.2402687072753906
10407,1.994549036026001
10408,1.7686160802841187
10409,1.3556126356124878
10410,1.8431856632232666
10411,1.4723374843597412
10412,1.4360158443450928
10413,1.3494340181350708
10414,1.2157866954803467
10415,1.2494544982910156
10416,1.313001275062561
10417,1.3501399755477905
10418,1.9726346731185913
10419,1.818605661392212
10420,1.6817264556884766
10421,1.7840477228164673
10422,1.3083559274673462
10423,1.6606667041778564
10424,1.735997200012207
10425,1.199092984199524
10426,1.3086175918579102
10427,1.2400352954864502
10428,1.359895944595337
10429,1.3143080472946167
10430,1.4082000255584717
10431,1.404116153717041
10432,1.7622244358062744
10433,1.3614189624786377
10434,1.323765754699707
10435,1.4059752225875854
10436,1.9646387100219727
10437,1.5030732154846191
10438,1.273937702178955
10439,1.2453207969665527
10440,1.5545130968093872
10441,1.9822713136672974
10442,1.203140377998352
10443,1.471144676208496
10444,1.7292120456695557
10445,1.968082308769226
10446,1.2989652156829834
10447,1.716240644454956
10448,1.285764455795288
10449,1.3372266292572021
10450,1.5459227561950684
10451,1.4765350818634033
10452,1.904213547706604
10453,1.3203508853912354
10454,1.312896728515625
10455,1.318177580833435
10456,1.3906975984573364
10457,1.3733601570129395
10458,1.9786899089813232
10459,1.471334457397461
10460,1.4279875755310059
10461,1.2996623516082764
10462,1.2143404483795166
10463,1.886357069015503
10464,1.5128268003463745
10465,1.7345489263534546
10466,1.3011672496795654
10467,1.3595070838928223
10468,1.989940881729126
10469,1.970569372177124
10470,1.686450719833374
10471,1.4552849531173706
10472,1.3382160663604736
10473,1.620297908782959
10474,1.3002033233642578
10475,1.35774827003479
10476,1.3991299867630005
10477,1.7914997339248657
10478,1.8867486715316772
10479,1.979698896408081
10480,1.4061721563339233
10481,1.3254045248031616
10482,1.2942028045654297
10483,1.3566209077835083
10484,1.137671709060669
10485,1.2280869483947754
10486,1.3421247005462646
10487,1.2366644144058228
10488,1.2502535581588745
10489,1.5352534055709839
10490,1.4627724885940552
10491,1.3455480337142944
10492,1.3813695907592773
10493,1.9908931255340576
10494,1.3504201173782349
10495,1.3045285940170288
10496,1.393532395362854
10497,1.9846137762069702
10498,1.4384690523147583
10499,1.2635618448257446
10500,1.2699531316757202
10501,1.9915655851364136
10502,1.98198401927948
10503,1.2597419023513794
10504,1.9050313234329224
10505,1.253064513206482
10506,1.951141119003296
10507,1.5039395093917847
10508,1.8295236825942993
10509,1.777114987373352
10510,1.3306149244308472
10511,1.2962976694107056
10512,1.330456018447876
10513,1.230853796005249
10514,1.2173664569854736
10515,1.2950007915496826
10516,1.5376005172729492
10517,1.9906028509140015
10518,1.32947838306427
10519,1.801348090171814
10520,1.234580397605896
10521,1.9887621402740479
10522,1.4482570886611938
10523,1.2387505769729614
10524,1.9941061735153198
10525,1.4106773138046265
10526,1.3526053428649902
10527,1.5453547239303589
10528,1.286330223083496
10529,1.9228599071502686
10530,1.3514289855957031
10531,1.3172650337219238
10532,1.2090826034545898
10533,1.5946680307388306
10534,1.3725950717926025
10535,1.8719674348831177
10536,1.5185129642486572
10537,1.5751490592956543
10538,1.2905030250549316
10539,1.7235338687896729
10540,1.2928645610809326
10541,1.6170830726623535
10542,1.1492986679077148
10543,1.7684569358825684
10544,1.3938448429107666
10545,1.165795087814331
10546,1.6681228876113892
10547,1.2029212713241577
10548,1.6725877523422241
10549,1.9605417251586914
10550,1.6375740766525269
10551,1.6426924467086792
10552,1.7858667373657227
10553,1.5206888914108276
10554,1.266330361366272
10555,1.2182633876800537
10556,1.4368737936019897
10557,1.9434996843338013
10558,1.7367713451385498
10559,1.121661901473999
10560,1.5166494846343994
10561,1.3566241264343262
10562,1.3690294027328491
10563,1.7942944765090942
10564,1.2680797576904297
10565,1.7888643741607666
10566,1.5548604726791382
10567,1.583940029144287
10568,1.3829752206802368
10569,1.888362169265747
10570,1.7875988483428955
10571,1.3856793642044067
10572,1.9893697500228882
10573,1.3127434253692627
10574,1.359480381011963
10575,1.9614157676696777
10576,1.550414800643921
10577,1.3053292036056519
10578,1.3081990480422974
10579,1.1365693807601929
10580,1.3608975410461426
10581,1.3704860210418701
10582,1.5822391510009766
10583,1.4561638832092285
10584,1.3512309789657593
10585,1.2793185710906982
10586,1.1909617185592651
10587,1.5293679237365723
10588,1.2053477764129639
10589,1.9395999908447266
10590,1.3177318572998047
10591,1.250605583190918
10592,1.773528814315796
10593,1.4107801914215088
10594,1.5997934341430664
10595,1.9954687356948853
10596,1.988765835762024
10597,1.6163510084152222
10598,1.3578177690505981
10599,1.2343523502349854
10600,1.8061108589172363
10601,1.0931310653686523
10602,1.877941370010376
10603,1.5187541246414185
10604,1.570793867111206
10605,1.3203370571136475
10606,1.3614017963409424
10607,1.4871941804885864
10608,1.4630866050720215
10609,1.3597548007965088
10610,1.2952953577041626
10611,1.4812604188919067
10612,1.410979151725769
10613,1.3681260347366333
10614,1.5099111795425415
10615,1.988643765449524
10616,1.589187741279602
10617,1.2032089233398438
10618,1.3465155363082886
10619,1.8312643766403198
10620,1.362460970878601
10621,1.3409696817398071
10622,1.7788268327713013
10623,1.4024970531463623
10624,1.2630442380905151
10625,1.2917537689208984
10626,1.7130773067474365
10627,1.7901054620742798
10628,1.1427568197250366
10629,1.8953218460083008
10630,1.3460631370544434
10631,1.5737963914871216
10632,1.7078578472137451
10633,1.9931795597076416
10634,1.847463846206665
10635,1.5041475296020508
10636,1.93556809425354
10637,1.3053125143051147
10638,1.201209306716919
10639,1.3336247205734253
10640,1.4399480819702148
10641,1.3404667377471924
10642,1.4375113248825073
10643,1.5573855638504028
10644,1.3573499917984009
10645,1.2996466159820557
10646,1.2535349130630493
10647,1.389880657196045
10648,1.7716782093048096
10649,1.3890678882598877
10650,1.663590908050537
10651,1.1883963346481323
10652,1.4144713878631592
10653,1.2885078191757202
10654,1.718299150466919
10655,1.9890189170837402
10656,1.3092626333236694
10657,1.3818342685699463
10658,1.7778159379959106
10659,1.4590709209442139
10660,1.7532923221588135
10661,1.551709771156311
10662,1.6235604286193848
10663,1.2142497301101685
10664,1.1770669221878052
10665,1.2596288919448853
10666,1.7280206680297852
10667,1.771721601486206
10668,1.6624637842178345
10669,1.4327973127365112
10670,1.29279363155365
10671,1.8673328161239624
10672,1.9025509357452393
10673,1.54532790184021
10674,1.2964766025543213
10675,1.9332810640335083
10676,1.8456242084503174
10677,1.6257436275482178
10678,1.7459523677825928
10679,1.371077060699463
10680,1.2576899528503418
10681,1.2338359355926514
10682,1.2977510690689087
10683,1.9367483854293823
10684,1.1300305128097534
10685,1.667236328125
10686,1.7503551244735718
10687,1.613796353340149
10688,1.8714412450790405
10689,1.2476005554199219
10690,1.4897822141647339
10691,1.3555405139923096
10692,1.4124746322631836
10693,1.9936363697052002
10694,1.3291850090026855
10695,1.977696180343628
10696,1.406577467918396
10697,1.497520923614502
10698,1.4780627489089966
10699,1.9902894496917725
10700,1.7845758199691772
10701,1.2820512056350708
10702,1.359705924987793
10703,1.1991417407989502
10704,1.9729441404342651
10705,1.256264328956604
10706,1.2506628036499023
10707,1.7477366924285889
10708,1.8000521659851074
10709,1.334340214729309
10710,1.9645018577575684
10711,1.5990855693817139
10712,1.8340197801589966
10713,1.9908323287963867
10714,1.3165249824523926
10715,1.275292992591858
10716,1.4152097702026367
10717,1.2469195127487183
10718,1.707651972770691
10719,1.2963130474090576
10720,1.3870983123779297
10721,1.3699934482574463
10722,1.2292197942733765
10723,1.2496496438980103
10724,1.9824609756469727
10725,1.2704769372940063
10726,1.9630210399627686
10727,1.371792197227478
10728,1.9895908832550049
10729,1.9833158254623413
10730,1.977097749710083
10731,1.3987103700637817
10732,1.308296799659729
10733,1.501000165939331
10734,1.7662849426269531
10735,1.4436790943145752
10736,1.3464550971984863
10737,1.2462157011032104
10738,1.2451268434524536
10739,1.4609873294830322
10740,1.2657537460327148
10741,1.3890358209609985
10742,1.6673808097839355
10743,1.2616405487060547
10744,1.2736618518829346
10745,1.7543226480484009
10746,1.4088438749313354
10747,1.360648274421692
10748,1.3422898054122925
10749,1.3494222164154053
10750,1.317335605621338
10751,1.715562343597412
10752,1.7979503870010376
10753,1.2565025091171265
10754,1.1577816009521484
10755,1.3475885391235352
10756,1.7269434928894043
10757,1.2349509000778198
10758,1.7477171421051025
10759,1.398878812789917
10760,1.9496773481369019
10761,1.3513778448104858
10762,1.3805874586105347
10763,1.9299516677856445
10764,1.5178097486495972
10765,1.472987174987793
10766,1.9751490354537964
10767,1.617311716079712
10768,1.5800206661224365
10769,1.780395746231079
10770,1.6796965599060059
10771,1.2266080379486084
10772,1.7683885097503662
10773,1.274018406867981
10774,1.7463034391403198
10775,1.5701005458831787
10776,1.304366946220398
10777,1.123140573501587
10778,1.3776531219482422
10779,1.7974740266799927
10780,1.2079123258590698
10781,1.2980151176452637
10782,1.5757147073745728
10783,1.7925955057144165
10784,1.4246612787246704
10785,1.3973212242126465
10786,1.2279129028320312
10787,1.1763538122177124
10788,1.8251279592514038
10789,1.2720268964767456
10790,1.5416598320007324
10791,1.2148693799972534
10792,1.7885282039642334
10793,1.8995505571365356
10794,1.4128605127334595
10795,1.410058856010437
10796,1.2640079259872437
10797,1.9402403831481934
10798,1.775434970855713
10799,1.221084713935852
10800,1.4403589963912964
10801,1.3749032020568848
10802,1.1991825103759766
10803,1.3477394580841064
10804,1.2042500972747803
10805,1.543354868888855
10806,1.4101073741912842
10807,1.3062870502471924
10808,1.983209490776062
10809,1.8250190019607544
10810,1.2811568975448608
10811,1.814689040184021
10812,1.758980631828308
10813,1.949054479598999
10814,1.6200158596038818
10815,1.840773582458496
10816,1.4760149717330933
10817,1.2629413604736328
10818,1.3516582250595093
10819,1.3376508951187134
10820,1.5017141103744507
10821,1.7581671476364136
10822,1.9848394393920898
10823,1.486104965209961
10824,1.4289767742156982
10825,1.4351978302001953
10826,1.3335168361663818
10827,1.4029715061187744
10828,1.3673360347747803
10829,1.9741355180740356
10830,1.2791959047317505
10831,1.3062427043914795
10832,1.8364208936691284
10833,1.4084993600845337
10834,1.344867467880249
10835,1.2828179597854614
10836,1.4078153371810913
10837,1.3573918342590332
10838,1.2859762907028198
10839,1.3048816919326782
10840,1.830974817276001
10841,1.2670764923095703
10842,1.7316675186157227
10843,1.7202427387237549
10844,1.98983895778656
10845,1.2728183269500732
10846,1.9951295852661133
10847,1.3736484050750732
10848,1.3649460077285767
10849,1.3818367719650269
10850,1.244513750076294
10851,1.3890917301177979
10852,1.5359050035476685
10853,1.423113465309143
10854,1.3292957544326782
10855,1.5294045209884644
10856,1.4396114349365234
10857,1.986819863319397
10858,1.8340671062469482
10859,1.1618462800979614
10860,1.951873540878296
10861,1.4455703496932983
10862,1.3447760343551636
10863,1.6698400974273682
10864,1.8196316957473755
10865,1.8093717098236084
10866,1.5855695009231567
10867,1.225817322731018
10868,1.8473204374313354
10869,1.608403205871582
10870,1.8577227592468262
10871,1.4584619998931885
10872,1.8282755613327026
10873,1.404351830482483
10874,1.8003371953964233
10875,1.9917547702789307
10876,1.3670356273651123
10877,1.4961901903152466
10878,1.3909885883331299
10879,1.4811975955963135
10880,1.2816449403762817
10881,1.3276680707931519
10882,1.675072193145752
10883,1.421350359916687
10884,1.25527822971344
10885,1.3528969287872314
10886,1.4399604797363281
10887,1.3381510972976685
10888,1.8234570026397705
10889,1.9760571718215942
10890,1.4418364763259888
10891,1.3310154676437378
10892,1.7578134536743164
10893,1.7208935022354126
10894,1.6121296882629395
10895,1.36444091796875
10896,1.4102789163589478
10897,1.288915991783142
10898,1.297454833984375
10899,1.8726507425308228
10900,1.787137746810913
10901,1.3179532289505005
10902,1.8570629358291626
10903,1.721205234527588
10904,1.9875134229660034
10905,1.8290941715240479
10906,1.6089179515838623
10907,1.9039013385772705
10908,1.5560860633850098
10909,1.2918100357055664
10910,1.7132846117019653
10911,1.9847813844680786
10912,1.4690414667129517
10913,1.4717731475830078
10914,1.406834602355957
10915,1.173162579536438
10916,1.4232659339904785
10917,1.3167322874069214
10918,1.6864546537399292
10919,1.645092248916626
10920,1.7435050010681152
10921,1.7893985509872437
10922,1.297433853149414
10923,1.352754831314087
10924,1.6080185174942017
10925,1.341646432876587
10926,1.3693522214889526
10927,1.3099082708358765
10928,1.8400557041168213
10929,1.4608807563781738
10930,1.688460350036621
10931,1.3103655576705933
10932,1.611419439315796
10933,1.527787446975708
10934,1.3189641237258911
10935,1.4140251874923706
10936,1.2653026580810547
10937,1.2648983001708984
10938,1.217914342880249
10939,1.2454757690429688
10940,1.6281994581222534
10941,1.204627275466919
10942,1.7329158782958984
10943,1.8818131685256958
10944,1.364837646484375
10945,1.504801630973816
10946,1.9599212408065796
10947,1.630927562713623
10948,1.9091848134994507
10949,1.24016535282135
10950,1.879219889640808
10951,1.2991405725479126
10952,1.274789810180664
10953,1.6072088479995728
10954,1.9576677083969116
10955,1.8416117429733276
10956,1.4326719045639038
10957,1.3420065641403198
10958,1.2907299995422363
10959,1.1900004148483276
10960,1.494199275970459
10961,1.2472096681594849
10962,1.231484293937683
10963,1.265913724899292
10964,1.352839708328247
10965,1.8755899667739868
10966,1.4620821475982666
10967,1.393243432044983
10968,1.3993220329284668
10969,1.2177046537399292
10970,1.9944686889648438
10971,1.413102388381958
10972,1.941162109375
10973,1.1502676010131836
10974,1.8124312162399292
10975,1.8111906051635742
10976,1.8166699409484863
10977,1.7656821012496948
10978,1.2317448854446411
10979,1.8642683029174805
10980,1.4722169637680054
10981,1.3423515558242798
10982,1.4194586277008057
10983,1.3611266613006592
10984,1.4983597993850708
10985,1.9917747974395752
10986,1.4572681188583374
10987,1.759881854057312
10988,1.3251628875732422
10989,1.1841264963150024
10990,1.9871344566345215
10991,1.3528927564620972
10992,1.2847568988800049
10993,1.4447559118270874
10994,1.2864022254943848
10995,1.334023118019104
10996,1.3789393901824951
10997,1.801951289176941
10998,1.279868245124817
10999,1.2077312469482422
11000,1.5617376565933228
11001,1.6557471752166748
11002,1.3485671281814575
11003,1.9909462928771973
11004,1.5040603876113892
11005,1.6518555879592896
11006,1.3284192085266113
11007,1.365302324295044
11008,1.2313536405563354
11009,1.3349248170852661
11010,1.9569052457809448
11011,1.9903700351715088
11012,1.4640034437179565
11013,1.7848708629608154
11014,1.324560523033142
11015,1.9784762859344482
11016,1.8405122756958008
11017,1.316249966621399
11018,1.5987603664398193
11019,1.6075804233551025
11020,1.3196531534194946
11021,1.3037115335464478
11022,1.436873435974121
11023,1.6333125829696655
11024,1.6710820198059082
11025,1.3278294801712036
11026,1.8728796243667603
11027,1.5053465366363525
11028,1.2087855339050293
11029,1.2854971885681152
11030,1.5532512664794922
11031,1.2249252796173096
11032,1.7944424152374268
11033,1.3302439451217651
11034,1.7712011337280273
11035,1.369628667831421
11036,1.7685513496398926
11037,1.1966071128845215
11038,1.2995619773864746
11039,1.4128276109695435
11040,1.3613566160202026
11041,1.968491792678833
11042,1.6935548782348633
11043,1.2685467004776
11044,1.9263911247253418
11045,1.4033989906311035
11046,1.251296877861023
11047,1.439599633216858
11048,1.5360291004180908
11049,1.7736960649490356
11050,1.4668573141098022
11051,1.2806082963943481
11052,1.612349510192871
11053,1.3737173080444336
11054,1.889277696609497
11055,1.3928065299987793
11056,1.608464002609253
11057,1.3644055128097534
11058,1.6133346557617188
11059,1.2736555337905884
11060,1.4818613529205322
11061,1.3675686120986938
11062,1.612890601158142
11063,1.2241952419281006
11064,1.32511305809021
11065,1.3443713188171387
11066,1.2374783754348755
11067,1.3604710102081299
11068,1.3967992067337036
11069,1.4204894304275513
11070,1.9624265432357788
11071,1.316789150238037
11072,1.6157816648483276
11073,1.8297083377838135
11074,1.3449257612228394
11075,1.6635582447052002
11076,1.149118423461914
11077,1.2507688999176025
11078,1.3111530542373657
11079,1.3420653343200684
11080,1.9908853769302368
11081,1.7538303136825562
11082,1.451963186264038
11083,1.339401125907898
11084,1.3492753505706787
11085,1.9954663515090942
11086,1.370283842086792
11087,1.2603585720062256
11088,1.5180941820144653
11089,1.4365506172180176
11090,1.2896748781204224
11091,1.395218014717102
11092,1.3822225332260132
11093,1.9930341243743896
11094,1.5574935674667358
11095,1.7299551963806152
11096,1.4130198955535889
11097,1.9772961139678955
11098,1.9907526969909668
11099,1.2122801542282104
11100,1.2054197788238525
11101,1.400346040725708
11102,1.7491867542266846
11103,1.3324581384658813
11104,1.9573379755020142
11105,1.3444416522979736
11106,1.6326887607574463
11107,1.3446952104568481
11108,1.3171124458312988
11109,1.410117745399475
11110,1.3218711614608765
11111,1.4074660539627075
11112,1.9454299211502075
11113,1.9786975383758545
11114,1.6751947402954102
11115,1.6235531568527222
11116,1.5744906663894653
11117,1.9705922603607178
11118,1.551670789718628
11119,1.5502179861068726
11120,1.4894524812698364
11121,1.6977543830871582
11122,1.2261399030685425
11123,1.6053357124328613
11124,1.372989535331726
11125,1.2611570358276367
11126,1.5840158462524414
11127,1.2527961730957031
11128,1.2928649187088013
11129,1.5301021337509155
11130,1.2500391006469727
11131,1.3872973918914795
11132,1.9962350130081177
11133,1.3562589883804321
11134,1.8549026250839233
11135,1.3362553119659424
11136,1.3950687646865845
11137,1.3376938104629517
11138,1.24430513381958
11139,1.3509511947631836
11140,1.1761187314987183
11141,1.2028416395187378
11142,1.5579637289047241
11143,1.9790327548980713
11144,1.4039736986160278
11145,1.5684865713119507
11146,1.3613892793655396
11147,1.5151445865631104
11148,1.497628092765808
11149,1.7543644905090332
11150,1.3236218690872192
11151,1.9043339490890503
11152,1.1218582391738892
11153,1.2565851211547852
11154,1.8996754884719849
11155,1.2147771120071411
11156,1.4198331832885742
11157,1.5208048820495605
11158,1.356471061706543
11159,1.857239842414856
11160,1.4449505805969238
11161,1.3454830646514893
11162,1.8490233421325684
11163,1.4408055543899536
11164,1.6230672597885132
11165,1.4105905294418335
11166,1.3898080587387085
11167,1.697597861289978
11168,1.184679388999939
11169,1.7391562461853027
11170,1.33501398563385
11171,1.7650470733642578
11172,1.2967242002487183
11173,1.2503862380981445
11174,1.2207392454147339
11175,1.5972404479980469
11176,1.2532892227172852
11177,1.6759228706359863
11178,1.1953812837600708
11179,1.652126669883728
11180,1.9477964639663696
11181,1.5325422286987305
11182,1.2278928756713867
11183,1.336739182472229
11184,1.6073040962219238
11185,1.1748861074447632
11186,1.8092727661132812
11187,1.352782130241394
11188,1.4161916971206665
11189,1.5796241760253906
11190,1.6663768291473389
11191,1.8387291431427002
11192,1.3986438512802124
11193,1.2949634790420532
11194,1.3174288272857666
11195,1.6752671003341675
11196,1.9897141456604004
11197,1.3388092517852783
11198,1.3794474601745605
11199,1.278131127357483
11200,1.8146429061889648
11201,1.3629662990570068
11202,1.5656226873397827
11203,1.1159597635269165
11204,1.7815155982971191
11205,1.2420413494110107
11206,1.9956514835357666
11207,1.4181993007659912
11208,1.2951226234436035
11209,1.4664884805679321
11210,1.3374158143997192
11211,1.4422436952590942
11212,1.3718143701553345
11213,1.3442537784576416
11214,1.4769537448883057
11215,1.2574063539505005
11216,1.9883137941360474
11217,1.3328624963760376
11218,1.3635591268539429
11219,1.296649694442749
11220,1.3820748329162598
11221,1.4310935735702515
11222,1.3305445909500122
11223,1.2933783531188965
11224,1.4068090915679932
11225,1.2455182075500488
11226,1.967294692993164
11227,1.310863733291626
11228,1.4631614685058594
11229,1.3775050640106201
11230,1.9930448532104492
11231,1.380051851272583
11232,1.3672871589660645
11233,1.8197259902954102
11234,1.1400866508483887
11235,1.2621290683746338
11236,1.9735459089279175
11237,1.9864376783370972
11238,1.26072096824646
11239,1.3029780387878418
11240,1.2796976566314697
11241,1.7818962335586548
11242,1.989722490310669
11243,1.3635107278823853
11244,1.872083306312561
11245,1.6491062641143799
11246,1.334733247756958
11247,1.21941339969635
11248,1.3380379676818848
11249,1.666979193687439
11250,1.4785726070404053
11251,1.3392478227615356
11252,1.2372990846633911
11253,1.2823052406311035
11254,1.7624869346618652
11255,1.3880478143692017
11256,1.3837597370147705
11257,1.957023024559021
11258,1.327444314956665
11259,1.2348721027374268
11260,1.3881127834320068
11261,1.6946806907653809
11262,1.2890992164611816
11263,1.2226908206939697
11264,1.978719711303711
11265,1.189385175704956
11266,1.2897412776947021
11267,1.3290377855300903
11268,1.5310916900634766
11269,1.5915042161941528
11270,1.9868735074996948
11271,1.6188714504241943
11272,1.978440523147583
11273,1.7818963527679443
11274,1.389082431793213
11275,1.9756075143814087
11276,1.3055747747421265
11277,1.9540520906448364
11278,1.1736700534820557
11279,1.3057106733322144
11280,1.3223141431808472
11281,1.1796174049377441
11282,1.7249584197998047
11283,1.66213858127594
11284,1.283682942390442
11285,1.270479679107666
11286,1.5467612743377686
11287,1.384199857711792
11288,1.5224746465682983
11289,1.225940465927124
11290,1.6118367910385132
11291,1.3657853603363037
11292,1.6276482343673706
11293,1.3528233766555786
11294,1.4406626224517822
11295,1.2097727060317993
11296,1.3296440839767456
11297,1.3835433721542358
11298,1.631351113319397
11299,1.6260039806365967
11300,1.3696848154067993
11301,1.9159506559371948
11302,1.8200421333312988
11303,1.5349608659744263
11304,1.7745164632797241
11305,1.8339207172393799
11306,1.3279848098754883
11307,1.413016438484192
11308,1.5988867282867432
11309,1.2175229787826538
11310,1.2927393913269043
11311,1.4203681945800781
11312,1.3993180990219116
11313,1.697927713394165
11314,1.3647652864456177
11315,1.424687385559082
11316,1.945975661277771
11317,1.5145405530929565
11318,1.6409446001052856
11319,1.439351201057434
11320,1.2099286317825317
11321,1.99251127243042
11322,1.1598660945892334
11323,1.7358578443527222
11324,1.9948071241378784
11325,1.2716100215911865
11326,1.3783575296401978
11327,1.992113709449768
11328,1.2938451766967773
11329,1.3611332178115845
11330,1.496089220046997
11331,1.2681818008422852
11332,1.9926899671554565
11333,1.254082441329956
11334,1.2533152103424072
11335,1.5229514837265015
11336,1.5829393863677979
11337,1.3703441619873047
11338,1.4884848594665527
11339,1.858277440071106
11340,1.6941022872924805
11341,1.3121060132980347
11342,1.651198148727417
11343,1.7563832998275757
11344,1.22880220413208
11345,1.2894787788391113
11346,1.4526877403259277
11347,1.9772340059280396
11348,1.8600780963897705
11349,1.3289425373077393
11350,1.3641273975372314
11351,1.8109134435653687
11352,1.8932037353515625
11353,1.2558375597000122
11354,1.3354986906051636
11355,1.6826049089431763
11356,1.3855372667312622
11357,1.9799518585205078
11358,1.3374890089035034
11359,1.3366402387619019
11360,1.3202624320983887
11361,1.8069349527359009
11362,1.4284965991973877
11363,1.608103632926941
11364,1.3476288318634033
11365,1.4038441181182861
11366,1.9008477926254272
11367,1.7401968240737915
11368,1.4886146783828735
11369,1.3066595792770386
11370,1.424628496170044
11371,1.980734944343567
11372,1.6537400484085083
11373,1.9638094902038574
11374,1.9125628471374512
11375,1.3942222595214844
11376,1.9882190227508545
11377,1.1964366436004639
11378,1.3670024871826172
11379,1.8096190690994263
11380,1.213255763053894
11381,1.270560383796692
11382,1.5936232805252075
