index,voted
0,0.7109283465262027
1,0.8871984784198673
2,0.406270829793782
3,0.20114734839672824
4,0.7516124479137402
5,0.526814471623168
6,0.9005668384365508
7,0.5591430584301182
8,0.2959986934078975
9,0.45341175996358074
10,0.3424011797974896
11,0.7000389728896191
12,0.4230570210919376
13,0.48184358493672713
14,0.3802847266983575
15,0.9773386892162601
16,0.8457272689945459
17,0.3273048154810259
18,0.4684460944782643
19,0.4245774089116316
20,0.5666148572223144
21,0.5035946248854598
22,0.2355155418549514
23,0.2944916470449781
24,0.7245038893390384
25,0.13061542553758906
26,0.9762507378549508
27,0.5701907339974382
28,0.42043329065392276
29,0.2694516686253637
30,0.5054700388311645
31,0.7512929325770905
32,0.2534522089526703
33,0.5726686849782164
34,0.5599283456703784
35,0.1721957857004313
36,0.2977476956821376
37,0.46923503138245976
38,0.34627901851445125
39,0.3686415332889366
40,0.40602320128328534
41,0.9172511740662485
42,0.8382023702157765
43,0.6841124458367123
44,0.975345417227154
45,0.33928868619126956
46,0.7723613033880777
47,0.9744604836709639
48,0.36288811810968286
49,0.8975621709303222
50,0.2653348091537489
51,0.8983788503059175
52,0.4208394445332166
53,0.8361930624980175
54,0.9764413690574522
55,0.6212456016230984
56,0.5963978675353693
57,0.61176764501502
58,0.8406507969877914
59,0.35878431152041235
60,0.9173170795222805
61,0.5869093980770071
62,0.5244264990475308
63,0.5046959017345415
64,0.3340771035153008
65,0.7742986101791104
66,0.3977054038680592
67,0.3155351036073674
68,0.4298174769167817
69,0.5105057319715423
70,0.2696225130545319
71,0.47146825333165426
72,0.32430588216590706
73,0.7644791996447039
74,0.9099456892497423
75,0.6724401176359948
76,0.7232070678944748
77,0.27077780240968846
78,0.5999999504078551
79,0.39278361660698785
80,0.9738642276616156
81,0.3848219978502672
82,0.4045640960039811
83,0.4059650658916338
84,0.7923008626215653
85,0.40266609566016287
86,0.8014696418921449
87,0.33865255846420644
88,0.39063708122476976
89,0.6917629749489517
90,0.9780974828949159
91,0.35278593560283156
92,0.2939617756525607
93,0.2988749731503501
94,0.563146360387128
95,0.839956979300802
96,0.5718977660961955
97,0.892644974392558
98,0.5776441699059038
99,0.5795697902986361
100,0.2742760309967935
101,0.401707876915176
102,0.760524021488342
103,0.3843592761955255
104,0.2740761858352584
105,0.36833461099219345
106,0.3504908746283697
107,0.5733260887530554
108,0.796046932718216
109,0.280804620762057
110,0.6117249757614575
111,0.3175243017203435
112,0.846562685005829
113,0.8286438589317457
114,0.8698916829666654
115,0.9749615566474823
116,0.38323183996675486
117,0.28688438527479293
118,0.23356809598425596
119,0.31851040541683046
120,0.34300687757279774
121,0.8006773442589455
122,0.9779052286809119
123,0.2745910902243644
124,0.3381434584709709
125,0.5848618470179572
126,0.9749795957293884
127,0.7760721420508024
128,0.9761774282518351
129,0.5083361226968955
130,0.33227795491791406
131,0.37050631731939226
132,0.26722306863922923
133,0.804186896092706
134,0.9699017842460034
135,0.93203573052527
136,0.27422414123516137
137,0.7815477109243036
138,0.2900360384448655
139,0.9767891149536806
140,0.4832135787947833
141,0.8706744373831475
142,0.2818025535884812
143,0.34568594059043667
144,0.45609435349525246
145,0.44614222195834435
146,0.8034025753417975
147,0.32502519586464124
148,0.5538990899139756
149,0.5471362490135624
150,0.42515172199962653
151,0.40455325337185877
152,0.7055313207970393
153,0.46446479688233405
154,0.7055909724672479
155,0.4602526299042897
156,0.8855005791392484
157,0.49128874430233016
158,0.9792005478465716
159,0.4542495221553022
160,0.8388139113631142
161,0.37587100823218994
162,0.31056291210041026
163,0.5199114924032815
164,0.6596682993490804
165,0.5640845444824814
166,0.48908318801776907
167,0.8908744475219055
168,0.41147625214820077
169,0.9751009814196453
170,0.9832832610162908
171,0.38514175005017687
172,0.44752305986634006
173,0.7676356198138213
174,0.7612995394398344
175,0.7799172888961796
176,0.8130124158945712
177,0.42656670597825236
178,0.18426378201339655
179,0.9777279511383264
180,0.9712447856648826
181,0.4857388379357377
182,0.950647882348305
183,0.41219433755652196
184,0.29064622873272844
185,0.35561046248250966
186,0.5210472219037446
187,0.7742437980388229
188,0.7812205020511259
189,0.6018318781574098
190,0.6166433574952217
191,0.6614052297729881
192,0.7523482374412572
193,0.28814811301900073
194,0.4594295113797265
195,0.31541847657680133
196,0.40144203204244894
197,0.23626041163032352
198,0.3119560728177995
199,0.4657470333971201
200,0.28937955845755586
201,0.550887509918368
202,0.31487836115708645
203,0.3153537896106223
204,0.9754507320878653
205,0.22541859124599675
206,0.3538424073542443
207,0.2832700961912486
208,0.27406734831062135
209,0.7843882622280992
210,0.9774976577874989
211,0.4585146749763829
212,0.29958400520352746
213,0.9725706312892521
214,0.33438645483121715
215,0.4930499470335159
216,0.7542282782751196
217,0.39110589926642164
218,0.2704462610979719
219,0.2459781568920103
220,0.4512641127215932
221,0.3852811801505653
222,0.8140079112507288
223,0.2685309545380874
224,0.4978615885543478
225,0.31971551602043813
226,0.40079865018213745
227,0.9793221219175828
228,0.48926316154942057
229,0.39919080929313666
230,0.3951216138877973
231,0.3614243485235642
232,0.3424269218404659
233,0.7737962076877279
234,0.9763947247337222
235,0.7425758208494839
236,0.9685895176821235
237,0.8117209163485248
238,0.8144778787207642
239,0.4404790867137649
240,0.6984143109262225
241,0.46174710920552103
242,0.30706881986174944
243,0.721979656447915
244,0.4321951663557946
245,0.3340386075963809
246,0.3352902030386464
247,0.6355084219054302
248,0.3421645369227814
249,0.8013120745041089
250,0.8215860915982756
251,0.3909492254086269
252,0.4514881224261784
253,0.618643833621323
254,0.26618790201588255
255,0.3489461141187093
256,0.23117775104626648
257,0.38720261964246633
258,0.8345754519359389
259,0.41885879314248703
260,0.9781301286772409
261,0.45707589545523336
262,0.3913290565092244
263,0.6905594813778544
264,0.4102443670365661
265,0.34865547513846046
266,0.8268492125735777
267,0.8722490880666068
268,0.5266478618900937
269,0.8352046375138236
270,0.28259798628450467
271,0.44728098650066467
272,0.5486550128736244
273,0.291752222300905
274,0.37617724123955504
275,0.5916949865285503
276,0.979561839461257
277,0.9752619570184597
278,0.4421838913890823
279,0.2968868589565023
280,0.40339886368361494
281,0.8109884980554146
282,0.7313500731528961
283,0.46088739442911103
284,0.34253129469495164
285,0.46246227036565096
286,0.30449015166676013
287,0.3807221174042658
288,0.3223150047639976
289,0.8026794976189301
290,0.2328536394145512
291,0.7457493349196822
292,0.2989793393217143
293,0.5944960374874794
294,0.5533674172332197
295,0.46420329974213254
296,0.3343102746567103
297,0.17542173438191855
298,0.3853461397092885
299,0.8033771603063702
300,0.8394810264038175
301,0.7533962598216576
302,0.782370684490347
303,0.4017524933022813
304,0.9670416883290275
305,0.8422790908485546
306,0.48543724539405897
307,0.46116808282143545
308,0.5073688556323762
309,0.7686853236997164
310,0.4251046813020692
311,0.7732075543719877
312,0.6591516528792609
313,0.8319202476543065
314,0.3734371299245904
315,0.9780009292128483
316,0.4475033550769192
317,0.4549878539675996
318,0.39300130630788005
319,0.35506058891567643
320,0.47620091301348344
321,0.4607804783369926
322,0.6853160333788072
323,0.40363764605897573
324,0.522543263524193
325,0.3683768834856938
326,0.361713683891106
327,0.4339030588197879
328,0.2476496534991699
329,0.9065524805532826
330,0.9795836649092736
331,0.3245171446119837
332,0.3975738441726298
333,0.6563326351664212
334,0.9822096581069483
335,0.7580668950009359
336,0.43100608039207183
337,0.6587229504118365
338,0.5107723711397355
339,0.9062767032676157
340,0.905101606652574
341,0.29031032794383904
342,0.7583631906347037
343,0.23421627649936175
344,0.5919710056328639
345,0.2898305963440128
346,0.36935141545151495
347,0.818352621063602
348,0.2592465807285224
349,0.325342462154303
350,0.9737396493373228
351,0.97979925814073
352,0.23828134883042984
353,0.41587452160344984
354,0.8492999476929003
355,0.280272481618514
356,0.7431424850385149
357,0.4516748309555248
358,0.9807228554815187
359,0.34694459956696383
360,0.8209944995200132
361,0.8064112355531696
362,0.748068729298527
363,0.7601940631112779
364,0.5410022982096284
365,0.7945689589223587
366,0.6085398949281792
367,0.6552517148657696
368,0.22565871701611948
369,0.3235331317823591
370,0.35957080339474373
371,0.6649188075423901
372,0.276307136743529
373,0.728422683096349
374,0.363340605913119
375,0.8941243538285999
376,0.3796798776149079
377,0.38629156400370784
378,0.5543971916990652
379,0.30229166568938853
380,0.6644736306885779
381,0.7384735848247818
382,0.5972845050633669
383,0.5567388118205869
384,0.4139032111390179
385,0.2914117417394338
386,0.35734962269664017
387,0.2907885879802493
388,0.7663673870677551
389,0.3978105924679745
390,0.6249289364775753
391,0.712919537286829
392,0.3745840689053101
393,0.5271818610508113
394,0.27433093692199856
395,0.6511594910982774
396,0.3102172806711189
397,0.5054656759712416
398,0.7896960865579506
399,0.2795303866425783
400,0.3958806730528302
401,0.8714278598122872
402,0.5479555148281334
403,0.981178343249657
404,0.4031315175725712
405,0.3960099667644685
406,0.27545360016744863
407,0.38447195067928047
408,0.38738503424711174
409,0.5339527297968946
410,0.37688886625572976
411,0.5054287688990624
412,0.5165271711275272
413,0.5718300707693472
414,0.34654300710443575
415,0.4877400776211444
416,0.48903808578699515
417,0.9096215676125801
418,0.974681585910295
419,0.5265531835706768
420,0.6812479062762646
421,0.36102973857264953
422,0.4137015696522946
423,0.46880765755161935
424,0.2589960868201668
425,0.26547449875157997
426,0.29091400880185536
427,0.42458010533366725
428,0.35812316116455234
429,0.27076775195502173
430,0.3106489944177593
431,0.2599602347891404
432,0.3716102440269564
433,0.4034287855585326
434,0.5248036318362742
435,0.26602240199796473
436,0.6292404545162548
437,0.5526462323008184
438,0.4052771467804454
439,0.9779499768554585
440,0.5135126914458655
441,0.4127481607729757
442,0.47274320318567664
443,0.4834011382722562
444,0.38304293403158013
445,0.3540069880801128
446,0.3099707102948334
447,0.42036099629311896
448,0.29264150391032556
449,0.7136868499565757
450,0.43779363001818505
451,0.47966431399092474
452,0.44806464759261844
453,0.49720305106397306
454,0.43511295971990527
455,0.38742449204395485
456,0.5699552366280765
457,0.7675090262004985
458,0.6368987120548312
459,0.9781469351293608
460,0.3253947967394654
461,0.24752822396818844
462,0.9766107328941498
463,0.6636877834520728
464,0.26901817587734095
465,0.327798208885875
466,0.329913387602018
467,0.8810461356400268
468,0.5439817624215991
469,0.6499208760838334
470,0.8663260124431673
471,0.7649253734079697
472,0.6178255277167173
473,0.3323510743649369
474,0.498129575611318
475,0.6667402367668478
476,0.526790972148645
477,0.8604105318985322
478,0.8511643386071935
479,0.9787922720948693
480,0.31274631979690143
481,0.697296731042116
482,0.39514361634149875
483,0.5074623482325133
484,0.9770765551756798
485,0.9780172229209505
486,0.3867554443922557
487,0.2758097749030512
488,0.3669507775078362
489,0.3533384463443408
490,0.6171164152534895
491,0.30090548940289774
492,0.41803874689525666
493,0.5363429298352771
494,0.8535645272352804
495,0.5121789891677924
496,0.44661172787877773
497,0.7905447781222463
498,0.33237118045288694
499,0.46585169058562986
500,0.5054045463511015
501,0.8617056660925506
502,0.5112103027383742
503,0.3932694103198065
504,0.27617315300445777
505,0.5076586720395815
506,0.42771431531337195
507,0.4271964921435057
508,0.38902457694626297
509,0.6607400803955383
510,0.44529704201517206
511,0.7095092439330498
512,0.5304903432368289
513,0.4713346868445864
514,0.8597725564055948
515,0.4408132074123933
516,0.4181699044221337
517,0.37341127077809316
518,0.2899603355512954
519,0.7976388302169307
520,0.44837767158995767
521,0.5312591871207445
522,0.9028083050892747
523,0.365893126965376
524,0.18829566787793564
525,0.8945919143899285
526,0.9691358103165779
527,0.8166461273397304
528,0.9764177906606871
529,0.8516360773506862
530,0.9755077369137558
531,0.4412091830898064
532,0.38172836325207005
533,0.460366062693212
534,0.33331526115573135
535,0.28252699273856346
536,0.5317698400202013
537,0.48534291932185153
538,0.4808130774435097
539,0.3024988236577609
540,0.4844508483776422
541,0.45272742463398646
542,0.9746220520287641
543,0.31213693907855117
544,0.4352937155363485
545,0.5389661640635076
546,0.9759790579338626
547,0.24695684555697128
548,0.888055396506399
549,0.6510122016401493
550,0.330724736327384
551,0.40399829035944396
552,0.24486467259711264
553,0.7417524974117824
554,0.2494851657587803
555,0.35275083358373555
556,0.3468511922037432
557,0.871746546745988
558,0.501873997177
559,0.7399651990984685
560,0.6437456634677209
561,0.49803280235235753
562,0.45482185514169576
563,0.9717471051398063
564,0.5255588269744633
565,0.9022124424885808
566,0.40920443952799523
567,0.49360008716127335
568,0.9795351939013747
569,0.3859488071021639
570,0.43725973454634764
571,0.8846833452587332
572,0.42382843192789554
573,0.8009704701445873
574,0.39326253238027903
575,0.8886536330984022
576,0.4203434186731924
577,0.5013785762041633
578,0.7306616558577774
579,0.8756113616546252
580,0.35211773427841137
581,0.8382937072381801
582,0.7650337159604271
583,0.33834180399645275
584,0.7560599665254736
585,0.7629718720198108
586,0.29537891831853486
587,0.5140819054198716
588,0.6218122789356906
589,0.3136595300090864
590,0.7741635792817027
591,0.2312003079550472
592,0.4498290585731824
593,0.22267973809214725
594,0.3662996145992116
595,0.48239183674469777
596,0.3964196036072661
597,0.45342395518678286
598,0.6778863581897011
599,0.6001258472946561
600,0.5703241209210054
601,0.3605671907686561
602,0.8831452751265253
603,0.7644230597765608
604,0.40543375439214596
605,0.4438614952910767
606,0.3216634648254484
607,0.30952750766223275
608,0.8199354215845825
609,0.6350344557396435
610,0.40731249859567936
611,0.510896088701429
612,0.4732459923355088
613,0.3763561288994659
614,0.2299357964574634
615,0.31085096595145384
616,0.43042210785360346
617,0.30966634327603343
618,0.448413434065166
619,0.7561775058114302
620,0.21515846137278494
621,0.5423279888024015
622,0.4877285943624006
623,0.36893111261384953
624,0.48889284049912946
625,0.3748296488458586
626,0.5708318305067426
627,0.7786931228993259
628,0.9818445333048098
629,0.9652878106658923
630,0.8479594702268737
631,0.3915250162425903
632,0.8248489714486392
633,0.35348228201116805
634,0.5431738788715644
635,0.8865553770059257
636,0.29775850617632676
637,0.55215358094487
638,0.30138224408736053
639,0.7151300412216984
640,0.792198748238353
641,0.5390781066112855
642,0.3714394735324042
643,0.5230555220289341
644,0.3955822783687233
645,0.500578965217014
646,0.8609037481865474
647,0.7170506254398282
648,0.3421375272900667
649,0.438118896927622
650,0.9769251089675094
651,0.4638985167854306
652,0.8532601697830954
653,0.3358606462501961
654,0.3500603844538741
655,0.47901472732488015
656,0.4130932644844199
657,0.3916407701818885
658,0.9535308764714768
659,0.7656354434123808
660,0.4638187799649726
661,0.8087333209997777
662,0.4297480080823924
663,0.7906603016145088
664,0.8020080174402328
665,0.364837574233285
666,0.605858805429929
667,0.37209816825846304
668,0.8164290545706553
669,0.4838494571207637
670,0.30272673763447505
671,0.48996790410564883
672,0.9625551643255147
673,0.9792812416312277
674,0.34094999641975754
675,0.283795254199039
676,0.9760473156367594
677,0.37817313761878485
678,0.8085999020817818
679,0.37638406451180667
680,0.39363402329936364
681,0.9638086857047593
682,0.9666098907608154
683,0.6549211249614347
684,0.4056378660902608
685,0.7511600071000294
686,0.3421155085404148
687,0.6106031508054146
688,0.5095694215431054
689,0.4610333602164203
690,0.2700881095407133
691,0.6033182984556494
692,0.9780811568667107
693,0.6115018568729922
694,0.35229847777622303
695,0.47873987596903206
696,0.978282973032564
697,0.39327222876838935
698,0.5468196943449318
699,0.29060140132966117
700,0.3882876369189301
701,0.5042301619709048
702,0.3585304087466796
703,0.3963979176233379
704,0.9780374803080919
705,0.9775661355416349
706,0.7091686673072335
707,0.9628646130500546
708,0.6650048230572017
709,0.5656195894945292
710,0.8794505149110693
711,0.4526299399551035
712,0.3762207186503539
713,0.39406553523493715
714,0.9784074780344251
715,0.8838707096588406
716,0.45094169548060337
717,0.7440969910238696
718,0.44609621227953494
719,0.29653523990318215
720,0.7497404304612071
721,0.9619240770705271
722,0.35078480298272724
723,0.976258998784695
724,0.33577306805965645
725,0.3129049598401397
726,0.734097416491695
727,0.9772764092811562
728,0.2346967276434074
729,0.4730334365046102
730,0.8189774908589477
731,0.7648035542073416
732,0.9718997911604665
733,0.5592665016546782
734,0.37318427247673536
735,0.903005999712008
736,0.9782698619827519
737,0.8190469309222964
738,0.7988033627531231
739,0.5329128743772878
740,0.47685032829671076
741,0.8992269772816192
742,0.9780936504599992
743,0.7329202180899118
744,0.885739263263329
745,0.4577926526588496
746,0.41395207754775426
747,0.3074664760052675
748,0.34044754281461637
749,0.48679570526367044
750,0.5074778603708695
751,0.774784297686014
752,0.3645212229100227
753,0.7701307177552733
754,0.3044408110604629
755,0.7590370442518767
756,0.8635043136144827
757,0.4360617127143234
758,0.8053045478900628
759,0.41749279423155355
760,0.4441000031447544
761,0.8302412544877571
762,0.40969917088509417
763,0.3741131776361239
764,0.7084035476556628
765,0.2209497155068653
766,0.9792770096022562
767,0.4260262997160435
768,0.8823201573936822
769,0.9052039499773739
770,0.4016193389262983
771,0.7011272454706851
772,0.972161386569383
773,0.7705347174052436
774,0.3754672776866547
775,0.40034083822049177
776,0.411466905658005
777,0.2868655100435854
778,0.3789691607611005
779,0.6872145167153461
780,0.8674554598099133
781,0.7573639335321959
782,0.45159994774300055
783,0.6039879185439826
784,0.8754358143740326
785,0.4144586108437418
786,0.3375417346345084
787,0.2339705798985293
788,0.30521578313016057
789,0.2793437249838703
790,0.32169720619119463
791,0.3225730326236431
792,0.5233769563037635
793,0.4560112718546074
794,0.7548401433473945
795,0.4857421508250826
796,0.36861162366623784
797,0.6247836851332889
798,0.35426848554558643
799,0.34200011003755854
800,0.9468847837474437
801,0.7029709936746543
802,0.7757493671014468
803,0.8346970426732024
804,0.47615863395781916
805,0.37119022829200277
806,0.35434198925027866
807,0.3122992472478638
808,0.3601372026269241
809,0.4920395521688972
810,0.7096338969716913
811,0.33226604639111196
812,0.3927922037693518
813,0.5712152421743979
814,0.9792315271143215
815,0.3182117853077395
816,0.4754445667126061
817,0.7541793047806881
818,0.4677943759407112
819,0.8517952282336729
820,0.3985251961161782
821,0.9802602929992542
822,0.46665011116479654
823,0.2879868331818832
824,0.9747102212751985
825,0.4608479265247725
826,0.4392100565382364
827,0.7079954781151686
828,0.6930090496188573
829,0.5554959188252883
830,0.2995041453711316
831,0.4753394211909326
832,0.792227353600206
833,0.19423629925162808
834,0.4259978081694214
835,0.915615742797859
836,0.3190458878536469
837,0.251662775224734
838,0.2300510990103525
839,0.4199111806475487
840,0.3994381435705467
841,0.25939074367422416
842,0.9055634106747878
843,0.7163848801971375
844,0.35579759490984814
845,0.35064077070381977
846,0.52112100883554
847,0.282625634929583
848,0.8218427343732104
849,0.23941662972694897
850,0.5856394804648701
851,0.542604220201457
852,0.7263511558484335
853,0.5671394333657068
854,0.2822977471408479
855,0.9713030149460288
856,0.6341313779222696
857,0.4347841921962483
858,0.4576681245013552
859,0.3564954514976561
860,0.8431267756957483
861,0.4904693444097606
862,0.40798438749410715
863,0.32692059227997916
864,0.47936682108067524
865,0.829017481539117
866,0.4070224431000611
867,0.32801346077201426
868,0.38204977507368304
869,0.23116817915890922
870,0.2664100549744985
871,0.43204276461047586
872,0.35545074256525466
873,0.732496079833406
874,0.37683119070587706
875,0.4809468423400207
876,0.36127158161193157
877,0.3903693503938738
878,0.27921020004740965
879,0.5077130114346734
880,0.7246876745259442
881,0.48962953632950584
882,0.7546121290945601
883,0.9812536187582728
884,0.4468497891280621
885,0.5417671842585633
886,0.46568391298241724
887,0.7033729003314626
888,0.5229161740097062
889,0.5870405096520569
890,0.7370734262445343
891,0.6275062203638478
892,0.3363166243820858
893,0.3733469561948047
894,0.4283506057612223
895,0.4005063146243589
896,0.5136309596524337
897,0.9805141716634553
898,0.9783827757809953
899,0.8480131803290148
900,0.8263767526875637
901,0.5747484114476675
902,0.38112115862164075
903,0.5956236023223562
904,0.42712871160005195
905,0.42548510982727267
906,0.4103080598453679
907,0.2993401331922185
908,0.33998152119006914
909,0.8182849316560731
910,0.4320521782175344
911,0.3945406404981004
912,0.4106543259198731
913,0.35051197065570044
914,0.4321817289131538
915,0.20262686834599344
916,0.8048125107990356
917,0.7644306480727568
918,0.36295092211661495
919,0.5038505088586671
920,0.2797680886280643
921,0.2730744391163427
922,0.3569122365679402
923,0.97189927215629
924,0.501387289014721
925,0.3408560799477162
926,0.7191731498354819
927,0.28971453986617285
928,0.9702103145121582
929,0.2508036249320192
930,0.4832114216343832
931,0.6225216361660088
932,0.7476606099348829
933,0.9765762867354809
934,0.35614748034422977
935,0.4952918864039834
936,0.30802017517275315
937,0.8606230999549614
938,0.9028355666015067
939,0.34240548193955095
940,0.6016285673536884
941,0.2724750594045236
942,0.3964953649301686
943,0.24895994949626332
944,0.3772148760934617
945,0.9777794841654184
946,0.4295857624919642
947,0.7665626927508629
948,0.4154764281515843
949,0.39937965367382966
950,0.5101555563188097
951,0.3021786101850963
952,0.5238667107709377
953,0.5543943431127158
954,0.34796739161344
955,0.29422524401010314
956,0.36629018112870737
957,0.29249546894991457
958,0.8347597029170295
959,0.5400520569384978
960,0.503009322937314
961,0.3221886229833683
962,0.47209324987409734
963,0.2750979563707319
964,0.2829972138013689
965,0.9555573513500901
966,0.19218628159653217
967,0.5229029828872682
968,0.8187270605371975
969,0.4489441458916981
970,0.4898297354796797
971,0.33849542522379794
972,0.45852157710889535
973,0.5405213569092325
974,0.4926122150056133
975,0.5658256642637909
976,0.4914432833543718
977,0.976821115991425
978,0.4351025442467917
979,0.4279934562626145
980,0.9625349599062142
981,0.39048580667694116
982,0.9771151808324166
983,0.432068512181545
984,0.6131371158109672
985,0.9711900256165098
986,0.7584402957199755
987,0.67063292057635
988,0.5006215696551186
989,0.36341394073108213
990,0.4234711446337512
991,0.36183777067981665
992,0.8006439805005519
993,0.45401363177584825
994,0.5437496057199616
995,0.3753097281269467
996,0.6154460415448988
997,0.294365075570681
998,0.5693090753615137
999,0.21438046734883462
1000,0.34811072232060836
1001,0.4562625146058176
1002,0.4936591674040631
1003,0.2574298561223589
1004,0.8548702404236806
1005,0.5247094210783416
1006,0.2742902003040067
1007,0.5873507988611976
1008,0.5054652043474365
1009,0.4771836329580312
1010,0.4463016789453805
1011,0.45567089277556755
1012,0.42372884665089944
1013,0.45219929666856035
1014,0.8995537508278822
1015,0.585572360618583
1016,0.9802745593246254
1017,0.3379741501146151
1018,0.43942267896878473
1019,0.3012455274318609
1020,0.6531071181492859
1021,0.7894951088283929
1022,0.5679203507169138
1023,0.40917165542994643
1024,0.4224761341940739
1025,0.301435521611603
1026,0.3839194783995241
1027,0.33859281816654924
1028,0.3615790008109275
1029,0.31355537278743795
1030,0.805095150733446
1031,0.9742654271605806
1032,0.8663110890297313
1033,0.3760878719978183
1034,0.37212483326120144
1035,0.6972662918312046
1036,0.5624001698191742
1037,0.39519022280072486
1038,0.539652790342127
1039,0.9696058971627609
1040,0.5199744408412087
1041,0.3345707398744208
1042,0.33747622434822483
1043,0.3593747409029717
1044,0.9730920812315375
1045,0.3278120893202788
1046,0.2766571745795147
1047,0.7440577286780047
1048,0.377949370572239
1049,0.2966090260845451
1050,0.871440330618396
1051,0.7242254069042179
1052,0.435021019941565
1053,0.4056152907260104
1054,0.7227079247575228
1055,0.32002721728942635
1056,0.8597196798924741
1057,0.6075656178089289
1058,0.362717694014872
1059,0.2414633176441927
1060,0.3289171150943297
1061,0.5216838150696886
1062,0.27786019735458356
1063,0.5214882471161676
1064,0.5577400029982648
1065,0.47010823628957804
1066,0.8013156800797819
1067,0.30496304803555785
1068,0.34288173297813246
1069,0.4780757335184722
1070,0.39204657318186603
1071,0.8346890316079673
1072,0.38235456269640206
1073,0.3359707156119985
1074,0.8416769037547103
1075,0.33918212125990227
1076,0.3484737191667357
1077,0.9743510845685269
1078,0.35965102474965077
1079,0.7587070020082544
1080,0.9795084078765394
1081,0.24950394916917673
1082,0.353680086746669
1083,0.980773791840206
1084,0.2519914407501043
1085,0.40652868269376646
1086,0.39565186839973693
1087,0.6564512950249854
1088,0.6520398831323092
1089,0.8738705703055075
1090,0.4925838561404676
1091,0.3988273533240725
1092,0.5751651243064354
1093,0.31011992910145914
1094,0.2629598222264186
1095,0.2612062943154794
1096,0.8056095449162526
1097,0.9737319975033373
1098,0.9788065220021503
1099,0.6181832288784745
1100,0.4763384926235865
1101,0.4135878266881754
1102,0.4552870358381162
1103,0.9769090166393523
1104,0.4021217764877621
1105,0.5699390268972534
1106,0.2631425087241402
1107,0.5333837960492676
1108,0.6007099602427556
1109,0.5171808328369566
1110,0.4721395108321049
1111,0.48148247405059236
1112,0.1938358474098197
1113,0.45974627338395235
1114,0.9727129191112601
1115,0.7691232113112895
1116,0.8678914659976863
1117,0.4761055880342627
1118,0.6296346512134553
1119,0.3765873831884023
1120,0.3332647523626913
1121,0.603088894164172
1122,0.42102687160687546
1123,0.83837670833356
1124,0.8044535390784567
1125,0.6091288854241665
1126,0.6811199189012228
1127,0.9153786229254939
1128,0.33023195956315715
1129,0.4717650473665249
1130,0.4700740732429156
1131,0.6462134385401629
1132,0.40939658086162717
1133,0.5385632337548584
1134,0.4385316716810694
1135,0.8575130671871006
1136,0.29495800313304765
1137,0.23534209420411153
1138,0.6387879540901087
1139,0.44827588342552077
1140,0.8128903297390031
1141,0.8789487005148016
1142,0.4728729292333827
1143,0.46349680217324923
1144,0.29950817685225606
1145,0.3983336208728247
1146,0.5137459036604343
1147,0.5141968667396514
1148,0.46282120010854017
1149,0.8848526076443526
1150,0.4794223875753345
1151,0.771485628945347
1152,0.2667354484236421
1153,0.7996993224493286
1154,0.405910700305209
1155,0.2985805198474863
1156,0.2141415152337548
1157,0.3881092289373726
1158,0.30514696995273155
1159,0.3658468182252313
1160,0.9759155329035057
1161,0.22569193791751482
1162,0.5125780584738943
1163,0.27794711966680874
1164,0.40582156243023565
1165,0.22506125570683536
1166,0.24726086520889104
1167,0.2639709790634664
1168,0.4775503239137842
1169,0.964101261167753
1170,0.5044732857613948
1171,0.6311030357946503
1172,0.47663865850778947
1173,0.9755740433232333
1174,0.4012064657908138
1175,0.27498580801677064
1176,0.8000098163722074
1177,0.8390046271842445
1178,0.49494791754949335
1179,0.7840142884772844
1180,0.5278685076427284
1181,0.896745760461897
1182,0.2882278841186961
1183,0.3159322498158475
1184,0.43576723175631865
1185,0.37091381228981884
1186,0.2655717996513531
1187,0.9826048038263626
1188,0.8343787511829128
1189,0.6856661074692276
1190,0.42537081897413004
1191,0.3862554323864762
1192,0.8466653424683229
1193,0.46879186278796087
1194,0.4202100052779509
1195,0.7564464056871046
1196,0.5016794329941391
1197,0.40600829583491577
1198,0.6464338188262057
1199,0.4027765770620235
1200,0.4723082155611697
1201,0.9682314629971648
1202,0.5447101206672392
1203,0.5928357969409497
1204,0.3975750596402734
1205,0.36756889808164145
1206,0.8078916589885808
1207,0.8295759153218181
1208,0.31291803388211026
1209,0.9744888594140111
1210,0.4329682525403363
1211,0.44715469949226616
1212,0.824045867007872
1213,0.5847252121031651
1214,0.5607218866326618
1215,0.34254973879492207
1216,0.42333331620849535
1217,0.24733945035714178
1218,0.2659346274951501
1219,0.7809186777459721
1220,0.7654238337721617
1221,0.9821580267004032
1222,0.34953274324698197
1223,0.4451173045304519
1224,0.5894360847330975
1225,0.6741005112610124
1226,0.34198584107920976
1227,0.3623309745881989
1228,0.31551819512283713
1229,0.3288028166136552
1230,0.39746042642555723
1231,0.6362865624405438
1232,0.2793694024581224
1233,0.7712329911869302
1234,0.5216152298379227
1235,0.3734402036217581
1236,0.4170048423488197
1237,0.3347069424612162
1238,0.7762110417420313
1239,0.2688904665367525
1240,0.36413036442153834
1241,0.25499575779666966
1242,0.26924118803995495
1243,0.30193823626043714
1244,0.525848027490098
1245,0.6072369672905267
1246,0.9704273397618105
1247,0.3009971642465584
1248,0.4046397480068999
1249,0.7784646099473246
1250,0.488939652573602
1251,0.8842441851981317
1252,0.5166417887123423
1253,0.781825492369375
1254,0.4388185382500471
1255,0.8126787456445136
1256,0.7805230670875652
1257,0.9699271309727885
1258,0.3318288247033922
1259,0.2554385428309986
1260,0.8129984772939074
1261,0.9757028890794216
1262,0.6188268957074832
1263,0.3411558970072533
1264,0.7514118290950051
1265,0.25417183418932304
1266,0.8343718433853818
1267,0.4192786567937368
1268,0.9771171493947249
1269,0.35448428884571676
1270,0.31932939704374114
1271,0.5106444244004902
1272,0.3637919654739399
1273,0.9709989627127689
1274,0.9739339348766508
1275,0.810541378581971
1276,0.46665698539601924
1277,0.8981949715058382
1278,0.2864700863552536
1279,0.8519068981126315
1280,0.9772800812953553
1281,0.5552632684015112
1282,0.3396350432602919
1283,0.4150352975006087
1284,0.2522271815388272
1285,0.35374269167092254
1286,0.39395053966246313
1287,0.6716251945340282
1288,0.841114054247409
1289,0.4987678151420167
1290,0.8404635107442148
1291,0.4428873692393413
1292,0.45148787666234913
1293,0.3147333291544651
1294,0.4032980852774506
1295,0.8813426179900428
1296,0.35447746234153876
1297,0.39149386299876304
1298,0.3023280056053595
1299,0.5457475910598383
1300,0.8235988142480974
1301,0.8537572124274954
1302,0.6075470183144654
1303,0.4458156624208683
1304,0.27797552016295013
1305,0.8638328488885044
1306,0.9758321244494882
1307,0.22134164392035946
1308,0.28059895091717935
1309,0.5684443744458342
1310,0.3984665464961205
1311,0.7395411756603399
1312,0.7022068168732608
1313,0.9831462354847046
1314,0.8190758049430188
1315,0.20738919417391966
1316,0.42367793640778756
1317,0.6466005917053871
1318,0.3616238236285094
1319,0.7726871893134812
1320,0.23593653270683948
1321,0.9197241973639508
1322,0.9140544819498801
1323,0.3567827116681439
1324,0.49848133107766773
1325,0.49001457171791324
1326,0.9738669384122819
1327,0.32079282599047626
1328,0.3536805287865863
1329,0.8355480877455927
1330,0.5432148161377146
1331,0.40409748658284306
1332,0.470672088651477
1333,0.47401275422353156
1334,0.3691418198747922
1335,0.70798551068368
1336,0.6558574907854652
1337,0.2930770733549841
1338,0.4333842038064865
1339,0.895926498729767
1340,0.7600118054313221
1341,0.7814488523116458
1342,0.6961963749325338
1343,0.37142840925225934
1344,0.32196757536427384
1345,0.2653564782303013
1346,0.8804183316481318
1347,0.4873174987287354
1348,0.912923859714977
1349,0.8121888568088709
1350,0.8336244861724401
1351,0.2621927418245498
1352,0.35476330362814074
1353,0.7824914870046044
1354,0.9769483003610192
1355,0.49385462540877073
1356,0.2119412937551645
1357,0.8067721657499246
1358,0.8028858441301513
1359,0.7987670285019396
1360,0.8137367872945424
1361,0.2410207829426844
1362,0.6788364253554242
1363,0.41881958424352234
1364,0.35940901648289314
1365,0.5313836023410409
1366,0.5899359377785915
1367,0.40296119390170243
1368,0.34375545638401195
1369,0.8580260998169509
1370,0.8746148584120704
1371,0.2787312639206228
1372,0.4291522068368046
1373,0.38878051408090775
1374,0.27819889462096437
1375,0.2658520614026791
1376,0.5719855454610644
1377,0.858617844182631
1378,0.3764770924970586
1379,0.5988065424852098
1380,0.9726342040946744
1381,0.4000939774509142
1382,0.21603955380345105
1383,0.7219627645935126
1384,0.515055252203664
1385,0.3648128586882758
1386,0.21517875306926246
1387,0.36721361760298604
1388,0.4208862143099181
1389,0.7499276476845017
1390,0.6819588509555793
1391,0.8572193643014138
1392,0.5279089084082979
1393,0.8793493982826095
1394,0.2946723832569382
1395,0.2664427080729616
1396,0.6539036282376297
1397,0.6280325450966519
1398,0.3718426594483366
1399,0.7590204075342544
1400,0.2612822155924278
1401,0.3921920947896524
1402,0.8665931177055235
1403,0.4412279905363667
1404,0.5011330443759113
1405,0.4668704514491906
1406,0.31941554798363625
1407,0.7877969548753921
1408,0.5428459994583309
1409,0.34767080048326426
1410,0.6742068504753718
1411,0.4775343291346285
1412,0.7340952309153846
1413,0.3027023715250617
1414,0.420949444221742
1415,0.3111985694696564
1416,0.5452895878798342
1417,0.46166745512013546
1418,0.9703386932615298
1419,0.7480893476919808
1420,0.3341441511629792
1421,0.30438303444264453
1422,0.5823251673274111
1423,0.815173732842204
1424,0.918492078833815
1425,0.8599910925587967
1426,0.3690203635160658
1427,0.5711150578944698
1428,0.5015265972749384
1429,0.3108080926947412
1430,0.2922612773764572
1431,0.29438165860505405
1432,0.8420142626344954
1433,0.32323976666836435
1434,0.40326477233765456
1435,0.5159767489325405
1436,0.7801104965606402
1437,0.24266652244704956
1438,0.5245155810612337
1439,0.5453771083524878
1440,0.3319739697944555
1441,0.7005576309899207
1442,0.48842695553552257
1443,0.826634968416062
1444,0.5421341047591438
1445,0.6279881366241371
1446,0.47627330141714835
1447,0.9025426299067864
1448,0.25238594807279624
1449,0.7297819689904159
1450,0.3584484782380312
1451,0.7434309430628776
1452,0.7671994705609554
1453,0.7261928938220553
1454,0.5327412649043478
1455,0.7522174718707074
1456,0.6480490526927821
1457,0.43693870812698177
1458,0.31340223059057964
1459,0.35061575826196073
1460,0.47214006070258147
1461,0.322274259363867
1462,0.7084283388003662
1463,0.42149821836801943
1464,0.21619122851846098
1465,0.3749763354390428
1466,0.2829898910503365
1467,0.3245923774393245
1468,0.9774513090792917
1469,0.7558006306655011
1470,0.46864553432693934
1471,0.9791042320766089
1472,0.465648122491042
1473,0.9653444444550834
1474,0.9768384772928457
1475,0.3568728788928472
1476,0.459423989630034
1477,0.3657410953155949
1478,0.8007080982623674
1479,0.2959195898494982
1480,0.49343121550462415
1481,0.7747690338014074
1482,0.9125924534239592
1483,0.5886791786329767
1484,0.7613359345285268
1485,0.4525351036105603
1486,0.4396568962042335
1487,0.6362578506870512
1488,0.2700176541568633
1489,0.36735151679219696
1490,0.3627577587929385
1491,0.8357358540965124
1492,0.42028946503383485
1493,0.984996167886175
1494,0.33895288526012596
1495,0.6279789917814331
1496,0.3891990193855559
1497,0.3200317829434913
1498,0.20407945578500009
1499,0.6840317913456476
1500,0.9736617666559457
1501,0.406880476782616
1502,0.49194696029274915
1503,0.48290065516354463
1504,0.29605601959786815
1505,0.5018039326331979
1506,0.8093785115541049
1507,0.9799842068627859
1508,0.5217498727294355
1509,0.3224205201406199
1510,0.3241906508674994
1511,0.776000377484224
1512,0.9772160914824007
1513,0.26044113424995313
1514,0.32214787400059164
1515,0.5548579468955749
1516,0.5446069493074602
1517,0.9821071762117194
1518,0.7369153638076765
1519,0.3315361613100582
1520,0.5789352956655964
1521,0.8517482407016432
1522,0.7233151149496132
1523,0.7060762541038673
1524,0.5074888697106862
1525,0.5653829397777949
1526,0.362974402144169
1527,0.2707255075337122
1528,0.7051180648592815
1529,0.42665816382679306
1530,0.5202000086703614
1531,0.4953081336877318
1532,0.7498469430169766
1533,0.7113394593600045
1534,0.6864267107528791
1535,0.7006161639923798
1536,0.42721911532353224
1537,0.34245516582330965
1538,0.8227245608471995
1539,0.8202184138448398
1540,0.29184550917484814
1541,0.2936194708579066
1542,0.4818357453153576
1543,0.49263703455467606
1544,0.23565042380293297
1545,0.38536029006074063
1546,0.4558912371576788
1547,0.2487984166122694
1548,0.40226087180454634
1549,0.9671031814008021
1550,0.389661391271296
1551,0.322252405176945
1552,0.3243955454278254
1553,0.36225676282681624
1554,0.4313197934886582
1555,0.6968556066762503
1556,0.3278023528458887
1557,0.7921365599790354
1558,0.9732640608390123
1559,0.4575096393660276
1560,0.529158535287284
1561,0.7153626071147187
1562,0.8117457960280631
1563,0.9633677429072747
1564,0.43541789284742355
1565,0.3184540602448215
1566,0.9759498146217571
1567,0.8632404245183922
1568,0.7156404222078111
1569,0.9483834464009027
1570,0.3072285955793663
1571,0.41124262521488886
1572,0.7655236652436551
1573,0.3071630142578139
1574,0.2461231437642296
1575,0.2738902620553969
1576,0.2638038269164345
1577,0.8959213380574959
1578,0.3725912036634594
1579,0.9724014941860292
1580,0.3389546216547625
1581,0.5124384360467931
1582,0.5094135238016015
1583,0.2516325280029182
1584,0.7521152179696706
1585,0.21878282761077114
1586,0.674502600281361
1587,0.4758515294120184
1588,0.5378362601301783
1589,0.9212506074256873
1590,0.4131812236864206
1591,0.45829559516089935
1592,0.9707801806959756
1593,0.4863640380662449
1594,0.24091191710938778
1595,0.7910817351247603
1596,0.8983359361978754
1597,0.2824955028808172
1598,0.5126563418494438
1599,0.9734432471153139
1600,0.47705362420757064
1601,0.2428962042374239
1602,0.7894637095900512
1603,0.5855272856282925
1604,0.3834619168283071
1605,0.8867560705836478
1606,0.4264026662076184
1607,0.4363268153233178
1608,0.5132858164066508
1609,0.9722471813345642
1610,0.42784683531249107
1611,0.42101472026723147
1612,0.6972599188308807
1613,0.3427963188470841
1614,0.41100775125219785
1615,0.5220706653949537
1616,0.8109945551798298
1617,0.27333237651861725
1618,0.36813441016551973
1619,0.656390753374304
1620,0.26116577302554617
1621,0.2711725687085988
1622,0.2146110515262729
1623,0.752922011463158
1624,0.504225107726116
1625,0.44352269777746206
1626,0.4210678719033789
1627,0.9777584970715519
1628,0.4230497165178387
1629,0.9300074564603116
1630,0.5816689208967342
1631,0.955007629596747
1632,0.3700608753929173
1633,0.28138392303491827
1634,0.25332983053415387
1635,0.7622491866625962
1636,0.9701999814177139
1637,0.2394915021854335
1638,0.5018903161496252
1639,0.5632115869046994
1640,0.775188572458856
1641,0.7365323128307951
1642,0.8087312979258524
1643,0.46770396578936335
1644,0.9781710796616485
1645,0.24602954291809445
1646,0.39202366764725
1647,0.20172729724672
1648,0.3871394680811386
1649,0.4422656976348313
1650,0.3950878316005521
1651,0.22440254392898643
1652,0.4551321178871686
1653,0.5589575933192368
1654,0.8956434087625196
1655,0.8314529597088999
1656,0.97522514396841
1657,0.34367192554301823
1658,0.38909655307123203
1659,0.7228508088761068
1660,0.779320478480637
1661,0.4305713816005127
1662,0.31013632359851523
1663,0.40658894543342233
1664,0.40884252022381523
1665,0.34394641902633344
1666,0.4485807164291597
1667,0.9746783179703545
1668,0.400985377682271
1669,0.8454728275277313
1670,0.32753351971325406
1671,0.33908098165332284
1672,0.7575423486629861
1673,0.7580125413278377
1674,0.9704127961603145
1675,0.4571455000165312
1676,0.48458464845158983
1677,0.5204211051961646
1678,0.9799707989226745
1679,0.25751122377575664
1680,0.20983113001946752
1681,0.6571375070796396
1682,0.46064470851714684
1683,0.43053882659795656
1684,0.2980209022940565
1685,0.975643851179686
1686,0.7642409396327435
1687,0.5119005310829573
1688,0.28241222505465796
1689,0.5134150734359989
1690,0.3719347567387897
1691,0.23984850983496006
1692,0.700320405573596
1693,0.9685706211955661
1694,0.5213671572832929
1695,0.2641086932180258
1696,0.35106664169157337
1697,0.31863350792520434
1698,0.8568140664724918
1699,0.4402789013941953
1700,0.4095561373277174
1701,0.43885892004597976
1702,0.3702004813230941
1703,0.5281665372004941
1704,0.5091632055302528
1705,0.5176960456593128
1706,0.977669063230588
1707,0.3552849959957187
1708,0.33711438855416276
1709,0.32354471183565203
1710,0.9768712497411705
1711,0.4808351586640233
1712,0.7460822511269508
1713,0.36009009413301146
1714,0.43848538266820375
1715,0.3464896431944872
1716,0.4071734590816236
1717,0.6670637959859768
1718,0.31615795323891727
1719,0.30464135321309066
1720,0.9793410864302063
1721,0.33927168461963153
1722,0.3515483239792281
1723,0.30946896448610417
1724,0.9673013272575588
1725,0.5577583552592436
1726,0.32537738198615246
1727,0.40351093360614837
1728,0.6593996967530052
1729,0.5175588661257517
1730,0.4454854608561741
1731,0.9772855935896674
1732,0.8477785373608043
1733,0.36485957785681683
1734,0.816390456709906
1735,0.9718041919358734
1736,0.32447803296816224
1737,0.4777072380850458
1738,0.8318749399750432
1739,0.2929647744807066
1740,0.8462381791868464
1741,0.422315224490907
1742,0.4215049664498974
1743,0.4567224467779849
1744,0.3846110510060241
1745,0.4597966578840114
1746,0.2913726713015318
1747,0.4879722557452609
1748,0.5367187112685312
1749,0.2313079605380407
1750,0.516484086543812
1751,0.7599705450571603
1752,0.31920402129157543
1753,0.8904403811789896
1754,0.38496394636584474
1755,0.33855386082590794
1756,0.3907259739973745
1757,0.9486410959491692
1758,0.41466942296146386
1759,0.28653999995799934
1760,0.6183565428843624
1761,0.34586984440664154
1762,0.23123035291230473
1763,0.6694315681657758
1764,0.8035718608793823
1765,0.3102908319979722
1766,0.4455758170982644
1767,0.8775869849459786
1768,0.6548592469175053
1769,0.3886488050489469
1770,0.9745195406331688
1771,0.26623923866795013
1772,0.484256340669907
1773,0.25431388077004374
1774,0.44958741544352443
1775,0.35691469616900684
1776,0.7031301150810263
1777,0.22446187265760295
1778,0.9804827058929728
1779,0.358009801777573
1780,0.3760229219937128
1781,0.24133710953814866
1782,0.3775606496781814
1783,0.6839791297320792
1784,0.36913215615054457
1785,0.43993665628885054
1786,0.7600279857596117
1787,0.40442212083135454
1788,0.3139839324267158
1789,0.7864869096016841
1790,0.3390348373059306
1791,0.24264529345288002
1792,0.45462232203333136
1793,0.2591435535104595
1794,0.8493199126488316
1795,0.24376128076836345
1796,0.7731016313612997
1797,0.3189399811073225
1798,0.9671790225899651
1799,0.5438798902009706
1800,0.7919865136834422
1801,0.3580591850637076
1802,0.9813103092639746
1803,0.5466651829509547
1804,0.9807698411060676
1805,0.37900757441002236
1806,0.5267710074196942
1807,0.22384432543027163
1808,0.5168531220433471
1809,0.9780659505528316
1810,0.619019554214623
1811,0.5175584475253294
1812,0.2881361671928868
1813,0.34828779280262423
1814,0.6579631166703542
1815,0.6436035844004145
1816,0.3158276175058757
1817,0.36703321582792725
1818,0.5754752981380561
1819,0.27297087884017807
1820,0.3001642616378197
1821,0.4162926933314773
1822,0.5987230623368428
1823,0.8608549900118833
1824,0.34974346289397434
1825,0.6726124250119133
1826,0.2551622027394107
1827,0.5816441575703447
1828,0.874823075628388
1829,0.36700613661293335
1830,0.47994184053188094
1831,0.5706523907624438
1832,0.3602389798164111
1833,0.3542878864851886
1834,0.3206086040247173
1835,0.30552843708837113
1836,0.21126578032181897
1837,0.29198308788234756
1838,0.3849931698785318
1839,0.45743106732706157
1840,0.8557228416269654
1841,0.7983020864612788
1842,0.834728766354275
1843,0.9582139778042983
1844,0.8006415706390176
1845,0.4925677645155237
1846,0.2690239499725062
1847,0.9785448420498088
1848,0.4921965572028307
1849,0.758494525485972
1850,0.3717812877861139
1851,0.4719917379896757
1852,0.778615297929233
1853,0.3222734503909415
1854,0.7623853035885227
1855,0.9773933848208287
1856,0.3315662687650701
1857,0.7924065745274906
1858,0.3334765857771025
1859,0.3382990433771948
1860,0.40694298245027233
1861,0.8185657956755911
1862,0.4228677488736021
1863,0.2752375952709049
1864,0.2755186374181497
1865,0.41214378073966706
1866,0.6909233309369339
1867,0.4794408520391218
1868,0.20270328598545626
1869,0.45234642499425143
1870,0.34798576779871976
1871,0.8168715024740419
1872,0.3661252313893797
1873,0.3921434398429813
1874,0.7932358240574637
1875,0.8729864644451854
1876,0.5436423568936236
1877,0.3004257496821103
1878,0.3380511423295343
1879,0.8003371712066585
1880,0.872398536284317
1881,0.2036344182477149
1882,0.9792686100708007
1883,0.7570556045665392
1884,0.6900176596504656
1885,0.3783254257179565
1886,0.3494972311567568
1887,0.42787475635248623
1888,0.46913811168981095
1889,0.36507790324091705
1890,0.5084345779618449
1891,0.6678380138683245
1892,0.782355712920792
1893,0.4899118702866792
1894,0.43582511023816894
1895,0.28700951613190373
1896,0.36280100406034116
1897,0.43923720742800837
1898,0.4007674240498538
1899,0.3118738963330753
1900,0.44849731478225335
1901,0.540708344187126
1902,0.9654437103890965
1903,0.8581276992198803
1904,0.439001922820087
1905,0.3309308284716715
1906,0.5299365708001037
1907,0.7973537841014964
1908,0.8079382598399749
1909,0.47498709810936784
1910,0.33162622046525425
1911,0.7854434565046562
1912,0.4699632256533894
1913,0.3423488203629927
1914,0.980551245904186
1915,0.3965627819090307
1916,0.5532017410061124
1917,0.3592618958437806
1918,0.3512905465095771
1919,0.41371791348726433
1920,0.5825215627507397
1921,0.9719554757057484
1922,0.9793814126454325
1923,0.4583430284781633
1924,0.2998160524419849
1925,0.7213849656052691
1926,0.47015684206439184
1927,0.5135727509492916
1928,0.9748386676763733
1929,0.40836805376516677
1930,0.9773466152659496
1931,0.2852208441016915
1932,0.24343729435501502
1933,0.48763678125796184
1934,0.9741335680419742
1935,0.8065854831752569
1936,0.3990869703670617
1937,0.8590948923997033
1938,0.2597153966405264
1939,0.8301292926496927
1940,0.5094897918755071
1941,0.9723418641083647
1942,0.2675502849775093
1943,0.3857138215575789
1944,0.4412201182317625
1945,0.4306274494447821
1946,0.3318738899306654
1947,0.2391418511405594
1948,0.8908722674865364
1949,0.49462791712983484
1950,0.3246680686985701
1951,0.3477441688944431
1952,0.24729470285633207
1953,0.3038471726483074
1954,0.3711651008918513
1955,0.4088455393649378
1956,0.40189723157196605
1957,0.35370748315480877
1958,0.3685708059839208
1959,0.4898099351165963
1960,0.7721440720460566
1961,0.360489013832707
1962,0.7723392700304919
1963,0.8119969544526344
1964,0.7749545745440024
1965,0.9780329261090254
1966,0.5971287543886509
1967,0.9751161810269345
1968,0.7553897639481121
1969,0.5236390186988754
1970,0.23720271428024922
1971,0.4880514636791243
1972,0.5509516655516657
1973,0.3350040419106807
1974,0.3750249470240014
1975,0.7479328656292975
1976,0.441474986973075
1977,0.7530398316241372
1978,0.8917136596339567
1979,0.31404150850202295
1980,0.25333347778897924
1981,0.8469820095924795
1982,0.6959804680031025
1983,0.3248142211261476
1984,0.3697784402042683
1985,0.19387335756682197
1986,0.4021304423465457
1987,0.9803765452926282
1988,0.5077792918965588
1989,0.598437516953157
1990,0.29572414462961577
1991,0.5347855961666418
1992,0.4993478773823767
1993,0.24242126163742436
1994,0.7336170102155823
1995,0.3087116551790533
1996,0.9761111325340442
1997,0.2613492953628955
1998,0.9767340785451294
1999,0.812791981309876
2000,0.29005184141536583
2001,0.9738512741690922
2002,0.4301356738775599
2003,0.5857794242641828
2004,0.5129089321410468
2005,0.2682663695963401
2006,0.2864211313935249
2007,0.3795569153010354
2008,0.3022300035818837
2009,0.5958891832366954
2010,0.8033784780814345
2011,0.32156376408680964
2012,0.4006568056035369
2013,0.4731298316760025
2014,0.4170272583433455
2015,0.2836923660993076
2016,0.5553707530337123
2017,0.404128450901321
2018,0.3195599334732834
2019,0.507576110941453
2020,0.2730588862324046
2021,0.29099246698954495
2022,0.28370554253466557
2023,0.29744953742663105
2024,0.4008729826815713
2025,0.3821824726264338
2026,0.8079886574683285
2027,0.7766120122489036
2028,0.7588319975397129
2029,0.5768102542678247
2030,0.3917718114655655
2031,0.3121639557287071
2032,0.38658111366917386
2033,0.9777241170609813
2034,0.5790227506022761
2035,0.7171047637789169
2036,0.8073029267285645
2037,0.5522434026963081
2038,0.9800768289911233
2039,0.35749515299311446
2040,0.48569881719033164
2041,0.6641383029517137
2042,0.44999601978708514
2043,0.4661517376838816
2044,0.30416022377017393
2045,0.23164431483282022
2046,0.9584567838070406
2047,0.8893284626400201
2048,0.6328928517528113
2049,0.4123506247866458
2050,0.3608604492468916
2051,0.9704911525523053
2052,0.9729483150724253
2053,0.46382247918268943
2054,0.4575426881454911
2055,0.21199175437234696
2056,0.3798780094691699
2057,0.7086648108668303
2058,0.39034930262930395
2059,0.6036417618718047
2060,0.5310501628972196
2061,0.5226473949814688
2062,0.4653116340775821
2063,0.5319747153332613
2064,0.9748489299270394
2065,0.7977531191349634
2066,0.5091930680942047
2067,0.5211203144602782
2068,0.35435932895445726
2069,0.25463517145321024
2070,0.2636797748109705
2071,0.3233742722373163
2072,0.7346804053215915
2073,0.5144841077736971
2074,0.44444880479048976
2075,0.982281740066466
2076,0.7121958812317052
2077,0.3247993611603752
2078,0.230186892704098
2079,0.9797131098241593
2080,0.9688049014926169
2081,0.32455692420949833
2082,0.8654625205835491
2083,0.3625930317595985
2084,0.2323831959446979
2085,0.30276581657092977
2086,0.9727380580973155
2087,0.9722826589368846
2088,0.8289537620854803
2089,0.3913709206487461
2090,0.5353821991774811
2091,0.977201310433239
2092,0.305602531886988
2093,0.30811241221606067
2094,0.44405925614169894
2095,0.7558598712289512
2096,0.2539825528564584
2097,0.7680690059445454
2098,0.2960157691372209
2099,0.9818567970235819
2100,0.7886799719156713
2101,0.24049847294739204
2102,0.5323033827524591
2103,0.4568568878560117
2104,0.7130368443770648
2105,0.3885697873229956
2106,0.5700929642718285
2107,0.350153148929726
2108,0.9773680310527788
2109,0.31198653202189064
2110,0.2619098469102107
2111,0.5252547705876609
2112,0.4991290000935738
2113,0.7663231433159235
2114,0.9776041277807667
2115,0.8800400903986164
2116,0.3935969632293565
2117,0.4212021362675153
2118,0.5701013562678976
2119,0.5798144224117646
2120,0.7636560825919387
2121,0.5865636738974461
2122,0.6373956357180233
2123,0.9767947120218657
2124,0.4139614642968505
2125,0.791011039340869
2126,0.2559610941616814
2127,0.5878059077021097
2128,0.5998597672720053
2129,0.32828248139551364
2130,0.4078946758300539
2131,0.7753471222736429
2132,0.31518361391830596
2133,0.30274278766338947
2134,0.9686327997709189
2135,0.4046316740817133
2136,0.38408684147978156
2137,0.259590632658814
2138,0.20658103104606143
2139,0.9646452632054089
2140,0.9729764436673163
2141,0.2727849437469116
2142,0.8774504033394991
2143,0.519272414750674
2144,0.9703911241320743
2145,0.4300955070151073
2146,0.9724100328629418
2147,0.4678251726163925
2148,0.9800164369309369
2149,0.47581641873149083
2150,0.3661205393403178
2151,0.7851250370080188
2152,0.5830846335254661
2153,0.7177182771707519
2154,0.5742622730869799
2155,0.8913035168733021
2156,0.36600804038076556
2157,0.4885503361408052
2158,0.3427515872574333
2159,0.39185960269379344
2160,0.22495879571365593
2161,0.46373361040588573
2162,0.8484962187809643
2163,0.46161034741176277
2164,0.38263979708044865
2165,0.46184541168493903
2166,0.43872307787122944
2167,0.212630345093902
2168,0.32806519745668244
2169,0.8000150389948262
2170,0.3926219848470316
2171,0.3408085517078267
2172,0.41253634878483386
2173,0.626494548767477
2174,0.18865549698895925
2175,0.8446507130305815
2176,0.7988883060775622
2177,0.2649529294157568
2178,0.2858857534744473
2179,0.34691987534030666
2180,0.4984239041367278
2181,0.40827387298738754
2182,0.5293044365068009
2183,0.4545409431298837
2184,0.7428824784954925
2185,0.7667508956144947
2186,0.8093042182604245
2187,0.5537138815433474
2188,0.34372864340111314
2189,0.9115990616793473
2190,0.4521804197370669
2191,0.4891414085909722
2192,0.3382706207749669
2193,0.5971660020034559
2194,0.35857682518723294
2195,0.4278609134188525
2196,0.7852621536330019
2197,0.5130175947773237
2198,0.30894373022346505
2199,0.3414399571146413
2200,0.4028246849870365
2201,0.7814736084279813
2202,0.3943876610009234
2203,0.3858756959616367
2204,0.9792741549162739
2205,0.6116101388800892
2206,0.32022820945624636
2207,0.4960159057429343
2208,0.24849283983224865
2209,0.37145759556281127
2210,0.7259885124836659
2211,0.37532124444520254
2212,0.3452048594188235
2213,0.6121133279894471
2214,0.35708267886192907
2215,0.7813705300017292
2216,0.41653665868500206
2217,0.540544935532086
2218,0.47204265055984446
2219,0.46874750343376226
2220,0.2835914830247302
2221,0.4670611920444121
2222,0.5084705231887061
2223,0.6782420754376982
2224,0.7363582146065056
2225,0.5075594332410883
2226,0.7482580667380084
2227,0.39246466524289886
2228,0.5150572966370942
2229,0.8812538306241028
2230,0.3007459647400449
2231,0.24261274553821352
2232,0.610884283071073
2233,0.34558950480797773
2234,0.24161225643815967
2235,0.4225060345024216
2236,0.8665261019565129
2237,0.24260550328675345
2238,0.8312715558726455
2239,0.4221731185568778
2240,0.3471854463535789
2241,0.7169639882071515
2242,0.21050963851560187
2243,0.4765428077239214
2244,0.5448539416238973
2245,0.28289125483649896
2246,0.805563825639141
2247,0.23898607485419396
2248,0.666074396534194
2249,0.9763214911975107
2250,0.9691326668263986
2251,0.4017504928920686
2252,0.5513284531432067
2253,0.7367647902476359
2254,0.4712896199191278
2255,0.24008703443383328
2256,0.9783985593630765
2257,0.2798085899816856
2258,0.4341033934336753
2259,0.2937217162297109
2260,0.9734114085653945
2261,0.37203883436301605
2262,0.4036666781596853
2263,0.34729003448026924
2264,0.40716744031415447
2265,0.9682568871230229
2266,0.2619710999313449
2267,0.5326528175813282
2268,0.34944249091467117
2269,0.37890095043201916
2270,0.5539480350687863
2271,0.3966298520062403
2272,0.5926305309458916
2273,0.33468107042366985
2274,0.8095236931407651
2275,0.9717031104159138
2276,0.9630724890533683
2277,0.34514045198029414
2278,0.3763169237406207
2279,0.2813764740364466
2280,0.35550094607419885
2281,0.9798468145623813
2282,0.42582011047182405
2283,0.4168363595427986
2284,0.3284393650059773
2285,0.45383872364817496
2286,0.3086917471611417
2287,0.1822933790692974
2288,0.4117911399941829
2289,0.2909708680961685
2290,0.42727657367708044
2291,0.7151547919685841
2292,0.2521786453763555
2293,0.4913976341896224
2294,0.7859018536948287
2295,0.5925056281752115
2296,0.37351537652906325
2297,0.43765972662199837
2298,0.41670245968824515
2299,0.6680323213149418
2300,0.46583015943006406
2301,0.9804720243868189
2302,0.888236054176816
2303,0.6313929465663981
2304,0.3526166780223133
2305,0.761959491808892
2306,0.9805376964847028
2307,0.6850813079389454
2308,0.6719014357338594
2309,0.32773879561932573
2310,0.7413060928766422
2311,0.38098325930272475
2312,0.22123396684192476
2313,0.25226695119176784
2314,0.37690118949630547
2315,0.9796911011372207
2316,0.8732249918843755
2317,0.582400018547618
2318,0.5398020504849192
2319,0.28355667409625857
2320,0.44080647120649763
2321,0.7961446150940349
2322,0.9779089130048239
2323,0.49811723224065557
2324,0.7857388840694824
2325,0.2678130323568879
2326,0.29017166376552406
2327,0.769835863040124
2328,0.2762799560124041
2329,0.1936870648390466
2330,0.483303995230053
2331,0.980551409947802
2332,0.7247372689777882
2333,0.27791678579026863
2334,0.4177210052349374
2335,0.29145296078931987
2336,0.36688966101622483
2337,0.3874740660594736
2338,0.30714341410924184
2339,0.3478471351409522
2340,0.562156201781068
2341,0.6375046251496467
2342,0.28940363152374254
2343,0.9785486809285087
2344,0.33990109401980123
2345,0.415804402057759
2346,0.3975144901424226
2347,0.41595432391299214
2348,0.44226635342541115
2349,0.6660159557714139
2350,0.5921348879322453
2351,0.3477386666118945
2352,0.5030119514679835
2353,0.7265690234101371
2354,0.9842905165482866
2355,0.21082528116004665
2356,0.8023669601598771
2357,0.2931430770136403
2358,0.624355688730016
2359,0.6961997245474024
2360,0.4034303986262962
2361,0.42601088243475416
2362,0.7931206373180064
2363,0.4120476363165973
2364,0.3894686204254274
2365,0.49650807559015114
2366,0.36705113307833637
2367,0.37079821692014775
2368,0.26064788962450497
2369,0.6032430804420538
2370,0.4467796397840415
2371,0.6664882056742102
2372,0.40355821557748933
2373,0.3602653310748603
2374,0.32031887668597353
2375,0.5131510985328737
2376,0.32891261390420595
2377,0.2659427542180374
2378,0.43797001085438064
2379,0.3651641600455406
2380,0.4805531660230867
2381,0.7565988058180283
2382,0.8056373786476517
2383,0.9723181421775565
2384,0.9506139686623998
2385,0.6230279842579485
2386,0.8868013168093398
2387,0.38471970630560576
2388,0.49795968875184693
2389,0.35432941655426303
2390,0.37108495733908
2391,0.7398133726411126
2392,0.392145524596714
2393,0.582701405074011
2394,0.23912350013013686
2395,0.25370412231911404
2396,0.7727806123622777
2397,0.40839321875434337
2398,0.6470178358432176
2399,0.9702673471055303
2400,0.7037728573046068
2401,0.5600827101029872
2402,0.6014053199094375
2403,0.34651964733919716
2404,0.7485672789849782
2405,0.3008299350035677
2406,0.2345747144517699
2407,0.9704803300746426
2408,0.28606035123791546
2409,0.5916683004065952
2410,0.3520653210790254
2411,0.3764724301434616
2412,0.6339796350887378
2413,0.5424254328287922
2414,0.18713937307526882
2415,0.45667272076002424
2416,0.3832236708341119
2417,0.9696521350029986
2418,0.389571353279974
2419,0.8078382047564615
2420,0.9751897836199186
2421,0.7084471342654459
2422,0.8352610125261419
2423,0.97891640870938
2424,0.2598984631728011
2425,0.7598154990822351
2426,0.46272708000763885
2427,0.375615380613412
2428,0.3209520141643432
2429,0.9801159564731075
2430,0.6661027793872415
2431,0.15116803152038508
2432,0.9744628316018119
2433,0.272457116643258
2434,0.34901058820365494
2435,0.45898966340985786
2436,0.29964393262390004
2437,0.4301423568890382
2438,0.8522621198325565
2439,0.718357544525125
2440,0.4628133076414936
2441,0.8075396629218901
2442,0.30274908270177675
2443,0.6245910615655438
2444,0.8514153298087352
2445,0.33568741345145686
2446,0.980884044185412
2447,0.4129035398329082
2448,0.9735956133366965
2449,0.44556936091302823
2450,0.4054890302217551
2451,0.38315699120668384
2452,0.8185214264123606
2453,0.28128486227611477
2454,0.6689845272440018
2455,0.6953941010280674
2456,0.3771557743898077
2457,0.23699589478660718
2458,0.8696104223216117
2459,0.846102727029657
2460,0.971972929877514
2461,0.6765683214501506
2462,0.9694982726557931
2463,0.9745630898559767
2464,0.8442985576036288
2465,0.36110006947971857
2466,0.6177115221097961
2467,0.55593821747027
2468,0.43676395852021743
2469,0.40055870463345494
2470,0.43851800482918146
2471,0.463502392167727
2472,0.28808066167379565
2473,0.45888966565133
2474,0.5159912784164002
2475,0.34660865686461784
2476,0.4845184192020307
2477,0.5097655214414744
2478,0.5998043836731116
2479,0.2555143582391503
2480,0.3305513173575348
2481,0.43814500056538225
2482,0.9706574260937603
2483,0.3593879929067621
2484,0.5059321493424007
2485,0.299083570056856
2486,0.49659633129605557
2487,0.37438530147413
2488,0.4193405359629725
2489,0.5526119547973769
2490,0.4416844001395353
2491,0.27173039685545164
2492,0.9712960051895875
2493,0.844138597385241
2494,0.49219340014094365
2495,0.3462700817977666
2496,0.8150952734200673
2497,0.9772005255053006
2498,0.573957858614825
2499,0.7282411268424097
2500,0.40775631888688907
2501,0.34386426242434104
2502,0.2824982804094388
2503,0.8060725950214221
2504,0.7491370383418992
2505,0.29177058047356613
2506,0.45434830688052247
2507,0.6149870986385301
2508,0.4329290178364637
2509,0.3843878307014674
2510,0.5250634588899866
2511,0.8596355562710215
2512,0.5419013183643985
2513,0.39330930412836623
2514,0.6645124235190295
2515,0.24983205090699576
2516,0.27900240825828415
2517,0.22575625130624985
2518,0.9764201279814929
2519,0.9619158459767142
2520,0.5508651183789294
2521,0.33326659634896694
2522,0.44683959137651924
2523,0.5213048344378942
2524,0.5832533202520119
2525,0.7819945824812976
2526,0.2986605580771382
2527,0.6102655667989659
2528,0.9682301404436645
2529,0.7496145549205356
2530,0.3577939083469286
2531,0.7716562876941927
2532,0.42986181466712453
2533,0.43107799667287
2534,0.5364494377419212
2535,0.3495374271314439
2536,0.5574827829304895
2537,0.6483430775483119
2538,0.3690302707039386
2539,0.38280077597560447
2540,0.3794370427675129
2541,0.3989849621737327
2542,0.4846873739807002
2543,0.8083463477460625
2544,0.3109267985536322
2545,0.25697688004730374
2546,0.30704985106000765
2547,0.9801302759362498
2548,0.42423757389848266
2549,0.4488295561386552
2550,0.2657960162408208
2551,0.4823736216419457
2552,0.2208704316504758
2553,0.7641440565193834
2554,0.37189967272550595
2555,0.513172178191519
2556,0.9780732678411012
2557,0.49240138671208883
2558,0.2785946403144706
2559,0.8208196135282976
2560,0.30490256140587363
2561,0.8615327038063906
2562,0.555680579750412
2563,0.3137437064625519
2564,0.9046392317062929
2565,0.425944029898457
2566,0.5255402599665268
2567,0.3052580354745183
2568,0.33689559606562275
2569,0.6333471562561379
2570,0.47524536551230884
2571,0.2984756465508422
2572,0.977177558556053
2573,0.8564418419577758
2574,0.4085259554093516
2575,0.5136138890309153
2576,0.3737009798697088
2577,0.856509867923832
2578,0.24741856998856956
2579,0.9763013397713781
2580,0.9758874660096352
2581,0.2589061179469135
2582,0.2567619782279839
2583,0.7039051228507643
2584,0.306985205284051
2585,0.49051205741927534
2586,0.4227079570315622
2587,0.9108299686607143
2588,0.4151087415715676
2589,0.3274260358925401
2590,0.8793046337711871
2591,0.5236527719794908
2592,0.8624859553639806
2593,0.5964172828004589
2594,0.20155870950344923
2595,0.39560343924130303
2596,0.5456433845056904
2597,0.9453550274949066
2598,0.28832523451978287
2599,0.7941497312261504
2600,0.4169584635188816
2601,0.34480445854988573
2602,0.5165051662228293
2603,0.46475426646381607
2604,0.2648152373980859
2605,0.5109902964924654
2606,0.8838931018893353
2607,0.30426093820439015
2608,0.7934810771660192
2609,0.8949671026475613
2610,0.4303445188106054
2611,0.6266640642365618
2612,0.596216031069705
2613,0.8694134281204112
2614,0.9793959865441876
2615,0.9729611625184131
2616,0.4394020893043888
2617,0.8264265503697791
2618,0.5462526751093156
2619,0.8494104241992191
2620,0.3246933691154785
2621,0.833277367203786
2622,0.38325068703365045
2623,0.4184906112277244
2624,0.35956593114655905
2625,0.2921757018093151
2626,0.6858986821508273
2627,0.3847111551763121
2628,0.307610359160493
2629,0.7049458181438482
2630,0.27668228328357825
2631,0.6669984529141124
2632,0.32243566423868547
2633,0.424705775212667
2634,0.9759044934634332
2635,0.5556473120703366
2636,0.41831206501208623
2637,0.3554725671411912
2638,0.31563259790729886
2639,0.5403544015015912
2640,0.2394263708060059
2641,0.8830466467516658
2642,0.48810661617655376
2643,0.3068339156741204
2644,0.43397826193760497
2645,0.3777640040788622
2646,0.4404746806009851
2647,0.32009149673926135
2648,0.38559868087896904
2649,0.23385668974032892
2650,0.4704453897184469
2651,0.35056735566346986
2652,0.31214587508215014
2653,0.42306855505068297
2654,0.22576756344111734
2655,0.9767465392582547
2656,0.8682364144200597
2657,0.9745990260957079
2658,0.8988605992616095
2659,0.9780172271972097
2660,0.67914025470882
2661,0.3992448906534902
2662,0.43538629050791594
2663,0.38753708667016845
2664,0.45874401961625955
2665,0.7858644645625009
2666,0.29244054726052027
2667,0.2890058960481045
2668,0.22210355924236228
2669,0.20880769475674568
2670,0.29113169364915387
2671,0.3536810163782104
2672,0.30661022523504594
2673,0.4273145956228172
2674,0.25985792844550043
2675,0.3044073902605286
2676,0.7092559085104971
2677,0.2756084709529646
2678,0.6574777657113574
2679,0.28522143620435797
2680,0.8530981046334404
2681,0.9773029758210708
2682,0.40985275193716975
2683,0.33164703549815816
2684,0.4427419334783759
2685,0.7205811892165689
2686,0.48497356860290264
2687,0.8562219872967272
2688,0.5069035941754565
2689,0.2871960271905127
2690,0.5694140460241446
2691,0.42045305956061446
2692,0.4872741688217166
2693,0.7723301953687872
2694,0.8696331311756019
2695,0.5508154119360963
2696,0.7473233667566062
2697,0.9801501280012248
2698,0.556289860979473
2699,0.9013825838540552
2700,0.2305929794272535
2701,0.8035554174781708
2702,0.3000403232142767
2703,0.27526340873807936
2704,0.4877691545543191
2705,0.2960582225075874
2706,0.5959904504085513
2707,0.33058651643495734
2708,0.47338805076243123
2709,0.8169985083956423
2710,0.6035353680907586
2711,0.8884791521322152
2712,0.38377150489189277
2713,0.4761438592224905
2714,0.5884042896831941
2715,0.29066220830600037
2716,0.7768523906205225
2717,0.3600741562778375
2718,0.545966337172351
2719,0.3471384784928409
2720,0.9750936685471169
2721,0.9761918071851873
2722,0.45766204180108133
2723,0.5146043398467186
2724,0.9769516548941836
2725,0.3692378707297003
2726,0.880650657700135
2727,0.9727779169476225
2728,0.3311772031912176
2729,0.3260681808617029
2730,0.7404142970804838
2731,0.6010019089016055
2732,0.41194843612840165
2733,0.42506555040431376
2734,0.8111329356875352
2735,0.263364090498638
2736,0.5471844330078263
2737,0.318461588252739
2738,0.2540477340605016
2739,0.7106231386118288
2740,0.9772882793797711
2741,0.431838968413613
2742,0.2776153032277212
2743,0.3046880526020596
2744,0.9744916571557756
2745,0.5404076995072754
2746,0.7937820858740534
2747,0.3025553038791015
2748,0.368669996627868
2749,0.3135399083751304
2750,0.3505682194194401
2751,0.3459700174984557
2752,0.981387121620601
2753,0.8482819929950179
2754,0.27931550041710246
2755,0.45595626677797835
2756,0.3136105035581109
2757,0.7608857976919947
2758,0.5710595402536726
2759,0.5878130988062543
2760,0.9752238116928176
2761,0.25743825418241467
2762,0.2605030183339128
2763,0.3884189471553386
2764,0.8142767102726384
2765,0.38580141162323695
2766,0.870119645911509
2767,0.4882067122909448
2768,0.6161081007169203
2769,0.7264144393641258
2770,0.277476998387364
2771,0.900098885303651
2772,0.6007186288679421
2773,0.6338657294165504
2774,0.5740472677347083
2775,0.6561536298685203
2776,0.4405612484087414
2777,0.4667321066162029
2778,0.6204958332440867
2779,0.34163037249984746
2780,0.3188496350608495
2781,0.8428291996750904
2782,0.36108872434974376
2783,0.7613719826570323
2784,0.8847046508864173
2785,0.761173606920423
2786,0.39180377302536407
2787,0.28014748856161664
2788,0.23200137966494597
2789,0.5484944624887049
2790,0.46929290261128287
2791,0.2345454768968945
2792,0.3791074175801126
2793,0.3921371503519824
2794,0.2717960430453565
2795,0.3079993603592727
2796,0.9782245514423836
2797,0.42542813824077014
2798,0.76637493637497
2799,0.39093711371533635
2800,0.32324367317218455
2801,0.8448645681802995
2802,0.7909869035586178
2803,0.8092570127269
2804,0.3548749530937317
2805,0.6454221798839995
2806,0.7627201104070718
2807,0.2509422651485439
2808,0.30405268368882793
2809,0.3899137516004146
2810,0.4493335358347738
2811,0.46834235816371733
2812,0.974535275018645
2813,0.4747777206963835
2814,0.3441099217331371
2815,0.4374000402293417
2816,0.8349890326247573
2817,0.36389575895039306
2818,0.9700293230319335
2819,0.5699254697546987
2820,0.22907116483704562
2821,0.29820890762008606
2822,0.5663694551061073
2823,0.9776748398506642
2824,0.2961761043368405
2825,0.9421026648986509
2826,0.4332741610843505
2827,0.9788298995143739
2828,0.4595226026249306
2829,0.8528515057883633
2830,0.24219887522643338
2831,0.3416240477623256
2832,0.3018548561258852
2833,0.7311132633391696
2834,0.9750875576283126
2835,0.2485165994640036
2836,0.3827344084614104
2837,0.42530591604939555
2838,0.4619896363168448
2839,0.8046515294344353
2840,0.609949598531018
2841,0.3392443108487377
2842,0.7238665543820187
2843,0.28702831385683886
2844,0.3811080474916819
2845,0.972511098366278
2846,0.610245392265305
2847,0.7685975595974858
2848,0.3353411127139698
2849,0.304918888916004
2850,0.7107543851273506
2851,0.9697836302347714
2852,0.5961787886964623
2853,0.3944101845313845
2854,0.5109635605386657
2855,0.4770808825687807
2856,0.8456376863975024
2857,0.9819030321559423
2858,0.27539563963437325
2859,0.7783927368500199
2860,0.9603592961550568
2861,0.7519602842130532
2862,0.49835113006109294
2863,0.30018312433091093
2864,0.9798983321261607
2865,0.30154110618748137
2866,0.4694114194388428
2867,0.4128068710660689
2868,0.750097695769209
2869,0.7775092857092064
2870,0.7813472711867909
2871,0.4545155879818945
2872,0.4356725045829825
2873,0.752000174992793
2874,0.31543970543795313
2875,0.7609629487403747
2876,0.6926282762722503
2877,0.4114763375121084
2878,0.4880185213072892
2879,0.5552061995476206
2880,0.5083820130707443
2881,0.9664965305040282
2882,0.36010374250268534
2883,0.39694849922385994
2884,0.4163818729255903
2885,0.9694664203390703
2886,0.2629021952774447
2887,0.39020696115268566
2888,0.7284860652037679
2889,0.5287292864755632
2890,0.29790067562714057
2891,0.8328112944652254
2892,0.37458184367318964
2893,0.3715914331067704
2894,0.8508572927970296
2895,0.45179092164199847
2896,0.975803716195507
2897,0.30346686406443774
2898,0.3478677732605335
2899,0.8074188099732899
2900,0.7206075267568296
2901,0.9729494297075673
2902,0.25609437242221406
2903,0.40651908722564817
2904,0.555209742789981
2905,0.3688531731840237
2906,0.7533300052337193
2907,0.6301425995693876
2908,0.9704738892757829
2909,0.3264606138699802
2910,0.508121834291167
2911,0.4149228484526459
2912,0.23822265756319724
2913,0.3564010173907128
2914,0.5181419999069226
2915,0.6468130003564317
2916,0.36758727646659334
2917,0.7588507418976146
2918,0.40864976603861464
2919,0.5533396546969335
2920,0.5562958598133746
2921,0.752412486208296
2922,0.7287683195664992
2923,0.27929661369173875
2924,0.3587017183617309
2925,0.42617194402685915
2926,0.7677807947863781
2927,0.8270357292630431
2928,0.6391510735231404
2929,0.4881690926955404
2930,0.29380912351664895
2931,0.9678766564926308
2932,0.8196110604654786
2933,0.663197435112749
2934,0.7351589078742079
2935,0.3704705118419008
2936,0.37249955958310926
2937,0.9782064760129595
2938,0.3959126684228976
2939,0.39566103011277254
2940,0.5746207907610282
2941,0.578218010452258
2942,0.31177046619778
2943,0.3326644254261231
2944,0.9176713231775482
2945,0.43683974773578055
2946,0.6456818598036341
2947,0.49602434735781004
2948,0.9625051535891508
2949,0.8541828895961662
2950,0.8080998633245087
2951,0.4799183868489107
2952,0.6089055254462908
2953,0.442362851725306
2954,0.5305300518649679
2955,0.9705834884457202
2956,0.9747195825730869
2957,0.37288899015306853
2958,0.8041284056133641
2959,0.3346239056034304
2960,0.30595566460242973
2961,0.3588017181440384
2962,0.5092066527531519
2963,0.5803823168826411
2964,0.6023473030149932
2965,0.33721791077729835
2966,0.9761043922231966
2967,0.33667717330223934
2968,0.5548196572276797
2969,0.9763923443231656
2970,0.25618591325283246
2971,0.9728830505152665
2972,0.20787024856279282
2973,0.4732081122907532
2974,0.38284952753256524
2975,0.6988179957093993
2976,0.8258700087754037
2977,0.3307330283596625
2978,0.5778418831419061
2979,0.4253297991195193
2980,0.3070498086205665
2981,0.270451160100199
2982,0.9805687315735114
2983,0.37709301318438526
2984,0.847664445401525
2985,0.8086553179538899
2986,0.48735023888400325
2987,0.564203243564117
2988,0.37306743311189766
2989,0.6578510580412639
2990,0.5097825782942693
2991,0.9796495230676062
2992,0.37117810489012054
2993,0.24539846047167835
2994,0.622978167057117
2995,0.661825318293375
2996,0.3324362951920477
2997,0.46974106705032476
2998,0.2725324510167033
2999,0.6125228832785911
3000,0.37191298933980144
3001,0.7645152891974645
3002,0.5702685157423714
3003,0.7109131578653022
3004,0.31531468161268045
3005,0.37286703720397224
3006,0.42341089138989635
3007,0.3928765779047179
3008,0.3685270343328728
3009,0.8661424371622166
3010,0.24524012194860675
3011,0.5541835866031725
3012,0.8089746382847514
3013,0.45559433923007747
3014,0.7376664549771085
3015,0.9773419638018018
3016,0.3896728409179622
3017,0.42307674280602364
3018,0.3162702329784522
3019,0.9803701273081581
3020,0.3464060938542935
3021,0.3760772611181222
3022,0.39932318234572434
3023,0.3649278015519985
3024,0.45470122850930944
3025,0.46852945388166284
3026,0.3390763567682947
3027,0.26416031020159153
3028,0.8933394929918984
3029,0.4920236194095739
3030,0.6926832833076838
3031,0.7578482359756474
3032,0.9257887645220079
3033,0.3386983496730953
3034,0.37907544982634933
3035,0.34792164008206444
3036,0.8422588043998966
3037,0.21609701924694869
3038,0.48666098347285375
3039,0.4166943534396519
3040,0.5979122324070537
3041,0.48655684437424346
3042,0.7495745389141186
3043,0.38706872493885425
3044,0.2895748004536993
3045,0.9710481639667871
3046,0.5233932464798998
3047,0.40145588892810885
3048,0.8588210569292718
3049,0.35144101975188075
3050,0.27656920150551034
3051,0.3970478937663707
3052,0.4657917984234854
3053,0.2810150083878299
3054,0.9721843860708147
3055,0.41074008238505727
3056,0.3624933597061366
3057,0.20752084416946412
3058,0.5043867487720948
3059,0.3255892751914189
3060,0.40650853852985086
3061,0.8533524144192682
3062,0.8047522114129747
3063,0.4717347915831627
3064,0.9596572931852281
3065,0.2767728233326893
3066,0.3760741837134773
3067,0.2673287772210872
3068,0.823844787531498
3069,0.7443286129331174
3070,0.4657409968061585
3071,0.6012974802378341
3072,0.6108884818557064
3073,0.9815497307523836
3074,0.6125208033382693
3075,0.35620678447732157
3076,0.4347269217292398
3077,0.39358456513273116
3078,0.33532238707049733
3079,0.5515839203532545
3080,0.3638273354948683
3081,0.5069051653279234
3082,0.7704785608563497
3083,0.9759145746017657
3084,0.508558323693904
3085,0.4282969867873813
3086,0.4516548190656615
3087,0.7729841738413419
3088,0.929888014400615
3089,0.6597249913369646
3090,0.9767658081812228
3091,0.97497676344401
3092,0.3349873878174768
3093,0.530461602479737
3094,0.46473766105234976
3095,0.43890976783050406
3096,0.9702705901547738
3097,0.9732118720412055
3098,0.5172488789787918
3099,0.5111796055363966
3100,0.8301459087019049
3101,0.6056596269423115
3102,0.5549402128977031
3103,0.8302379071471547
3104,0.51151496204731
3105,0.4257633378316594
3106,0.684243023635481
3107,0.26844765849338287
3108,0.4860120448713256
3109,0.5855212337499283
3110,0.8581366342457925
3111,0.49674144694583583
3112,0.3937876556649418
3113,0.4948330865763762
3114,0.5074382841945371
3115,0.6829892912397814
3116,0.9687035489389993
3117,0.503810899355471
3118,0.9630529487912334
3119,0.8679545317408089
3120,0.6621686885062803
3121,0.8328205032118552
3122,0.978151332300418
3123,0.5023028917666762
3124,0.4680233543380883
3125,0.37966264937376426
3126,0.5333514774859239
3127,0.5346422458114728
3128,0.4085645534474791
3129,0.47453798002199105
3130,0.3461053993976084
3131,0.36669568656612156
3132,0.4932870456648106
3133,0.380312810037716
3134,0.4860492402136871
3135,0.6186983994399003
3136,0.42014103058122787
3137,0.4705304293640547
3138,0.9698793648783517
3139,0.27876585548136823
3140,0.5998896548125702
3141,0.32943798892690673
3142,0.6097284252237082
3143,0.3751778299160198
3144,0.25758475566460554
3145,0.557917574308453
3146,0.6541444171788203
3147,0.6945145490772063
3148,0.5456391498241729
3149,0.3432307292651378
3150,0.555181663141395
3151,0.4719744948100522
3152,0.6587284006803699
3153,0.9816299532622281
3154,0.2788960955555894
3155,0.49524745916963103
3156,0.41684826693455773
3157,0.6788975656524109
3158,0.5649999019996317
3159,0.41928695867671945
3160,0.44212993441862986
3161,0.4439876574096883
3162,0.4457709410604218
3163,0.7777993604206833
3164,0.4246780709663412
3165,0.4283043797697037
3166,0.36984664464500616
3167,0.34329206825193853
3168,0.3705706460258444
3169,0.48336088518941445
3170,0.3835162874777864
3171,0.29951684051422994
3172,0.7591084132702505
3173,0.3225153472403291
3174,0.8739490464395523
3175,0.7805945755016918
3176,0.5856906780317913
3177,0.8255406012464563
3178,0.41548723609332744
3179,0.4477228599608412
3180,0.21304928534378678
3181,0.7692934965879874
3182,0.4826634744490394
3183,0.5268648756772426
3184,0.3012215209433147
3185,0.3194389552557142
3186,0.3107359250603643
3187,0.5211283182462544
3188,0.363711391291031
3189,0.5218596267130138
3190,0.7155553470166297
3191,0.33270686757163276
3192,0.9682527870872873
3193,0.8174296195221453
3194,0.8175807262700693
3195,0.7676072217771971
3196,0.38387509654585555
3197,0.1917621604203159
3198,0.5510271594764183
3199,0.8051795957524058
3200,0.38604367633677894
3201,0.31108540776197513
3202,0.5476158244856278
3203,0.5412756792274867
3204,0.23030557872560975
3205,0.6281725522724178
3206,0.7928733717411046
3207,0.5377988237795219
3208,0.5431169433105384
3209,0.9798157119703937
3210,0.30014115622042165
3211,0.4733358485391402
3212,0.6659052405661255
3213,0.33902581538687687
3214,0.785735698082816
3215,0.4853084155782783
3216,0.8649232523424871
3217,0.7362066016148882
3218,0.5757945298994925
3219,0.7889447217676687
3220,0.47383711273635737
3221,0.6081858027465423
3222,0.7746994427455166
3223,0.37868137292550424
3224,0.5732332309647883
3225,0.3302954667480676
3226,0.46354509692187057
3227,0.3061207361281239
3228,0.4376531588038288
3229,0.8763691541709947
3230,0.4710878593296237
3231,0.3238659844177881
3232,0.3526834139285521
3233,0.43332434928276325
3234,0.9787943514624334
3235,0.6205271543768229
3236,0.9661578523976303
3237,0.7399446346199313
3238,0.4530676909726871
3239,0.6099080038512913
3240,0.8592875376623684
3241,0.23872925802318878
3242,0.578311936588646
3243,0.21792212831938432
3244,0.3471925879969781
3245,0.3387220372638422
3246,0.980779571315512
3247,0.34958577659193707
3248,0.3910869672580806
3249,0.3210206165917547
3250,0.7910922634222026
3251,0.3117381492197345
3252,0.9738300892759639
3253,0.3161641658267507
3254,0.47391107946142697
3255,0.375151511006059
3256,0.35536521799055915
3257,0.45009709019921446
3258,0.4688885976692174
3259,0.49440595976179713
3260,0.5629589114112071
3261,0.7574621131861538
3262,0.4324006936663232
3263,0.18759656294071128
3264,0.3284935421951827
3265,0.603943636301287
3266,0.9745476923171824
3267,0.7442466280465315
3268,0.5292167436585121
3269,0.9764246830978475
3270,0.317197434926251
3271,0.6179277516116016
3272,0.2570719613374244
3273,0.3294977288995331
3274,0.35832367888656513
3275,0.4611880493761238
3276,0.44051856544143564
3277,0.7917532488009654
3278,0.7510122956711313
3279,0.9777806773024228
3280,0.29888836072361763
3281,0.33771524679021003
3282,0.5749412278816345
3283,0.5849783510983211
3284,0.5545634920243799
3285,0.2758739831419004
3286,0.39253942957361304
3287,0.35838202625355686
3288,0.8812648967220514
3289,0.4889472761876383
3290,0.6050990752570065
3291,0.3700930091945073
3292,0.5126734805288957
3293,0.9724393080454976
3294,0.3602669281955431
3295,0.7957305739145483
3296,0.4947451265589284
3297,0.38899473435003934
3298,0.9734925535243278
3299,0.5983708000409405
3300,0.3998915282011725
3301,0.5545474342767993
3302,0.32987457164559647
3303,0.5800707663023063
3304,0.39270139167239165
3305,0.791688217592744
3306,0.3169357661500041
3307,0.34363532955612835
3308,0.4970031201027429
3309,0.36126275044685313
3310,0.4526142691403185
3311,0.3778265569045908
3312,0.45007080555343243
3313,0.2569464296442932
3314,0.917132536420609
3315,0.3236714621434056
3316,0.4108606117208426
3317,0.791802389364976
3318,0.8613141250028539
3319,0.350007524524319
3320,0.25300489948385857
3321,0.4717575521014783
3322,0.8526615517796571
3323,0.31892321368589227
3324,0.30723868823367123
3325,0.8087349104335367
3326,0.3700672114686597
3327,0.3592582845945497
3328,0.7570679558092982
3329,0.8177330280066029
3330,0.5734966668951361
3331,0.3867337746470685
3332,0.4440321234645533
3333,0.26400288775585157
3334,0.9740439613686785
3335,0.48414028761196465
3336,0.9735468181704943
3337,0.8753165351039911
3338,0.4579696093461447
3339,0.32963134621659096
3340,0.9747134913544052
3341,0.2888069308769352
3342,0.9714895554165198
3343,0.29750472045967497
3344,0.2551889423072309
3345,0.48699786739947454
3346,0.5323804423834496
3347,0.35607143189572427
3348,0.8970524926080844
3349,0.28548621193160684
3350,0.4863388070961232
3351,0.5776094234310553
3352,0.9778255044327654
3353,0.516727743479017
3354,0.48933582834455086
3355,0.38837674687418827
3356,0.9751716904043604
3357,0.443432456322318
3358,0.47531863715254824
3359,0.6867362922323252
3360,0.2972718944473027
3361,0.36261334948640495
3362,0.3407968545715769
3363,0.6711744839197659
3364,0.8570178968489252
3365,0.26931720043761304
3366,0.7011109012192072
3367,0.44148360392368663
3368,0.982476644799363
3369,0.35193717845282885
3370,0.2802309812805303
3371,0.5044022435685349
3372,0.3825084355694834
3373,0.23822957852419246
3374,0.7616086121981306
3375,0.9479958556881334
3376,0.5963442470764893
3377,0.6009095673688117
3378,0.35873717590814763
3379,0.9780152123626359
3380,0.4520154445710598
3381,0.39526432335127965
3382,0.9778387073982566
3383,0.323586227971068
3384,0.7735746016328263
3385,0.5470066500573116
3386,0.43176941682565945
3387,0.8272919517263428
3388,0.4323541075503128
3389,0.8869524646024316
3390,0.41198746161979893
3391,0.1659550635576819
3392,0.6135137754789266
3393,0.5713745561197587
3394,0.4018484230361224
3395,0.7585647554805336
3396,0.8095342286334303
3397,0.25452698513318667
3398,0.34474367449116333
3399,0.3737899404046665
3400,0.3481317891027966
3401,0.4534932637151415
3402,0.6185155797168553
3403,0.37125163961788826
3404,0.4920587290949634
3405,0.43612072754754055
3406,0.9756155308378233
3407,0.3802698686175239
3408,0.8165558125352851
3409,0.3821598406594164
3410,0.4784248012829179
3411,0.41806173372421646
3412,0.27044745839258066
3413,0.4850755782351119
3414,0.5308622300885927
3415,0.9467151759804722
3416,0.31394656013001576
3417,0.9697560326892679
3418,0.9776324434156223
3419,0.3051670282549608
3420,0.4223992969808353
3421,0.6043217212509764
3422,0.19311190225358668
3423,0.4877046983349647
3424,0.48353692563775513
3425,0.6056715053416966
3426,0.41089700620393144
3427,0.7014016594873932
3428,0.22709942134493563
3429,0.4076765653580922
3430,0.7618542785557677
3431,0.45772439312239177
3432,0.40778797507564857
3433,0.4877922337020895
3434,0.3710109796157739
3435,0.41839680987164174
3436,0.9752088540785334
3437,0.5233924187465545
3438,0.3649713062926203
3439,0.41540908812209304
3440,0.5844504416680651
3441,0.8743287925991693
3442,0.8024078667954254
3443,0.5153374112440888
3444,0.44704502049060263
3445,0.9635863306978386
3446,0.19594060108249312
3447,0.47792935972581624
3448,0.4585094979717135
3449,0.3166574515428832
3450,0.3285119623595005
3451,0.19810464442405773
3452,0.4770169116279644
3453,0.4825019299731949
3454,0.9785345007873142
3455,0.8819531337839762
3456,0.3114934199649387
3457,0.8106835194149361
3458,0.9833784572061192
3459,0.9783885270203913
3460,0.6356784305665738
3461,0.3947037898704073
3462,0.6216340521778161
3463,0.3653123954763519
3464,0.2040617511965407
3465,0.9134636836197619
3466,0.31377231176542014
3467,0.45177270596569796
3468,0.4008428659649834
3469,0.6975184277282992
3470,0.3422838540931097
3471,0.3594221147249074
3472,0.674831985247685
3473,0.37132410807948907
3474,0.463565212249977
3475,0.5361819401036924
3476,0.2916473283082896
3477,0.2971979289656625
3478,0.4612198250278408
3479,0.6160837917838542
3480,0.5430245526657652
3481,0.8256018067678769
3482,0.3787168707170432
3483,0.9736138550194289
3484,0.979324767108495
3485,0.4690703583677955
3486,0.3899901141922965
3487,0.6870199931438727
3488,0.4172639282864849
3489,0.9736998447130262
3490,0.9728757275418666
3491,0.46480738212031486
3492,0.26637084754660806
3493,0.9700414271895558
3494,0.3840179182266114
3495,0.8090641876828721
3496,0.7829352240385776
3497,0.6094306172025853
3498,0.37524974576209863
3499,0.7967454188883775
3500,0.4889905465269681
3501,0.32267972616451945
3502,0.43148354820421053
3503,0.4868995425662747
3504,0.24333570593371312
3505,0.43150650220289544
3506,0.44438729327673027
3507,0.9808995369878387
3508,0.2901854771690766
3509,0.6151686552304468
3510,0.3585728810125209
3511,0.38253273302198787
3512,0.23499605257337933
3513,0.4611024311372714
3514,0.30662517004035217
3515,0.8664463452246617
3516,0.3461310572576462
3517,0.46254220009691066
3518,0.7708740925331279
3519,0.4766713405601941
3520,0.37297262210921295
3521,0.3666835935744774
3522,0.3758028931138108
3523,0.9080534517491374
3524,0.97408111531708
3525,0.3956008625806426
3526,0.3608866017358288
3527,0.8472615596796415
3528,0.5552179907085399
3529,0.6520941080474
3530,0.5134656051531532
3531,0.9758466204344964
3532,0.24852770994818932
3533,0.7347049552868907
3534,0.9730099339804097
3535,0.42965748912244855
3536,0.5510900710859542
3537,0.9788208878905396
3538,0.51832748675574
3539,0.8353361543884527
3540,0.25566442479780765
3541,0.5178145798870983
3542,0.4561837900400681
3543,0.8176927999359154
3544,0.41468953535586267
3545,0.9733637120059893
3546,0.37852719532829276
3547,0.5367462436405961
3548,0.25218310543073863
3549,0.968539149756609
3550,0.2042412214465045
3551,0.9589741661437521
3552,0.37355635828174777
3553,0.6646768437348443
3554,0.368698834723256
3555,0.5497653160555762
3556,0.5133501911414654
3557,0.8885966687999249
3558,0.552907067355699
3559,0.5619417300711155
3560,0.3289132675240504
3561,0.4280545293764508
3562,0.19700828768260129
3563,0.35998164798065524
3564,0.759999573168848
3565,0.3212094485860428
3566,0.3320010485423335
3567,0.3908466917976132
3568,0.7478414529982006
3569,0.536164950339276
3570,0.22043497532385914
3571,0.5267838379960427
3572,0.9707440387010399
3573,0.893688053450376
3574,0.2978191304683221
3575,0.8423018006694519
3576,0.2118758538478607
3577,0.4221772506985911
3578,0.9764721726468197
3579,0.8631604433713616
3580,0.4678625200296578
3581,0.7058279808705615
3582,0.8470346585786288
3583,0.30339255150249406
3584,0.8208742034380242
3585,0.36494737737094773
3586,0.7491795104675912
3587,0.9797480784100889
3588,0.5256933271957672
3589,0.3488584734908467
3590,0.31167914451731077
3591,0.5366684047849387
3592,0.3547888600024212
3593,0.36913346352073645
3594,0.7764957173348424
3595,0.9776383895244493
3596,0.3815884023212049
3597,0.32648615135471853
3598,0.19740262907746642
3599,0.42831268349661783
3600,0.3346209176115571
3601,0.4378523491001996
3602,0.9642083141992979
3603,0.8356197834554733
3604,0.7288385411803523
3605,0.7803914943752202
3606,0.5302163750881582
3607,0.7988888851747827
3608,0.3946862762666834
3609,0.30720953046780214
3610,0.35260237108383286
3611,0.12817824868430547
3612,0.4372477432246758
3613,0.9785566028626818
3614,0.4509056319733933
3615,0.9753122555692934
3616,0.8694664182577233
3617,0.28446070124918194
3618,0.8642718150790563
3619,0.652696357867465
3620,0.347732716506675
3621,0.23564880597118923
3622,0.21666847731843789
3623,0.5760112432377403
3624,0.5918567577268924
3625,0.9723713809671651
3626,0.7378413411638576
3627,0.6648092426505531
3628,0.4834992614114762
3629,0.5297564449654689
3630,0.3252029501608798
3631,0.29648128958414893
3632,0.5109954443123708
3633,0.4019176243944154
3634,0.47369080300252325
3635,0.24963171723835612
3636,0.3778114642169743
3637,0.8197037460901914
3638,0.9058886852825908
3639,0.480335003063132
3640,0.8941013702442605
3641,0.734745352510415
3642,0.6166771381095432
3643,0.3059754385770429
3644,0.8824817229327575
3645,0.3643264908160431
3646,0.4981953904055998
3647,0.3747476802609849
3648,0.23649893675982714
3649,0.47371866442476646
3650,0.5218047778762315
3651,0.4764741214815366
3652,0.37971320599570785
3653,0.853650801059537
3654,0.5969765788090751
3655,0.4667903163699991
3656,0.5334940180365232
3657,0.46285336902096047
3658,0.8305300743019646
3659,0.36735251538321273
3660,0.9788573759273946
3661,0.40084839504332376
3662,0.48085180800235183
3663,0.24452037019419537
3664,0.28775266708877867
3665,0.5415722943580067
3666,0.6791318553373581
3667,0.3068418222803351
3668,0.6384243544255958
3669,0.4199458819445705
3670,0.40602003642725654
3671,0.4455021164680746
3672,0.794775139094356
3673,0.5603891603602394
3674,0.7548604190711806
3675,0.3345237715216783
3676,0.30786408445432417
3677,0.37053713415322864
3678,0.32014306017210115
3679,0.2996453379442219
3680,0.8327256336701652
3681,0.42409067573146464
3682,0.5997678955219609
3683,0.6571948797199756
3684,0.3439067878696085
3685,0.31290161768371433
3686,0.5230518923052794
3687,0.36554241358066436
3688,0.7856507541048122
3689,0.9744828453711915
3690,0.271681075674801
3691,0.339736495928062
3692,0.9751558410380162
3693,0.8751400321620557
3694,0.47410959791239343
3695,0.44935368665182396
3696,0.3091922797494395
3697,0.36561378072138817
3698,0.6036220629661514
3699,0.6443552718061533
3700,0.26723318435122984
3701,0.7629843383850398
3702,0.4998715113736951
3703,0.7654859119477985
3704,0.7746705940151846
3705,0.2817767157674527
3706,0.8388495179835237
3707,0.4957909081586435
3708,0.6936439152968701
3709,0.6234995540508685
3710,0.8117383169225919
3711,0.3033847595543227
3712,0.42664108285878255
3713,0.9829957328200264
3714,0.7499831055790903
3715,0.29599721973415427
3716,0.30556839346628695
3717,0.9653184299727345
3718,0.32363870616793405
3719,0.2842936483787048
3720,0.5589464434930219
3721,0.7134318021223708
3722,0.9810966637873695
3723,0.3715199354306433
3724,0.37782838741746055
3725,0.4348703995430682
3726,0.44308397984644765
3727,0.6933570234557026
3728,0.3944643187077343
3729,0.5177447382499613
3730,0.2851549494023846
3731,0.4239559366082799
3732,0.9072753201867217
3733,0.5867118073682333
3734,0.6578656062014888
3735,0.35165199789623997
3736,0.3938215779867173
3737,0.41670789339079445
3738,0.768110597184266
3739,0.349114510821323
3740,0.21065866737769992
3741,0.35820193455349464
3742,0.8505857908134308
3743,0.22520878056714558
3744,0.3118019216512909
3745,0.3536179807809645
3746,0.8194453407383495
3747,0.29073256989906127
3748,0.4328062933747998
3749,0.3971562424587252
3750,0.9782998267941875
3751,0.7182364087598806
3752,0.373950054716061
3753,0.33140391290311116
3754,0.7957909497966247
3755,0.46416188574094513
3756,0.8078269781856672
3757,0.3676112066811726
3758,0.47731286387028166
3759,0.979136032083855
3760,0.22096937589703983
3761,0.292005180883987
3762,0.7116650337719207
3763,0.2672388441430764
3764,0.7897354912076212
3765,0.4591458333034033
3766,0.2665446193501049
3767,0.45162319115631977
3768,0.9784547779256879
3769,0.9787010733598948
3770,0.8178176771031515
3771,0.9726764703915359
3772,0.9798463042518187
3773,0.9094504067714145
3774,0.5802258315905321
3775,0.31625943298644876
3776,0.5710259472554964
3777,0.39351069295155733
3778,0.9733600867012187
3779,0.7599470185325888
3780,0.8975162674287551
3781,0.532158314199866
3782,0.45267532827229684
3783,0.6123978858263159
3784,0.844754765606659
3785,0.9780980422018929
3786,0.39680806287166276
3787,0.6925178639065468
3788,0.9770949050057522
3789,0.4483299210489635
3790,0.2899265265956889
3791,0.9731908593834747
3792,0.755420367587276
3793,0.30175369408912994
3794,0.4524884526761718
3795,0.36936335377218704
3796,0.7335733062690167
3797,0.3203635213697707
3798,0.5769346137194945
3799,0.4082988293181889
3800,0.359533058608041
3801,0.36037593786545075
3802,0.2683921404039944
3803,0.8744353234963427
3804,0.7388332844326196
3805,0.9792480673820069
3806,0.8339646632783831
3807,0.22473607335341014
3808,0.9802903187709218
3809,0.46188869300457963
3810,0.3889813725122065
3811,0.9739535553056345
3812,0.7623532992467416
3813,0.3511419559263648
3814,0.9719506587185692
3815,0.306275240474672
3816,0.7917820586187622
3817,0.6099526081770974
3818,0.34204527017792685
3819,0.7708263417108178
3820,0.49319738764247
3821,0.9780383462495149
3822,0.30385528855030525
3823,0.34885522432514643
3824,0.3051824403231894
3825,0.2520484491312487
3826,0.22106993033203817
3827,0.6035868602730257
3828,0.38592842142012757
3829,0.21854949578367333
3830,0.5425940511580162
3831,0.5903862749712828
3832,0.4350654026951237
3833,0.5334733119021994
3834,0.2965002978831564
3835,0.38626983059542885
3836,0.33661899029554326
3837,0.5836656733252427
3838,0.2503523396340263
3839,0.5031508349946482
3840,0.2447776181906245
3841,0.7970413296883319
3842,0.978210851498586
3843,0.6850402246005531
3844,0.45906115739096637
3845,0.4517754287227609
3846,0.8920112278178215
3847,0.3184100652232207
3848,0.8867786829225076
3849,0.40252420046226317
3850,0.4029974096790239
3851,0.4626568543988869
3852,0.26224322634638203
3853,0.37103754851455023
3854,0.8212838383457589
3855,0.3296234780996621
3856,0.45446592654764784
3857,0.6972245061583515
3858,0.4907554993010126
3859,0.3272508678489072
3860,0.640084521423365
3861,0.27700512115558745
3862,0.5998063957193356
3863,0.694579831287447
3864,0.8462032560397036
3865,0.8908516408642223
3866,0.3479166012537375
3867,0.33248618971292343
3868,0.38912367638770196
3869,0.38902949711654805
3870,0.8901858284152296
3871,0.969817133913237
3872,0.40761711560290026
3873,0.3411446143072176
3874,0.8605486576640446
3875,0.45152118385233075
3876,0.7997803643166579
3877,0.4632754187268202
3878,0.4231517689961899
3879,0.31136495689064275
3880,0.28339750803478775
3881,0.3570752561481019
3882,0.45615044268617283
3883,0.3175277723333016
3884,0.9703797372163577
3885,0.2813488637923462
3886,0.34408495731681815
3887,0.3525607147126051
3888,0.26347256059900054
3889,0.39418832973680623
3890,0.3390396196626311
3891,0.5338676264668104
3892,0.9780201495890021
3893,0.2010613211086628
3894,0.4232115064114035
3895,0.39243635926203096
3896,0.5597501486820938
3897,0.8770859849595336
3898,0.4147649852084931
3899,0.31751804742178263
3900,0.2602578140392297
3901,0.6608515227119759
3902,0.3090133360760278
3903,0.6338332121698443
3904,0.7194945492868975
3905,0.7506206869157808
3906,0.43842836762424303
3907,0.3337798675481134
3908,0.5972635283242679
3909,0.48504351103284743
3910,0.4318618897034112
3911,0.31159488228913385
3912,0.484649698955578
3913,0.4667679902453899
3914,0.32274453934855535
3915,0.9766466207823674
3916,0.7771642894299277
3917,0.33620892937044394
3918,0.6569637137987868
3919,0.3142001437982425
3920,0.5318623893103546
3921,0.2188600695429772
3922,0.9800298053227582
3923,0.37054191339669046
3924,0.7905256559916628
3925,0.7462077957342231
3926,0.36935977867709324
3927,0.9812500899514851
3928,0.9115834044472274
3929,0.8444160657927701
3930,0.27111511438607383
3931,0.4267626326379532
3932,0.5431030311089704
3933,0.34336046673649
3934,0.9790137364637045
3935,0.33901112881958584
3936,0.5002081393272443
3937,0.47103986643395546
3938,0.4915019358146513
3939,0.3139828465652343
3940,0.4588222035356948
3941,0.5687429807659535
3942,0.521383469377528
3943,0.42867079330645225
3944,0.15638592892884792
3945,0.37378783418089556
3946,0.35898562826119124
3947,0.4292287984253805
3948,0.3922526407122732
3949,0.26010177531929335
3950,0.3976260244305658
3951,0.44945272111310325
3952,0.3908685228271935
3953,0.22261475140446815
3954,0.4790001593353854
3955,0.4457721189022424
3956,0.42038193918219985
3957,0.2792362890996157
3958,0.9738373993098847
3959,0.5383980845419146
3960,0.47087023903844577
3961,0.2849653374991114
3962,0.30930040150959065
3963,0.34453283200574697
3964,0.3747753067483596
3965,0.7561741200932574
3966,0.4369911851442625
3967,0.46895326481783556
3968,0.7304390936332276
3969,0.6052760970126293
3970,0.40068427072905183
3971,0.9777126546805611
3972,0.4919156733569568
3973,0.5401772208282077
3974,0.7781509542007035
3975,0.5563220129265772
3976,0.3855860113087301
3977,0.5520312569451682
3978,0.8074385661546389
3979,0.4791482184295129
3980,0.9756550373719901
3981,0.2702059815524514
3982,0.336238185606956
3983,0.3625708108637275
3984,0.4228897504906323
3985,0.9751940229895483
3986,0.38993175326866275
3987,0.8797329457953645
3988,0.7067583878718314
3989,0.4421833153035597
3990,0.8280969549770217
3991,0.9778849584808152
3992,0.5069824310489969
3993,0.3704880470848591
3994,0.5514800493189602
3995,0.3276197544898369
3996,0.47516370068001473
3997,0.3034938751892448
3998,0.23892695982465528
3999,0.7725787750074372
4000,0.734906436568204
4001,0.3092954014557468
4002,0.297772090893533
4003,0.3682947109300965
4004,0.40984180995267905
4005,0.4565391932619987
4006,0.2999879229367612
4007,0.31676305338373373
4008,0.6313797230975043
4009,0.3339821375882699
4010,0.8918042034101216
4011,0.5436674967827549
4012,0.4096749997402466
4013,0.9725683406087032
4014,0.5846861548558518
4015,0.823577911699816
4016,0.6969414537165975
4017,0.5258824428752112
4018,0.9705805345691566
4019,0.5396482613122163
4020,0.972108269839128
4021,0.38576272390098354
4022,0.9659696942501849
4023,0.3647105887559161
4024,0.3231099547125137
4025,0.5278377871674634
4026,0.313741574047276
4027,0.352490505793335
4028,0.2842785040016464
4029,0.4336751382246866
4030,0.48008271915760536
4031,0.6150667557270925
4032,0.6149211778829368
4033,0.5175406458487586
4034,0.874399574467699
4035,0.26887487485625333
4036,0.8514986168571116
4037,0.628615706192836
4038,0.7832845285763118
4039,0.9479941244564926
4040,0.594232844432182
4041,0.8886877771858201
4042,0.7044821400502975
4043,0.9773545949541412
4044,0.6924585972563873
4045,0.7132811963463718
4046,0.7893713596322383
4047,0.3296950581697336
4048,0.33144455205863627
4049,0.22745115550227987
4050,0.4909242352214327
4051,0.44580768608297844
4052,0.9681686759984434
4053,0.9820248661027957
4054,0.9672334378800912
4055,0.9788032408605174
4056,0.3941935549569991
4057,0.38860139722456594
4058,0.5282088752211157
4059,0.31444516216577356
4060,0.9743879040279998
4061,0.4765463072130837
4062,0.3836657124081677
4063,0.3312580622326912
4064,0.22969976557893967
4065,0.34068084771736723
4066,0.9512770549363152
4067,0.5766744330460943
4068,0.29510092351286543
4069,0.2903400376442517
4070,0.41593192052848554
4071,0.28485276531397974
4072,0.3422866312940061
4073,0.5363018725945712
4074,0.509324048944639
4075,0.21416500407996208
4076,0.5223698179057114
4077,0.2518549070175679
4078,0.7085745773443569
4079,0.5879896687669044
4080,0.8827717093908306
4081,0.6977992765738904
4082,0.28977710522803796
4083,0.42906599992629335
4084,0.9693827412382316
4085,0.29548247619964585
4086,0.5413575442402457
4087,0.25966001613210254
4088,0.5504941938625499
4089,0.39655561968977454
4090,0.2860106575889981
4091,0.3185465947956196
4092,0.4311986802956089
4093,0.828676321378321
4094,0.26846441346792727
4095,0.32342754204068774
4096,0.320525990596683
4097,0.42580873804982405
4098,0.38983188080998765
4099,0.9770663273512284
4100,0.41439451850881354
4101,0.4216660734028133
4102,0.5125037251073351
4103,0.19889254283081423
4104,0.9801427814542599
4105,0.5443279381818243
4106,0.9787254230500748
4107,0.730316553424332
4108,0.9788911585595912
4109,0.3687294695261909
4110,0.38908148922037206
4111,0.43430209569210865
4112,0.9664825673815208
4113,0.452934029557106
4114,0.4085501372780231
4115,0.7838853514596362
4116,0.9790655092941917
4117,0.4939392259839193
4118,0.43802909134519613
4119,0.6008650758849431
4120,0.765530058924002
4121,0.97527584890873
4122,0.2992027292453822
4123,0.6635578823693252
4124,0.25966448774713946
4125,0.548742458852336
4126,0.1999752072799431
4127,0.46348209464867146
4128,0.9542921634035227
4129,0.3639256911686109
4130,0.5669360441272233
4131,0.6582643712755465
4132,0.4959174907263053
4133,0.3356715309311073
4134,0.48298400555201093
4135,0.43687403658379925
4136,0.8835197600663229
4137,0.338792065734719
4138,0.33554192316130305
4139,0.859298186506329
4140,0.49704162691416515
4141,0.4608589816134924
4142,0.8196828740783034
4143,0.3550156839737039
4144,0.3334677026789858
4145,0.8321985181831361
4146,0.3487821245320006
4147,0.5349870254762106
4148,0.30314206832655993
4149,0.6677382026594826
4150,0.341192149877136
4151,0.4855207400947435
4152,0.2677291661021913
4153,0.49196455799321154
4154,0.2583113798647919
4155,0.3481989096946095
4156,0.2279518377564198
4157,0.8996624611387601
4158,0.9661991614245892
4159,0.5251815019771097
4160,0.4297403926400681
4161,0.5063766885036749
4162,0.38218553627922
4163,0.5302990105620439
4164,0.7488938020502512
4165,0.3868603176849032
4166,0.16908939673370824
4167,0.49299592306218654
4168,0.7327705433333986
4169,0.579089838338971
4170,0.45786861434995135
4171,0.40380863847034326
4172,0.5112326975576982
4173,0.7374993686241593
4174,0.2810326288357761
4175,0.46946050975706966
4176,0.8952331814950409
4177,0.27307334592281285
4178,0.9773845483676876
4179,0.9762162124902177
4180,0.41746634479258216
4181,0.4662572722662473
4182,0.48222587520937105
4183,0.8985667812918039
4184,0.45026884471259415
4185,0.37116916125499966
4186,0.5286478888764874
4187,0.3375502314262609
4188,0.8827892253420465
4189,0.4235139338976792
4190,0.34725169133942707
4191,0.8767427234491536
4192,0.22173856401748115
4193,0.26655631956688214
4194,0.27809580976167797
4195,0.2954390808692278
4196,0.31785971016421705
4197,0.9009169520643279
4198,0.8057704894864993
4199,0.8139847297145443
4200,0.8150323371321425
4201,0.8332320154268299
4202,0.645190569648319
4203,0.6362851071628782
4204,0.3049473442917075
4205,0.5235581273347952
4206,0.5770562525363784
4207,0.8311234921763538
4208,0.2367347841210341
4209,0.3390278030657142
4210,0.3007031976824999
4211,0.524631456011045
4212,0.4377830116373161
4213,0.9716103611660364
4214,0.7800515240906615
4215,0.19772603199690186
4216,0.6050077757300046
4217,0.8935371450341446
4218,0.6940511282080052
4219,0.43336332523199594
4220,0.4147315415959705
4221,0.5783778801108558
4222,0.31161040046005334
4223,0.48902261034430605
4224,0.28886182549960565
4225,0.48242098092555824
4226,0.59767590346419
4227,0.27023119508278043
4228,0.34879016053289336
4229,0.895505933918764
4230,0.38882767894083087
4231,0.4967760539430359
4232,0.626114628184784
4233,0.4173947146665243
4234,0.7682839750230633
4235,0.40514296090626384
4236,0.2910056640929876
4237,0.4385254328820784
4238,0.8312220823615545
4239,0.566640928077065
4240,0.2596909742423488
4241,0.4053753073540934
4242,0.2602329258745389
4243,0.5861941620008304
4244,0.3298254102767978
4245,0.38148982408716675
4246,0.4814686735447551
4247,0.7459722286371734
4248,0.4780809192474716
4249,0.3206175722369497
4250,0.6932597395618965
4251,0.3841903870990186
4252,0.5500653459355264
4253,0.258605692191106
4254,0.521295765201308
4255,0.2307739775369185
4256,0.255306477499371
4257,0.41209560666961575
4258,0.4220826139321759
4259,0.47967022758677497
4260,0.3237859034669895
4261,0.5223898573619178
4262,0.20593340276952024
4263,0.4251768420116453
4264,0.4118187582512274
4265,0.4942857599077369
4266,0.3223732922610884
4267,0.9718867932074637
4268,0.977029872086035
4269,0.298045732916109
4270,0.5339830074949061
4271,0.27099261537116476
4272,0.41979298684443567
4273,0.5870842770291561
4274,0.3986938108008086
4275,0.30851177992692214
4276,0.495292238481664
4277,0.7169405685885942
4278,0.5772536778438516
4279,0.5434389633123292
4280,0.24671689424335455
4281,0.28784456816481097
4282,0.5050100919273183
4283,0.3329034913573018
4284,0.9715184336126209
4285,0.657981302056634
4286,0.7901026292525307
4287,0.40293892337638043
4288,0.7435642810658489
4289,0.9590139529791363
4290,0.27594503667277304
4291,0.3332052498540333
4292,0.440424854596813
4293,0.3597177680680416
4294,0.2850385328381191
4295,0.40550518960155296
4296,0.4505480731308544
4297,0.48752001763109526
4298,0.3964537803687113
4299,0.8945437572603722
4300,0.47146907157117424
4301,0.7983031958101515
4302,0.7467355127076448
4303,0.8858434733249293
4304,0.2921059385644761
4305,0.9769114231321704
4306,0.48789168123130117
4307,0.31338669172991523
4308,0.4894839800623975
4309,0.2907693183634317
4310,0.3236366572193901
4311,0.3323452136807851
4312,0.890562065936506
4313,0.8300507053872129
4314,0.41588616959374264
4315,0.9749795752956724
4316,0.9746266816121664
4317,0.4718836815475866
4318,0.965021443611724
4319,0.7903442872398024
4320,0.29212979335753136
4321,0.9782991610372588
4322,0.3443262472038023
4323,0.9556257908365753
4324,0.969744302728914
4325,0.35855143085062763
4326,0.36427313569525305
4327,0.2648693088135068
4328,0.9764003867540841
4329,0.7550476806918782
4330,0.7687187540148305
4331,0.26993582755443
4332,0.8531485333605539
4333,0.9822839109760073
4334,0.36056086101538165
4335,0.8018279655057485
4336,0.24990151518150383
4337,0.27179027507338543
4338,0.850957539858753
4339,0.5607013831371489
4340,0.8778262362820867
4341,0.34762529312828333
4342,0.413281736568413
4343,0.41849885587823277
4344,0.33439477771210907
4345,0.27830516415251827
4346,0.5399061358289927
4347,0.26122533749085713
4348,0.39227816309775165
4349,0.977922077348672
4350,0.390540983610407
4351,0.8765129231328811
4352,0.37707332604796856
4353,0.8060427977384998
4354,0.48963482956860815
4355,0.9808587987923089
4356,0.2770253699302367
4357,0.5627748206061275
4358,0.9770727091788355
4359,0.6465408945203296
4360,0.9651362566200912
4361,0.7535331100346528
4362,0.4020549130868987
4363,0.39847479741422936
4364,0.728336438961967
4365,0.37729002617599355
4366,0.5143794423580276
4367,0.19647949255751784
4368,0.98259363675472
4369,0.3278138089957639
4370,0.9794657347324375
4371,0.792049297218535
4372,0.6700809254044399
4373,0.6247552061298958
4374,0.37452174778454395
4375,0.38711764317160524
4376,0.4424135282568611
4377,0.893424438257782
4378,0.3569626677295696
4379,0.7850458573110682
4380,0.8966591598307572
4381,0.2629078365104243
4382,0.8127299003982486
4383,0.6328412198825856
4384,0.415839224203985
4385,0.36507038240615647
4386,0.327214113373555
4387,0.7008915640097954
4388,0.79889788820965
4389,0.38480284678459986
4390,0.4643655036026439
4391,0.764894214321024
4392,0.3564603978310134
4393,0.8928023936660109
4394,0.8088893165897515
4395,0.393766133764766
4396,0.47240814653329927
4397,0.44811526342918095
4398,0.8842606805947838
4399,0.9709609844654437
4400,0.36907403597551686
4401,0.7200460922086376
4402,0.5908322635026423
4403,0.32548887658462905
4404,0.3048168252728474
4405,0.3700028356503959
4406,0.5253273290497603
4407,0.8623984214736469
4408,0.4792053589648741
4409,0.37142952409945296
4410,0.6257969684005892
4411,0.8701071515853561
4412,0.27114419123370986
4413,0.4611171044275282
4414,0.7449280586632345
4415,0.8088776722325658
4416,0.7563338020406594
4417,0.29121840997909915
4418,0.35196928089236373
4419,0.583141555453406
4420,0.2959819687482966
4421,0.7858623090335614
4422,0.9751013889685453
4423,0.7860290577116068
4424,0.48415529562214865
4425,0.5135902667276594
4426,0.3888441737415687
4427,0.8411233056985988
4428,0.6910362458051839
4429,0.5405057702505903
4430,0.7243991339261523
4431,0.4759865342222704
4432,0.2841478225811718
4433,0.4596242908435162
4434,0.4051874500058137
4435,0.9732356293286589
4436,0.9707486565851706
4437,0.9762773071103888
4438,0.46776258718903846
4439,0.45243448644227996
4440,0.34816182968276693
4441,0.8849144981223523
4442,0.7983932520544682
4443,0.544987285182505
4444,0.31996253560261395
4445,0.2804646983351536
4446,0.35713099127521525
4447,0.3485040945569027
4448,0.3161103468536743
4449,0.24287377366501559
4450,0.24121782238967557
4451,0.853232059088255
4452,0.3474964774801094
4453,0.37948080567383213
4454,0.660698817632024
4455,0.8666431227690885
4456,0.9678505195466166
4457,0.421452530786973
4458,0.4742318626717202
4459,0.4780634755035405
4460,0.7151749944496402
4461,0.34182390868889584
4462,0.38061225193360876
4463,0.4041960827761118
4464,0.3863642747587275
4465,0.6656235577468835
4466,0.3248302296655148
4467,0.31770399966066876
4468,0.9711280310683269
4469,0.9787032235781141
4470,0.760564110994001
4471,0.3356928227543465
4472,0.8986271262149085
4473,0.7258037545980273
4474,0.4264415273444997
4475,0.7809177321721735
4476,0.4272257429382271
4477,0.39252487495687677
4478,0.46120163797403774
4479,0.44876861878785057
4480,0.31039253621112234
4481,0.38459030231914765
4482,0.717521694645935
4483,0.4584349608633751
4484,0.9634563168895361
4485,0.87868779404645
4486,0.8796013482872517
4487,0.8254234739744483
4488,0.23901177076294186
4489,0.44624539759870424
4490,0.3969200866344676
4491,0.3590851913491595
4492,0.9118553352810812
4493,0.7809761334341991
4494,0.3230394928060519
4495,0.368473128771887
4496,0.6613520509239175
4497,0.3224476614773934
4498,0.3346609312356777
4499,0.776275441268699
4500,0.30786072046109886
4501,0.8483381452175497
4502,0.48389768503549613
4503,0.352457876287439
4504,0.39292802737314475
4505,0.5647040944448961
4506,0.9674604830988196
4507,0.5312399396153812
4508,0.9291041014333151
4509,0.37645622068232193
4510,0.8266353696262628
4511,0.7038991446135512
4512,0.48318107497839374
4513,0.4076009981886015
4514,0.40622387539341004
4515,0.8362404688085764
4516,0.8318116574415767
4517,0.485456609485049
4518,0.5141205174721241
4519,0.41607030748584223
4520,0.4553930347437212
4521,0.4318173814836337
4522,0.8166015309777618
4523,0.4027000272881645
4524,0.44360354262630636
4525,0.3030988984519552
4526,0.6108959968828708
4527,0.22473164889991845
4528,0.24216443784984246
4529,0.3461530798317747
4530,0.8707619083107158
4531,0.46118443038010515
4532,0.7145077904642659
4533,0.30480854837213467
4534,0.37444491609658165
4535,0.471008132982959
4536,0.5725554605710469
4537,0.7756902202318273
4538,0.7755293297780669
4539,0.9797327263363852
4540,0.3076721473794233
4541,0.3360255124218959
4542,0.7045631209293491
4543,0.17626509391763134
4544,0.36901419664905794
4545,0.5926896869394264
4546,0.37725606213150414
4547,0.5927314312118549
4548,0.9725024114473416
4549,0.7423935957994944
4550,0.34965994097673986
4551,0.3412917295112045
4552,0.7826014476677616
4553,0.3531805910617001
4554,0.3596079999617487
4555,0.36975644708074923
4556,0.32031386509516196
4557,0.27795869065924617
4558,0.39169103108416586
4559,0.7605523740891913
4560,0.8237743802405991
4561,0.2626395706496825
4562,0.48386672499637556
4563,0.2599984397645561
4564,0.4381381681067032
4565,0.33981022374906217
4566,0.5201222893173659
4567,0.5740952403941488
4568,0.2619234159550194
4569,0.9130132955527053
4570,0.3398573526656136
4571,0.861069878346906
4572,0.4921313517415431
4573,0.8472048359870401
4574,0.46212841567994306
4575,0.4784457149490826
4576,0.4610752992093863
4577,0.25934831997034063
4578,0.2522187632784269
4579,0.33409603061007087
4580,0.31777156411421964
4581,0.6752892582178905
4582,0.727541721679601
4583,0.7316716586619911
4584,0.4336697679635126
4585,0.521406514043547
4586,0.3695285277374227
4587,0.38133630089823695
4588,0.4359646242100244
4589,0.31870824905304
4590,0.37533432579665593
4591,0.4538701461791607
4592,0.4261024666812594
4593,0.3236555633975972
4594,0.4156848628550911
4595,0.2864532398197853
4596,0.3679397113015974
4597,0.37775538269594516
4598,0.9615217449403621
4599,0.39268818471114314
4600,0.8335780022877546
4601,0.33866931602122047
4602,0.4374889373977364
4603,0.45299088979835767
4604,0.8507522904996413
4605,0.5145593848452609
4606,0.3656142337392847
4607,0.9788179314969332
4608,0.8708219073439943
4609,0.6908298886031656
4610,0.640406262125924
4611,0.3710973136504086
4612,0.4110173387386882
4613,0.38810657294349693
4614,0.5875091680669489
4615,0.6777526326492634
4616,0.29515649026224716
4617,0.549402161014121
4618,0.7743595025013675
4619,0.7805212205450737
4620,0.24672165547061117
4621,0.36892950829731025
4622,0.4544903814305572
4623,0.42792762426213166
4624,0.2777094140658189
4625,0.3534805288864591
4626,0.3711072283136965
4627,0.3851435988088931
4628,0.3151896607307532
4629,0.27391750788790725
4630,0.42322974295057375
4631,0.35014695941963486
4632,0.907641119568995
4633,0.3857747201488322
4634,0.49252373389393567
4635,0.2958655158234414
4636,0.4875989612841889
4637,0.7215777314746581
4638,0.8286388998275717
4639,0.4565089579142905
4640,0.4599685358383793
4641,0.4309169998431119
4642,0.7370989346179116
4643,0.36537020944925436
4644,0.5575330877582458
4645,0.49252691898569756
4646,0.4027210995467477
4647,0.9753649037798344
4648,0.9794967741744048
4649,0.3630043356423973
4650,0.25528874361832976
4651,0.786347969167121
4652,0.21515515603389357
4653,0.2415946067136948
4654,0.493440765182717
4655,0.37314154166765995
4656,0.30196553135513493
4657,0.3105303685231857
4658,0.7965810911553378
4659,0.3252564010220806
4660,0.8941546925135052
4661,0.41035967129200684
4662,0.8588871510401251
4663,0.9691162784454388
4664,0.36891632468199037
4665,0.357297378869921
4666,0.49118355775030187
4667,0.6398149385989993
4668,0.3182612432992223
4669,0.6912588182530494
4670,0.2544027924933618
4671,0.4527388379267494
4672,0.4140581435141592
4673,0.8023958279271587
4674,0.45633204537147937
4675,0.9729071957452797
4676,0.5865511182859812
4677,0.7520666578721903
4678,0.5193334704059026
4679,0.31327891029595967
4680,0.49765198081279666
4681,0.5901616212874407
4682,0.919368787696167
4683,0.2002748762726276
4684,0.8872812168550749
4685,0.6322028174466465
4686,0.3663884702302836
4687,0.38363989412714083
4688,0.295600153957352
4689,0.5268479410111812
4690,0.3033667003748945
4691,0.36550403130984727
4692,0.3483084488815815
4693,0.7249767766974435
4694,0.36128622508228175
4695,0.661764164868747
4696,0.8401038024826194
4697,0.4506023147767346
4698,0.9800012780706506
4699,0.18910806496895502
4700,0.9777880814027079
4701,0.7131483735801071
4702,0.31410562877461956
4703,0.8932776733688484
4704,0.3887006975269165
4705,0.7957915278529354
4706,0.3507514526613094
4707,0.4372551895545029
4708,0.6812292181140064
4709,0.32984806200156586
4710,0.6078311590821716
4711,0.5572898867425023
4712,0.8689589686658395
4713,0.9743880316242556
4714,0.20555040916814057
4715,0.39758425857124285
4716,0.3943308648669766
4717,0.736540086735518
4718,0.23414666079875326
4719,0.83537668104441
4720,0.4940385488666008
4721,0.4279245186596154
4722,0.29748914678630256
4723,0.39359280299896166
4724,0.28528730382833684
4725,0.6361230735045534
4726,0.3489049975299346
4727,0.33061318789055155
4728,0.6330503089462746
4729,0.9784160115352312
4730,0.711515824515487
4731,0.4709692002449781
4732,0.3419258353326211
4733,0.34245181588769547
4734,0.7114136000216348
4735,0.2811633402533345
4736,0.3822819231842735
4737,0.8316228874288013
4738,0.7504259817179187
4739,0.6235182962866818
4740,0.36670822461544267
4741,0.6021643709519794
4742,0.350011394501462
4743,0.34138731825449814
4744,0.4554053280761987
4745,0.6602585892153605
4746,0.2419786420856557
4747,0.61843823444277
4748,0.7961908491855064
4749,0.9784007400141688
4750,0.9742998150323398
4751,0.9567095806531581
4752,0.9586266848919861
4753,0.38446228011817746
4754,0.7517065329834324
4755,0.3633063389037224
4756,0.3473462040958753
4757,0.8148599099339523
4758,0.28478876426625965
4759,0.9727476040590064
4760,0.4596701664693062
4761,0.9797360588348772
4762,0.47228611770351464
4763,0.9808453174786997
4764,0.21323730309740507
4765,0.23368131756183938
4766,0.5000833688550238
4767,0.4998119132196616
4768,0.23816349079985488
4769,0.4825389264864825
4770,0.3862857145654343
4771,0.44239194190207204
4772,0.7732572066039896
4773,0.3773975893006352
4774,0.8950484773764078
4775,0.7769033587140957
4776,0.5087836133256886
4777,0.25191257243716475
4778,0.8906003345344651
4779,0.43873579223881504
4780,0.33808871958250775
4781,0.2749116909349476
4782,0.3365471192089875
4783,0.40598888727738286
4784,0.8290452655909245
4785,0.9779383702972714
4786,0.24260859767051302
4787,0.9677855278373961
4788,0.2980557223924602
4789,0.6024456689226803
4790,0.30398067371670684
4791,0.39176282376887595
4792,0.28108491581250866
4793,0.6761511798962135
4794,0.25668303422955246
4795,0.9736225909447613
4796,0.26930973482976184
4797,0.6516206898980358
4798,0.4186950782984531
4799,0.45207446381061994
4800,0.7135867130084121
4801,0.4080419257109644
4802,0.24485257101656746
4803,0.38580304214194827
4804,0.24695579615548047
4805,0.5529885547347936
4806,0.3435907018584084
4807,0.9054542406349553
4808,0.2583362217705237
4809,0.5444543008229391
4810,0.9755906123705204
4811,0.9740885771612687
4812,0.3131469588092955
4813,0.3305917387536174
4814,0.8046880494889574
4815,0.40283483803951636
4816,0.5544448275081426
4817,0.7661427641719114
4818,0.797694028253158
4819,0.39089229473542625
4820,0.7618452360921664
4821,0.5475506805044227
4822,0.7671148805722372
4823,0.27977222653144734
4824,0.9786502330929898
4825,0.8078374379127604
4826,0.3897742406070918
4827,0.6759314130460403
4828,0.2817639586703315
4829,0.7750994706543364
4830,0.7367986105096437
4831,0.380307231372696
4832,0.38556943692229523
4833,0.9767687839595686
4834,0.3929294849392176
4835,0.3689823230237166
4836,0.4658007674716376
4837,0.9722124949574477
4838,0.26908530898185873
4839,0.2988368633394367
4840,0.6131180054082883
4841,0.9067879475903456
4842,0.680476731895769
4843,0.40784095396236936
4844,0.1706124269007766
4845,0.3813929294052323
4846,0.23797850083891614
4847,0.38743061442145715
4848,0.40691528099696034
4849,0.7926312820477772
4850,0.41466028241454467
4851,0.3339980363109872
4852,0.5731645492661338
4853,0.38967753136217115
4854,0.37428609046365663
4855,0.45121032005334866
4856,0.4876660320161639
4857,0.6690371876333611
4858,0.8267740959642205
4859,0.24552239280427537
4860,0.48761397435114384
4861,0.7602031926613882
4862,0.562307583295136
4863,0.42279823716252646
4864,0.40087701170192824
4865,0.31064813264299135
4866,0.7861301333016559
4867,0.28989704557005674
4868,0.5737401449451713
4869,0.7325044313607264
4870,0.300762438705632
4871,0.6092639974619883
4872,0.9812835392524581
4873,0.47742650462065267
4874,0.42055523702526193
4875,0.4573059878034038
4876,0.43029552835377705
4877,0.44749932718252206
4878,0.5774687780973699
4879,0.44565828229673904
4880,0.182678771107691
4881,0.23534704198676248
4882,0.9826138083294597
4883,0.8150633304833367
4884,0.9730098523032624
4885,0.35904081210852307
4886,0.4420218194227845
4887,0.7622735554760811
4888,0.49862354454527397
4889,0.29872907210477595
4890,0.5498934182852624
4891,0.40298988183606954
4892,0.3842357389919017
4893,0.813145353940394
4894,0.428630372397704
4895,0.3328706859237607
4896,0.7780507979334846
4897,0.4638276749638585
4898,0.2741589807849843
4899,0.37284118355716034
4900,0.5162841541602379
4901,0.8055768629152428
4902,0.32453732804675267
4903,0.3685822099517409
4904,0.4357948899756045
4905,0.5228445541873376
4906,0.35006382048802037
4907,0.882611774202083
4908,0.536779494662592
4909,0.5705615041704553
4910,0.7233406973632021
4911,0.8453580363433285
4912,0.8606680029164865
4913,0.8777299133872885
4914,0.3796870486701031
4915,0.8448806813503761
4916,0.9743590145123008
4917,0.3004469852655202
4918,0.9795836058037503
4919,0.9767025173791345
4920,0.4033477445412365
4921,0.6209264381543023
4922,0.7771456317435183
4923,0.9746034474740717
4924,0.4414369782303594
4925,0.3795260580270059
4926,0.7948178174800805
4927,0.8897009823915566
4928,0.36106725182020777
4929,0.9807278668956411
4930,0.4281007259534643
4931,0.4632035173858499
4932,0.3517292915857066
4933,0.7660266415021115
4934,0.819942384844107
4935,0.22310218488268277
4936,0.9815626518739998
4937,0.4113986903135651
4938,0.4396099531480073
4939,0.4552743526394849
4940,0.3196914780363029
4941,0.4042644445082065
4942,0.48156062356947604
4943,0.3956707245883598
4944,0.3936352904967227
4945,0.4514666317781777
4946,0.6878066830600673
4947,0.41681700605715605
4948,0.3751629468037992
4949,0.29898037242109354
4950,0.568427704841051
4951,0.4694777738397773
4952,0.356624077818654
4953,0.3978803610913079
4954,0.43335808498745054
4955,0.46801528488292066
4956,0.742918860544885
4957,0.3137386598667408
4958,0.5391361286354338
4959,0.3835675213628961
4960,0.3699228307357986
4961,0.759868824003
4962,0.4071200680520684
4963,0.321145162917289
4964,0.2946416757698543
4965,0.341551210216735
4966,0.8029610803793887
4967,0.34442619585584433
4968,0.4677931969515788
4969,0.3182408271255222
4970,0.5320698067767561
4971,0.8189591241013817
4972,0.5199345026950247
4973,0.9760409966575145
4974,0.5221764187440888
4975,0.4373783497582023
4976,0.5592938442709404
4977,0.27641128243409946
4978,0.298034116621213
4979,0.2496909999674312
4980,0.2938542734252914
4981,0.39322471808109233
4982,0.5402267830613334
4983,0.8548270580505987
4984,0.5262952517925605
4985,0.6140282789533845
4986,0.8444537763561367
4987,0.5718544337825083
4988,0.7745352389560857
4989,0.6568237282613737
4990,0.7299550223772492
4991,0.2919387749679612
4992,0.47300138623806626
4993,0.35958621205866964
4994,0.5138913195033545
4995,0.40178202245661
4996,0.7483594454676488
4997,0.9772799769759676
4998,0.7766198382634228
4999,0.3796813829593452
5000,0.8927059999271411
5001,0.8913919854653249
5002,0.6121330219219318
5003,0.6222458633163187
5004,0.9748724637334726
5005,0.2038139348859885
5006,0.5226820352799573
5007,0.46136453296378566
5008,0.40875789088319453
5009,0.7758120885326898
5010,0.4006550139340992
5011,0.3803939232931283
5012,0.3363853048968471
5013,0.9762493522894328
5014,0.5726835845196395
5015,0.2974267391874424
5016,0.439973081111531
5017,0.49416389125659954
5018,0.45883346626198485
5019,0.48535078122725844
5020,0.5483160109213566
5021,0.9086208341118821
5022,0.240745579558319
5023,0.32393600756110913
5024,0.978939063945881
5025,0.4314195382811283
5026,0.3945788640474097
5027,0.3572834086194992
5028,0.3290362509392482
5029,0.2272645926848108
5030,0.2759181853522626
5031,0.2297529040766806
5032,0.9780313811820126
5033,0.8424889912902844
5034,0.5387324763156994
5035,0.48898674145022164
5036,0.2867341142398496
5037,0.485688778243877
5038,0.4679028407900621
5039,0.29937512649534515
5040,0.8157888704347324
5041,0.48395068875571473
5042,0.3409841238709927
5043,0.2982100828355269
5044,0.43423603819062717
5045,0.31831131935758045
5046,0.27066807507830576
5047,0.5685428670472
5048,0.47117019132262494
5049,0.6023934788791095
5050,0.3991061470729093
5051,0.3741091960234955
5052,0.9809176237295759
5053,0.523391729281998
5054,0.9716103166574004
5055,0.6318980971116521
5056,0.4020663305078649
5057,0.5656609379449856
5058,0.3026722278196668
5059,0.39952498189373364
5060,0.7331449630250741
5061,0.38875069399896955
5062,0.7156715488500925
5063,0.42289971021072675
5064,0.9779745537914835
5065,0.4553907561977353
5066,0.24932742659439086
5067,0.30883097932030146
5068,0.4367373481324475
5069,0.3613704100339783
5070,0.5443784163963499
5071,0.776272770478554
5072,0.3128884246822438
5073,0.9744009660070314
5074,0.27540942528619244
5075,0.2397168124075941
5076,0.3035030984260187
5077,0.4472247911234462
5078,0.4743291313546045
5079,0.40629644645275764
5080,0.6931389554280997
5081,0.9837764957515723
5082,0.296765766102806
5083,0.44958322868980377
5084,0.3538582362045326
5085,0.6438171482747167
5086,0.9803353475311166
5087,0.7995230924299843
5088,0.2355339530384192
5089,0.3562842798121601
5090,0.3475321363543878
5091,0.7979632659922814
5092,0.4800572256376845
5093,0.4110128821005286
5094,0.3778097415880746
5095,0.4723912613287566
5096,0.45666331471274285
5097,0.3084561676233083
5098,0.701841726252634
5099,0.37175626287951297
5100,0.9720038650765717
5101,0.5207419661989771
5102,0.2582557020357583
5103,0.5027340596874768
5104,0.4315912719047048
5105,0.7011648351924468
5106,0.8522195913174094
5107,0.9825167982555839
5108,0.47016551322643524
5109,0.5783894253243298
5110,0.7860404785989021
5111,0.4780244870062849
5112,0.40041244059345643
5113,0.3650833269183977
5114,0.9780163991239759
5115,0.7499903951154456
5116,0.4639133576606415
5117,0.8406561312693593
5118,0.7684416865931086
5119,0.6701922986000143
5120,0.4009122014234088
5121,0.5266210923446174
5122,0.5842664570805388
5123,0.5203502070238913
5124,0.8760314710414124
5125,0.3994022832725171
5126,0.44820821581117
5127,0.3826908222646228
5128,0.3882137300208137
5129,0.3740164770681827
5130,0.38805980229795684
5131,0.3060832843914902
5132,0.32908306561887546
5133,0.6725258612514743
5134,0.4744707524403297
5135,0.7527260294985073
5136,0.26914483248784143
5137,0.23881802562770713
5138,0.5034969225813047
5139,0.7589192308668484
5140,0.27762129033486427
5141,0.8661696791735841
5142,0.42337389257055563
5143,0.24255423537025225
5144,0.7293422656077748
5145,0.8658130049757459
5146,0.9738404595819438
5147,0.3596825845510337
5148,0.33580606454940404
5149,0.966630891177991
5150,0.4914977693650446
5151,0.8518204275944341
5152,0.5559334713661368
5153,0.351587707181973
5154,0.6004780818462903
5155,0.370446012866913
5156,0.4531614572882304
5157,0.3906406787881489
5158,0.4543729160093024
5159,0.3923945384601599
5160,0.2894891955370718
5161,0.34364134662293794
5162,0.44423987183820346
5163,0.8645195872254022
5164,0.4236670544817199
5165,0.8721283236426464
5166,0.4386974074098922
5167,0.16825981042188345
5168,0.8848177254683823
5169,0.244173859731279
5170,0.48479598363199733
5171,0.2617442348896151
5172,0.2867172493253998
5173,0.9684463002622606
5174,0.5469284291341231
5175,0.6428983742039095
5176,0.31345995145728545
5177,0.6679142658494591
5178,0.3495911155343743
5179,0.3262036266159401
5180,0.8620929709192109
5181,0.5207590971456842
5182,0.8003832430649847
5183,0.2426835983029794
5184,0.7288363603274558
5185,0.5265551535098502
5186,0.7552572858615454
5187,0.9261059294196364
5188,0.4592720641053433
5189,0.7643731669465242
5190,0.31624829741332156
5191,0.5162299627202712
5192,0.23692924977097637
5193,0.31611623230990865
5194,0.8088840399957338
5195,0.7821067082054296
5196,0.8118360245656193
5197,0.22431950173877366
5198,0.29283383505660504
5199,0.5380340154014535
5200,0.8152080477339944
5201,0.7774483392413081
5202,0.9471801247053836
5203,0.8832759070223423
5204,0.34320348226621983
5205,0.7601640714924859
5206,0.3068043964668478
5207,0.807272029363811
5208,0.3348591889547006
5209,0.8586069071010619
5210,0.5005861370323307
5211,0.5630920814302576
5212,0.6754528084539743
5213,0.7088660927607257
5214,0.7653945540333341
5215,0.41960378647388535
5216,0.8329868749726034
5217,0.3229718275154224
5218,0.4441020428715703
5219,0.7834027765595447
5220,0.7940829431793642
5221,0.5181441112590682
5222,0.34196552205358083
5223,0.48876746514628727
5224,0.37268940633650954
5225,0.9717398474131339
5226,0.27268105063763043
5227,0.7618373887224476
5228,0.29526952728226935
5229,0.39298729254953396
5230,0.6227457892600055
5231,0.7419221729635384
5232,0.30896949946867486
5233,0.3958582676557902
5234,0.4531243841303347
5235,0.3185318368416295
5236,0.4665662594311169
5237,0.978698372299562
5238,0.5738725668962221
5239,0.9782264971104567
5240,0.5507980168735115
5241,0.8348094841329959
5242,0.9033802220561112
5243,0.231959581751213
5244,0.42242966954665345
5245,0.8407242812367305
5246,0.5946289838975866
5247,0.24831915735401536
5248,0.34029735518900556
5249,0.4198892358303988
5250,0.5387159178655078
5251,0.58736927327704
5252,0.8816624274174759
5253,0.4908425588378904
5254,0.38383086910001385
5255,0.49372134416340857
5256,0.878447554356003
5257,0.7436130238764268
5258,0.9727945963750587
5259,0.467328556075719
5260,0.37093092467157424
5261,0.37852737523323676
5262,0.26697714125832034
5263,0.32009771208063204
5264,0.9790959797935096
5265,0.7981445829793392
5266,0.4545455350940358
5267,0.9787642595044286
5268,0.46888724704344953
5269,0.38837322034379335
5270,0.5527202021975038
5271,0.5794980085079876
5272,0.3645253197785181
5273,0.34314704000999646
5274,0.40594023906228777
5275,0.2583133569903955
5276,0.4923981587005697
5277,0.43376341326307005
5278,0.45592202139680255
5279,0.4607807424700395
5280,0.5188493471513637
5281,0.9794351962277595
5282,0.8753504816506211
5283,0.39786849361674975
5284,0.8788524050692076
5285,0.9732964221182422
5286,0.5657150820156704
5287,0.4243512429171045
5288,0.4295728149013079
5289,0.33627630817131254
5290,0.35062739044385965
5291,0.720776927125549
5292,0.48458063024206927
5293,0.5336113909358122
5294,0.45703187511534443
5295,0.2847799459981338
5296,0.39696351862992874
5297,0.35001708120098374
5298,0.42994852080744406
5299,0.40130493647433046
5300,0.5195452107434052
5301,0.353636533384835
5302,0.36220206427327645
5303,0.8334588279987459
5304,0.5527415341834931
5305,0.5584037798020397
5306,0.7876254049221485
5307,0.6946386236225912
5308,0.4838620892748587
5309,0.4454533362498793
5310,0.707433639970105
5311,0.32761223350962204
5312,0.9760486493981088
5313,0.3443200855471076
5314,0.45995411387744606
5315,0.5775235257538047
5316,0.7563051254843134
5317,0.3460249981681331
5318,0.4878347153029187
5319,0.426063964520009
5320,0.9714208864856836
5321,0.3618027738431219
5322,0.5372974339894361
5323,0.7868050362172464
5324,0.9713625163859668
5325,0.30820103668181037
5326,0.458481810941848
5327,0.4122134854377371
5328,0.49480945753569855
5329,0.575731364826663
5330,0.7448458825698646
5331,0.29926955376430003
5332,0.877906456473049
5333,0.23998319626170903
5334,0.718500348740073
5335,0.38352166437537044
5336,0.27413505776249997
5337,0.3925147242280951
5338,0.5013476336601683
5339,0.3941931991823029
5340,0.37189550887107875
5341,0.9004522250136048
5342,0.4173489620159187
5343,0.975838903680344
5344,0.5966747259947911
5345,0.31658480762837177
5346,0.4165983479136641
5347,0.9678075858369176
5348,0.775878376019777
5349,0.3509746516930525
5350,0.3587168594706793
5351,0.36293962459283313
5352,0.913036794516489
5353,0.3724243258487983
5354,0.7889982028531581
5355,0.2843291849619929
5356,0.5131166796259242
5357,0.6668012642932414
5358,0.5338505109253252
5359,0.34187191424396574
5360,0.4095314977048472
5361,0.4588324192957032
5362,0.9781564181039553
5363,0.9191673594050574
5364,0.8708231240421269
5365,0.3040282213119592
5366,0.8220590326409368
5367,0.7577288384167264
5368,0.48171383942563745
5369,0.9717949384107563
5370,0.8021132438903994
5371,0.46245512506500464
5372,0.8417780928581114
5373,0.7973573781072784
5374,0.7874348216313093
5375,0.973594383455812
5376,0.36980102977512724
5377,0.2664383040310354
5378,0.3933707180633314
5379,0.3578218778300168
5380,0.49404782933677166
5381,0.3541487026237287
5382,0.4269648035464699
5383,0.6646580911205778
5384,0.43839931770302226
5385,0.2589448639061031
5386,0.2886538831489778
5387,0.42423036260520214
5388,0.490274293843183
5389,0.8636101999114637
5390,0.7086878666709701
5391,0.49787500539811186
5392,0.9760724378395581
5393,0.34235134430246844
5394,0.2574587153562109
5395,0.7787957335803387
5396,0.9729335914008894
5397,0.32087883713760323
5398,0.9803861487595388
5399,0.4383563161308743
5400,0.30280916638508054
5401,0.7794512506211732
5402,0.6647852963428589
5403,0.31574415775061887
5404,0.32380403891596715
5405,0.36453681992117176
5406,0.3054604487947559
5407,0.4927242590883328
5408,0.3348251066426919
5409,0.5440505801295976
5410,0.35921397209565736
5411,0.9760120512970025
5412,0.3222173991989488
5413,0.3855645745913283
5414,0.8674626008786263
5415,0.2657187675974515
5416,0.9796590030333939
5417,0.34091840930827316
5418,0.9750041705589028
5419,0.9690734218701168
5420,0.9807230938236193
5421,0.7779070275716826
5422,0.7627802391717537
5423,0.3512524733798821
5424,0.3039191995473904
5425,0.8794118404670496
5426,0.30913658497850555
5427,0.6382480390100423
5428,0.9760087720047547
5429,0.4026996407342152
5430,0.3505073804346546
5431,0.8914248299053048
5432,0.5370979212471558
5433,0.32831928482455114
5434,0.3139762819748014
5435,0.627472206270138
5436,0.980251284656922
5437,0.7952366229767042
5438,0.2432442260383767
5439,0.3352550222336692
5440,0.6987965422032696
5441,0.27827846505252585
5442,0.3536902609447649
5443,0.3455270219460727
5444,0.4081326234345813
5445,0.5432020878759604
5446,0.8521415974715212
5447,0.5418539678657751
5448,0.39620630490373226
5449,0.3708093397520204
5450,0.4320392227149705
5451,0.4556305039120479
5452,0.7366453698499186
5453,0.32846063833169015
5454,0.33735205307591415
5455,0.32145702127903814
5456,0.9301490710587181
5457,0.2484325483019477
5458,0.9733569305941673
5459,0.2485468834767394
5460,0.29954829661655386
5461,0.3576782129937659
5462,0.9785132773280932
5463,0.7846246573580175
5464,0.36224188210938557
5465,0.2904024702264216
5466,0.2693731450444566
5467,0.4081857613232005
5468,0.7204852088935373
5469,0.9799391261020243
5470,0.17042351195733318
5471,0.315834562322085
5472,0.7108749715281953
5473,0.40458133879846114
5474,0.7146153413443832
5475,0.35274836786724345
5476,0.3731989429484181
5477,0.8885701750607436
5478,0.4013943952388766
5479,0.40877785642497044
5480,0.2595626709222351
5481,0.36168940739402594
5482,0.24437053621076502
5483,0.5025350238320837
5484,0.5173968807676156
5485,0.35982059414548767
5486,0.367066742522223
5487,0.1593698862290384
5488,0.2628632531781639
5489,0.9411828175180311
5490,0.49144647255001495
5491,0.3965362710194156
5492,0.600173066258565
5493,0.29908786961943407
5494,0.9749328625483423
5495,0.341447145693734
5496,0.7836775561788855
5497,0.4612930946700873
5498,0.34203485930072947
5499,0.5066360904423913
5500,0.4799353139897599
5501,0.6140004174040549
5502,0.3898362729289418
5503,0.8297617615285745
5504,0.8170926269105202
5505,0.24143033921643298
5506,0.43790407513454066
5507,0.5059467980888593
5508,0.23846483729781173
5509,0.9699950626783466
5510,0.7238828313903554
5511,0.41447335289203363
5512,0.6102579079502531
5513,0.6160232160100642
5514,0.2805245693912209
5515,0.30929209124156437
5516,0.6171566497010509
5517,0.7222231023216422
5518,0.6309996147708702
5519,0.3248999552164363
5520,0.4354014356395704
5521,0.31028206064633507
5522,0.4529675767044992
5523,0.34639457516253763
5524,0.20770234964889642
5525,0.9792096410634049
5526,0.3430006511439916
5527,0.33565459724551583
5528,0.9749285058631595
5529,0.9740382952601712
5530,0.5867124245679354
5531,0.3337401457989757
5532,0.6061712848457569
5533,0.3978400842700263
5534,0.6923524554563795
5535,0.271424109903493
5536,0.7990424384419988
5537,0.6112621417316307
5538,0.367546732267176
5539,0.5356426168158852
5540,0.22069307763755042
5541,0.5316833825797423
5542,0.36648988432135005
5543,0.7255971393701787
5544,0.36085080669996134
5545,0.7649737995432156
5546,0.9790522403033339
5547,0.38642194314027756
5548,0.4278670014828072
5549,0.28896928407068323
5550,0.3581752042320338
5551,0.6016135623200635
5552,0.6749850255454376
5553,0.5714983927726478
5554,0.35116307571572203
5555,0.3470221006448036
5556,0.8939690071989063
5557,0.7963167594483781
5558,0.2913173294040856
5559,0.889505364340215
5560,0.2642582039697912
5561,0.9822087194158575
5562,0.5575189426804511
5563,0.47588013073578966
5564,0.8815339289391387
5565,0.9636617175959542
5566,0.2834028698971179
5567,0.349267007142279
5568,0.4547532411122897
5569,0.4673575020312019
5570,0.5450968443292837
5571,0.4022697789832555
5572,0.7714643200928006
5573,0.7772166266201236
5574,0.8074710361062595
5575,0.7112343765393471
5576,0.3858204331397561
5577,0.8023058094595577
5578,0.3243083318946763
5579,0.24680276547153526
5580,0.3803976351657064
5581,0.5275070150579778
5582,0.5289891769507905
5583,0.8282444937576224
5584,0.46145344724987075
5585,0.4471880204603785
5586,0.23811650631568723
5587,0.3297511712223625
5588,0.4889236846596061
5589,0.6166156991608193
5590,0.8668128479356391
5591,0.328737455446226
5592,0.4597507378517756
5593,0.3831875125511253
5594,0.820024305624537
5595,0.4655956472492988
5596,0.2232026815043848
5597,0.8992055670344765
5598,0.31511092710009764
5599,0.3775373631057762
5600,0.49003689820497537
5601,0.3291628012661219
5602,0.9697650329152516
5603,0.43621990863508225
5604,0.45079285736960456
5605,0.6768350718970733
5606,0.9709122302495455
5607,0.5329537632898429
5608,0.4630410865482639
5609,0.5104764024540995
5610,0.7378004985767262
5611,0.6855835347403577
5612,0.9685509702693929
5613,0.396191090032371
5614,0.6677406608489763
5615,0.3173519401968383
5616,0.3491434481411784
5617,0.6067037852755021
5618,0.838411763688803
5619,0.3318445883598729
5620,0.2708651271368432
5621,0.2824170860516943
5622,0.8584747114525921
5623,0.7492062805063252
5624,0.9770200525435596
5625,0.47999855050926604
5626,0.7576271807028814
5627,0.7501644490553746
5628,0.48486896397521667
5629,0.6409432086860143
5630,0.35573971781934416
5631,0.9721962226228449
5632,0.4872710282703019
5633,0.38142346468289734
5634,0.976372313962452
5635,0.7797267960184474
5636,0.5798565416628153
5637,0.9787208362001291
5638,0.38278502357137495
5639,0.8231386244138362
5640,0.9779352117546095
5641,0.45298728901158336
5642,0.5305051522066836
5643,0.23206329895410724
5644,0.2699164885796793
5645,0.34391156544960483
5646,0.8321697119893378
5647,0.64742718701007
5648,0.47861285663744635
5649,0.9701215765741846
5650,0.8323196569784915
5651,0.7172429051564665
5652,0.3203160984893983
5653,0.978490951837712
5654,0.32104251813853657
5655,0.597172965403474
5656,0.5492220922554284
5657,0.4883498679302374
5658,0.9776748286943627
5659,0.41166178910092954
5660,0.8470152961518358
5661,0.43012235723714287
5662,0.4198023437400163
5663,0.7954949693897183
5664,0.32681137255009823
5665,0.34910438318630893
5666,0.795348185866771
5667,0.3489766740043507
5668,0.7332541261065876
5669,0.9757949790665393
5670,0.39570348959120355
5671,0.6334389139480431
5672,0.5082389309243828
5673,0.7509825371867573
5674,0.2598507954141453
5675,0.25407965658405374
5676,0.30984264929700905
5677,0.37167122230673505
5678,0.9746600159457204
5679,0.529463797013693
5680,0.768665368829672
5681,0.42112970297611724
5682,0.3777120248121241
5683,0.45377323460369534
5684,0.7549716766576126
5685,0.8345818297900601
5686,0.9754915568863748
5687,0.602503005044056
5688,0.316813889341138
5689,0.32374263693269334
5690,0.44876760405268534
5691,0.39885091513495996
5692,0.4005438472730117
5693,0.42925386529902293
5694,0.5008467625423652
5695,0.5662671021680569
5696,0.7969855337495289
5697,0.2934727443827856
5698,0.3636975743123754
5699,0.4642373545500082
5700,0.5771059339385102
5701,0.7580407323017301
5702,0.3030851591309353
5703,0.9857712286621062
5704,0.6903827586519725
5705,0.24309674817180085
5706,0.5735843536790993
5707,0.36693393463533136
5708,0.36686155225386274
5709,0.3718281477641086
5710,0.2250584557964701
5711,0.4297371301040007
5712,0.7716378281358556
5713,0.4664045762255475
5714,0.42148602354403913
5715,0.8925314886597885
5716,0.3479929819932428
5717,0.7088897372170634
5718,0.37889385629617517
5719,0.7258079132769361
5720,0.9752870228273646
5721,0.35969068921746034
5722,0.6409645788749746
5723,0.2726832627981956
5724,0.7852012740370985
5725,0.36152917011864166
5726,0.7836021441334148
5727,0.8101146979877342
5728,0.3455952855985213
5729,0.2864189803334824
5730,0.4799812829584122
5731,0.37361931472316484
5732,0.26930980462240434
5733,0.38074313657892817
5734,0.434820692843958
5735,0.3867300148982773
5736,0.36364515306748496
5737,0.37190327152528674
5738,0.47367989327868143
5739,0.7702031740323453
5740,0.9592860227118055
5741,0.7715838148186949
5742,0.32616972742974254
5743,0.28655238698242225
5744,0.5823212378338979
5745,0.3730236598575672
5746,0.7406291611450175
5747,0.66566314366338
5748,0.4429223899999241
5749,0.9763193549173952
5750,0.29175992160012487
5751,0.9770703027255313
5752,0.5526488073218152
5753,0.7054239599856084
5754,0.4949269500035831
5755,0.6021472206129754
5756,0.7738720519538171
5757,0.21125163774509095
5758,0.3769090097648548
5759,0.3581564398409629
5760,0.3750124566124358
5761,0.32790595598169414
5762,0.7768645962194637
5763,0.38432180370245606
5764,0.24225338566050283
5765,0.6293165304624789
5766,0.21044367417360244
5767,0.7443628467971651
5768,0.9112024333235654
5769,0.5460786060415981
5770,0.2217346080658066
5771,0.7734930230528921
5772,0.2696305946354071
5773,0.9616847108905452
5774,0.38831523576301236
5775,0.5375200049260109
5776,0.28323900238070404
5777,0.873405265002931
5778,0.7797257706009061
5779,0.37568615129828586
5780,0.8600610316022466
5781,0.9805021314606206
5782,0.22108533362008256
5783,0.4291491619227387
5784,0.4084446151324154
5785,0.5149403471114706
5786,0.9755714032921926
5787,0.5857246447096703
5788,0.8284417893388539
5789,0.36434649714615913
5790,0.36455565951082636
5791,0.7956847943521107
5792,0.41072269764566743
5793,0.8460196281710278
5794,0.9774213251414321
5795,0.7319093940661455
5796,0.32934185945264827
5797,0.36530524860185487
5798,0.6518900928345809
5799,0.7469916250786781
5800,0.8641487297588352
5801,0.977688969433102
5802,0.45095505514515555
5803,0.3624980298337787
5804,0.4586624077215449
5805,0.3539475143329362
5806,0.33385990792456893
5807,0.3774451564100892
5808,0.2779821009422093
5809,0.7638331135424724
5810,0.3173692784302081
5811,0.8937583788102854
5812,0.39004279561105953
5813,0.9296177863017098
5814,0.3204970449217594
5815,0.25950831139341585
5816,0.7286338222516555
5817,0.48180460701267463
5818,0.5693372731720215
5819,0.8298715276843421
5820,0.7544186101766157
5821,0.5996782457590789
5822,0.28909563544485567
5823,0.7742867611668552
5824,0.33106924233297436
5825,0.28079256620237464
5826,0.41408868469376436
5827,0.39246456409442426
5828,0.8418016273187754
5829,0.36223843255428223
5830,0.5874750186089792
5831,0.2714908343364901
5832,0.5588727695098931
5833,0.7562751820087287
5834,0.35738656515516953
5835,0.593210998814517
5836,0.3181345983731593
5837,0.8863565114428428
5838,0.37675019947446536
5839,0.4400866574493809
5840,0.8602170380835338
5841,0.6666070559399725
5842,0.25919085558583027
5843,0.5242464366662614
5844,0.6210909991674953
5845,0.9767459034621239
5846,0.2418471739789272
5847,0.49415558192901265
5848,0.8545588042298261
5849,0.9703801568163111
5850,0.42775958454203544
5851,0.9748535435021871
5852,0.9663837704632979
5853,0.4404906282391144
5854,0.47143279150616274
5855,0.8004967763253162
5856,0.3368399279606387
5857,0.4370674924426528
5858,0.8704137666477675
5859,0.48633766494258907
5860,0.42747292949333066
5861,0.2694036530734676
5862,0.46926779984205086
5863,0.32317245505684095
5864,0.2867104413955251
5865,0.6953250583531175
5866,0.38653481066396495
5867,0.5200979955476086
5868,0.45347411246060937
5869,0.527739053158113
5870,0.564827466484374
5871,0.24239787051952222
5872,0.56468081962815
5873,0.9092691326396176
5874,0.410202398435646
5875,0.405246664480081
5876,0.3914401641540543
5877,0.31737044921493907
5878,0.25765001957245737
5879,0.7676089958846878
5880,0.260987100791266
5881,0.5566643303758423
5882,0.5982843429226041
5883,0.24288583887300783
5884,0.8183395273370208
5885,0.318257639244991
5886,0.7769902392913782
5887,0.8089001791967406
5888,0.9068602579525317
5889,0.45525688927069125
5890,0.3994044214887194
5891,0.5182167532743334
5892,0.7234197290288563
5893,0.2578700961017138
5894,0.47765933593520504
5895,0.48572611168417906
5896,0.3964919255318322
5897,0.9807620877921871
5898,0.28965163651474596
5899,0.6583539890013496
5900,0.4419473163201692
5901,0.36485958329052415
5902,0.6164330983250665
5903,0.9493988862931154
5904,0.4266886715906501
5905,0.5095823064002426
5906,0.5296728567083141
5907,0.7539895498670633
5908,0.4607874571990358
5909,0.6964445748960256
5910,0.9743002540172349
5911,0.3104896099364958
5912,0.9750783083835599
5913,0.4286123060550551
5914,0.408689773139902
5915,0.6592738735524472
5916,0.38807407904618313
5917,0.2746770330913255
5918,0.7301613408268907
5919,0.25643165227311526
5920,0.30461638556092535
5921,0.38299183860130565
5922,0.7916776158934905
5923,0.6485907317232696
5924,0.40063693350474533
5925,0.4173153284716387
5926,0.43642775729658156
5927,0.7651548017444707
5928,0.34035701334310087
5929,0.3853009302833026
5930,0.2783706941754749
5931,0.16303529497751493
5932,0.3955789506575496
5933,0.5351586878723861
5934,0.8117256911282826
5935,0.8559007084818043
5936,0.3101755315316605
5937,0.30835992954173125
5938,0.8371889007385384
5939,0.848101861709064
5940,0.5825605323702262
5941,0.736963588284819
5942,0.339703033750296
5943,0.9283660483457296
5944,0.7846026865595066
5945,0.30822212115687514
5946,0.5089164587321774
5947,0.37592621416527927
5948,0.9789987069422003
5949,0.34378441955676475
5950,0.9788245357694486
5951,0.27305535374162965
5952,0.5084628655904101
5953,0.44641267044217825
5954,0.7259922462061207
5955,0.7260042114790434
5956,0.9749148935938984
5957,0.9794375853575817
5958,0.33696005661200495
5959,0.9767311519262581
5960,0.3659386758046908
5961,0.37076215591098416
5962,0.5740352884876331
5963,0.30554402629319494
5964,0.5700489469386216
5965,0.23875564512651223
5966,0.5944507280841193
5967,0.3082824193070122
5968,0.9783160175670069
5969,0.3406616448801743
5970,0.48631100125289245
5971,0.4741554912406592
5972,0.6862910280575937
5973,0.7689327004140692
5974,0.2363722399528081
5975,0.8209164206024716
5976,0.37072782465366855
5977,0.5794401656320908
5978,0.3314940322158206
5979,0.4737385239294864
5980,0.3590000151393311
5981,0.6531365947357691
5982,0.6005707605960844
5983,0.2986610385571143
5984,0.25966337010535834
5985,0.8283638601716697
5986,0.6911066073743171
5987,0.32918273691321054
5988,0.46308520483656573
5989,0.6120997484966082
5990,0.6476759680977918
5991,0.5805979068330173
5992,0.7201299017430394
5993,0.31909849964735515
5994,0.9068143190136412
5995,0.9679890283540723
5996,0.9573015972404284
5997,0.8350386761880252
5998,0.7041486527085598
5999,0.19796377316654523
6000,0.30311909494255657
6001,0.43508279833140895
6002,0.4700420297487488
6003,0.19618612309812433
6004,0.34319912571229544
6005,0.9756617133308007
6006,0.36070351189395905
6007,0.5134531119417369
6008,0.6437842844766662
6009,0.9763351462326219
6010,0.4574022939442739
6011,0.8963888688859215
6012,0.8262607646087917
6013,0.4386563521428177
6014,0.37563625180487686
6015,0.39487419787333317
6016,0.29703637840232
6017,0.3592638781101853
6018,0.9766563671972985
6019,0.557319084831964
6020,0.980673881524771
6021,0.8637647667854242
6022,0.3841595574703609
6023,0.3294857275967433
6024,0.2781917293601101
6025,0.4229664464758472
6026,0.5016423660247918
6027,0.9792037417297016
6028,0.5604940862876745
6029,0.9820424282920163
6030,0.8855049068072232
6031,0.5159987975033227
6032,0.7683321510855662
6033,0.4838485109569051
6034,0.4971394838989427
6035,0.37468692989034774
6036,0.9811476843001068
6037,0.6951747458003217
6038,0.7830641792215806
6039,0.862594023530408
6040,0.8027009593486104
6041,0.9844485926130834
6042,0.42184642533418026
6043,0.26819505929774995
6044,0.7789805568965301
6045,0.4217504539996151
6046,0.5678127766850194
6047,0.48904865339056897
6048,0.5532871045059443
6049,0.33929185394267974
6050,0.9765395073598261
6051,0.7415755093321534
6052,0.8197723199743518
6053,0.9691287193552292
6054,0.39546725408908884
6055,0.7679605825948684
6056,0.525141748086057
6057,0.32108987005483464
6058,0.9027821567146361
6059,0.8742466202622433
6060,0.2340776480854092
6061,0.7264542040275915
6062,0.5238566613234246
6063,0.5530876444787092
6064,0.6902095903206256
6065,0.346436790405418
6066,0.4096111550833606
6067,0.5579878054732633
6068,0.9745798695313882
6069,0.25566128435174323
6070,0.974480519667316
6071,0.5096764231892351
6072,0.8556107819142219
6073,0.8336892043334068
6074,0.7384558101435372
6075,0.4308121698903345
6076,0.4754350528373957
6077,0.7737718406146156
6078,0.577826239372494
6079,0.2833011765880886
6080,0.23476551677020732
6081,0.34437771074482654
6082,0.7948518817575468
6083,0.3324080901924495
6084,0.507535886466441
6085,0.37898919524670155
6086,0.8201115099084487
6087,0.9715099436060998
6088,0.3516091190459006
6089,0.8873766622863929
6090,0.29985646717574127
6091,0.2884331465488083
6092,0.7456518876451673
6093,0.4436405654428131
6094,0.22748721308360062
6095,0.9795574978938165
6096,0.373758593312322
6097,0.8944141381377745
6098,0.4072888044513197
6099,0.3953541964467853
6100,0.9679698406811558
6101,0.3859076769367927
6102,0.5829261601354868
6103,0.7231995552207356
6104,0.5191213564958722
6105,0.7693080523617741
6106,0.3856878118301211
6107,0.48327342532163664
6108,0.2988574278165032
6109,0.2535970263582929
6110,0.9798123087389384
6111,0.37578230532563855
6112,0.5496781048074362
6113,0.38505482594452517
6114,0.9681452412688656
6115,0.8644518403492172
6116,0.9757562700880275
6117,0.3269886761179637
6118,0.8545759866964061
6119,0.515216272152046
6120,0.41695534359330577
6121,0.8306250942968392
6122,0.4729232773726672
6123,0.7818742651802122
6124,0.30148837749768703
6125,0.5082776835159194
6126,0.47975685935928164
6127,0.3593004592822899
6128,0.45721643046140265
6129,0.6406586445984545
6130,0.3977439889615997
6131,0.9687298369036
6132,0.4176228057704177
6133,0.44743771732738963
6134,0.8593792572183724
6135,0.4180594412300049
6136,0.42893176485698076
6137,0.6198600397637889
6138,0.3291838161826091
6139,0.3478586936472925
6140,0.3957336591363339
6141,0.5304928077459165
6142,0.9796853856649079
6143,0.3765579793206386
6144,0.46714724065239155
6145,0.3183322930676453
6146,0.46775810388381056
6147,0.3685157048494117
6148,0.3940136783310449
6149,0.4147436630194948
6150,0.44964571050267904
6151,0.821866343072971
6152,0.39778840527861453
6153,0.7544075474282605
6154,0.44769093970136975
6155,0.2752988254526585
6156,0.29231167296251787
6157,0.8679915245688802
6158,0.97133505900352
6159,0.33124222821479177
6160,0.7813120498428985
6161,0.40703415076355326
6162,0.5405891231515475
6163,0.39861475278087055
6164,0.6041115162198069
6165,0.5281317004453675
6166,0.4408542914914862
6167,0.3031245302497467
6168,0.45472634666892914
6169,0.25338698602014137
6170,0.4240062663520481
6171,0.47065527850062727
6172,0.7496399121193451
6173,0.5575955733393955
6174,0.906744909330203
6175,0.8879939084439314
6176,0.4517010200439618
6177,0.29235877216584766
6178,0.41209859254012843
6179,0.3451950509422744
6180,0.4294112681242874
6181,0.8187001360927045
6182,0.9793339731911402
6183,0.24254339074862666
6184,0.7025269809321593
6185,0.30198526325319636
6186,0.3238198640809278
6187,0.5512523277195917
6188,0.3556626075010218
6189,0.6071206978828453
6190,0.20569245952807771
6191,0.750060379553284
6192,0.803699159578484
6193,0.24320073826861574
6194,0.4708833456431379
6195,0.3751648360358892
6196,0.4108497484179979
6197,0.3238783233737656
6198,0.82805355881159
6199,0.7451141976056457
6200,0.9812249853719827
6201,0.3561482642914257
6202,0.9746879074585535
6203,0.9709792092353885
6204,0.40306465777999567
6205,0.586043569377359
6206,0.5946349231594714
6207,0.9790358665709915
6208,0.8542473346369664
6209,0.8605226202053898
6210,0.6658095503358951
6211,0.3497030788163434
6212,0.4627264101781193
6213,0.40774899298781947
6214,0.43662945740668785
6215,0.3982739593392138
6216,0.34831331160163836
6217,0.4224729993112421
6218,0.459150815980406
6219,0.5414185011923957
6220,0.3530379943797275
6221,0.4424333205907833
6222,0.4216299390175959
6223,0.8460561606601452
6224,0.23184336929537186
6225,0.7939389464574006
6226,0.8293207252552289
6227,0.5039809631292839
6228,0.9728350707493888
6229,0.5564541817605706
6230,0.2200225080607844
6231,0.23300543551643413
6232,0.36699176786922383
6233,0.3672571256690653
6234,0.7781571305626901
6235,0.3773547720856958
6236,0.36583198608887396
6237,0.8586046211945332
6238,0.38395056362973845
6239,0.43583967934054585
6240,0.6041762436922271
6241,0.8944870529685311
6242,0.46869627726743185
6243,0.4442865870720587
6244,0.7778139750119948
6245,0.37613694345742443
6246,0.20329380054853377
6247,0.5832909521053004
6248,0.3480030033690771
6249,0.4984788506639462
6250,0.9832736269207903
6251,0.3630305980774718
6252,0.3720590375686788
6253,0.42744149139342086
6254,0.9788215240645636
6255,0.34241059681451796
6256,0.7341971556635037
6257,0.5579405825872054
6258,0.35779552660319175
6259,0.8201158705674204
6260,0.6871276107134695
6261,0.9665097698989973
6262,0.3934635275603864
6263,0.7168508108820427
6264,0.3950347508819137
6265,0.47740566316810673
6266,0.4684644561243507
6267,0.3786964860210144
6268,0.24501954809166596
6269,0.3929623361164545
6270,0.26304434399898907
6271,0.7353348409751378
6272,0.5491495700589709
6273,0.36426748444048185
6274,0.45420757876971857
6275,0.8961929782600833
6276,0.5739695656078794
6277,0.975753459633276
6278,0.677092237739562
6279,0.33636551105215046
6280,0.2520565401873718
6281,0.3572476918539728
6282,0.5840767536477821
6283,0.7495906016560113
6284,0.3649375916145021
6285,0.3038297908384274
6286,0.3606016206325449
6287,0.30019896053545597
6288,0.38437941151580257
6289,0.5408269800475501
6290,0.9736053265242047
6291,0.8092170888494089
6292,0.8719890942114382
6293,0.3224893642128365
6294,0.41090996114200035
6295,0.5936342754279497
6296,0.9742071524136305
6297,0.3905120527899461
6298,0.8029836103933916
6299,0.34410260517474156
6300,0.4001634506729799
6301,0.8908841145677968
6302,0.4705011938201425
6303,0.25420372440704564
6304,0.465434517332923
6305,0.24409583568087986
6306,0.4165862330141934
6307,0.31072646663040265
6308,0.25307297051392363
6309,0.4500765980003119
6310,0.7777461443992831
6311,0.976158449204683
6312,0.6771308582950185
6313,0.8296754522188975
6314,0.3520002452483129
6315,0.3496190545363054
6316,0.85892779987695
6317,0.8219531292902591
6318,0.7266506943951048
6319,0.3485574482719335
6320,0.21871794134937547
6321,0.3870765366709556
6322,0.31401175422493877
6323,0.3274045666454893
6324,0.32740782554639875
6325,0.4339870875232663
6326,0.427833607133352
6327,0.6194515325883944
6328,0.49311141088735555
6329,0.606375509592436
6330,0.43320772831808463
6331,0.33238420470806734
6332,0.888516617070287
6333,0.7924474009390096
6334,0.6586005372421652
6335,0.9761613073656191
6336,0.2490030405491245
6337,0.5236685933708412
6338,0.37939051866200124
6339,0.5467207460870335
6340,0.7290184729306612
6341,0.29003247005752947
6342,0.27055450861909747
6343,0.4804941118074877
6344,0.9729237841343554
6345,0.9750532223449335
6346,0.35354801278928455
6347,0.5185887364766011
6348,0.5091895270861609
6349,0.8290931215129006
6350,0.37077430591107907
6351,0.6815551673996958
6352,0.9710673705402826
6353,0.7092112314859961
6354,0.7130647433563889
6355,0.6056919349871862
6356,0.4594428641494111
6357,0.49111384978353456
6358,0.5937594437803771
6359,0.4459232514139633
6360,0.5522227626773222
6361,0.3925172231622935
6362,0.8478037006519333
6363,0.30533513990189914
6364,0.36585934809712234
6365,0.4585634261437353
6366,0.5335131855565535
6367,0.4137370477250511
6368,0.2976645614383339
6369,0.3538653794210695
6370,0.32591392044540735
6371,0.8925728007515525
6372,0.36162286909369096
6373,0.3096062182690574
6374,0.36029453708164
6375,0.7794332970375027
6376,0.3065090676899038
6377,0.4464032645765091
6378,0.885539382455427
6379,0.9778369194239521
6380,0.366276995868934
6381,0.5111226040181535
6382,0.9705427174453285
6383,0.27722976242250513
6384,0.29585395598036945
6385,0.3957794452647818
6386,0.28385651081768937
6387,0.7348911862669419
6388,0.3880428681319706
6389,0.6771437078008856
6390,0.5201749581484535
6391,0.31210851213762086
6392,0.29560051515337266
6393,0.3221308217772976
6394,0.3972884519562294
6395,0.5618576203494144
6396,0.5011249252975156
6397,0.28706066334018726
6398,0.907621120504535
6399,0.7546167330100034
6400,0.7571104702893865
6401,0.4736931560777858
6402,0.9674337363171303
6403,0.7597604034062094
6404,0.8830480658207515
6405,0.6114735676388312
6406,0.4511279294380975
6407,0.2472456493742495
6408,0.29931666546294433
6409,0.8776539072952136
6410,0.4540914410942461
6411,0.2689020371734525
6412,0.32690446397542305
6413,0.6041665248158651
6414,0.421809904064123
6415,0.9700833950403339
6416,0.9740103164960017
6417,0.35753799514990064
6418,0.37333130233583645
6419,0.27240630080214473
6420,0.553761155066871
6421,0.3884164260142551
6422,0.42639482426411845
6423,0.5130626032859763
6424,0.24982215060498478
6425,0.35591816599345644
6426,0.4260330471787195
6427,0.42951482573758776
6428,0.9728392256818905
6429,0.9777878739206719
6430,0.5812460989717041
6431,0.5006546626995398
6432,0.9748799707985357
6433,0.31034287807860933
6434,0.8084449207225632
6435,0.48862700394013975
6436,0.49295635169861285
6437,0.6251587721791375
6438,0.36735246538481264
6439,0.8605540836575766
6440,0.5856248660699306
6441,0.34209263606077384
6442,0.9752348894934589
6443,0.5033900199883709
6444,0.7869047218319444
6445,0.7364244293909815
6446,0.3822316010971016
6447,0.2987393927614558
6448,0.8153108502121998
6449,0.8115151786730722
6450,0.23094418422443533
6451,0.29676620141848264
6452,0.9816711384521976
6453,0.30364831606704007
6454,0.44749668079664406
6455,0.2810048273492038
6456,0.4105137686231548
6457,0.97297162466486
6458,0.49869694437306816
6459,0.6043894794387111
6460,0.449669567129061
6461,0.5943355181104594
6462,0.914105734628912
6463,0.283388724134746
6464,0.5431151855770359
6465,0.9702175879823777
6466,0.16821538577829195
6467,0.3120594576590718
6468,0.3412879827991404
6469,0.5156335698031685
6470,0.5137191740061628
6471,0.890477601756141
6472,0.4474739247397941
6473,0.26147178323214687
6474,0.4947068354191913
6475,0.2447693186764702
6476,0.9782132718246966
6477,0.7610001551177409
6478,0.7702391178275162
6479,0.2111963708754454
6480,0.36643745694910224
6481,0.709657998855557
6482,0.9764005431263741
6483,0.9604205380602435
6484,0.4415296989150234
6485,0.8826669065560875
6486,0.20838860148919305
6487,0.9715049623165765
6488,0.5112410451639422
6489,0.24998820772411476
6490,0.3177712463653552
6491,0.854863864067799
6492,0.9791856169236874
6493,0.5407258655401331
6494,0.7186482547933384
6495,0.8261922401368856
6496,0.6855982801980267
6497,0.45336770829266326
6498,0.9588509633697436
6499,0.438061004422857
6500,0.48691809449364065
6501,0.9745487636004763
6502,0.44125865785283125
6503,0.3707135956554966
6504,0.5062006181868288
6505,0.9776450894232473
6506,0.9713773720873339
6507,0.6664557243963366
6508,0.3453948582894821
6509,0.46416017592847086
6510,0.6368608248314952
6511,0.334811321000049
6512,0.4263299614449851
6513,0.5553341186484807
6514,0.5363922741756763
6515,0.3505730605351962
6516,0.9597593860076067
6517,0.76635682886993
6518,0.5263765724055466
6519,0.2571354941670138
6520,0.36770734496091917
6521,0.6368964496764022
6522,0.4505748405250763
6523,0.4264748515167958
6524,0.696252717983851
6525,0.540791897898724
6526,0.7467157890027507
6527,0.4821811982459954
6528,0.34637023197213607
6529,0.5908175559495968
6530,0.8007967669246101
6531,0.25745785964076323
6532,0.4497865535515684
6533,0.47395174515920724
6534,0.3788481637402455
6535,0.4414506357140105
6536,0.37314696346635085
6537,0.8710782242426851
6538,0.30980794664362854
6539,0.7493830388135235
6540,0.9697391076916725
6541,0.4088664473704679
6542,0.7871576763509583
6543,0.5394619851814754
6544,0.3676171005926537
6545,0.3971250755317129
6546,0.44485309064010775
6547,0.35037683059762953
6548,0.27295519088940107
6549,0.3754432642608501
6550,0.3448330447203478
6551,0.3842016370997354
6552,0.7696692407515395
6553,0.6563504776989036
6554,0.3447113685906577
6555,0.7784308948607604
6556,0.3747338996275443
6557,0.972982439308112
6558,0.5983011485529608
6559,0.5273622598180303
6560,0.2420586474260875
6561,0.3677028769743143
6562,0.9747628770309332
6563,0.4917905851653693
6564,0.35775059589869
6565,0.33369563966044086
6566,0.2705015240472551
6567,0.9787382915370664
6568,0.2907403427004063
6569,0.9684243773710214
6570,0.3791697258136592
6571,0.8118372480945363
6572,0.7461671777227004
6573,0.8931196547151772
6574,0.3556535517674062
6575,0.30867630097641313
6576,0.3166856719810856
6577,0.705967625007597
6578,0.7337296139574049
6579,0.3958611989610717
6580,0.4704064117902715
6581,0.9753436875911387
6582,0.7755373737617561
6583,0.9577354144143732
6584,0.4060932794385376
6585,0.680067924969305
6586,0.3142961780571803
6587,0.8511040420818318
6588,0.976668383571648
6589,0.329021172070983
6590,0.2949516711325196
6591,0.4437353595741957
6592,0.9830862730592643
6593,0.5519612829133954
6594,0.6222899943142953
6595,0.9759254736783691
6596,0.39966647939541594
6597,0.35964739141873886
6598,0.4108522401758056
6599,0.9719714092145976
6600,0.9777627687005411
6601,0.28794406343612067
6602,0.4637548991560432
6603,0.284524755012879
6604,0.8538288315953656
6605,0.372079575545922
6606,0.30341745578765605
6607,0.8328934880862103
6608,0.7346719288173699
6609,0.3672871614405419
6610,0.4416167313709569
6611,0.32558225568183946
6612,0.8714531375772513
6613,0.24487853096497444
6614,0.3936685607556907
6615,0.41711187231287045
6616,0.4762049672588613
6617,0.7507438201873461
6618,0.2450664053782026
6619,0.9806348485812763
6620,0.29642852738639486
6621,0.41256204597341717
6622,0.7338244389432935
6623,0.9764166242402871
6624,0.6966397402103622
6625,0.5727221263240712
6626,0.7711117767543465
6627,0.21034744133069685
6628,0.46424344990787964
6629,0.9056155439374921
6630,0.9793884918806542
6631,0.727437332931791
6632,0.44054123957964375
6633,0.28489329929469637
6634,0.4066184932538534
6635,0.35796888831603235
6636,0.8114392891175987
6637,0.5175501832789726
6638,0.3546687703246391
6639,0.8936438826748759
6640,0.44161943452624114
6641,0.4905657180137471
6642,0.8157329147150353
6643,0.6057109923099242
6644,0.29236906175575883
6645,0.3182357797512965
6646,0.4385669812673303
6647,0.44314321133843054
6648,0.9787891024374155
6649,0.29822646432064404
6650,0.39073880792534266
6651,0.5056791118655465
6652,0.3247144066739876
6653,0.4353732374789366
6654,0.7786153671711807
6655,0.5858901275986369
6656,0.8552724175595503
6657,0.2642428219361804
6658,0.3051024992329079
6659,0.4168090110835001
6660,0.841341093175191
6661,0.482141788925657
6662,0.7946044041313619
6663,0.4987792626005689
6664,0.761384912812393
6665,0.49618527984677474
6666,0.4379853539191827
6667,0.28861280460596206
6668,0.9805356419028204
6669,0.4024975629743748
6670,0.40973297836606054
6671,0.4026739868981514
6672,0.25915502968604615
6673,0.3791955111145658
6674,0.9761088943850166
6675,0.4382984961181024
6676,0.6702040776003889
6677,0.9876661196657376
6678,0.3326054368847316
6679,0.34570891896741623
6680,0.31012642988782035
6681,0.2801112332955907
6682,0.2980325574686255
6683,0.8977863213866103
6684,0.4224638301225712
6685,0.35831731899728414
6686,0.6271401376496026
6687,0.8089775155512839
6688,0.39415142371538364
6689,0.47359944058553616
6690,0.42415339155728854
6691,0.5135277864191852
6692,0.29133450028029517
6693,0.3741706376203981
6694,0.20438904765283294
6695,0.31779451728227953
6696,0.8246578240158599
6697,0.977369450875908
6698,0.29488123149040585
6699,0.38516311678581255
6700,0.9721046112347702
6701,0.376409656163921
6702,0.6113126517367267
6703,0.38366360972614594
6704,0.43792460808778627
6705,0.9798155884336447
6706,0.7520891335892559
6707,0.29226435485691876
6708,0.47531267926836485
6709,0.9776167543567391
6710,0.3579474997165704
6711,0.6731714436712727
6712,0.35684207497657755
6713,0.3743080953120736
6714,0.3976873079518784
6715,0.33198186061480267
6716,0.7132101607878542
6717,0.3032656388509821
6718,0.3887475763425721
6719,0.7070937105730944
6720,0.7623380156397728
6721,0.9749628843747686
6722,0.31700970755094343
6723,0.7506987110134102
6724,0.5272792881396297
6725,0.3256296893932147
6726,0.841424203604351
6727,0.8069273388548236
6728,0.46729019981009384
6729,0.36706614728404535
6730,0.9707354567528047
6731,0.35621446317143207
6732,0.4163116073670963
6733,0.2487578993874597
6734,0.3381762114685372
6735,0.35982880567770165
6736,0.2870854262262054
6737,0.32608307214740573
6738,0.979026001129479
6739,0.8230153750649633
6740,0.43696603187188604
6741,0.27441448777371713
6742,0.4254540062448786
6743,0.3019881065437934
6744,0.3138852643839402
6745,0.5518225393880183
6746,0.7800006473405574
6747,0.695839000667075
6748,0.4451695159513081
6749,0.5807083071522706
6750,0.5706944055903399
6751,0.3679791824571456
6752,0.35747202006910755
6753,0.9740445743734493
6754,0.46791069681040226
6755,0.9755720640509584
6756,0.29354250793872266
6757,0.8245877372879505
6758,0.3321416178428212
6759,0.3968711648039093
6760,0.8194083271271871
6761,0.43198712602781103
6762,0.25927254715483555
6763,0.8525911998164952
6764,0.25307351817073404
6765,0.8101920843979961
6766,0.9791150963533394
6767,0.8556256632416775
6768,0.31912992595145273
6769,0.1482283014193711
6770,0.733923606499239
6771,0.7343254625612167
6772,0.5628106204867133
6773,0.9775378364172428
6774,0.352594587557133
6775,0.521262434314374
6776,0.31904780983184716
6777,0.29785315002674273
6778,0.5027419007257915
6779,0.9767980509117312
6780,0.7301164704228246
6781,0.2924598586641738
6782,0.41549547526398084
6783,0.9721193855742918
6784,0.9686968877625747
6785,0.41568681761364507
6786,0.35524069578750783
6787,0.9780575938169704
6788,0.4284289841414913
6789,0.6053290416006873
6790,0.7309704578155719
6791,0.7137114485961465
6792,0.30683661499593756
6793,0.9698738215073156
6794,0.34608698468361726
6795,0.8142875243999276
6796,0.9742138968326669
6797,0.3032639128669954
6798,0.8557652176320479
6799,0.28051229034357344
6800,0.8405532585992775
6801,0.3125441820848944
6802,0.565757845417965
6803,0.776277960389749
6804,0.2503498201539885
6805,0.4318507787666335
6806,0.9738135287101272
6807,0.6988450442821752
6808,0.4162844005555953
6809,0.7406374200936003
6810,0.36117606429859594
6811,0.9708949060685735
6812,0.35660696107542367
6813,0.7760193433020331
6814,0.9682754576862159
6815,0.23453109483637094
6816,0.6630261814995261
6817,0.6588431084388883
6818,0.777447153517564
6819,0.8857333399673927
6820,0.32376084095357144
6821,0.5317412819632182
6822,0.38370625868219577
6823,0.22297035607817114
6824,0.757668378391467
6825,0.3604231429715363
6826,0.963138563979252
6827,0.28515551721149607
6828,0.7619364266533267
6829,0.8630517630088171
6830,0.4527095562784214
6831,0.7437823167517589
6832,0.4615928910845947
6833,0.23663791708315265
6834,0.5528594384473187
6835,0.9803242118777665
6836,0.34576541516849474
6837,0.8405859360714918
6838,0.39881837189544883
6839,0.9779310766221602
6840,0.46787928827936787
6841,0.8651709358391537
6842,0.8824342887534148
6843,0.3835624551748773
6844,0.5058977605274652
6845,0.19151030155075635
6846,0.41974939626272395
6847,0.37944755544470055
6848,0.42976175956320106
6849,0.41212654267229937
6850,0.32092859604365737
6851,0.27821505372939054
6852,0.597211849721094
6853,0.6718575881561472
6854,0.8193609649543202
6855,0.36882785318136696
6856,0.29308823358284597
6857,0.5549583030475759
6858,0.495038946867661
6859,0.975092545321692
6860,0.28039502777293096
6861,0.3788085490547817
6862,0.4393499250584916
6863,0.46190055627099325
6864,0.2967165418922441
6865,0.33206754167709396
6866,0.6640473538474089
6867,0.34784320640961225
6868,0.35517160617331195
6869,0.4439843017858746
6870,0.8091417863206507
6871,0.34264371722291087
6872,0.564942493509755
6873,0.29487300749436934
6874,0.538283574898705
6875,0.39458743199953217
6876,0.3718947622540312
6877,0.4652748396293706
6878,0.8835072340919536
6879,0.3906227191924377
6880,0.42498687914950306
6881,0.8907296885943885
6882,0.22747919241896986
6883,0.3804440461471315
6884,0.6229700631166053
6885,0.6785653192507369
6886,0.3507376463889516
6887,0.4373448142656078
6888,0.19248833017075448
6889,0.9744655717778133
6890,0.362198389072687
6891,0.9581835398519395
6892,0.4154631739562403
6893,0.4039833029164042
6894,0.7131719986969309
6895,0.7857896553771959
6896,0.2783113184301045
6897,0.767315691506464
6898,0.975904981276234
6899,0.7380133603563984
6900,0.3845418230358395
6901,0.941232221830357
6902,0.49436424647933097
6903,0.5382435166034407
6904,0.46102609500614894
6905,0.9737009120296531
6906,0.6423458163594427
6907,0.9773691358187677
6908,0.2909277298231858
6909,0.330595040132258
6910,0.6973849757509453
6911,0.5233775659029617
6912,0.8478825306212814
6913,0.5039601587671768
6914,0.2807772889719042
6915,0.9793879085270563
6916,0.7608631106534244
6917,0.4680524072557599
6918,0.9762274775202068
6919,0.2679765407364029
6920,0.5099935827337897
6921,0.4582176827004886
6922,0.8578879218985341
6923,0.825657944975814
6924,0.4104794493549872
6925,0.4851282612498649
6926,0.5400284095042789
6927,0.9739219801011284
6928,0.4211464264191122
6929,0.43880808468384025
6930,0.4056969705738644
6931,0.5497781128504421
6932,0.3684660563340227
6933,0.5163022038785301
6934,0.8257217288351208
6935,0.7602454847407359
6936,0.35255768955720407
6937,0.7892650430968265
6938,0.48849700409699537
6939,0.4888839734224571
6940,0.3426455714302052
6941,0.7671146262069594
6942,0.5088267711191833
6943,0.5750308962825064
6944,0.788028632573471
6945,0.3682226123446102
6946,0.8094953871161227
6947,0.6342580001279042
6948,0.3482715410412469
6949,0.7990570381482364
6950,0.3121912700954672
6951,0.49896789508554423
6952,0.436057893917811
6953,0.6611584417381969
6954,0.9826092828052023
6955,0.3160794548603401
6956,0.3054740622922794
6957,0.4739061404995308
6958,0.8658336174098465
6959,0.4065704064807041
6960,0.3364462758436158
6961,0.7625197934573394
6962,0.31758948033732354
6963,0.5280844969507402
6964,0.42139483543578843
6965,0.5203238381561279
6966,0.7254718325635614
6967,0.42496039305852534
6968,0.7628707701583699
6969,0.9763228461111092
6970,0.9795915701758192
6971,0.5079601691770582
6972,0.40064207552533393
6973,0.40951840939985445
6974,0.6928801649958783
6975,0.5728042819769917
6976,0.611822758193576
6977,0.5405620733004664
6978,0.22217797601574496
6979,0.34520409131338
6980,0.6848484313693287
6981,0.573721675823653
6982,0.2282806956061848
6983,0.4522346173557858
6984,0.5931236882604408
6985,0.33371298645452513
6986,0.23853565712345656
6987,0.34585514819039537
6988,0.3047830819063073
6989,0.5727543374179397
6990,0.5094981815705856
6991,0.33104808556910365
6992,0.9032716481852546
6993,0.5239439494308126
6994,0.9615512015217113
6995,0.540415289072636
6996,0.5893100557502465
6997,0.25891108046858274
6998,0.6567409180970393
6999,0.570735616319975
7000,0.24161879822829357
7001,0.3012862309834454
7002,0.2889408098406258
7003,0.4481475787790991
7004,0.8425131098596568
7005,0.42534726401110334
7006,0.613354792848968
7007,0.33201832656656544
7008,0.8510984554457552
7009,0.3729352096477334
7010,0.5268945674077371
7011,0.7858984637601051
7012,0.5897228099370827
7013,0.7542168625320446
7014,0.6958862695953197
7015,0.5832231202777445
7016,0.4654287534373262
7017,0.8433413821004082
7018,0.37526265767230965
7019,0.5561281434999352
7020,0.8831906265987403
7021,0.980945206427749
7022,0.3122595980333677
7023,0.48898113112804137
7024,0.5552333006894673
7025,0.8517601468477588
7026,0.48407237749571
7027,0.9768930443114571
7028,0.5754743375095074
7029,0.5368330928120965
7030,0.43903257653845307
7031,0.9777109389554847
7032,0.38791856137485253
7033,0.3415399544393633
7034,0.6176983530406082
7035,0.8005925211785835
7036,0.2340899560765545
7037,0.5767901759963848
7038,0.8216302431961419
7039,0.46133530733953504
7040,0.6147864814171253
7041,0.34767532562941206
7042,0.16543477949859287
7043,0.8787328620842695
7044,0.7229562713025769
7045,0.46012774389955186
7046,0.3009220839443882
7047,0.9697606486949667
7048,0.5497107589667637
7049,0.37175954476361067
7050,0.9743631540215624
7051,0.32319124841635954
7052,0.43497857552676106
7053,0.5528991183253692
7054,0.3172438901613866
7055,0.6912593303871857
7056,0.3341011867933787
7057,0.835983984717012
7058,0.5375893299055591
7059,0.31734432056766887
7060,0.8944968674730226
7061,0.40308230161556313
7062,0.3233826854741931
7063,0.393011439401344
7064,0.2888537507346581
7065,0.2051985933309318
7066,0.34833454354415344
7067,0.5437243437114098
7068,0.44108954390591526
7069,0.9811263169471321
7070,0.2553401694651267
7071,0.2834192752552714
7072,0.7666157792090006
7073,0.5104787369838671
7074,0.3082388219417813
7075,0.6557390221282077
7076,0.4066663032252345
7077,0.39271871830772415
7078,0.3849289674613367
7079,0.5073134662111033
7080,0.4151865660358025
7081,0.8960866860493829
7082,0.5161440921845023
7083,0.38651174310885716
7084,0.24958368546000484
7085,0.2729630392200333
7086,0.7543213579979234
7087,0.4947018998244133
7088,0.47263191761628365
7089,0.31077980063952676
7090,0.5928347675618674
7091,0.34343232985022515
7092,0.6590267096826761
7093,0.6535463544046317
7094,0.31523792113981924
7095,0.5445231137877414
7096,0.6076840601610817
7097,0.8148279905615124
7098,0.7275821058568672
7099,0.40700562451480726
7100,0.3285191406424524
7101,0.41856279318507505
7102,0.32604251138892876
7103,0.2399432677711485
7104,0.8924530503071644
7105,0.8292021386734166
7106,0.38702277712555483
7107,0.3627926162720337
7108,0.7493861142604289
7109,0.2388624608536403
7110,0.329710741595545
7111,0.40245787857147924
7112,0.5343940776969958
7113,0.6866918275518871
7114,0.29836835785172705
7115,0.4040381557911463
7116,0.2881742544448563
7117,0.4634670403478512
7118,0.3813673550126815
7119,0.7569881281302777
7120,0.5483056305079755
7121,0.2417142561403988
7122,0.8142033324580765
7123,0.2604355718574163
7124,0.8707445034836138
7125,0.5167571864212169
7126,0.4578851396654668
7127,0.38494334806183406
7128,0.34603235382009095
7129,0.5196245011003376
7130,0.39671796181139135
7131,0.3555908796143526
7132,0.9578558068588778
7133,0.23569904879042022
7134,0.5678537805940826
7135,0.6515512879171085
7136,0.4633242913537472
7137,0.4763815970198575
7138,0.7390738437236797
7139,0.7175572165422635
7140,0.9796043411941256
7141,0.3025111803552563
7142,0.6174722947381946
7143,0.9704724435255668
7144,0.3179934193487895
7145,0.5022452441424891
7146,0.3089532978128953
7147,0.27927123809588084
7148,0.4282550761973793
7149,0.7841066749544104
7150,0.8197426426977632
7151,0.9737585460942882
7152,0.40792483125587586
7153,0.5213935313617966
7154,0.23618695378110224
7155,0.45487125143006635
7156,0.4404671961146076
7157,0.32942674317854337
7158,0.9807048760972957
7159,0.500576340912471
7160,0.7921515742655738
7161,0.36698596148698726
7162,0.4878860105275609
7163,0.36382596011315965
7164,0.7504158134804845
7165,0.4685148292978763
7166,0.9735010161687381
7167,0.31025674568518946
7168,0.6719717484284345
7169,0.3876330137996889
7170,0.2655693088382673
7171,0.845031957067434
7172,0.4968497045251122
7173,0.1778283612498495
7174,0.1688647768619369
7175,0.34735413254439296
7176,0.9773650409444142
7177,0.9718632111820878
7178,0.4217025287479763
7179,0.44149899615120053
7180,0.9715895048754494
7181,0.9705592082403887
7182,0.3052679439056868
7183,0.2735855558162542
7184,0.4803620326202489
7185,0.4398738835423773
7186,0.7081144513618645
7187,0.8074402862040825
7188,0.9753271906102791
7189,0.8177903568447276
7190,0.46467113574634916
7191,0.3928733682964605
7192,0.390227153091322
7193,0.7172372449707907
7194,0.47880910482671685
7195,0.33057363420348396
7196,0.4125655929285062
7197,0.4660221471927508
7198,0.31577836684032357
7199,0.24476584102555532
7200,0.38811096646197246
7201,0.33379149559792376
7202,0.7989957782672527
7203,0.46219336347756873
7204,0.732846273999305
7205,0.5806462905653303
7206,0.9750750745834593
7207,0.464578481681898
7208,0.6148499940080346
7209,0.6746801806845072
7210,0.28771117118632145
7211,0.24771041221594928
7212,0.22057809053290475
7213,0.35951724909005806
7214,0.5383294532257631
7215,0.45972995048086923
7216,0.18071059694428382
7217,0.5722299735685227
7218,0.4509584944793266
7219,0.4079142842084775
7220,0.8991101606585254
7221,0.5411174064074662
7222,0.22273410352669418
7223,0.876356132791044
7224,0.4771744353870329
7225,0.8482689885390023
7226,0.58993743952067
7227,0.42516328124689345
7228,0.5245416367311052
7229,0.8489848598152833
7230,0.8078712927775052
7231,0.32873707602459434
7232,0.7505384366056802
7233,0.798961917623776
7234,0.410483674568306
7235,0.4424944251456726
7236,0.44861266612066814
7237,0.3654483865765572
7238,0.3786476192927037
7239,0.3973494950975514
7240,0.43820038068661943
7241,0.45833906951235875
7242,0.9655908727895098
7243,0.3727715754394139
7244,0.45555750051498095
7245,0.6976484329009159
7246,0.3216338029782931
7247,0.731302763859382
7248,0.3805841271099837
7249,0.7633201646419145
7250,0.2753190775678442
7251,0.34553104616115154
7252,0.36556166309548943
7253,0.31652419956269434
7254,0.2793273001161833
7255,0.7948754894857221
7256,0.5462612169533272
7257,0.5191443930067448
7258,0.4316129508882163
7259,0.24515481001821016
7260,0.35581968221203125
7261,0.4084352449146145
7262,0.4688417884140596
7263,0.28062681442100074
7264,0.7504834988967893
7265,0.39512239368800445
7266,0.7627733934464197
7267,0.5080273247349417
7268,0.9768816127151982
7269,0.3786096060801378
7270,0.3757008246812597
7271,0.8086960497380457
7272,0.9755338978745461
7273,0.5348171893712749
7274,0.43724633122464
7275,0.44061005081447613
7276,0.34573481582632315
7277,0.8086541680856346
7278,0.561095380346332
7279,0.436357035385965
7280,0.5467271831128744
7281,0.29533928466256654
7282,0.16363184079195323
7283,0.39862299871661944
7284,0.6076002010034932
7285,0.9785192799350858
7286,0.4329522332671978
7287,0.9679262414268898
7288,0.7491132011720216
7289,0.36099624034608624
7290,0.46210800745136255
7291,0.3306981476928033
7292,0.6888237371821534
7293,0.3600200124751012
7294,0.7095190439349593
7295,0.41606684811940614
7296,0.4262641797205786
7297,0.9801942049569465
7298,0.22460700707047823
7299,0.9826172075707519
7300,0.3832174719113552
7301,0.245863583435826
7302,0.2859061741002
7303,0.35216181606728864
7304,0.9790412355993428
7305,0.9696291846982746
7306,0.37911951844005265
7307,0.19188530317392605
7308,0.42548109561023756
7309,0.43729044645428433
7310,0.3601119529709918
7311,0.5256034163521551
7312,0.7448372353439567
7313,0.3596191098185755
7314,0.3654638944574818
7315,0.2761842609844783
7316,0.9179362163719912
7317,0.9688623503211676
7318,0.48783438911252447
7319,0.7140979953832471
7320,0.9334982372946309
7321,0.45876063955967467
7322,0.8794387943919446
7323,0.4581104554902599
7324,0.32910847162338425
7325,0.2965326210584693
7326,0.9792559370811641
7327,0.4313978290974209
7328,0.2508888782996839
7329,0.26622077639523745
7330,0.7760280964423756
7331,0.5075166820111011
7332,0.7026755073331948
7333,0.7921676800076253
7334,0.5447311787243824
7335,0.37261932256643765
7336,0.8038850606074934
7337,0.7836251327310327
7338,0.32643544411652753
7339,0.4461736488618917
7340,0.5930761997772233
7341,0.484888622403193
7342,0.39934863098298057
7343,0.3007579932843047
7344,0.33817073593750413
7345,0.2624332868127685
7346,0.44825114273427835
7347,0.32468313928064
7348,0.4592883898980069
7349,0.3732174160248256
7350,0.8483405759504451
7351,0.34651968470477307
7352,0.8966905526174346
7353,0.6419447952306969
7354,0.6123395822293127
7355,0.7176534487290165
7356,0.2514377958497744
7357,0.8668190717062793
7358,0.7380186018816296
7359,0.5998750794185765
7360,0.45815448145577325
7361,0.5691005771742893
7362,0.8346205093799761
7363,0.33354041326308453
7364,0.6309540358445699
7365,0.7426776538863532
7366,0.26628390518119327
7367,0.720218820829064
7368,0.9665428100456341
7369,0.3317075008715
7370,0.5109181619340529
7371,0.7553301478529167
7372,0.9752674962260257
7373,0.35684941483542953
7374,0.2686205704063416
7375,0.3351697391268235
7376,0.7324916175110999
7377,0.9466424456692275
7378,0.17204254399660554
7379,0.40264505543054124
7380,0.9741677079183727
7381,0.5325155778592733
7382,0.5607559733978799
7383,0.8255507482546505
7384,0.6186846211181093
7385,0.3799896158024481
7386,0.3623612565163612
7387,0.742198625081107
7388,0.973889024853563
7389,0.9063672871880734
7390,0.7710164424223732
7391,0.5601901136156834
7392,0.5782048174249529
7393,0.9187588662288153
7394,0.30497090770746954
7395,0.34040138658781105
7396,0.31153637064398176
7397,0.967156053900756
7398,0.4247945001345839
7399,0.8622710065637311
7400,0.46337714457266505
7401,0.27207254391916996
7402,0.38260796723565965
7403,0.45720295688528045
7404,0.37885919336635526
7405,0.3308636217438384
7406,0.18860508872105317
7407,0.48913723750452637
7408,0.45845193802387435
7409,0.31373710825674883
7410,0.356600798506065
7411,0.2179945947278226
7412,0.6891744250361157
7413,0.48160444431341115
7414,0.4255128075502544
7415,0.2832256986443913
7416,0.42077115588242925
7417,0.7747016131784467
7418,0.39627214625139606
7419,0.34618797052555567
7420,0.7843195774185631
7421,0.3751517166512957
7422,0.2664347246481193
7423,0.6080071213722037
7424,0.9152486981006076
7425,0.4453720300301299
7426,0.5349888619738444
7427,0.9777238803021769
7428,0.6640591735560435
7429,0.35912571510286373
7430,0.4956756928751436
7431,0.5861199536080145
7432,0.36854804662087326
7433,0.3363373230281677
7434,0.4738316189205016
7435,0.48821030512759034
7436,0.9644381816625938
7437,0.811196810531085
7438,0.44241371759445486
7439,0.3835031974618399
7440,0.6110385416370131
7441,0.3641111705806786
7442,0.34983742890290337
7443,0.9820283537011774
7444,0.2967961330992772
7445,0.43065061709669933
7446,0.46642101974277245
7447,0.9766281474337988
7448,0.6437844811846797
7449,0.7574231412976905
7450,0.3620341515450705
7451,0.5634382090818763
7452,0.4194255700795964
7453,0.8584261310392794
7454,0.44838930965697427
7455,0.3593670925058152
7456,0.7370297958880162
7457,0.29200636659755824
7458,0.2693231299060084
7459,0.7717030853604457
7460,0.44650403353030993
7461,0.5610056527569564
7462,0.9819630559522833
7463,0.5181123399771472
7464,0.7094531118457347
7465,0.5171858766340194
7466,0.9153047154474073
7467,0.9787974405184642
7468,0.3282093949951232
7469,0.6348247561972848
7470,0.96875531534811
7471,0.3895965151526511
7472,0.7628521204926294
7473,0.9697354228933333
7474,0.9690569883192236
7475,0.8571430993018444
7476,0.3813386206671809
7477,0.20799750601213055
7478,0.45724802438622003
7479,0.9622490794044524
7480,0.25340512533972803
7481,0.29026476670910206
7482,0.9691199440032853
7483,0.8622473893467548
7484,0.814371074715614
7485,0.5703984583576368
7486,0.36842021156611676
7487,0.5013606738026963
7488,0.5026957799563
7489,0.7206727226172669
7490,0.40609649750764065
7491,0.6660250468423791
7492,0.9660976356198573
7493,0.38179237898836177
7494,0.3803927095763386
7495,0.9774762787299099
7496,0.7881192451224006
7497,0.3813874831291284
7498,0.5390594979708738
7499,0.8296594488522856
7500,0.6344371482132659
7501,0.52344263669138
7502,0.315845618125891
7503,0.35316768579462837
7504,0.7400750299947201
7505,0.3288032144294644
7506,0.25163849405386424
7507,0.8316520073671659
7508,0.37703367433699997
7509,0.42361699865788177
7510,0.40297069396113167
7511,0.4298988975507063
7512,0.8015472672663826
7513,0.2710131777198041
7514,0.3912122955242879
7515,0.3808574760028975
7516,0.711330281874171
7517,0.36141239973995737
7518,0.5531740111859844
7519,0.5187641539802048
7520,0.42303135344134657
7521,0.4442113964128045
7522,0.42866028861397787
7523,0.46796424127788877
7524,0.2695200382674247
7525,0.7553039548956343
7526,0.7834098242329676
7527,0.8477035311898363
7528,0.6588301495312058
7529,0.9642509610194109
7530,0.4278764629668064
7531,0.5537969376648919
7532,0.815484746984182
7533,0.4340897248394111
7534,0.7572025543971588
7535,0.6277170915415252
7536,0.822739171731289
7537,0.82879852860064
7538,0.41307484214289253
7539,0.8710939551443951
7540,0.6508888914174152
7541,0.41822802169762063
7542,0.7783336676842624
7543,0.7331615663739531
7544,0.8017641895198407
7545,0.47689726492445145
7546,0.8507372075420109
7547,0.44836243724607594
7548,0.777230290306043
7549,0.975992721442021
7550,0.6709046121676235
7551,0.22374217590995657
7552,0.5262739253407168
7553,0.3980772719843011
7554,0.8549837896281033
7555,0.8035028452076368
7556,0.824211510340418
7557,0.6362170991200711
7558,0.8036613391516497
7559,0.3702674912435054
7560,0.683627226040949
7561,0.7744805436330896
7562,0.437307715929258
7563,0.5240184976489531
7564,0.47267936767419094
7565,0.3032892016040458
7566,0.42672648184956996
7567,0.49643995963078286
7568,0.48342547976644146
7569,0.4282483069800575
7570,0.3363306703630396
7571,0.5071707724973061
7572,0.8049414492875254
7573,0.6280370356610679
7574,0.3629670929615612
7575,0.4246677817368332
7576,0.5353760945171482
7577,0.6790393271375602
7578,0.35265300260628113
7579,0.978540729814763
7580,0.5446105455771683
7581,0.5939797566913224
7582,0.4369724108018611
7583,0.7528097709338667
7584,0.7969627286276398
7585,0.9813423189846532
7586,0.8340597027978333
7587,0.6956158423751342
7588,0.48043958619376603
7589,0.9744430814746313
7590,0.8947251754311232
7591,0.5601452877146501
7592,0.3074695330376143
7593,0.284149146061514
7594,0.3623469866458275
7595,0.6155729517865418
7596,0.2917628627775362
7597,0.5340584397464512
7598,0.4875681991482779
7599,0.2607565510435952
7600,0.42498640460708353
7601,0.4995342084564125
7602,0.4294394622803253
7603,0.3685541532498136
7604,0.5051433386649541
7605,0.5266416770477815
7606,0.2945699592223407
7607,0.41202597697023574
7608,0.27402414788360263
7609,0.7800039855071791
7610,0.36965141281092007
7611,0.2883532508235706
7612,0.21339587606031216
7613,0.3253482945037265
7614,0.36441490517831204
7615,0.4250595317594288
7616,0.7448615090296001
7617,0.36232770901183287
7618,0.382083302319449
7619,0.4698263993689533
7620,0.15848138787469196
7621,0.8982908918335156
7622,0.3624693829734639
7623,0.7591453342755283
7624,0.4129093525914851
7625,0.3430167342658246
7626,0.326616248302061
7627,0.96732303824129
7628,0.15050340356282557
7629,0.2813470123455365
7630,0.3443653011497963
7631,0.3440022111874426
7632,0.339163768360269
7633,0.3447347982499665
7634,0.3945790193468546
7635,0.3525545673534363
7636,0.4413558301534061
7637,0.40813790472213135
7638,0.8311992545825492
7639,0.7299546308533661
7640,0.28129449804513657
7641,0.3541252527618497
7642,0.43599076355994143
7643,0.568127272557007
7644,0.511218811151752
7645,0.36908847711207476
7646,0.4447238161930862
7647,0.8382753100865169
7648,0.5109564869864637
7649,0.8117465794235891
7650,0.3963138539835401
7651,0.7764306043074788
7652,0.49863687814357166
7653,0.3580433044290232
7654,0.3362026515911356
7655,0.867011562125373
7656,0.38348952832791117
7657,0.9716647137464834
7658,0.9686438980593403
7659,0.4858264471320104
7660,0.7472232506062069
7661,0.5142540037083752
7662,0.37274380975756155
7663,0.3958775171666358
7664,0.45296457553652897
7665,0.2878177278545317
7666,0.5216819967491363
7667,0.5448421786806349
7668,0.6382592137250874
7669,0.2562553465197663
7670,0.46453122135932196
7671,0.29694000856328345
7672,0.5104733152937574
7673,0.2916053799655989
7674,0.5274408476217358
7675,0.6933258140687398
7676,0.8287843249295038
7677,0.49218820350053116
7678,0.4482190440145035
7679,0.5550338754846901
7680,0.26484887324242995
7681,0.4097969933948679
7682,0.3491384761583416
7683,0.9739762694262576
7684,0.8745638126777738
7685,0.7086803243128608
7686,0.9730435484192403
7687,0.3828521735607093
7688,0.4583133802782769
7689,0.17356813328256884
7690,0.766721623209874
7691,0.6315792637062901
7692,0.6283264145618654
7693,0.52651719346557
7694,0.9774605045634107
7695,0.8136681430530673
7696,0.9644657431583608
7697,0.8410815087072131
7698,0.7272735750599463
7699,0.8081128860169907
7700,0.2555087030149057
7701,0.3720982173304046
7702,0.9763121541665426
7703,0.41968913657361906
7704,0.29572351530217705
7705,0.3360336412789057
7706,0.8161281553254404
7707,0.5335734270648335
7708,0.8035226572150357
7709,0.4784782708506525
7710,0.3207620760577022
7711,0.5088138172284081
7712,0.3254902018266726
7713,0.9760171019978658
7714,0.5004878442935684
7715,0.968087103009987
7716,0.5183368335443693
7717,0.6057193770235317
7718,0.9755737977515123
7719,0.41623721748802217
7720,0.45693001164972397
7721,0.377112338051754
7722,0.8988847720533405
7723,0.9763518856597683
7724,0.5064427765137401
7725,0.8621787964459675
7726,0.8510406358534932
7727,0.7328877147429075
7728,0.49299275474950394
7729,0.7849060975857723
7730,0.7678181883158975
7731,0.557363124494152
7732,0.9745271781472734
7733,0.4727012908250707
7734,0.8303165931872489
7735,0.9792097142930105
7736,0.9716375934557754
7737,0.4073277255849818
7738,0.728010862007033
7739,0.25549559238364455
7740,0.17778699310989185
7741,0.7360469646085258
7742,0.2614693822721377
7743,0.9764196028097305
7744,0.4930072145520176
7745,0.7952267801723143
7746,0.968478738908729
7747,0.7918492286092521
7748,0.3954794312857189
7749,0.9695551190848674
7750,0.7257482345895846
7751,0.9780159095471794
7752,0.7583584629992884
7753,0.5618928427895652
7754,0.2841218184343623
7755,0.3450968086464227
7756,0.25597535801476723
7757,0.27043783924717135
7758,0.709053296824352
7759,0.7869184534797281
7760,0.3847058549934157
7761,0.6362463995256041
7762,0.7564054360173477
7763,0.513111291315728
7764,0.974435288675963
7765,0.9755883547308967
7766,0.4825288007360258
7767,0.5962826876603053
7768,0.4878370353566714
7769,0.6733621786640528
7770,0.42235611858529126
7771,0.4302251744119083
7772,0.8533394491628076
7773,0.6037510084668707
7774,0.19560105836125993
7775,0.9672176026509737
7776,0.44945588752065074
7777,0.646454839310433
7778,0.33491630215689755
7779,0.3438336839484604
7780,0.8138534730691439
7781,0.34321206381148833
7782,0.1926560811311724
7783,0.9721601270970357
7784,0.342803130310356
7785,0.3189857937988627
7786,0.37125136450489865
7787,0.8155991546069433
7788,0.8658800817336352
7789,0.3117216149194621
7790,0.5566927761680762
7791,0.5342206426184881
7792,0.8800996692904245
7793,0.3560554547253825
7794,0.3647954782173763
7795,0.8186633541252281
7796,0.48718603509746883
7797,0.48089515967440793
7798,0.8659658619553466
7799,0.43106594383509617
7800,0.4356074384441062
7801,0.330507387635437
7802,0.25919742020625364
7803,0.5346882360529227
7804,0.46379485854695607
7805,0.23975000701290483
7806,0.39974363725896084
7807,0.2751875232133439
7808,0.2934965830644261
7809,0.20188088302704035
7810,0.5116677729755225
7811,0.3685106723766783
7812,0.8777694910651889
7813,0.2610157987840921
7814,0.37341501535175686
7815,0.3124901578346387
7816,0.7793290670058833
7817,0.464879554688346
7818,0.39399867190786814
7819,0.39016957223010323
7820,0.8620698764963088
7821,0.8078637517121444
7822,0.8369343709795113
7823,0.8496345116334078
7824,0.44900261685778337
7825,0.9779671824297561
7826,0.7925830923672045
7827,0.3982170096175204
7828,0.5364252457320983
7829,0.7719128483076093
7830,0.22602386108313763
7831,0.28719436304006724
7832,0.2637027600396141
7833,0.2788788541027949
7834,0.7387217083471994
7835,0.4408075155923931
7836,0.4354976185458985
7837,0.8425199936275195
7838,0.9801639545993348
7839,0.42754292828533585
7840,0.4403215620510334
7841,0.34829685824606255
7842,0.4978138918853783
7843,0.7635186804741719
7844,0.31542139047988466
7845,0.30271075457261026
7846,0.37085649887148814
7847,0.9702983759419146
7848,0.2624676766553397
7849,0.5624196041892405
7850,0.5472514436501589
7851,0.3939262033187914
7852,0.6632547934853911
7853,0.41704182918012567
7854,0.8490728503669184
7855,0.5239404784566132
7856,0.6272439093565465
7857,0.4372126623085823
7858,0.5140377110627536
7859,0.3383088736145963
7860,0.39251849615107215
7861,0.8366795776646136
7862,0.7514719724075639
7863,0.42727525694190405
7864,0.827583972901747
7865,0.4687789727450915
7866,0.8379962473083822
7867,0.8199457953888162
7868,0.43417718509340286
7869,0.3878747545254592
7870,0.9785183446009963
7871,0.970496609258591
7872,0.32095572981976367
7873,0.34308342893185934
7874,0.8310363459375177
7875,0.3109873614849166
7876,0.9702540416057959
7877,0.9769999486116641
7878,0.39039175223543426
7879,0.44802713436499864
7880,0.34713579435414
7881,0.4762395428845639
7882,0.2276675723881917
7883,0.7352257400297925
7884,0.7861809593143265
7885,0.8015696617293409
7886,0.48488391598468716
7887,0.386009478003154
7888,0.7534021554155873
7889,0.44940710599329453
7890,0.754720755323924
7891,0.39248100595592145
7892,0.5568435413187526
7893,0.9825162801602376
7894,0.9808537496069887
7895,0.813532861216984
7896,0.3591189945422477
7897,0.23694571022145317
7898,0.8558264298295191
7899,0.3318098756651086
7900,0.4437963014655779
7901,0.7483082524291224
7902,0.7492553547886809
7903,0.474516030893017
7904,0.9801745753206609
7905,0.571477183896269
7906,0.19814229576121853
7907,0.5621243237556279
7908,0.6355611253685948
7909,0.35722715988254433
7910,0.517969644396361
7911,0.4910049742755786
7912,0.3590131960399255
7913,0.9750372104971031
7914,0.28025137988742377
7915,0.6156561455755484
7916,0.5072436077823207
7917,0.305938964920964
7918,0.3968932105068905
7919,0.8749408433800494
7920,0.4492857987594438
7921,0.3828042814116461
7922,0.4728386804224094
7923,0.2759733446631254
7924,0.3126536967847478
7925,0.3766975383977727
7926,0.754292556355355
7927,0.48281486329207673
7928,0.9783025186228053
7929,0.8253049446704798
7930,0.2886018851219975
7931,0.413672635371169
7932,0.23833889579478928
7933,0.4666509783689232
7934,0.3146756523241557
7935,0.49160069530728184
7936,0.7847619133498728
7937,0.23080807814597662
7938,0.35870416805581967
7939,0.3924432139542193
7940,0.5545819585872778
7941,0.8232142754105579
7942,0.33521104113928546
7943,0.7886530899582022
7944,0.3474444975583852
7945,0.253648815519316
7946,0.5272286405347154
7947,0.8412883642215992
7948,0.4678404171893826
7949,0.8103827019779111
7950,0.31745289432429546
7951,0.22381648057669745
7952,0.44723881857467207
7953,0.36900966471824415
7954,0.4922906010391055
7955,0.9020968893615978
7956,0.6854479196499731
7957,0.3725570052339265
7958,0.29123775074303887
7959,0.49767852898684417
7960,0.27853945384310147
7961,0.7079804794509692
7962,0.48942859724291204
7963,0.5032937385673164
7964,0.8367758941921289
7965,0.2798355534405499
7966,0.3181504373007867
7967,0.5204932562536752
7968,0.3998377292633137
7969,0.4750285838492208
7970,0.819068193207138
7971,0.4415524274126938
7972,0.9770828033790847
7973,0.3926451162651204
7974,0.44662037830474793
7975,0.3459807575214466
7976,0.9679816933729762
7977,0.3380994609446077
7978,0.6619416761745867
7979,0.5567891569335034
7980,0.46368915362411084
7981,0.27338232262585904
7982,0.9715987796808276
7983,0.2746706895148982
7984,0.7440289206669061
7985,0.3593065955583313
7986,0.4519460936143074
7987,0.9682847910828792
7988,0.2983379741964061
7989,0.35857169638456604
7990,0.9714083174494809
7991,0.3985473794868835
7992,0.26402406162806263
7993,0.2461777450243051
7994,0.4193164713580195
7995,0.3639068146750278
7996,0.22754655395135184
7997,0.3817953278970845
7998,0.468208047529439
7999,0.42319372901982644
8000,0.8641097058302919
8001,0.5281043427268372
8002,0.5012508017774657
8003,0.8588191624017671
8004,0.9840901038970001
8005,0.2586469620104263
8006,0.7841389601915637
8007,0.25209329009564074
8008,0.9764591039321702
8009,0.5393311590586833
8010,0.2589378203729318
8011,0.5061849474480442
8012,0.25225377224734574
8013,0.3879870720561871
8014,0.34004361771635794
8015,0.32067012131668937
8016,0.48035507438348296
8017,0.7348163197865235
8018,0.9723385297199836
8019,0.2602497848676694
8020,0.3525338356690854
8021,0.25588864361405056
8022,0.7655126257002763
8023,0.5001010234634803
8024,0.3465988010956527
8025,0.41768425703747797
8026,0.32739871481290495
8027,0.3438339248001106
8028,0.30875452910817985
8029,0.976822908804429
8030,0.3180887155020711
8031,0.3287113484163488
8032,0.674674533993001
8033,0.32823099506646186
8034,0.4116561284437874
8035,0.8358930687444849
8036,0.3553791155468031
8037,0.3483899572445928
8038,0.305539253213358
8039,0.5905140002126935
8040,0.9749777366400343
8041,0.4580355414275032
8042,0.4259164148275683
8043,0.28569537822330043
8044,0.47105662903254103
8045,0.8908736212228815
8046,0.7930492086337534
8047,0.2065117193383165
8048,0.4325460881901669
8049,0.5215236479477113
8050,0.41383516402624654
8051,0.7286186674307474
8052,0.2726287884598431
8053,0.3491716794945638
8054,0.3828618216227324
8055,0.8368853628881184
8056,0.2421402486618561
8057,0.4885652223614551
8058,0.6317473973556598
8059,0.33480823636451745
8060,0.3928157268142876
8061,0.34286864774655146
8062,0.37887992559538947
8063,0.8354396256485382
8064,0.30696367822889453
8065,0.7848649413376029
8066,0.2516998258544716
8067,0.9747468132924553
8068,0.4403135532974643
8069,0.239151914762994
8070,0.43730263773171646
8071,0.34070579213186086
8072,0.9681106500260178
8073,0.7762099204193568
8074,0.4930016137813862
8075,0.23578512563138024
8076,0.3947761733886172
8077,0.5108183582934284
8078,0.5724955532715715
8079,0.3839124044965789
8080,0.3284736179855215
8081,0.6027429940303285
8082,0.7529572311863405
8083,0.39319552223814497
8084,0.2159433901074891
8085,0.3192779817932155
8086,0.4042825547514833
8087,0.8248505951262294
8088,0.9731347895929591
8089,0.2604143608548701
8090,0.5613539587291996
8091,0.2862360835292764
8092,0.3993176475540898
8093,0.2850972648828776
8094,0.9650438868083299
8095,0.569921401326233
8096,0.7388253374155528
8097,0.5215362399012252
8098,0.400738196440251
8099,0.3056344727287289
8100,0.46626859922936337
8101,0.36977864149392364
8102,0.429636733071698
8103,0.43303739412061404
8104,0.978743165393568
8105,0.8662733632604125
8106,0.5040503579228562
8107,0.4765364900919518
8108,0.5345469934326128
8109,0.35922955418045205
8110,0.8854938296339551
8111,0.30175734042152097
8112,0.865054342634569
8113,0.41716586511660014
8114,0.8310621950772353
8115,0.45158698086087484
8116,0.9708548023901992
8117,0.5975790053365543
8118,0.4541943661762644
8119,0.3547823944806802
8120,0.7599276889917448
8121,0.5290750694123485
8122,0.4167796278169989
8123,0.5798117772825101
8124,0.4851775222907507
8125,0.8227939294705969
8126,0.6985932042123931
8127,0.4529413784788645
8128,0.8377850832818815
8129,0.616275887862359
8130,0.31528542796726367
8131,0.37025669290331775
8132,0.17944258373577707
8133,0.3075312554077146
8134,0.3502135696874511
8135,0.29625463913493794
8136,0.33401387874433164
8137,0.4553537811486333
8138,0.5960472075199806
8139,0.5782707033219324
8140,0.3799273734873738
8141,0.4457430189920057
8142,0.22444508546473077
8143,0.5374956168046948
8144,0.36638438837501114
8145,0.39596331784560074
8146,0.6326006207773068
8147,0.2842803073417006
8148,0.9761600407944729
8149,0.4721150982257119
8150,0.8291867438809909
8151,0.4759056325868076
8152,0.24855654420647663
8153,0.4322770802052471
8154,0.747245502618151
8155,0.4136139410027076
8156,0.8741172363605906
8157,0.9697566409263626
8158,0.35998535800168935
8159,0.351304131975553
8160,0.6344114884088827
8161,0.41768987187330536
8162,0.45918399188512565
8163,0.7237660051105873
8164,0.3340217369352043
8165,0.22288178385673066
8166,0.9691434625174434
8167,0.3191601322238716
8168,0.8271404309372953
8169,0.7676556264917319
8170,0.34863568024153485
8171,0.39401016000424166
8172,0.4163167351055678
8173,0.2301754562984104
8174,0.39431102718662253
8175,0.3304161766305645
8176,0.6697609799851909
8177,0.35248211012551045
8178,0.37627430482549046
8179,0.43208464996183654
8180,0.772064858182194
8181,0.3204884669168064
8182,0.5397846394952027
8183,0.39361656529075467
8184,0.9687368640963218
8185,0.4976978098499763
8186,0.3531678751231307
8187,0.25933017569562294
8188,0.3387252116735046
8189,0.3803895198004401
8190,0.5413778921739928
8191,0.48564307181178634
8192,0.7789556081151844
8193,0.4465146464564043
8194,0.5747972043076621
8195,0.4752516216036365
8196,0.44593977512201155
8197,0.8607355852375965
8198,0.34977480060446103
8199,0.31844798953313624
8200,0.32220262966597724
8201,0.5320693663127348
8202,0.8306576246560269
8203,0.24274427698108828
8204,0.3984688984181564
8205,0.4750471193190296
8206,0.9781123847931531
8207,0.3388359260394688
8208,0.6917241694819379
8209,0.30987287542275077
8210,0.5191846533172063
8211,0.2720147385902889
8212,0.8502827187827192
8213,0.3227888711545713
8214,0.7401470134863698
8215,0.7984156961413261
8216,0.5277877734721158
8217,0.8828154007022722
8218,0.46430133247847527
8219,0.6637149372710598
8220,0.34212671270345424
8221,0.6924186183774074
8222,0.962571211493762
8223,0.315483272784945
8224,0.6614347129435814
8225,0.24699085459189316
8226,0.3586228064284711
8227,0.38766289562333006
8228,0.35339260272082434
8229,0.5930982151801542
8230,0.32495594309227577
8231,0.32436495904187823
8232,0.4144725199864077
8233,0.6966053413917628
8234,0.46728910146951347
8235,0.580390080049789
8236,0.294240003733837
8237,0.2952509690633038
8238,0.9735826666444939
8239,0.7121566041959554
8240,0.5208470859775818
8241,0.9716583037020105
8242,0.5949332143997088
8243,0.5324870488840884
8244,0.8365791763796883
8245,0.3025962851710326
8246,0.6965229392781005
8247,0.30766940546564253
8248,0.43301676405662
8249,0.4856982866846347
8250,0.7377211553934119
8251,0.9027308059245409
8252,0.29988189535117576
8253,0.5968248041930027
8254,0.9709391715622337
8255,0.27547839173072297
8256,0.7807325733362459
8257,0.5279340603666406
8258,0.5947972067769344
8259,0.9658535791139813
8260,0.9603628545223227
8261,0.9760730644664927
8262,0.3873215424066971
8263,0.5006374151494388
8264,0.40076301521318064
8265,0.3651088791430637
8266,0.5455927310047028
8267,0.42466228656960325
8268,0.4400106812946906
8269,0.3470109828355466
8270,0.3339596719123184
8271,0.3556124942307848
8272,0.9794960763617363
8273,0.3752623899523648
8274,0.2409363281127547
8275,0.4131589960125425
8276,0.9789294264174012
8277,0.78198191488194
8278,0.9682054096329352
8279,0.4551648931897592
8280,0.3374219991357071
8281,0.8004713813170716
8282,0.8093400557893801
8283,0.2959801490582307
8284,0.5834525335592554
8285,0.980756260407838
8286,0.9809845314090205
8287,0.4721894750687272
8288,0.31357497339033996
8289,0.34161095404215525
8290,0.2821270672150284
8291,0.3002471302629353
8292,0.29487775670925614
8293,0.3020202207121336
8294,0.4603875092605591
8295,0.8187099461812705
8296,0.7185348554729547
8297,0.25188428289498166
8298,0.9773749318453074
8299,0.48443818172789355
8300,0.3032626715836429
8301,0.7799207581331
8302,0.28160718368033305
8303,0.5227100450780142
8304,0.9592005815338703
8305,0.4148447287405414
8306,0.3409011498340669
8307,0.4192456129718545
8308,0.31963467830739317
8309,0.7350706805427838
8310,0.38935987638302305
8311,0.4748329189522758
8312,0.27272078650374015
8313,0.2499765606860491
8314,0.2892822567650128
8315,0.5964258551023052
8316,0.908188368256842
8317,0.3319859429943149
8318,0.2691436581544392
8319,0.2389017185119491
8320,0.38815096510549246
8321,0.5006761609492756
8322,0.42278167237069625
8323,0.34512361650091017
8324,0.5084351249257598
8325,0.7987353227835884
8326,0.28757993876870463
8327,0.40922262766625983
8328,0.31924023753890296
8329,0.9723853245452397
8330,0.39695193810423673
8331,0.47443313691095607
8332,0.22278979480402358
8333,0.5404100769359724
8334,0.43466671024531306
8335,0.30221057423965125
8336,0.3615334125507947
8337,0.3750675029622394
8338,0.3992045851880341
8339,0.8467125763915302
8340,0.38725676843161616
8341,0.9730150035143258
8342,0.749958110481146
8343,0.31710556246674493
8344,0.5750879879546786
8345,0.970187185526736
8346,0.5419418351899323
8347,0.25310176055959693
8348,0.9762346534954826
8349,0.9752057611427567
8350,0.7842043705643124
8351,0.4272658033890189
8352,0.46625359163601515
8353,0.4134816621758141
8354,0.36213719090788005
8355,0.3822809669255028
8356,0.9774208189851112
8357,0.8877418010340999
8358,0.7628902293007463
8359,0.3158592977930058
8360,0.44593124700064357
8361,0.3986946372049402
8362,0.5242341416647137
8363,0.3391052124598215
8364,0.9787346530244952
8365,0.26576799801679996
8366,0.3464757241083127
8367,0.49979031506348504
8368,0.3286445476172232
8369,0.6679993508313483
8370,0.46667531312291405
8371,0.4870906484350697
8372,0.2801206836466826
8373,0.4420756391945213
8374,0.798667106374348
8375,0.8570320197712507
8376,0.17369798146993054
8377,0.2929982531511412
8378,0.9694404963561531
8379,0.278887305793554
8380,0.7841988569501505
8381,0.3993947527489998
8382,0.7893847433359439
8383,0.3719726758510657
8384,0.3105804179089746
8385,0.30431419242389196
8386,0.8264789234138065
8387,0.3413243690906272
8388,0.3913264872209579
8389,0.9753279737225613
8390,0.3769495467166233
8391,0.9619894273901369
8392,0.8315319096659417
8393,0.40538805535867906
8394,0.23653968832154573
8395,0.25879840702008194
8396,0.31625840239277697
8397,0.23469067822842368
8398,0.3561286622265467
8399,0.3914387981595331
8400,0.41706201370024104
8401,0.8581248836335131
8402,0.35615690219168306
8403,0.45071484411616763
8404,0.3725954456357062
8405,0.4379832111116359
8406,0.3433215756444093
8407,0.8130244325975586
8408,0.3380706935717251
8409,0.26499015395028463
8410,0.28405661051482817
8411,0.3702755996061318
8412,0.27926651363731647
8413,0.7591951242508076
8414,0.30986847990037436
8415,0.8327666397929816
8416,0.27199073163965515
8417,0.3583000361218822
8418,0.847945387564919
8419,0.6312206575684584
8420,0.4880854782383152
8421,0.944266780960023
8422,0.9764994955968699
8423,0.3120664017399168
8424,0.28064490195821507
8425,0.6798572843029644
8426,0.5017253653707295
8427,0.4441004888463314
8428,0.8612410549245225
8429,0.8180057661222863
8430,0.44638547858907085
8431,0.7129397649251041
8432,0.3671514834412608
8433,0.38548986993359863
8434,0.6061418735737386
8435,0.4006494855577163
8436,0.29112810633981473
8437,0.4772571800829815
8438,0.9819452618728418
8439,0.6947228910531086
8440,0.6949585559213771
8441,0.37805088303054885
8442,0.8022975419959367
8443,0.5521170211482195
8444,0.8509129168531596
8445,0.97689088856474
8446,0.3380133712222742
8447,0.49884583004025124
8448,0.34625899795148635
8449,0.38308213866605056
8450,0.47130592828167667
8451,0.5874749958107349
8452,0.23567084206670932
8453,0.9813410026738824
8454,0.27623508075710257
8455,0.3850539946347186
8456,0.5433115887197965
8457,0.33929105888530703
8458,0.500812646460774
8459,0.7829296771651361
8460,0.5105668224018253
8461,0.6027736515109153
8462,0.35907768259065437
8463,0.3702751706019635
8464,0.5459504985794558
8465,0.3594226602189818
8466,0.5638135315022043
8467,0.37427964648053164
8468,0.7862639103261325
8469,0.4461072163360959
8470,0.9760108383530648
8471,0.3111935023056245
8472,0.35437454344372155
8473,0.3949896890218936
8474,0.5286835025358952
8475,0.8017400705304661
8476,0.5574731759808014
8477,0.7291470949270596
8478,0.7643280181090395
8479,0.9684107547382323
8480,0.3254599310760838
8481,0.7531433229765684
8482,0.4341445775050039
8483,0.9693165958221042
8484,0.3922123294004742
8485,0.39205718816766444
8486,0.2647671506614612
8487,0.9790642082958089
8488,0.9785272233503063
8489,0.8083098107352126
8490,0.42027864681452387
8491,0.91895599555001
8492,0.9697191335499419
8493,0.7930435978409078
8494,0.3309738571390923
8495,0.975322257456981
8496,0.36722370628843026
8497,0.4879348026707308
8498,0.5543038082208559
8499,0.478043577312244
8500,0.8190684369351633
8501,0.2926803800886408
8502,0.48042119383424947
8503,0.8259230678947533
8504,0.34594913222166107
8505,0.4565977434595428
8506,0.33189402603696716
8507,0.7563422607437275
8508,0.5060771178484709
8509,0.8797017184705113
8510,0.31101648581207164
8511,0.702246415471805
8512,0.42189124808632655
8513,0.8000536930978717
8514,0.5430396133534221
8515,0.568356679553134
8516,0.3472636399256348
8517,0.45579622021204447
8518,0.33895797045954773
8519,0.43360253334656856
8520,0.4049168055103752
8521,0.5082815728706169
8522,0.6572698543266944
8523,0.6880590595431845
8524,0.9652684809593701
8525,0.8674824643322312
8526,0.40612674993774095
8527,0.267720711447097
8528,0.2466022996283133
8529,0.5212664210659818
8530,0.2942223632438823
8531,0.3636038499910601
8532,0.6259204308823233
8533,0.7308241501075106
8534,0.9815941641160881
8535,0.2308361113427078
8536,0.784832529029595
8537,0.39725780329226573
8538,0.36409632644056195
8539,0.8457029914034276
8540,0.8146429931464175
8541,0.7796914958990541
8542,0.32394944043124935
8543,0.2956887616189482
8544,0.5926482901668569
8545,0.26698219778660864
8546,0.9787328882433438
8547,0.38204590032188807
8548,0.40280816951271925
8549,0.4308756665529931
8550,0.3612281486691076
8551,0.6088112515031616
8552,0.7613033496121578
8553,0.4080660175533386
8554,0.38935110639371334
8555,0.7458088887933921
8556,0.45183112212660453
8557,0.3983224735606892
8558,0.6625711269668738
8559,0.9783603549586174
8560,0.9590098605721824
8561,0.31948458740224805
8562,0.282515066318146
8563,0.9710478283949456
8564,0.8827952878735571
8565,0.8440495530170778
8566,0.7857177137641137
8567,0.5311949150010925
8568,0.621152100704825
8569,0.7664509813011101
8570,0.8675148613587177
8571,0.9714738910287787
8572,0.40945307168510453
8573,0.7872232889772975
8574,0.9011620063480015
8575,0.45049138812692985
8576,0.8960284284821918
8577,0.9735330140792519
8578,0.5003762924045209
8579,0.514073885384635
8580,0.24744934432388957
8581,0.6515195649244133
8582,0.5243921505513586
8583,0.8442603537818503
8584,0.36862235493318823
8585,0.8675043752915509
8586,0.8605672134269776
8587,0.40265195760039574
8588,0.7608663452856543
8589,0.4788020425714392
8590,0.21462843936982925
8591,0.3627587562064442
8592,0.5755421833077922
8593,0.6821808092205982
8594,0.33435308188350493
8595,0.2992308262433902
8596,0.7342491313380585
8597,0.801948098128359
8598,0.37326553807259016
8599,0.4259913567028905
8600,0.3089174102275566
8601,0.3478449235532847
8602,0.4974426364144615
8603,0.3874088118680827
8604,0.4316875458220854
8605,0.8535692019689884
8606,0.4961227861707483
8607,0.33691115102466634
8608,0.4406647473851664
8609,0.8466253927336461
8610,0.4755473238414469
8611,0.48559550419751824
8612,0.35974955582291734
8613,0.32469329834348604
8614,0.5747969743987767
8615,0.6894432664914
8616,0.2920865688001211
8617,0.29984801104229347
8618,0.31430240731602993
8619,0.8020821304819519
8620,0.9722230237571784
8621,0.35106699050832324
8622,0.3317337288628093
8623,0.3987130170414568
8624,0.3624089631506398
8625,0.7941503154026158
8626,0.373323160933085
8627,0.9657166059272758
8628,0.5212676437715311
8629,0.8543877593734496
8630,0.389099060495766
8631,0.4594305809952355
8632,0.6015356031285729
8633,0.3282599354646339
8634,0.5243758083849465
8635,0.8843748545740192
8636,0.38242629999459243
8637,0.527303180480935
8638,0.5926378388362153
8639,0.34217383152245656
8640,0.34539514704404467
8641,0.9709115709473662
8642,0.6195938465049032
8643,0.39975076637187273
8644,0.3512655136962543
8645,0.4734317704191254
8646,0.32590061451467256
8647,0.2550572845942605
8648,0.8650796596484556
8649,0.342255997707313
8650,0.9726514929990383
8651,0.42320251148555493
8652,0.36229241068381196
8653,0.9689542658584033
8654,0.46065030558320347
8655,0.3979660292540938
8656,0.4435721284818932
8657,0.31108650624254147
8658,0.6584735210455691
8659,0.7321415579728883
8660,0.4397572106311303
8661,0.3102431610411319
8662,0.47689744266265605
8663,0.7495765441356212
8664,0.33808330658338553
8665,0.3203372174721158
8666,0.7459690507123415
8667,0.26154218379158517
8668,0.7905733112457586
8669,0.344417704712175
8670,0.482496936995193
8671,0.31410406874994284
8672,0.3891645617347399
8673,0.33775647085863153
8674,0.4597570401949426
8675,0.66025379961959
8676,0.2677786249480819
8677,0.357704027204794
8678,0.43385167113928963
8679,0.4404621204633454
8680,0.4774809019218728
8681,0.49168003972948743
8682,0.6018426881602279
8683,0.5669860064241407
8684,0.7982198123454315
8685,0.4558386675319756
8686,0.5021325689545298
8687,0.2843037100299297
8688,0.32484922170915653
8689,0.9709509581773395
8690,0.4130957358003953
8691,0.5223609655244325
8692,0.2881232626838678
8693,0.3050621517304574
8694,0.24487445419382073
8695,0.9708251554024501
8696,0.976905732468793
8697,0.9756196357480681
8698,0.4003977041917646
8699,0.2777013995944426
8700,0.7794793529414591
8701,0.3069950869515201
8702,0.35280568387863337
8703,0.34709792593767813
8704,0.6941210032704147
8705,0.3358657757712779
8706,0.5597167599789342
8707,0.2776664793806843
8708,0.94138682506739
8709,0.9766908079415364
8710,0.6619016042691038
8711,0.24039857263644368
8712,0.7391742006039178
8713,0.9016377384209332
8714,0.3056930619140113
8715,0.5037843900871306
8716,0.8041652953442151
8717,0.7862300036491199
8718,0.6357240504778178
8719,0.5491259514544286
8720,0.3091491082698602
8721,0.9644072597506036
8722,0.3925260869545917
8723,0.7832863144250526
8724,0.23887506968771208
8725,0.9739288029017988
8726,0.9673942224542956
8727,0.7285603248608931
8728,0.4126353548467024
8729,0.4200438934544393
8730,0.8683058346944005
8731,0.7489359693288443
8732,0.8405535262380565
8733,0.9814470606959
8734,0.25790260690361877
8735,0.6436111408231159
8736,0.27050518082873537
8737,0.9821297119774547
8738,0.39668994215313463
8739,0.3698833086795011
8740,0.9733925595572224
8741,0.979003635642932
8742,0.29919855972798537
8743,0.5742958736822982
8744,0.6538558567359515
8745,0.49066698571480233
8746,0.37556115349118646
8747,0.3871886015334694
8748,0.5690446308464655
8749,0.39924859541665825
8750,0.3490551197814011
8751,0.9730478268905746
8752,0.7420651578908739
8753,0.4291129297946617
8754,0.3605561378520026
8755,0.9770070546598211
8756,0.3687485190845689
8757,0.5289368934600515
8758,0.4084640670960929
8759,0.8303894694311232
8760,0.3646966783721406
8761,0.520959192540997
8762,0.42328393366653416
8763,0.28474763648749757
8764,0.7624563032268972
8765,0.6692297972794449
8766,0.3664797111858789
8767,0.977062050583109
8768,0.4921226039873828
8769,0.4641551263620142
8770,0.30679837493048695
8771,0.6022450137409887
8772,0.4075608466774658
8773,0.5654154219589412
8774,0.4515994618092202
8775,0.503087434927577
8776,0.7986419517305993
8777,0.9709297035327883
8778,0.5064777445447232
8779,0.2242251810186131
8780,0.44338184953510273
8781,0.5863998536272766
8782,0.5242384415950272
8783,0.26801002399297086
8784,0.4706969169686765
8785,0.5334750180466702
8786,0.26680397503733105
8787,0.9797680310829312
8788,0.4457229746318361
8789,0.3069355440498101
8790,0.786336988180571
8791,0.44634830817151827
8792,0.49728002426103984
8793,0.2589938423063989
8794,0.5585438547271018
8795,0.416975936785245
8796,0.43505823722387643
8797,0.6688113762442426
8798,0.5249182299613713
8799,0.21699095855070016
8800,0.8470497010938889
8801,0.3593754494408746
8802,0.3229613424486806
8803,0.5062805797329055
8804,0.43971635477149557
8805,0.31631448923438343
8806,0.3373364220121044
8807,0.7843477545718326
8808,0.3288865780853915
8809,0.975841273615701
8810,0.3386536428661498
8811,0.313237684520143
8812,0.6043263293275889
8813,0.4641021367670665
8814,0.4681966476004314
8815,0.8348960806865328
8816,0.4846927189561024
8817,0.510987067630658
8818,0.47202086859415643
8819,0.4843371852928386
8820,0.34066154391813575
8821,0.3642112172138245
8822,0.417499090687177
8823,0.3258076306231407
8824,0.8600288188546301
8825,0.9785772651283774
8826,0.6835208401557296
8827,0.7503807750843597
8828,0.9705005537739826
8829,0.40095165509140385
8830,0.3075393175639485
8831,0.42031521362864926
8832,0.7201809723117911
8833,0.5726651259681098
8834,0.3938177336509952
8835,0.4693581356895428
8836,0.3515108089480586
8837,0.4628629983786228
8838,0.8798263035543333
8839,0.45495367618300336
8840,0.9773136067984428
8841,0.5390074656525614
8842,0.9749830629401379
8843,0.509495299118592
8844,0.7590976403261873
8845,0.42546187605502633
8846,0.975279128778333
8847,0.2839440924929948
8848,0.5058585933067417
8849,0.19534416312119196
8850,0.5576608576697186
8851,0.9772448856226745
8852,0.8490898003890045
8853,0.4272373190272129
8854,0.3555917407987906
8855,0.2265095758544762
8856,0.6925124781934607
8857,0.20792626618597662
8858,0.3799918536646001
8859,0.7446744059954985
8860,0.9724859238258202
8861,0.4788203985322912
8862,0.17549701479043064
8863,0.7416647800194647
8864,0.7133176227570982
8865,0.24902244548646912
8866,0.7346856827016978
8867,0.5247905885769732
8868,0.5340185480265971
8869,0.5101902745518206
8870,0.5039939891126884
8871,0.9084176486419077
8872,0.25993594026204825
8873,0.8619563393261025
8874,0.43474276548031376
8875,0.5139554788531409
8876,0.39760802905088194
8877,0.33500492689879885
8878,0.7913478393376311
8879,0.3369014060781872
8880,0.9243584121586919
8881,0.38991385736639367
8882,0.318255327550611
8883,0.3649449191620821
8884,0.5899455570155799
8885,0.8001714056658397
8886,0.2924878762991929
8887,0.32350455873898415
8888,0.41004055066254574
8889,0.740656120150725
8890,0.20193987489583845
8891,0.31988055294723855
8892,0.7717855057480897
8893,0.43618800624545284
8894,0.9723990695595094
8895,0.2275036819754455
8896,0.6162396213562308
8897,0.2596421966488025
8898,0.62320023245915
8899,0.5530022800305509
8900,0.20194099874983584
8901,0.4771048107204721
8902,0.2269154017536378
8903,0.9799780676043891
8904,0.3228869478126271
8905,0.5573174843956576
8906,0.9734707925035723
8907,0.9730794014625278
8908,0.7743522279065376
8909,0.3458517692294298
8910,0.6359397326675348
8911,0.37384348778345416
8912,0.9755077772295802
8913,0.297941558641212
8914,0.4658687502826851
8915,0.4025716529953219
8916,0.21979802259839187
8917,0.8627625854923536
8918,0.9700660773535014
8919,0.7371096645242817
8920,0.9624377066516746
8921,0.7059054483537942
8922,0.317386213950057
8923,0.33833309946748935
8924,0.3521237725793765
8925,0.7138983899202089
8926,0.29907053168766545
8927,0.3940700745808649
8928,0.5799130657236313
8929,0.7429170278592704
8930,0.5875882081410375
8931,0.3241254414830487
8932,0.44272203307515184
8933,0.6121109109275231
8934,0.29290666905753215
8935,0.9779468564741102
8936,0.5027794024569706
8937,0.3913430802913814
8938,0.9593559579907548
8939,0.48273382903674883
8940,0.5165259046565186
8941,0.43658327601849695
8942,0.4887018669982656
8943,0.7514549866138681
8944,0.3581552240829335
8945,0.6006629784747535
8946,0.889208992041216
8947,0.24742809093363624
8948,0.7995521814693417
8949,0.49966990282775553
8950,0.5747409138200628
8951,0.7832308230268294
8952,0.37346316461893836
8953,0.4992060620374259
8954,0.6731494713943196
8955,0.6989486964177759
8956,0.4654571801747773
8957,0.34539650460814747
8958,0.819725581761984
8959,0.2615390876185975
8960,0.9790169459185706
8961,0.2860832971210771
8962,0.4753885366627045
8963,0.7467609223057546
8964,0.4516499386069115
8965,0.7122074045548633
8966,0.35778176676778806
8967,0.8522094782566692
8968,0.6152833582627102
8969,0.34248533073370985
8970,0.9678642091660494
8971,0.3307352321057131
8972,0.8776219099702985
8973,0.6732318180618218
8974,0.9794073717576047
8975,0.42760139995312013
8976,0.9128537324841117
8977,0.43195442484474733
8978,0.7451188284417523
8979,0.4909998925591714
8980,0.356138994301789
8981,0.7773535045798167
8982,0.41134587670414097
8983,0.8052750511904113
8984,0.3704139551906085
8985,0.3710552529434817
8986,0.28139585607817036
8987,0.26993438914906803
8988,0.8225696274142362
8989,0.7547272855380038
8990,0.8896503837977869
8991,0.508875464304981
8992,0.758238990122598
8993,0.35937919920433464
8994,0.4869773946006024
8995,0.4756392721789137
8996,0.7841897036854514
8997,0.27386641305329723
8998,0.9723297273821565
8999,0.8009107935409069
9000,0.9773951393036203
9001,0.4590538329998984
9002,0.4679856279812277
9003,0.423320810159165
9004,0.2589596761685642
9005,0.38225783226429183
9006,0.4236904636595804
9007,0.44574927756402904
9008,0.9713415986798326
9009,0.38704074620452006
9010,0.43971620987875343
9011,0.2999046268585513
9012,0.2551480308119696
9013,0.8194828325483595
9014,0.651100905293514
9015,0.8654173060051201
9016,0.5661333926188192
9017,0.2752754334315738
9018,0.9764561974285763
9019,0.6369640197188376
9020,0.4583585099925081
9021,0.9791045179084453
9022,0.31256410120018646
9023,0.5194512103892038
9024,0.41458706183756316
9025,0.8065535378431866
9026,0.9741199068238368
9027,0.5093761593979583
9028,0.5113201958087097
9029,0.5592696243054298
9030,0.2976498423397796
9031,0.4407932596928846
9032,0.6034357472221646
9033,0.8670663126313154
9034,0.9793265561856934
9035,0.4252634660148901
9036,0.46542655164248276
9037,0.5729779867957064
9038,0.5059982873402201
9039,0.760897101493653
9040,0.9787184326933064
9041,0.8574607257186289
9042,0.40957999787482
9043,0.7553883556206604
9044,0.8553382110396223
9045,0.46123049257768045
9046,0.973584431642662
9047,0.4027197706030468
9048,0.8610454846720398
9049,0.5521048919432827
9050,0.40631325209198527
9051,0.503724141844004
9052,0.9788412273096876
9053,0.7733605355425311
9054,0.7527878856366824
9055,0.5768115342466021
9056,0.3332768536974869
9057,0.7696591606147661
9058,0.5921549855297714
9059,0.3663893153824731
9060,0.652124843972672
9061,0.3522891215485266
9062,0.6195813260272182
9063,0.44886648929486733
9064,0.23777532444404992
9065,0.38580349123691043
9066,0.8391066612220547
9067,0.4165196576266061
9068,0.8102704062113514
9069,0.6858942302368828
9070,0.6081251606214358
9071,0.7936299786515306
9072,0.21593026907633708
9073,0.3330719144832442
9074,0.3419975618300393
9075,0.40584725102962765
9076,0.2587701953247449
9077,0.8413841594973842
9078,0.38125890177062205
9079,0.3694263966064888
9080,0.37790810510833467
9081,0.8006015686198816
9082,0.9694029602346109
9083,0.9791922819629143
9084,0.496159381751444
9085,0.25051845065489625
9086,0.5729928522229253
9087,0.2926922777634255
9088,0.9748807903087258
9089,0.6908809372806767
9090,0.468302555508007
9091,0.746396036306304
9092,0.822150250325258
9093,0.6050297116963735
9094,0.31170452733852333
9095,0.33077793407827055
9096,0.36998558289440703
9097,0.821765294297943
9098,0.645298071800773
9099,0.4337514757350036
9100,0.7335104465985064
9101,0.7183903651559135
9102,0.7295709122549102
9103,0.3908707632979613
9104,0.4104630885129483
9105,0.8150044775008496
9106,0.4860836056128002
9107,0.42691494540249325
9108,0.6077902212865297
9109,0.9141189595978464
9110,0.4433461593750318
9111,0.4026220936715011
9112,0.8181778880526297
9113,0.49103297906125326
9114,0.9741037257683645
9115,0.9817236210283959
9116,0.29450674244033825
9117,0.8569686774439664
9118,0.7952695729677867
9119,0.3975512935532037
9120,0.6151813591296755
9121,0.600169596885213
9122,0.4634589357807181
9123,0.3119141091981905
9124,0.24482271867862757
9125,0.44465566830961856
9126,0.3499292332184525
9127,0.4046901633973971
9128,0.8332631373369894
9129,0.9814714070696159
9130,0.419627818875879
9131,0.33074120007116425
9132,0.8089288032924764
9133,0.817823293692856
9134,0.2301116736734308
9135,0.762673111109707
9136,0.5554001435868278
9137,0.5316581323593664
9138,0.42688195788941535
9139,0.5778298039746317
9140,0.7588221039724572
9141,0.6340980284053004
9142,0.5669762083739177
9143,0.3515622242709695
9144,0.3434891000689455
9145,0.5897740248541025
9146,0.7928602126638262
9147,0.3097669961563921
9148,0.41362335469703
9149,0.6231231044165942
9150,0.5557983436145112
9151,0.4510312661481968
9152,0.28894052620826427
9153,0.3725578610096683
9154,0.3144604851380035
9155,0.29116208909286234
9156,0.42154188407198473
9157,0.6436700029710372
9158,0.9754104441931483
9159,0.4804020607263579
9160,0.4678995367738858
9161,0.42673101611035275
9162,0.6366565363758182
9163,0.3644502377064987
9164,0.33341818039543997
9165,0.2541746818157093
9166,0.393506542988784
9167,0.4627741117098985
9168,0.25733141814958505
9169,0.3513737471051051
9170,0.45699505616246466
9171,0.2772989002294091
9172,0.296282589097647
9173,0.7752777822629975
9174,0.49682501236958343
9175,0.35104728543683544
9176,0.2857395596404198
9177,0.6970917526469393
9178,0.3591442144620922
9179,0.41875390914020344
9180,0.47296121698220234
9181,0.8707633064153081
9182,0.5645608547927455
9183,0.5286438518599654
9184,0.46563609229257574
9185,0.36371390050241587
9186,0.27700860953714734
9187,0.8741847554836916
9188,0.3931908112266038
9189,0.25232362847506934
9190,0.5820002787739568
9191,0.43217302799696594
9192,0.34620075557510566
9193,0.5587688651632071
9194,0.4811872170740106
9195,0.30628110093322486
9196,0.2317849726178156
9197,0.3592831530573463
9198,0.30581345994988296
9199,0.47409167990280987
9200,0.31031044604187513
9201,0.5008916015934693
9202,0.7424160186192538
9203,0.37483361468803045
9204,0.3690653569815286
9205,0.23212907200469876
9206,0.4868409974368861
9207,0.7934107786708148
9208,0.5117255900483877
9209,0.8431688969949286
9210,0.555148060322548
9211,0.7923548958524749
9212,0.8300871714827219
9213,0.3402273956807586
9214,0.6558728085292495
9215,0.7136048408151131
9216,0.9781132410160653
9217,0.7856406080174015
9218,0.1716060704276022
9219,0.5359603613738839
9220,0.34026294230761195
9221,0.7987502874494816
9222,0.3418391104892178
9223,0.2505800596159015
9224,0.29209818436537954
9225,0.3727702180708472
9226,0.5618605215815725
9227,0.7951374087740559
9228,0.8212187570821449
9229,0.42677544236705267
9230,0.2998237416671446
9231,0.3194122760769805
9232,0.9825321624940134
9233,0.48603527858537693
9234,0.32404072459383604
9235,0.2668522530430459
9236,0.419127686328625
9237,0.26718641897116363
9238,0.89509050153831
9239,0.32505009601671214
9240,0.5863394726311125
9241,0.2263711798502864
9242,0.4592946583141054
9243,0.39751987498604646
9244,0.4183591906237755
9245,0.6152747238770248
9246,0.7874847250428507
9247,0.9778611613396233
9248,0.30262549649501946
9249,0.453097608981029
9250,0.9692395311802312
9251,0.3556560360547347
9252,0.9763629916977554
9253,0.9304660693985797
9254,0.9791703444222192
9255,0.21208970083585976
9256,0.320162303064304
9257,0.30886497610611013
9258,0.38434753184298714
9259,0.7416934953932904
9260,0.6771729411174993
9261,0.8335321653105332
9262,0.5062552645779749
9263,0.3875690057574241
9264,0.788967916589971
9265,0.5458477170909953
9266,0.3734200163866493
9267,0.35992730437700854
9268,0.587402000580075
9269,0.24179357715708916
9270,0.3959523277331159
9271,0.36532328989771673
9272,0.8343396986599901
9273,0.6445865630211345
9274,0.8119864185094091
9275,0.5979371513882242
9276,0.2970514984035539
9277,0.4271687681041956
9278,0.2987576407985559
9279,0.28000192952166353
9280,0.9661358458070941
9281,0.3162968757698633
9282,0.7814363092279947
9283,0.9790568705088165
9284,0.7779553043321904
9285,0.6591651705992089
9286,0.39757463303103097
9287,0.9249226239867302
9288,0.5998599560933111
9289,0.2734015784495096
9290,0.5002293609926686
9291,0.351723380632
9292,0.4565280653273744
9293,0.38883731506843394
9294,0.7222811884381647
9295,0.9695526550093322
9296,0.3690955644811746
9297,0.9721919304598666
9298,0.7680897520206956
9299,0.8876681637776676
9300,0.25264894973265783
9301,0.40680389141753426
9302,0.4667774701216289
9303,0.291122873000879
9304,0.6651092733871214
9305,0.2801983805747135
9306,0.35448506697555643
9307,0.4123957396485185
9308,0.6768523663080633
9309,0.5009034863483879
9310,0.36124861413787984
9311,0.44935778484956357
9312,0.28625718092207236
9313,0.4087464750386314
9314,0.4007176824563521
9315,0.5140576200942338
9316,0.570124404836951
9317,0.40216387815676663
9318,0.9122496742543769
9319,0.28697969416199787
9320,0.3636996031816399
9321,0.43322516079159074
9322,0.45391176235860553
9323,0.983368123942304
9324,0.4542931023015117
9325,0.9738517465193336
9326,0.3016000803208576
9327,0.3821237074642721
9328,0.5711061958225182
9329,0.4699002896569864
9330,0.7571400891042513
9331,0.7932182125541566
9332,0.6557597943460463
9333,0.3763156819503795
9334,0.54068641028767
9335,0.2634622266379368
9336,0.42505715717141074
9337,0.37521448824717024
9338,0.6157272076370179
9339,0.426684504852614
9340,0.39508398980087023
9341,0.8877101478737924
9342,0.8243353734089164
9343,0.3054616325799324
9344,0.8777389359165518
9345,0.26132920525975006
9346,0.4765976403833619
9347,0.34837827671405447
9348,0.7422809804664774
9349,0.3960825620568231
9350,0.9800846524947106
9351,0.44129674383635936
9352,0.36105627173458493
9353,0.8153164035673531
9354,0.725897531173444
9355,0.2942122885938854
9356,0.48549151086544057
9357,0.6999801320005276
9358,0.35169103569258753
9359,0.9772293448064521
9360,0.3359835004441507
9361,0.23630377876609576
9362,0.5252180087327627
9363,0.569292497531237
9364,0.37699682943383267
9365,0.972465936505114
9366,0.5239140659589981
9367,0.589709563002928
9368,0.9697232381208605
9369,0.25110303298426495
9370,0.974072972656729
9371,0.49579847655401377
9372,0.7576509302548432
9373,0.25156282634724064
9374,0.6174719576467157
9375,0.2917129494783724
9376,0.27024055144795583
9377,0.5378912862741276
9378,0.4280694696289755
9379,0.37572743646457646
9380,0.846748693957684
9381,0.9745534255502201
9382,0.4237800836249656
9383,0.43725907512483647
9384,0.24195545802371607
9385,0.3822895875374756
9386,0.9814413077549154
9387,0.26293930856626385
9388,0.4537984218396888
9389,0.3384860224071165
9390,0.43858445629527276
9391,0.5182396379612519
9392,0.31365251686118406
9393,0.44965275510104824
9394,0.5835607462101166
9395,0.8808987958517126
9396,0.8955173587531561
9397,0.8443688036128211
9398,0.5167674837730383
9399,0.9773752955578816
9400,0.36732420388713066
9401,0.3333731910661985
9402,0.5086977912979928
9403,0.3858047261894358
9404,0.9766376003044918
9405,0.6994139331810879
9406,0.7796177224828842
9407,0.49242670160187124
9408,0.26541498467841024
9409,0.3496377261882489
9410,0.367487790797397
9411,0.5641966619469495
9412,0.3146811419530718
9413,0.526543332564355
9414,0.9670908723791497
9415,0.9772546436057111
9416,0.2906636332367361
9417,0.6217738257225504
9418,0.2692211536795625
9419,0.6319401649930813
9420,0.27410925325464064
9421,0.29608902425209777
9422,0.7884483630724053
9423,0.6598881830090663
9424,0.511327354858408
9425,0.49868380465548484
9426,0.7782483940647745
9427,0.43859458613698266
9428,0.8746958561077459
9429,0.33207793659910506
9430,0.3120705681403577
9431,0.6071645853096524
9432,0.28214784276756705
9433,0.4597443998789104
9434,0.38283295389715066
9435,0.5088276900289678
9436,0.976045070354225
9437,0.23560497380423065
9438,0.7473339843903535
9439,0.8472007691404232
9440,0.8455685255923294
9441,0.9785096079817893
9442,0.9536782903801885
9443,0.37160592851783186
9444,0.7287250711317542
9445,0.9793055019004595
9446,0.5658807627397549
9447,0.2928681625988719
9448,0.4733382185533997
9449,0.754001751872644
9450,0.7404910387652341
9451,0.5819059411133746
9452,0.8213370608576032
9453,0.40536201718418363
9454,0.4221655723821878
9455,0.42482414527988216
9456,0.29345887156053435
9457,0.28736927660866124
9458,0.7694697711927944
9459,0.49758101552865236
9460,0.8773851749078667
9461,0.5161195909601006
9462,0.979228259901467
9463,0.6844787082629464
9464,0.8916573612906137
9465,0.30071913431811653
9466,0.354715980332404
9467,0.283350336781706
9468,0.2859712980160806
9469,0.48437819386396114
9470,0.47583058937477246
9471,0.2828868948326663
9472,0.3228408465773565
9473,0.9778011423732971
9474,0.9759779427970701
9475,0.6203332533350855
9476,0.3590776441033148
9477,0.22200819522428916
9478,0.4900192441975178
9479,0.5650422284243747
9480,0.9743117084900739
9481,0.32145020975097266
9482,0.5345625686136631
9483,0.42846934142176835
9484,0.7482412405314758
9485,0.9645601929916056
9486,0.6646413371108236
9487,0.8350622542807423
9488,0.2852808670861911
9489,0.40225820638599147
9490,0.3680484874325887
9491,0.8786012233609904
9492,0.24091261313840442
9493,0.7085530274457675
9494,0.44797848008025937
9495,0.9710762907978752
9496,0.5556422290523745
9497,0.8595101655284737
9498,0.7637518317296356
9499,0.38735197883862676
9500,0.2532440071487427
9501,0.5300949530453912
9502,0.40734218052161153
9503,0.3847903799204901
9504,0.3711146572732083
9505,0.30899233848697466
9506,0.746605960593519
9507,0.9802552886990803
9508,0.3027803647785068
9509,0.41318104700903363
9510,0.5130720134253571
9511,0.4456132726865554
9512,0.4044071309009604
9513,0.9740360239288007
9514,0.5243290105253066
9515,0.9777968991051335
9516,0.15511444663914953
9517,0.8134775822183028
9518,0.9827260364935441
9519,0.8903260082011722
9520,0.4654380002331926
9521,0.4264365850306695
9522,0.39477401684735564
9523,0.49924329076646384
9524,0.36620556733572956
9525,0.8223153609555166
9526,0.2534726151990292
9527,0.274061582649932
9528,0.8270157490986589
9529,0.39138498917074216
9530,0.31181852969444807
9531,0.5929885750459726
9532,0.3453669540707069
9533,0.5599210213185062
9534,0.3146114009733554
9535,0.7614342095892895
9536,0.5969338689428286
9537,0.46207682651442594
9538,0.17550607063492293
9539,0.5804038756528441
9540,0.38595055873004575
9541,0.3920195126375266
9542,0.4287191537297372
9543,0.38398599934081457
9544,0.9747459149700385
9545,0.4026284829867885
9546,0.26674628598443667
9547,0.6330629996805708
9548,0.8213334941826709
9549,0.5148873489727632
9550,0.82444918851957
9551,0.6801577193841112
9552,0.8217970225465506
9553,0.5332626767190453
9554,0.2998475219247524
9555,0.9781234415068377
9556,0.9735876036068296
9557,0.4192214637628668
9558,0.4047682946482365
9559,0.44469542322398764
9560,0.2553945782875539
9561,0.6713393710125647
9562,0.8224739293414468
9563,0.38304377483931695
9564,0.8078608440210738
9565,0.7293938045677927
9566,0.2605287026950085
9567,0.5615515008501994
9568,0.29680746518885953
9569,0.9647692084744265
9570,0.4424792622649641
9571,0.391070779983051
9572,0.9755742848731619
9573,0.9708341916603308
9574,0.9796148975380156
9575,0.4869504187350458
9576,0.32179792056734113
9577,0.37137202002596914
9578,0.3448428679656305
9579,0.9608313267724046
9580,0.5542502181401399
9581,0.44165980619785117
9582,0.42225048551227456
9583,0.6123706201063499
9584,0.31290474868529455
9585,0.6646755237295113
9586,0.9785560291708512
9587,0.6128203027197443
9588,0.5053753938763411
9589,0.38432128817651856
9590,0.978781102466498
9591,0.6416829395182604
9592,0.5614873501512803
9593,0.480370850924775
9594,0.18186976418272038
9595,0.2907601254240259
9596,0.7634573075966405
9597,0.9787436046427004
9598,0.8041503543185343
9599,0.8723217356652199
9600,0.7878004953827628
9601,0.5556053931334028
9602,0.32174945566462887
9603,0.9758071211288067
9604,0.3472343528180361
9605,0.526555336375171
9606,0.27446264395884157
9607,0.5848977335804969
9608,0.2893987006253813
9609,0.2208765563985636
9610,0.3222346649296827
9611,0.7642172123810235
9612,0.41493280397622073
9613,0.43419602495725673
9614,0.4140348876903675
9615,0.6808930120995208
9616,0.44197246519812045
9617,0.5652704742496208
9618,0.7904035233148495
9619,0.9352549874584732
9620,0.3672693420314707
9621,0.2292141392726352
9622,0.9781906877533899
9623,0.35520196853005576
9624,0.2909620290693728
9625,0.7307855035413203
9626,0.8395908159246716
9627,0.620702918232979
9628,0.8869460977158227
9629,0.3055837305471585
9630,0.5880424486421719
9631,0.37719876355248827
9632,0.9778447395001987
9633,0.4774800769888441
9634,0.4499810354543776
9635,0.9788029805542081
9636,0.45950041411549924
9637,0.4131035602339363
9638,0.6978873693478015
9639,0.36920780855966634
9640,0.33951396857349936
9641,0.5792883958764681
9642,0.5525244171666048
9643,0.7287569375221103
9644,0.36342946789959596
9645,0.7890349878112888
9646,0.30487368789435026
9647,0.3405970382210937
9648,0.9704315178463664
9649,0.7620463637970846
9650,0.3052168126524815
9651,0.37179802511677845
9652,0.8033238980995471
9653,0.5178843168083471
9654,0.8264049858509642
9655,0.6183216461043008
9656,0.34679688686174587
9657,0.34232699544708756
9658,0.42682206869097367
9659,0.4355466657181645
9660,0.38134589737649777
9661,0.27012815763072134
9662,0.36718980027279935
9663,0.8027737764763428
9664,0.7834108672618575
9665,0.335225583015597
9666,0.40577874458466584
9667,0.5813779438033556
9668,0.968905766177712
9669,0.571501354698068
9670,0.9617442677496483
9671,0.30637898953526516
9672,0.8728222995192296
9673,0.24025405682928258
9674,0.4648806932618837
9675,0.7101695654443825
9676,0.24686845002390564
9677,0.2594493113818568
9678,0.25676347081754014
9679,0.44415829490287057
9680,0.7519635297012678
9681,0.7844874460065133
9682,0.30562304291639864
9683,0.8966285405403277
9684,0.4136017693541148
9685,0.8394876364429704
9686,0.48764522965688073
9687,0.3332306934711708
9688,0.6989828383476899
9689,0.9741938587218631
9690,0.6055661975580695
9691,0.7171452016121712
9692,0.30779714458524493
9693,0.731524408436271
9694,0.3936891384376667
9695,0.4825273304663904
9696,0.23807136143907012
9697,0.8861464538077518
9698,0.9027820474878668
9699,0.9771498397441368
9700,0.3380226301205796
9701,0.8005595235130901
9702,0.47805619403548844
9703,0.42425137922941697
9704,0.320506782475005
9705,0.9746437763591507
9706,0.8992401326964118
9707,0.46698563622936873
9708,0.3689328559539495
9709,0.3746499781193379
9710,0.8103364326821424
9711,0.5989538758322172
9712,0.6874380445402175
9713,0.4066885241284924
9714,0.7215434509246222
9715,0.21276768987871764
9716,0.4430381488127954
9717,0.8348438157438788
9718,0.889808248405129
9719,0.5721173594189946
9720,0.735839430859354
9721,0.3510480954181892
9722,0.8967725081251707
9723,0.5316657971794448
9724,0.5982129013258289
9725,0.977199321488223
9726,0.5139779063217357
9727,0.977421571500973
9728,0.33728908024387455
9729,0.7322188242918789
9730,0.6522213422242407
9731,0.791317439517056
9732,0.27049769795356865
9733,0.4251939469449459
9734,0.3059983992848034
9735,0.48115179116892376
9736,0.6408259279318224
9737,0.5498670152884126
9738,0.19909614925993369
9739,0.9785732142651301
9740,0.7887254382811756
9741,0.5261309869967512
9742,0.7388187858181033
9743,0.5015644482175204
9744,0.8228980312383093
9745,0.8324675460099412
9746,0.23852499008617026
9747,0.8080244784059483
9748,0.23454185587798557
9749,0.8449867533966883
9750,0.3590522082973499
9751,0.5917478414153198
9752,0.4621938596024299
9753,0.3578093133397197
9754,0.4071362596358578
9755,0.5755317918168622
9756,0.2752159989172822
9757,0.21926807822521743
9758,0.8249492602880144
9759,0.6154195579815083
9760,0.979717655307535
9761,0.8407160270564052
9762,0.2877556801746393
9763,0.977687656199206
9764,0.8566839905038753
9765,0.2496213941966623
9766,0.7422149885360368
9767,0.5730387076444768
9768,0.9753025648362655
9769,0.5914071573780347
9770,0.4952750421815176
9771,0.9743288253954444
9772,0.7751131577638746
9773,0.3918075913317182
9774,0.4088660236957416
9775,0.9766988548611287
9776,0.9762883405950998
9777,0.34626026196898
9778,0.5976766710723677
9779,0.39804631073817837
9780,0.4087398716979726
9781,0.34425789182939903
9782,0.4797399767284211
9783,0.31308466166004983
9784,0.3117089155973313
9785,0.3895786131318699
9786,0.7862344601059074
9787,0.29118691780636935
9788,0.770138792323945
9789,0.29139702934072537
9790,0.33423514929349435
9791,0.3367690124758053
9792,0.9736713711207724
9793,0.8139012067610488
9794,0.776416098862724
9795,0.2886971221706654
9796,0.2971326911621397
9797,0.3800472153096209
9798,0.6984047242531738
9799,0.450452064918701
9800,0.4542049147074034
9801,0.3291096015044268
9802,0.47622605805527024
9803,0.5440583944020271
9804,0.4271569597887035
9805,0.3299477738342767
9806,0.8745823075254414
9807,0.44319889093995474
9808,0.46953626128634324
9809,0.4666625329535881
9810,0.48027094918834196
9811,0.8026217228235554
9812,0.24636279521459395
9813,0.49495672699960797
9814,0.316927101133973
9815,0.39712339247244316
9816,0.24918621959868845
9817,0.9714678839933653
9818,0.24671516497749305
9819,0.9790473029581622
9820,0.3402372932059099
9821,0.7266050119529602
9822,0.9819730609623836
9823,0.9809338912502737
9824,0.3486306034294125
9825,0.3307547295667352
9826,0.3605073093141526
9827,0.5319786769503351
9828,0.4509136872996518
9829,0.4666218841515672
9830,0.618211020004225
9831,0.2419551215280129
9832,0.9765860044340067
9833,0.9677122693718374
9834,0.390215439107116
9835,0.9766472237661885
9836,0.4126753194892942
9837,0.4769467767865671
9838,0.8288745100967679
9839,0.984290737690681
9840,0.7345985743847255
9841,0.38121619974987175
9842,0.9779373635447123
9843,0.28090952514012424
9844,0.3942234561952204
9845,0.28001567211802936
9846,0.4017098805780983
9847,0.97386337361228
9848,0.4119031477169393
9849,0.4597624063251266
9850,0.2552367677867131
9851,0.774356390192612
9852,0.7451496574836419
9853,0.519835330910089
9854,0.6575866818835508
9855,0.24441939031758741
9856,0.31214786973963543
9857,0.8897102854847109
9858,0.33154383429436013
9859,0.3381464224424295
9860,0.46995816642154487
9861,0.9728623503835973
9862,0.31585863792374647
9863,0.36577337377397345
9864,0.6665913076037921
9865,0.7487262300969167
9866,0.36595650254063505
9867,0.39804414280281364
9868,0.43087171183990014
9869,0.3226412625419441
9870,0.23408038477164603
9871,0.3040794448837853
9872,0.3274966307478935
9873,0.97242084338534
9874,0.6056479424584138
9875,0.454620158760825
9876,0.972271378928947
9877,0.3529651782212322
9878,0.32713597436220265
9879,0.5568954195345323
9880,0.9735269882851095
9881,0.9011958970802647
9882,0.28999880478240764
9883,0.3930655792145686
9884,0.8623349673125409
9885,0.4027116177423066
9886,0.7820501891691246
9887,0.4219092421171235
9888,0.3432974220232216
9889,0.6960339011498539
9890,0.490550476339294
9891,0.3447314903461874
9892,0.33972564327282734
9893,0.7676810895922582
9894,0.7995677877615911
9895,0.2779876572243007
9896,0.6364299721051928
9897,0.2539660361436254
9898,0.39792279301696726
9899,0.36953906743804055
9900,0.2782622646907052
9901,0.43736664652242174
9902,0.8998865925958272
9903,0.48850301508284266
9904,0.22540220307671796
9905,0.39186131053986256
9906,0.8056526142328556
9907,0.7366650369743368
9908,0.8263905455547867
9909,0.9809897220053654
9910,0.40412785140971824
9911,0.8629869386106698
9912,0.5630530867477419
9913,0.3654309738126254
9914,0.3089414560207447
9915,0.4117258420698908
9916,0.3760224580910389
9917,0.42479140863486076
9918,0.637672060347081
9919,0.7014083091441096
9920,0.8133226379538767
9921,0.42783428797233475
9922,0.3795373330438956
9923,0.5459485990193857
9924,0.7699591213295482
9925,0.5555422598530609
9926,0.740998205338015
9927,0.971840908502572
9928,0.4291444638478598
9929,0.9801737700746852
9930,0.34803600773756943
9931,0.4510481043019032
9932,0.3107447485087345
9933,0.27989212466041075
9934,0.4649049241467022
9935,0.9734844638238956
9936,0.7736832479548045
9937,0.49859053231928874
9938,0.29940707477449763
9939,0.387026137372592
9940,0.48542695045990447
9941,0.5782595158159847
9942,0.3045861743195745
9943,0.2827329590180824
9944,0.4785728276623767
9945,0.31309602807914105
9946,0.576493531935951
9947,0.36058139740661305
9948,0.39343286289168117
9949,0.4000238791127346
9950,0.23008743068134652
9951,0.6159357852620188
9952,0.9812685139729216
9953,0.7348745602589585
9954,0.5570716764425298
9955,0.2724631263359084
9956,0.18420527612488038
9957,0.979307661036299
9958,0.980144565616691
9959,0.8816281006404081
9960,0.38291800333215525
9961,0.9663552153059357
9962,0.32158064691955374
9963,0.2892829650222861
9964,0.9734927386267419
9965,0.9153908764063569
9966,0.42798480656629456
9967,0.3441258911223552
9968,0.45760310320416453
9969,0.5919777195560422
9970,0.9487723244376549
9971,0.5402090046760796
9972,0.29209141369765673
9973,0.4800042052748273
9974,0.4064519242460378
9975,0.8649403989029819
9976,0.3595102095205937
9977,0.5750018213405651
9978,0.7751279485353623
9979,0.6962827837821396
9980,0.41656415618854137
9981,0.477649171777316
9982,0.3851201307132206
9983,0.5405236202147007
9984,0.45774570790717733
9985,0.4031221530285054
9986,0.23856126991024426
9987,0.876194576645481
9988,0.5621512779089283
9989,0.8386968482123311
9990,0.9755244651144084
9991,0.8116126685290056
9992,0.5851842265947852
9993,0.2783512861878818
9994,0.8111762013995185
9995,0.9651337521588866
9996,0.9784601661619821
9997,0.6276327166217859
9998,0.29882824704619476
9999,0.4519251824934119
10000,0.36473387930266227
10001,0.5530253871001043
10002,0.2637702773328356
10003,0.3708820177857152
10004,0.3533272325891754
10005,0.9845991702269651
10006,0.7454762446292399
10007,0.29156427012656433
10008,0.8822836930387732
10009,0.3879503100211936
10010,0.9785990619751047
10011,0.33877805890379276
10012,0.918959231028159
10013,0.34795406692895514
10014,0.6725216140134135
10015,0.4287073313402335
10016,0.36712768924798045
10017,0.5265493652205057
10018,0.8867968740740766
10019,0.38822433684941265
10020,0.30809018600192384
10021,0.7713845312054715
10022,0.4513050730014057
10023,0.7791428908557498
10024,0.2800790100957346
10025,0.9780167621506326
10026,0.7675907422334692
10027,0.4076927763756744
10028,0.8610336407765601
10029,0.725822786146078
10030,0.7158714354359286
10031,0.29822519328424923
10032,0.9220371759913674
10033,0.23811985041648706
10034,0.49557157374641747
10035,0.28731581800883454
10036,0.5662359244575795
10037,0.7767822544135964
10038,0.7975670969602079
10039,0.3406645546811986
10040,0.2508901164939935
10041,0.6678322318078337
10042,0.2989430074704749
10043,0.7647188722595836
10044,0.7971850189352215
10045,0.4900479919636944
10046,0.3172349428219378
10047,0.9764622881006195
10048,0.3829653946621405
10049,0.7367703188196408
10050,0.2652070837258501
10051,0.40963412210869704
10052,0.33993018956088134
10053,0.8017275528235532
10054,0.9755955447040353
10055,0.259443170219353
10056,0.38367716098944316
10057,0.5395297322734042
10058,0.3748968523707871
10059,0.7233052013077756
10060,0.8081931184982064
10061,0.43009798482009504
10062,0.41505087656397394
10063,0.30482308084613735
10064,0.36211481450927413
10065,0.45162067978982473
10066,0.3619946447951787
10067,0.9671676229912717
10068,0.3931697376372451
10069,0.2621577484617869
10070,0.27348395347273396
10071,0.45500154416019534
10072,0.48567138686672545
10073,0.24572529862500958
10074,0.7793788994264667
10075,0.506620460265443
10076,0.33510845263062866
10077,0.38486114314155406
10078,0.437570919343206
10079,0.588817124072417
10080,0.6341000474129995
10081,0.4215670181207784
10082,0.3934116059463355
10083,0.8289645949093586
10084,0.5982454932243644
10085,0.7846689839356875
10086,0.8522972278601086
10087,0.7784348813494933
10088,0.742094015675146
10089,0.6087301662846833
10090,0.3523658454118319
10091,0.3115606064596008
10092,0.3072004242064957
10093,0.3431943845516398
10094,0.8612370806155489
10095,0.3593701817496316
10096,0.9797948809681244
10097,0.9736349692601903
10098,0.5733490897912487
10099,0.3660557788091377
10100,0.3735830825422492
10101,0.6896653014087204
10102,0.36025604838026587
10103,0.9747626445757319
10104,0.9771445836725382
10105,0.9784265482372176
10106,0.30411341653458385
10107,0.2703045427182404
10108,0.9662381429097081
10109,0.9817778156485405
10110,0.3047867282798244
10111,0.4373832791338425
10112,0.4804990586565541
10113,0.3502924751178975
10114,0.6761607795516121
10115,0.29296223169440144
10116,0.4572590381762429
10117,0.3839554935049878
10118,0.4947436104936586
10119,0.8026911966405228
10120,0.8638852836784348
10121,0.30802621348308384
10122,0.7731774676816352
10123,0.32247578396371523
10124,0.7688610612067351
10125,0.39207471091667045
10126,0.926873184736153
10127,0.2844267743362693
10128,0.8063454127568086
10129,0.9682681384153482
10130,0.5226191632392184
10131,0.32750698970433567
10132,0.6432062511793117
10133,0.8156474211935142
10134,0.8401210256807286
10135,0.6095591580267484
10136,0.24937479092033277
10137,0.3553090015442597
10138,0.30059941792829176
10139,0.768787480121733
10140,0.6366513199101673
10141,0.2524655328258845
10142,0.8597396561565013
10143,0.8813647793667941
10144,0.32080854318616225
10145,0.8768720025083246
10146,0.43061598745405966
10147,0.7316625899450221
10148,0.31717700783231745
10149,0.2897288143517129
10150,0.5291710874919611
10151,0.5691504169217824
10152,0.38169104164156925
10153,0.9682728028138818
10154,0.8128766409417575
10155,0.7778886823935673
10156,0.8949267139197034
10157,0.5841920213117366
10158,0.6426081157567548
10159,0.3863344583823481
10160,0.3005931053537091
10161,0.53832161041586
10162,0.8091882520144308
10163,0.4315529566857264
10164,0.4435281568389464
10165,0.49756106730977745
10166,0.2835571233669461
10167,0.3142077496395878
10168,0.3856035090881241
10169,0.3363166491028898
10170,0.3892340246647931
10171,0.8583029648013456
10172,0.9664384344561124
10173,0.8321200812770665
10174,0.8791336511316858
10175,0.5200661782511343
10176,0.36043369151415633
10177,0.2831222100238428
10178,0.7205508854843469
10179,0.31022066543975146
10180,0.6315402294258995
10181,0.2841857909200929
10182,0.42946337622196656
10183,0.5485501798884225
10184,0.3200833800414519
10185,0.4837984463239389
10186,0.4365797967869953
10187,0.879223587608732
10188,0.3218633589083961
10189,0.3003877449207599
10190,0.35812339782358565
10191,0.42539724143979063
10192,0.32806433303410354
10193,0.5332778541053962
10194,0.4180168801065601
10195,0.9692955113866187
10196,0.4722767297403812
10197,0.49395550197552646
10198,0.8093183907873848
10199,0.5546326737796283
10200,0.2871677590201723
10201,0.34376684727503326
10202,0.9712262672643378
10203,0.40687094682532726
10204,0.35976113563405326
10205,0.5564419979446027
10206,0.21932469395914603
10207,0.3023829988442545
10208,0.7637806538036318
10209,0.8659210342599492
10210,0.4595393635919349
10211,0.5958844430886053
10212,0.5863141667910136
10213,0.8075058230234987
10214,0.9733333104149331
10215,0.41647130017868045
10216,0.9669863323357036
10217,0.4097002393921998
10218,0.6858867404638742
10219,0.965806333591061
10220,0.9626154535101824
10221,0.4438941190693784
10222,0.5958690988529692
10223,0.4020338811093879
10224,0.7558329643400623
10225,0.3462153709698447
10226,0.9735084151863159
10227,0.5450210786066966
10228,0.3924372801920129
10229,0.9764919212079254
10230,0.5375443622873526
10231,0.9785663163082985
10232,0.4360270533026393
10233,0.7943361901897162
10234,0.22308927064338843
10235,0.5248230876016794
10236,0.4852517079447765
10237,0.32734072132486086
10238,0.2903416214275769
10239,0.9752865933694516
10240,0.2097505165008956
10241,0.6026431781697786
10242,0.22759026468854096
10243,0.17491800004045244
10244,0.7830815990555487
10245,0.3839761391254252
10246,0.2772466712221186
10247,0.548668178186435
10248,0.2662892874759726
10249,0.41698940245929345
10250,0.47799978665638143
10251,0.49147455478562546
10252,0.41822634487333527
10253,0.26314788866389927
10254,0.7939399440819046
10255,0.3585197205435633
10256,0.416056689396523
10257,0.36057408538810304
10258,0.4162120567549967
10259,0.40085542747399255
10260,0.9754583877386915
10261,0.3613406097875996
10262,0.2585685509997812
10263,0.6020510034768409
10264,0.7548735992539597
10265,0.5915783151305122
10266,0.3315374852587684
10267,0.686859130779069
10268,0.22567820391647153
10269,0.7929733839915429
10270,0.7138038383880129
10271,0.7970922240104924
10272,0.7319920291679501
10273,0.5667622585942973
10274,0.6084385690525608
10275,0.7280266124841175
10276,0.4702522686000678
10277,0.4018139621993722
10278,0.9402091472306592
10279,0.32934755996346926
10280,0.2839872191193176
10281,0.3320660169526082
10282,0.8731679123377177
10283,0.35568513107083416
10284,0.8990404668519943
10285,0.42702894147041676
10286,0.28027663681981435
10287,0.33444740056161537
10288,0.4645192300868494
10289,0.2303001672272106
10290,0.3337686267756029
10291,0.4061556444187692
10292,0.8220573026713393
10293,0.5067073343641068
10294,0.5684867981255234
10295,0.7586759149669747
10296,0.41674490747376575
10297,0.7702930219166966
10298,0.42726437450631877
10299,0.9767805961751233
10300,0.24745107758939056
10301,0.8397482453686589
10302,0.8654420330220473
10303,0.6797044367065824
10304,0.9805767295882454
10305,0.5534380333267889
10306,0.9058719193410788
10307,0.9750162982046279
10308,0.9753022815681627
10309,0.3645402591888407
10310,0.356323702125606
10311,0.7725880994517125
10312,0.31820641606380834
10313,0.7564247037881365
10314,0.4947336120793501
10315,0.5393821170017987
10316,0.9715964847627457
10317,0.8576608030323533
10318,0.9730649045220616
10319,0.4271444487171896
10320,0.25137302496746955
10321,0.3788349735214256
10322,0.3968399867275938
10323,0.2545135953177216
10324,0.600023072258754
10325,0.667899500150872
10326,0.2901650451308417
10327,0.8515304933451656
10328,0.39262537728500124
10329,0.7120200278297416
10330,0.4208382503855428
10331,0.2598225375454008
10332,0.7693269245348288
10333,0.9766671819007637
10334,0.7598529540289191
10335,0.4253283814471247
10336,0.7427141389917883
10337,0.8290235475931705
10338,0.3897411057429642
10339,0.3980791502341439
10340,0.4502990410407775
10341,0.3986808383581291
10342,0.7684406125630043
10343,0.7865742426559607
10344,0.38977338027258107
10345,0.3391677081944793
10346,0.4049554458797446
10347,0.4859701494200503
10348,0.6423566915451843
10349,0.9752982591392175
10350,0.24171428346473625
10351,0.6691707297270764
10352,0.4769080122084152
10353,0.4284924328688697
10354,0.4203109746008953
10355,0.3805295544372414
10356,0.8475727662818957
10357,0.8196514561097871
10358,0.8747569900589007
10359,0.8382160182685929
10360,0.519406294195904
10361,0.47278496636566403
10362,0.23481960475360344
10363,0.6099061125747455
10364,0.7345962819777356
10365,0.3709422286659006
10366,0.787964576807752
10367,0.8488073600872889
10368,0.3199489527192192
10369,0.9808971265148525
10370,0.9748517398284416
10371,0.9736245788715839
10372,0.9720029162488076
10373,0.3889644423767044
10374,0.32716560723274696
10375,0.4225331983667029
10376,0.8695417672490536
10377,0.44133350708870206
10378,0.3342419257052797
10379,0.8544151899141688
10380,0.7721616965709526
10381,0.3554511736505375
10382,0.5141588428207641
10383,0.9728336579485561
10384,0.4229423228839713
10385,0.6877300263065035
10386,0.3371446224646477
10387,0.3989047288721679
10388,0.9802097515891436
10389,0.2757081317506689
10390,0.32168149422604175
10391,0.8584699696179414
10392,0.6579444713011487
10393,0.8403101627376967
10394,0.8405691061393257
10395,0.7929703221156353
10396,0.6109153047721415
10397,0.6359548233216697
10398,0.38756435481622725
10399,0.44521191409474387
10400,0.29336475479708635
10401,0.3241238034623926
10402,0.4002197189923358
10403,0.7312073499511946
10404,0.20894275885682942
10405,0.4624972589741132
10406,0.26983220445819617
10407,0.9723619636324462
10408,0.8118499162969535
10409,0.3872174607774306
10410,0.8824937312476987
10411,0.6052348765695708
10412,0.5383656848091434
10413,0.3381268550398182
10414,0.4193632569320584
10415,0.43968013627572566
10416,0.3853063390669366
10417,0.45922344962447426
10418,0.9741115674107652
10419,0.8371857785347984
10420,0.7526164360797057
10421,0.8665187513072713
10422,0.3326594204423581
10423,0.5895862472611088
10424,0.5696236918453589
10425,0.3379522171476126
10426,0.37532620233011144
10427,0.2741168868430118
10428,0.38500835087604884
10429,0.32024460183817116
10430,0.44477924860737034
10431,0.41664732824890316
10432,0.8079430164701532
10433,0.3484921875164722
10434,0.3804933974893068
10435,0.43949245168802653
10436,0.9561025897252994
10437,0.5537653793121926
10438,0.31967283725492907
10439,0.29265898147097363
10440,0.5722402831426561
10441,0.9697089465909103
10442,0.2643431618641989
10443,0.5199699781336954
10444,0.7247812921598458
10445,0.970409234658458
10446,0.3158322062632004
10447,0.7391457057966645
10448,0.2784920633265281
10449,0.2917809792392214
10450,0.6738888199108813
10451,0.4232106429201321
10452,0.8795189274870423
10453,0.27536724776551874
10454,0.39163818907281106
10455,0.35882823491642674
10456,0.45539663211099884
10457,0.35274375980915323
10458,0.9764182387660508
10459,0.539981207237636
10460,0.5554145289914264
10461,0.32288200195119426
10462,0.3545839099011339
10463,0.878081195459127
10464,0.5471053091859025
10465,0.7534854882929131
10466,0.43697468470424705
10467,0.416692446700051
10468,0.9773362268706925
10469,0.9599627354959704
10470,0.6922456731027191
10471,0.4053283862084509
10472,0.31157463385302747
10473,0.5605753153115794
10474,0.40577963747927176
10475,0.4175583109750128
10476,0.4721859630134944
10477,0.8622640522732569
10478,0.8120230536693711
10479,0.9772257511906838
10480,0.5434929953751797
10481,0.35685255863435134
10482,0.30524523803735565
10483,0.4258177297050505
10484,0.16084009626561072
10485,0.27563190760368883
10486,0.3757155053729084
10487,0.3767293757771733
10488,0.2748968300234644
10489,0.661709883039816
10490,0.5153776337357133
10491,0.3774420573114255
10492,0.4152618634298623
10493,0.9762522659402052
10494,0.4549249994970745
10495,0.297443742361887
10496,0.4877956456811389
10497,0.9775684332081935
10498,0.556136250134919
10499,0.3021889966345978
10500,0.4119605029468918
10501,0.9796129463626703
10502,0.9715908600766164
10503,0.2449234178146261
10504,0.9106879037916936
10505,0.3331709287873216
10506,0.9595100368330701
10507,0.4112739509342638
10508,0.8095676761942098
10509,0.762923680525632
10510,0.3999291691710498
10511,0.2924652557134045
10512,0.35388074096359506
10513,0.26337388116944843
10514,0.3422149739940091
10515,0.3721374846729983
10516,0.5685408109732011
10517,0.9607077618416971
10518,0.34522367317960967
10519,0.8486686108793623
10520,0.28849397744541744
10521,0.9778576051144426
10522,0.5131347332860903
10523,0.26052841338800725
10524,0.9811065738719127
10525,0.4478905823491292
10526,0.3219275203185747
10527,0.5665556839074587
10528,0.3371111418204262
10529,0.8869346998529819
10530,0.45879220006185467
10531,0.3589105159922738
10532,0.25462023746043383
10533,0.6028354200750264
10534,0.443054608704277
10535,0.8573661137577987
10536,0.5931309222331839
10537,0.5986529592133617
10538,0.3029103248751083
10539,0.761172579644329
10540,0.38383885430256903
10541,0.642922679069866
10542,0.24276130162233422
10543,0.8521957403010366
10544,0.47842650592982056
10545,0.19950688792200924
10546,0.6450413992392431
10547,0.2773405049956698
10548,0.7503516572143836
10549,0.9205017842906887
10550,0.538787440778993
10551,0.750449225506498
10552,0.8650799325337908
10553,0.5514028868179627
10554,0.2866418515694465
10555,0.2725779642715575
10556,0.4782125126863978
10557,0.9658000072217193
10558,0.8432548947791377
10559,0.2287316967510117
10560,0.5993447069603022
10561,0.507245256923116
10562,0.3994421679625451
10563,0.7803415866293809
10564,0.32135636742757656
10565,0.7754096980232915
10566,0.585594192738821
10567,0.5931373758679271
10568,0.4840308580905414
10569,0.8776234704145839
10570,0.8300183618551197
10571,0.45678229482154387
10572,0.980042529348026
10573,0.34565048267853626
10574,0.4856609762614536
10575,0.966609135930498
10576,0.6398437966989721
10577,0.3734995493107664
10578,0.3977406858164532
10579,0.2414154395350738
10580,0.34354186209483073
10581,0.49710025762335514
10582,0.7132756582863772
10583,0.4979505958200769
10584,0.3889719813113773
10585,0.3486230758553599
10586,0.2037140855457464
10587,0.5489819622191571
10588,0.33820381480547995
10589,0.7692945855631205
10590,0.358548526839963
10591,0.26892349074191196
10592,0.8433472295399351
10593,0.49779252730395784
10594,0.6344123328802889
10595,0.9821420130540642
10596,0.9786020248144948
10597,0.7114498666864103
10598,0.4103090651898591
10599,0.3089330873401505
10600,0.8313655940730474
10601,0.16382449879063152
10602,0.8307570526359279
10603,0.6096188570506955
10604,0.5450032400443724
10605,0.40196050916584336
10606,0.41438470589374016
10607,0.5625377916382371
10608,0.4902517994064375
10609,0.3893768589465228
10610,0.34630364962630783
10611,0.5405291546805823
10612,0.49030066611458983
10613,0.4342044430522738
10614,0.4965553105154485
10615,0.971331721555491
10616,0.6156118603357895
10617,0.37109856718206674
10618,0.3450606815973887
10619,0.8679941299727995
10620,0.5082064110553998
10621,0.36301988303683247
10622,0.8037076948300822
10623,0.3514095645882637
10624,0.38362839029249124
10625,0.2809789456875315
10626,0.7354532597933786
10627,0.8721950705562627
10628,0.18296057903804006
10629,0.8625768408712444
10630,0.408157031007647
10631,0.531233361157822
10632,0.7568216312579241
10633,0.9749383406467195
10634,0.8377394708283815
10635,0.6055728752294004
10636,0.8156669950421773
10637,0.37153999813597505
10638,0.19284130017811865
10639,0.4766304504833537
10640,0.5088081480794076
10641,0.4288520612111668
10642,0.4402888634160615
10643,0.4676526767046205
10644,0.41438608090575646
10645,0.2748101263625971
10646,0.23537648479680642
10647,0.353520856141126
10648,0.8173553761317037
10649,0.417329824531859
10650,0.7634976998072425
10651,0.3324253448045137
10652,0.369679523529038
10653,0.31155264408665556
10654,0.7399415450939869
10655,0.9782021978949768
10656,0.34704845348616065
10657,0.6636849065278844
10658,0.7921273732786284
10659,0.6128191897449321
10660,0.7897509288423598
10661,0.5930471650058683
10662,0.6500698209538248
10663,0.32933042154999725
10664,0.2368592409963793
10665,0.31205718863200554
10666,0.778209993349062
10667,0.7577177973046494
10668,0.7441618563002667
10669,0.46809048203619524
10670,0.28538735426288814
10671,0.9033752400299692
10672,0.9113339425012645
10673,0.574852612820708
10674,0.3452497251812791
10675,0.9083161884240664
10676,0.8507092750342381
10677,0.632613552072732
10678,0.7384844998399206
10679,0.4036854815364433
10680,0.30784660395774305
10681,0.3625442575089009
10682,0.3687415545505115
10683,0.921007914442824
10684,0.24324270929813352
10685,0.6806147970108191
10686,0.8153738347245808
10687,0.6927173607128041
10688,0.9478362885894304
10689,0.33180010532517845
10690,0.496193682547216
10691,0.3611999473588681
10692,0.4630033177240001
10693,0.9758907888913014
10694,0.360369280344361
10695,0.9691849047968951
10696,0.4343129735842668
10697,0.47521268104293085
10698,0.429729629941229
10699,0.9716980838280168
10700,0.7642442225342579
10701,0.34518545630442193
10702,0.36917159983394177
10703,0.36512603670178884
10704,0.9627608512709864
10705,0.3019449773454633
10706,0.30838035631471383
10707,0.7642333853249448
10708,0.8142126303838183
10709,0.36209103712256946
10710,0.9693853575090996
10711,0.5337613157842499
10712,0.7796490928826924
10713,0.9809101996363374
10714,0.3208265944912521
10715,0.27917765209888684
10716,0.5357259833264694
10717,0.2212118827742159
10718,0.7517894264860239
10719,0.37166370232972995
10720,0.4713746350981918
10721,0.37341939295264925
10722,0.3161419658452845
10723,0.305098799526996
10724,0.9639997536666375
10725,0.39805314202027975
10726,0.966764308125387
10727,0.4354841927948457
10728,0.9745118822200257
10729,0.9786621834815579
10730,0.9811800133217773
10731,0.4887536206292861
10732,0.40215421214516817
10733,0.5784919451258927
10734,0.7994009851465887
10735,0.4929113563184238
10736,0.44016544037869826
10737,0.27648128023133706
10738,0.29073036081479725
10739,0.5593164511240701
10740,0.4586948914084446
10741,0.3998226646019117
10742,0.7195997548191154
10743,0.2517170971892777
10744,0.2808719259380896
10745,0.7931621788869406
10746,0.49990528133966655
10747,0.339599579539279
10748,0.39332958764173503
10749,0.24829139847529128
10750,0.30899351961121807
10751,0.7998198412719293
10752,0.7199600206654176
10753,0.36232053926155494
10754,0.23646649799870953
10755,0.3786699705336831
10756,0.7378479538234072
10757,0.457446294778211
10758,0.7902267064759455
10759,0.4976374345496843
10760,0.9740623543256248
10761,0.39056466654225264
10762,0.474458549251173
10763,0.9002837582148464
10764,0.5243104335422549
10765,0.535136817652543
10766,0.9697393231715038
10767,0.664287489737949
10768,0.5716171981691943
10769,0.8426668289911126
10770,0.6532633903432464
10771,0.2875140605048938
10772,0.7774803057492399
10773,0.362308311973398
10774,0.7869476488897827
10775,0.613646922711695
10776,0.3845237289651305
10777,0.15782797644452545
10778,0.37996365151650774
10779,0.8900453297660332
10780,0.2775469588544746
10781,0.34385317599787557
10782,0.7069053397814472
10783,0.857116852982224
10784,0.39712942924801226
10785,0.5012782502436399
10786,0.2901170824829051
10787,0.2521822166647207
10788,0.8960808984868982
10789,0.35214435040693615
10790,0.5816017958722028
10791,0.2933155904379325
10792,0.8425119137343534
10793,0.896031479219657
10794,0.4942661728077687
10795,0.45342659538327473
10796,0.29245174481577113
10797,0.8805605571062051
10798,0.8227243518660131
10799,0.32708217998527883
10800,0.5809477269925334
10801,0.4585809027733394
10802,0.3074836995754402
10803,0.3492863145431902
10804,0.20099497683556625
10805,0.5917907599134846
10806,0.5172493424155559
10807,0.3503967653453925
10808,0.9784092703509647
10809,0.844182062071169
10810,0.27718690038353727
10811,0.7943775470531168
10812,0.7926671882001163
10813,0.9612686931772981
10814,0.6706228992436737
10815,0.7661217687480374
10816,0.5840565352229403
10817,0.3618177003650435
10818,0.31956390400753426
10819,0.35911831945169864
10820,0.6521971673104824
10821,0.7810497647655401
10822,0.9637352211373265
10823,0.5905171521111435
10824,0.5203984679266337
10825,0.4794796095202474
10826,0.3319587173326471
10827,0.4525863185655523
10828,0.3915463731418929
10829,0.9675415702880965
10830,0.3760996918465734
10831,0.36863419517451845
10832,0.838406575822404
10833,0.4222589498389753
10834,0.42357453985745824
10835,0.3510172969763299
10836,0.483587461412736
10837,0.4876783300850868
10838,0.35146851435439536
10839,0.2803651713799097
10840,0.5962831865263144
10841,0.3348771551363267
10842,0.7567302723912367
10843,0.7260642257429265
10844,0.9706259654984514
10845,0.34814046950525296
10846,0.9761474299511014
10847,0.47059482411086084
10848,0.3814289399945226
10849,0.46861284468621783
10850,0.24815100329605974
10851,0.3490225587014757
10852,0.6132951740432673
10853,0.5176230483887821
10854,0.3621580509070714
10855,0.5858954638474381
10856,0.5559122824784852
10857,0.9730184664470399
10858,0.8986525485649123
10859,0.26137337669960997
10860,0.9652946920214495
10861,0.5436014467398049
10862,0.3629250268699657
10863,0.752147179407161
10864,0.8196344373485518
10865,0.8089766644687372
10866,0.645262583632597
10867,0.258334789376459
10868,0.8078277747147992
10869,0.5023568621051991
10870,0.8335473306481663
10871,0.42372140875447634
10872,0.8838200527144527
10873,0.37197865899464316
10874,0.7900341022154178
10875,0.9819828483330072
10876,0.4405313650003663
10877,0.5658662016057606
10878,0.5446891279181733
10879,0.5967856850700377
10880,0.38254500367077693
10881,0.3984174596080206
10882,0.7945873881146742
10883,0.5299626534884455
10884,0.337028971186533
10885,0.42748734807896877
10886,0.4235322687665593
10887,0.3379795211035677
10888,0.8103736326786057
10889,0.9758693395129949
10890,0.49750137681191187
10891,0.324139562786756
10892,0.7624544785396057
10893,0.7031211278657844
10894,0.7034454497619332
10895,0.43518509686990625
10896,0.5324912264745957
10897,0.3469468613195519
10898,0.3241471315497554
10899,0.8335806452306751
10900,0.7252030766275185
10901,0.338327348116276
10902,0.8926047397378257
10903,0.7244568817972327
10904,0.97208111108658
10905,0.8887103615756979
10906,0.5474390332225642
10907,0.8276880147063853
10908,0.5618872198436419
10909,0.2781121757928677
10910,0.7542442328119311
10911,0.9755205769690826
10912,0.4529496248978908
10913,0.4475170915125557
10914,0.48793167881864313
10915,0.21769602435343857
10916,0.5148692559583966
10917,0.3738879187662841
10918,0.7444331301308912
10919,0.6187560857405373
10920,0.7332114725815632
10921,0.8076333362730107
10922,0.3631792954812103
10923,0.3856341418070734
10924,0.541548645719343
10925,0.3964133817640619
10926,0.3779124276576355
10927,0.30964675749791004
10928,0.891329409923372
10929,0.4905430305969541
10930,0.8145300154182523
10931,0.3989027391303179
10932,0.5290402433397009
10933,0.508380880495858
10934,0.31960183026821776
10935,0.37747849214273616
10936,0.2839663892053119
10937,0.286643324473238
10938,0.2582708050693929
10939,0.31735823946810604
10940,0.6108029025133802
10941,0.27882024014340295
10942,0.7922117385641005
10943,0.8342572790896282
10944,0.42258077663732657
10945,0.5545336965272664
10946,0.974840205175484
10947,0.5251140536400456
10948,0.8972347811209044
10949,0.3622080230435045
10950,0.8584931601155553
10951,0.32375947796586774
10952,0.1999780785893326
10953,0.6006733302144666
10954,0.9529329134013228
10955,0.8129796073196017
10956,0.4983531725469768
10957,0.4349727541054745
10958,0.2944661050447261
10959,0.29328901697886517
10960,0.5958321938234933
10961,0.27906005330960076
10962,0.26620470679056724
10963,0.3675240015510417
10964,0.5049804144399395
10965,0.8338824446254757
10966,0.4968932701403237
10967,0.4289900929189976
10968,0.517488799256934
10969,0.23866021853539557
10970,0.9754234523307277
10971,0.5464088219003573
10972,0.9670714344788548
10973,0.27420625917834557
10974,0.7797805542711777
10975,0.7558922244648238
10976,0.7775507930809024
10977,0.7770782497592883
10978,0.27122910605733447
10979,0.8411581025755027
10980,0.6167904703784604
10981,0.3503986404981245
10982,0.438970491383
10983,0.4595505746609485
10984,0.46681165911582384
10985,0.9772992689287431
10986,0.5250471448453117
10987,0.7752550673836595
10988,0.35868662513018873
10989,0.24268814996928523
10990,0.9787548971958736
10991,0.40618293979471337
10992,0.24445143454083781
10993,0.4312244449313636
10994,0.5535375015620391
10995,0.32638555916278794
10996,0.4084199789979664
10997,0.7518186514524633
10998,0.3073153862190934
10999,0.2628268536855913
11000,0.5402324598277914
11001,0.7171616602651366
11002,0.36466768440410857
11003,0.9775469867123422
11004,0.6395054870089243
11005,0.7434703699139055
11006,0.3944998145596182
11007,0.36033101019383523
11008,0.2207573502226401
11009,0.3295633095922995
11010,0.9737125806948663
11011,0.9745791937979394
11012,0.4607866080356358
11013,0.8330898257248537
11014,0.44401071481163906
11015,0.9791762694861254
11016,0.7151205723583383
11017,0.2557919647294367
11018,0.7189876400891054
11019,0.6688274090289744
11020,0.3750315200902117
11021,0.41493656471457613
11022,0.4933998961409538
11023,0.6540587320356153
11024,0.7394213276950256
11025,0.3446349222043685
11026,0.7815542540497585
11027,0.5048958701358958
11028,0.2823124948125113
11029,0.2845910045314853
11030,0.5496327487822897
11031,0.43406650762109783
11032,0.8168971059927544
11033,0.3733421252010151
11034,0.8296855626298286
11035,0.38590425024890257
11036,0.8041490402729906
11037,0.2525698125345332
11038,0.3211059645175591
11039,0.4260841671877111
11040,0.3692148774051048
11041,0.9726650291731566
11042,0.8044206217176253
11043,0.3968808371292683
11044,0.7584829052793053
11045,0.40462712186239225
11046,0.26144296806456974
11047,0.43893002564568534
11048,0.6872372737898488
11049,0.6683607690814535
11050,0.4594557012383138
11051,0.2979648611300752
11052,0.6410933491097653
11053,0.368649381798136
11054,0.8477618566016759
11055,0.5528202428478427
11056,0.6159539680540039
11057,0.40370915138816477
11058,0.7529798650490512
11059,0.32701645046452676
11060,0.5576410862352565
11061,0.43447992383892453
11062,0.6775248581945211
11063,0.2805701246306976
11064,0.3604131318334582
11065,0.42895991809543993
11066,0.2862384498054573
11067,0.29588960059755803
11068,0.4207436082366258
11069,0.41873750727240583
11070,0.9646917465013031
11071,0.354790431073964
11072,0.6021698922481447
11073,0.9186945587526574
11074,0.45740890773423076
11075,0.7011725263847083
11076,0.1925685392425537
11077,0.33017871813097016
11078,0.33942454493792384
11079,0.3784045127748419
11080,0.9814848098996727
11081,0.7909091268749014
11082,0.464801122610125
11083,0.41251343060419005
11084,0.3476680936858549
11085,0.9838535822856395
11086,0.3916222619069421
11087,0.3619205944757396
11088,0.49634222838467856
11089,0.5400521935967822
11090,0.34371420979123846
11091,0.4523902911188706
11092,0.4781172006714158
11093,0.97688361038756
11094,0.5789464054558122
11095,0.7991404771202769
11096,0.4584179777000737
11097,0.9742017612425197
11098,0.9828039958724828
11099,0.2749240114714293
11100,0.28878119976807853
11101,0.4205928888640988
11102,0.74502021939064
11103,0.3045425383244517
11104,0.9780986786666711
11105,0.38933383251470616
11106,0.6317016427349958
11107,0.3134741908443314
11108,0.3604361608788518
11109,0.5493379178510283
11110,0.3017114370079174
11111,0.47464920145127515
11112,0.9250977882729884
11113,0.973951395507001
11114,0.7584645876770656
11115,0.5686608269556671
11116,0.6713790686836383
11117,0.972819476253313
11118,0.6431868963857851
11119,0.6146673624135113
11120,0.5557941285129268
11121,0.770937479135374
11122,0.3548091164752005
11123,0.6812010539360548
11124,0.3923453260371073
11125,0.38277709022106604
11126,0.6694016214701352
11127,0.2813782584667355
11128,0.40272126971331823
11129,0.6217865336618024
11130,0.3262760060726804
11131,0.40460001898192316
11132,0.9812685809322804
11133,0.3715419908543307
11134,0.8811187213759789
11135,0.4028616429926628
11136,0.4391266045937863
11137,0.32692102543614393
11138,0.27057409574914676
11139,0.3837634895583508
11140,0.21106948612204623
11141,0.26149369100420167
11142,0.630926060904812
11143,0.9770277927930149
11144,0.4096825910311943
11145,0.5530559400650692
11146,0.3946224374963357
11147,0.574778778612874
11148,0.44853234829065086
11149,0.7962931661716546
11150,0.36610597775786563
11151,0.9119078720688156
11152,0.2879082415495979
11153,0.34290191484826965
11154,0.8807711544539633
11155,0.25705719530425214
11156,0.4166244812120143
11157,0.6523674456223909
11158,0.38943937631307185
11159,0.8578717826426812
11160,0.46743431072935054
11161,0.35286646170948704
11162,0.8649349036168221
11163,0.5284337897258347
11164,0.760748388570763
11165,0.45166545751730053
11166,0.38330056271058127
11167,0.8162656440864241
11168,0.2622438126498628
11169,0.7985138379573048
11170,0.32850910781424886
11171,0.8212528920902701
11172,0.4025032143664075
11173,0.30710661772466313
11174,0.25608339898050003
11175,0.7428495740027472
11176,0.3344028187819639
11177,0.6190852309296847
11178,0.2767849435591825
11179,0.7942502952495648
11180,0.9595320895388966
11181,0.5733572389721177
11182,0.31736561741241465
11183,0.307200661822473
11184,0.6774504113767303
11185,0.28547635658999826
11186,0.8203790416588216
11187,0.41047837815595467
11188,0.5310345293034727
11189,0.4449317699761051
11190,0.5114147671573793
11191,0.8804655047756187
11192,0.4092894800305183
11193,0.30423421907104353
11194,0.2755013979613834
11195,0.6721179407738974
11196,0.9663274302531099
11197,0.33031597879084745
11198,0.44580947446073776
11199,0.3507486490956117
11200,0.8307976348561527
11201,0.4292728192748971
11202,0.5869959443699534
11203,0.23756460240014443
11204,0.8651644130191425
11205,0.33432437771457396
11206,0.9789705237778183
11207,0.4959232078922
11208,0.28754347952597986
11209,0.4810919967275706
11210,0.4573013686842426
11211,0.4877120984415859
11212,0.3857083463287834
11213,0.34572492767165114
11214,0.5148641446774836
11215,0.33336765024106657
11216,0.9768353975460915
11217,0.3784837729235941
11218,0.3916751899924484
11219,0.31557264657082296
11220,0.4960056201008141
11221,0.5380236322847217
11222,0.4214485135336981
11223,0.3707319475241327
11224,0.3575790971540939
11225,0.27396727137229754
11226,0.9096285896956381
11227,0.38146757659767205
11228,0.472443968436661
11229,0.4375589793303019
11230,0.9780981288406202
11231,0.45349528341616435
11232,0.35075717686016983
11233,0.8116749185693521
11234,0.17007479968734263
11235,0.3172885357144765
11236,0.978284038361683
11237,0.9798134049548543
11238,0.28208154563778637
11239,0.34742007685026083
11240,0.32804475082698314
11241,0.7777834020680144
11242,0.9756987315846933
11243,0.4369252206636369
11244,0.9072318322745724
11245,0.7159508357832388
11246,0.3813669846052073
11247,0.2581235909817847
11248,0.41548881656295517
11249,0.6384414618685398
11250,0.500238498907653
11251,0.3297656275998385
11252,0.31656615383170605
11253,0.3703174834590914
11254,0.8115598148929314
11255,0.4962553178388296
11256,0.40957343464866697
11257,0.6271809760748358
11258,0.33840397989715615
11259,0.2751041743789521
11260,0.5794930671414034
11261,0.7797039062048725
11262,0.31628757263304214
11263,0.24095890242103188
11264,0.9727875693562013
11265,0.2716924387094648
11266,0.30955679507715145
11267,0.3820999179046462
11268,0.5572634260544808
11269,0.688880375698567
11270,0.9744330555740514
11271,0.6369755256783999
11272,0.9777536026404539
11273,0.793386374365067
11274,0.3491643871707259
11275,0.9760659368480455
11276,0.3261005271554566
11277,0.9463591031910781
11278,0.2581873826564906
11279,0.40884225481375097
11280,0.3430041701123084
11281,0.290866865284603
11282,0.8266599988787275
11283,0.7064434001654316
11284,0.2997186533838116
11285,0.3017941557567642
11286,0.6561608382921881
11287,0.5399030784312608
11288,0.6511334846050474
11289,0.36378498143393484
11290,0.5182757297424953
11291,0.3159263173963862
11292,0.7167812556647609
11293,0.5846607623334973
11294,0.34350477003465824
11295,0.26496398891906514
11296,0.38907151266588963
11297,0.42684832803897005
11298,0.6341680023406902
11299,0.5950278642609789
11300,0.5004427568690443
11301,0.8851518672249062
11302,0.7857562728686722
11303,0.5713972086391602
11304,0.8604932610504633
11305,0.8542138656922051
11306,0.34437595750195654
11307,0.4654179470768168
11308,0.6293842368440234
11309,0.28129558813547506
11310,0.5130685935822659
11311,0.5420507010955132
11312,0.5766039010601213
11313,0.7416779429837513
11314,0.44121780299369623
11315,0.49753993348954273
11316,0.9712588094608104
11317,0.43917615751951783
11318,0.7410515511848007
11319,0.487648036085736
11320,0.4059312949712092
11321,0.9768594102630814
11322,0.2836003137045524
11323,0.6968908666920605
11324,0.9800909028371012
11325,0.3395714865618012
11326,0.48537468475353024
11327,0.9818636688044826
11328,0.41839579898100304
11329,0.23640424714110678
11330,0.5571591941370138
11331,0.3318047426558975
11332,0.9783540654173679
11333,0.3179318083577765
11334,0.2691113187371989
11335,0.684878461370159
11336,0.7003405059247289
11337,0.4137031265432571
11338,0.5432844602063818
11339,0.8164586652559053
11340,0.7587956099323957
11341,0.35719416045906566
11342,0.6378748003258968
11343,0.7686979370135537
11344,0.24163670807665827
11345,0.3545866277368457
11346,0.5761959171937834
11347,0.9787975551642591
11348,0.8802200160494537
11349,0.3912919189067982
11350,0.4065349710465882
11351,0.7149803050053727
11352,0.8942384185296657
11353,0.333397194362773
11354,0.39071988047379985
11355,0.7013011279498277
11356,0.5383587157118432
11357,0.9735265887252345
11358,0.34379995424400733
11359,0.4090685367932589
11360,0.3366470682912707
11361,0.8457218069815783
11362,0.5669766160481201
11363,0.587965518888551
11364,0.4324682250673024
11365,0.498636621981884
11366,0.830019330347135
11367,0.6967554459730746
11368,0.5417837598350761
11369,0.3493899966952485
11370,0.45844324273545195
11371,0.9780452811351982
11372,0.7549680040447412
11373,0.9710060957614756
11374,0.9061299632190564
11375,0.46925319317891834
11376,0.9782570268048038
11377,0.22791203476367708
11378,0.421529996509774
11379,0.8670272101180941
11380,0.23698410374414233
11381,0.31232604818254944
11382,0.49884270925773183
