index,voted
0,0.7268912914953034
1,0.8937538505107719
2,0.4091534548249566
3,0.15402785082087295
4,0.780471466202469
5,0.4258154478367672
6,0.8740037766576747
7,0.7795242359884309
8,0.3152217140714187
9,0.6240716866003266
10,0.3337836003930407
11,0.7585735974222955
12,0.3695352245863224
13,0.5888222029148245
14,0.40590039000285105
15,0.9816427194409135
16,0.8754455772473998
17,0.3512923843825529
18,0.46385093677789213
19,0.46458858180286866
20,0.5170245176518424
21,0.48045939970823226
22,0.18141393140629786
23,0.2808860505194094
24,0.7329333395170358
25,0.11657068447283685
26,0.9798502425683755
27,0.4327773768378307
28,0.48609718406720775
29,0.23882366484322884
30,0.45770408636659643
31,0.8448515947378288
32,0.34079577566484764
33,0.48422477915203654
34,0.5743015246139767
35,0.3741534039964855
36,0.34631427739223086
37,0.3838211050569739
38,0.4368217155523913
39,0.28232107761691205
40,0.44770704403599776
41,0.9436537264041442
42,0.8721309857645949
43,0.7189164114278148
44,0.9717047666568409
45,0.34714159652294724
46,0.7302769068712021
47,0.9733446045579125
48,0.2921678112090741
49,0.9348030005988244
50,0.19266122702422298
51,0.9425162889974605
52,0.591385561179246
53,0.9053963589010317
54,0.9874321250924147
55,0.4611542739554031
56,0.5604021829581121
57,0.7409209520914181
58,0.746461949726649
59,0.44876598156583136
60,0.9455070970194065
61,0.5611814939213303
62,0.6293922632963154
63,0.44839657901182894
64,0.34131654095029046
65,0.8003664127516518
66,0.4002027709352645
67,0.1676485096491835
68,0.3694980076885757
69,0.6126810412403954
70,0.23632399921301545
71,0.43994549403854943
72,0.3002534721197341
73,0.8529794040049539
74,0.9261752255812794
75,0.4938575797974785
76,0.6359463966545729
77,0.309908041767491
78,0.5467172073370157
79,0.40420090567998646
80,0.9801976237367981
81,0.5335170616822593
82,0.4699856325808312
83,0.43974307918824257
84,0.8339243997946477
85,0.4972393616930687
86,0.8120531750496537
87,0.38984336714278867
88,0.31683769741158235
89,0.6699246938943147
90,0.9885031518289614
91,0.3284998849859102
92,0.2595758943820208
93,0.3094158925714719
94,0.553284557150501
95,0.9241379868485526
96,0.45288429384774936
97,0.9420284202577633
98,0.5325910642277967
99,0.5263347932466762
100,0.17224570509377585
101,0.473286634956723
102,0.7771775110299755
103,0.24003759376390985
104,0.15948889818034814
105,0.46349561704531556
106,0.34964087765216734
107,0.46127686217969655
108,0.7297607654787351
109,0.23405989387499898
110,0.6639608116345983
111,0.22317290327802994
112,0.8721712255251226
113,0.8793643084933341
114,0.8698468006139124
115,0.9825003260506397
116,0.4970598113803111
117,0.2666880089504181
118,0.29456024448777357
119,0.2441074306837316
120,0.2561786789742382
121,0.8055888551749478
122,0.975361389767407
123,0.24919644448934636
124,0.39291450211006684
125,0.5456992334391279
126,0.9722673688845545
127,0.8813844871317948
128,0.9788162337817863
129,0.41591385654388624
130,0.27919361926091757
131,0.3032327741895508
132,0.27961259014849416
133,0.7756592534659938
134,0.9764184621923013
135,0.9582470022915333
136,0.271394392025596
137,0.7548164504312765
138,0.3887938879669268
139,0.9844825259203414
140,0.42264716713489414
141,0.8268145694409181
142,0.21575927075510773
143,0.4484764549011612
144,0.4896252808893159
145,0.23669010452535594
146,0.8538415726118133
147,0.3543417034249431
148,0.4676818162226048
149,0.5429462812199825
150,0.3495298468399153
151,0.3998263718027458
152,0.7456389396495229
153,0.4319995643630916
154,0.7196211445304218
155,0.47711627506477
156,0.9151082270207032
157,0.42969796895502654
158,0.987282146461822
159,0.5213819180450914
160,0.8166190201241172
161,0.4440306463204594
162,0.2589097938115724
163,0.5020085749085579
164,0.6938610335521909
165,0.4546135455731895
166,0.41298969647934597
167,0.9082156380535389
168,0.38591941880848435
169,0.9833235168977063
170,0.9857953039803753
171,0.3541347316498007
172,0.3355233527341419
173,0.855760748990827
174,0.8307812299415088
175,0.6924439013999499
176,0.8584037720893952
177,0.32048157112559894
178,0.18939966181932197
179,0.9741349161612785
180,0.9676572785536666
181,0.5580285017772658
182,0.9361828923428323
183,0.3253183032367985
184,0.26406635501827186
185,0.3538511420102395
186,0.6205376081698784
187,0.71586552335741
188,0.7229325817582131
189,0.6166579910821622
190,0.7122802143917175
191,0.6142280091538572
192,0.7763231686303771
193,0.17091815142320485
194,0.46897247600511743
195,0.31843197349705166
196,0.3902104041862524
197,0.1959153293131516
198,0.37205660547600056
199,0.4769465945616552
200,0.4171734672417228
201,0.5133800928736121
202,0.26777538919439803
203,0.20898338632609473
204,0.9726830676133558
205,0.3097082840463404
206,0.3771283948179063
207,0.3053032952920908
208,0.28861058386889304
209,0.8490688585279866
210,0.9713229866671182
211,0.5462439655675313
212,0.3187902045619673
213,0.9815688225441543
214,0.35768634743016986
215,0.5416179965468274
216,0.7584774661078008
217,0.29770690895407104
218,0.218971831062108
219,0.24474533829477627
220,0.31451977473041753
221,0.3057109089652581
222,0.893937900208376
223,0.2944516751790026
224,0.5485461608326987
225,0.2071786887773761
226,0.48922283971516345
227,0.9872109038715131
228,0.5105858237982863
229,0.42347759671164403
230,0.379535453352852
231,0.46969363702420874
232,0.3605817467334312
233,0.8659302685046626
234,0.977945213502596
235,0.7874305005035092
236,0.9736419151342786
237,0.9035869807657464
238,0.834391994688521
239,0.44380297362218435
240,0.650584313446897
241,0.5867304004281051
242,0.2940284310017639
243,0.7334702445697077
244,0.4869460320635022
245,0.2507528003323146
246,0.35428306528238196
247,0.6430782503458441
248,0.2651073518613132
249,0.7836749124527679
250,0.8792886281977111
251,0.5845926482592422
252,0.34972714339577343
253,0.704325553941593
254,0.25672066754626943
255,0.4147234079108392
256,0.26735417142853984
257,0.3672200364389611
258,0.8965940299078086
259,0.3671977026945425
260,0.976769989778711
261,0.5849162298984628
262,0.4219168962519903
263,0.7058327978085182
264,0.32353915076496886
265,0.23201560024458312
266,0.886223023318178
267,0.8943142101751365
268,0.6085509397117878
269,0.8722306160733981
270,0.19375980724225644
271,0.4257448181534693
272,0.49498734283276585
273,0.30819571978660143
274,0.4336981906149278
275,0.49291703177694235
276,0.9863017280814212
277,0.9758155884650843
278,0.42383058859669404
279,0.30002478316415354
280,0.645747926256501
281,0.8410038658359142
282,0.7995001056691158
283,0.7132182898667945
284,0.36619076163980757
285,0.46185633812405535
286,0.29773571131181686
287,0.28371741081975155
288,0.24800031043611293
289,0.8664481294054128
290,0.16951269271585281
291,0.7225572046053909
292,0.37059951793345286
293,0.5905546159229605
294,0.5129280037764623
295,0.35853591656994893
296,0.3347278890584944
297,0.1494105124814461
298,0.3784070532421429
299,0.8986064853901519
300,0.8514988946403244
301,0.7949692398674298
302,0.7638407256679991
303,0.49459412352603627
304,0.9814796838156481
305,0.8391574003791418
306,0.36171469631862263
307,0.4197698987925898
308,0.4624259308828993
309,0.7286280562833012
310,0.3391106299797935
311,0.7925890741495788
312,0.5960996959466747
313,0.8031161208815911
314,0.3905247166631617
315,0.9837055811039679
316,0.38754659324845975
317,0.33860803165275316
318,0.32689533111777114
319,0.41823473179758497
320,0.4780467032220346
321,0.5094789947356873
322,0.6917244905355799
323,0.40167233080356535
324,0.548326692039895
325,0.3463789436017981
326,0.2911014282328307
327,0.39135011907244804
328,0.26198727762830964
329,0.9079490678184698
330,0.982880334575641
331,0.23381433508346838
332,0.30417958302988435
333,0.6279688722160237
334,0.9876559665038322
335,0.8591005579459203
336,0.4306400066753701
337,0.7135291643087157
338,0.5368072841134385
339,0.9161303567764386
340,0.9454634611095672
341,0.27432210443219895
342,0.8555019309835374
343,0.33506322684798406
344,0.6150081099444538
345,0.4583931821917321
346,0.3432697057327767
347,0.9124370712920837
348,0.3565839429126171
349,0.33687988388108586
350,0.975163808202719
351,0.9844864486911875
352,0.2612313169985542
353,0.3093231685784269
354,0.8835437046685048
355,0.22396539008087102
356,0.7366597258943208
357,0.44474271812393595
358,0.992437119981407
359,0.2864391654508206
360,0.8536290353612221
361,0.7595107876722592
362,0.749906690323074
363,0.7136634816208784
364,0.5735334848150666
365,0.7704227696441082
366,0.5471024452744468
367,0.6853478985372414
368,0.2509312719246123
369,0.3422299961675962
370,0.4722764367975151
371,0.6698956220178411
372,0.23062801529945773
373,0.7279953092489286
374,0.306567567828571
375,0.8971786097289806
376,0.3717239827737169
377,0.4792120497505606
378,0.43976564226679715
379,0.3189584964288484
380,0.5574900671559828
381,0.7948598315421842
382,0.757122243264941
383,0.5795590201803426
384,0.3847466736703386
385,0.4403803557651759
386,0.3595998764434178
387,0.4799994418553516
388,0.7616396155799278
389,0.3779192026387439
390,0.6535297552213009
391,0.7560354493858099
392,0.3910481475256782
393,0.571089453464548
394,0.2560891866533181
395,0.647344319204793
396,0.25892885287368494
397,0.48941662894969556
398,0.7045993051477195
399,0.2898695704046204
400,0.5293448296867665
401,0.900242387232843
402,0.6389233089484542
403,0.9903137338972838
404,0.4087143184407608
405,0.3677465640154758
406,0.2987345354699822
407,0.4568293936900894
408,0.2767735091752286
409,0.5422500906488095
410,0.37922093539394286
411,0.5393491067614501
412,0.48957751425134655
413,0.6564013562244355
414,0.3843577578047155
415,0.3622144995698501
416,0.4551632020845878
417,0.9449841096345417
418,0.9787518817405215
419,0.5220133741355255
420,0.6046134936068019
421,0.33762036445952504
422,0.4595767168430092
423,0.5469080349309874
424,0.16756736589117605
425,0.16740394777988638
426,0.38844650918737367
427,0.4403186188216865
428,0.3303965686670437
429,0.197061506154109
430,0.2940752535065417
431,0.3075385020130011
432,0.2719122302807796
433,0.3889195469695481
434,0.3998469379349706
435,0.24552465210442498
436,0.6516833740470687
437,0.6491239772558841
438,0.4241568828910572
439,0.9753101958158374
440,0.5096788129445716
441,0.5263475578649455
442,0.557272803389031
443,0.5787860970640781
444,0.3656738298567321
445,0.2087246766156733
446,0.31145356205998254
447,0.4716235387158366
448,0.423449604059998
449,0.7327349685596397
450,0.40183189243859574
451,0.49272052786527964
452,0.4432166016135233
453,0.5119070082569368
454,0.3634654036946357
455,0.3237263157074073
456,0.5421170295896519
457,0.7066042271404829
458,0.5806030436145913
459,0.9780397736367619
460,0.38091085248270573
461,0.24080957577959117
462,0.9810421519119616
463,0.703934037268887
464,0.2905838096191018
465,0.3701846378091335
466,0.4005805112571186
467,0.947704345225108
468,0.5009950922061664
469,0.6491363420119309
470,0.8258941213660076
471,0.8177703457721985
472,0.5962079488991961
473,0.3851578969146473
474,0.5339494610476345
475,0.6061908828225694
476,0.4836744988205186
477,0.8623764518187125
478,0.8927049657116477
479,0.9794723918937827
480,0.37182887214162275
481,0.6294449963046401
482,0.3545875449150804
483,0.4765680893418396
484,0.9815692734050931
485,0.9808387759521104
486,0.4345413857283453
487,0.28427890329665073
488,0.4152575179728374
489,0.22545905862673787
490,0.6177454671539571
491,0.2799476920810954
492,0.37070911474698676
493,0.6053694035129875
494,0.9029554085442626
495,0.47443660634695417
496,0.42654599553394185
497,0.8237881655219869
498,0.40780656978137075
499,0.24442219869686288
500,0.5949559516782444
501,0.857248804429084
502,0.5069480791429495
503,0.4910663351891478
504,0.2379574185032397
505,0.4955669722170613
506,0.4035978735489068
507,0.476316969479704
508,0.3224419967491331
509,0.6241314288526613
510,0.4432542603874273
511,0.811995371286616
512,0.5121046210109307
513,0.5408313231429418
514,0.8481178277332939
515,0.5399491928938244
516,0.34670401207490803
517,0.3811281510529133
518,0.3230522465505371
519,0.8185089844069685
520,0.4908278830685766
521,0.5051802275225965
522,0.8960122209015146
523,0.33145267980015514
524,0.17077256174696864
525,0.8623839378712507
526,0.9725007331843082
527,0.858658175693526
528,0.9783501161911003
529,0.8958665037685866
530,0.9721049295945634
531,0.4185330822454188
532,0.4306318989431954
533,0.4685523401826324
534,0.2638116564951774
535,0.2562875624641563
536,0.44442840000419703
537,0.4808978274163115
538,0.5352309506761144
539,0.3182011008815569
540,0.5114777855975258
541,0.4296040351824356
542,0.9789701249422498
543,0.36153927644416123
544,0.41142948778457983
545,0.605731799701544
546,0.977350959128808
547,0.17648624480952713
548,0.8765743712000775
549,0.7338529210854435
550,0.3049548755714223
551,0.38418409774478496
552,0.14548022531271376
553,0.8845031460093264
554,0.28596322894727144
555,0.2589737514734273
556,0.3983928069143722
557,0.8430465419917507
558,0.5240127229251687
559,0.8043640532687979
560,0.7277802378042639
561,0.5808948505184438
562,0.4587738603914392
563,0.9758435072542557
564,0.5250892378592386
565,0.9311918544499512
566,0.46879005907790827
567,0.4268724995790712
568,0.9849629336420678
569,0.5023145769993923
570,0.4519797740065957
571,0.9087886015152766
572,0.27067648791905213
573,0.8947364887389588
574,0.4311345796379862
575,0.8878100565366019
576,0.3270509470219268
577,0.5431644727785877
578,0.769417070567152
579,0.8980011953505297
580,0.31737525745938044
581,0.8701060166236916
582,0.7383673512704713
583,0.44955385707243206
584,0.8225736594540978
585,0.7658156735188814
586,0.32927506041082055
587,0.46696818917287497
588,0.7396628266042122
589,0.25940081823659117
590,0.8112291773744775
591,0.2722178434357604
592,0.4984222970973683
593,0.24497413485810898
594,0.49580506298913274
595,0.5906006074170053
596,0.28409454224690267
597,0.4766312514416319
598,0.6366798700355626
599,0.5963736908888148
600,0.38330423638807487
601,0.3700296522044289
602,0.9280510047939627
603,0.674325498736636
604,0.2910856588854471
605,0.4159420354496113
606,0.28240878467207114
607,0.3294214772882176
608,0.8157364419266088
609,0.5979919180470266
610,0.39275494773528763
611,0.6626004655288761
612,0.5090351671222921
613,0.4778368590196147
614,0.24991495496414484
615,0.2264805907148182
616,0.30624544180896174
617,0.2700239113144419
618,0.46578975638237996
619,0.80692147235756
620,0.17002508653982712
621,0.5342100380359569
622,0.3687883291161277
623,0.48993312814162654
624,0.6199304946083279
625,0.37279708382223076
626,0.5138608749597529
627,0.8510628520983593
628,0.9861762003047537
629,0.9658295508379753
630,0.8975651087570712
631,0.3975036110151345
632,0.8990784039454089
633,0.2872817026495561
634,0.4595359682440774
635,0.926144976177183
636,0.31334245856412357
637,0.6177767068410036
638,0.31763936560139205
639,0.7971436701920144
640,0.8267977670000178
641,0.6501033910200168
642,0.3780498389984739
643,0.4291368291529789
644,0.47965968897126166
645,0.5759565493282996
646,0.8642720832131651
647,0.5948768408119063
648,0.23999193311577238
649,0.5687751799648373
650,0.9798086610525119
651,0.45059710630217137
652,0.8140961731158295
653,0.27175099568313255
654,0.5122080725682749
655,0.5923977600768762
656,0.36985761875589707
657,0.46748451432081384
658,0.9337068561433636
659,0.7263122741100643
660,0.44738646170592455
661,0.8887861665631676
662,0.34875312507547646
663,0.8627617724913327
664,0.8284493231072013
665,0.3239746787419606
666,0.5543982329197324
667,0.2532840182183191
668,0.872426756987063
669,0.5085645377773017
670,0.29368766002130275
671,0.47323878164658284
672,0.963896245958357
673,0.9792851866245981
674,0.3533607348293009
675,0.2919355252147454
676,0.9564808182381667
677,0.4804637064038043
678,0.8720869339771415
679,0.41408778399764445
680,0.4146550692502785
681,0.9820556363514867
682,0.9706502582532165
683,0.6460085198235399
684,0.2325598565998853
685,0.6905033687606792
686,0.39554753629118444
687,0.6521514919112994
688,0.47589394709202715
689,0.5439805868771088
690,0.35519474018193004
691,0.7191281505620659
692,0.9773043810158922
693,0.4774766173306185
694,0.2786891719997148
695,0.4459555049642341
696,0.9775244104900991
697,0.4942123986095973
698,0.5435200299164018
699,0.2131146583186036
700,0.290590002887502
701,0.43546894892506455
702,0.32542319300843103
703,0.4556519580670084
704,0.9755142357736736
705,0.9700107425646856
706,0.7028714860314399
707,0.9641367887713007
708,0.6651839505392201
709,0.4334794975202741
710,0.8985474650362235
711,0.49297734925684217
712,0.326730820690479
713,0.5616496404241087
714,0.9785899804382909
715,0.9301717983295261
716,0.39190528519534984
717,0.7027852902482834
718,0.5011940428409194
719,0.3354152350923403
720,0.7271936639757215
721,0.9715926094323987
722,0.3586739678946211
723,0.9758008862770188
724,0.40791365941241087
725,0.20243512892224907
726,0.7641888452631429
727,0.9844168484824114
728,0.22136541023772072
729,0.41534177960256685
730,0.8249613851942257
731,0.73363098545309
732,0.9718447750803009
733,0.5838091477931744
734,0.40675699746407107
735,0.9098286569013769
736,0.9919661472403298
737,0.7719842259930356
738,0.8641105912089923
739,0.631769940931284
740,0.3609559746709872
741,0.9171544955166423
742,0.9790860614761068
743,0.8428991506404203
744,0.9186400169243607
745,0.35544325629907203
746,0.43689745339797076
747,0.2769508111443516
748,0.306042599611425
749,0.37895929771300135
750,0.4456871251206992
751,0.7010472961900798
752,0.3032116840510588
753,0.9013822955996318
754,0.3080921967809922
755,0.8247190988211379
756,0.8844082537409315
757,0.4189082904185691
758,0.8165850740710795
759,0.39442651707558024
760,0.46120039362929716
761,0.9346768901241623
762,0.4540532511649832
763,0.30288225333246477
764,0.6173088373226953
765,0.3578920726707322
766,0.9815343603221358
767,0.3546867244826802
768,0.9166093322496828
769,0.9106321094849945
770,0.40750319692702136
771,0.7176370321118892
772,0.9658715483696382
773,0.8041824972099297
774,0.32105597870216207
775,0.49199566132809874
776,0.4432324275332219
777,0.24222847518051677
778,0.3689327711531388
779,0.5305417253258408
780,0.9110164888166078
781,0.684849154274394
782,0.39014155577713416
783,0.581232923925742
784,0.9045652348574855
785,0.32724251102267515
786,0.30416484536357685
787,0.23465834174835426
788,0.3283061607533906
789,0.33110115148572555
790,0.2614952459582764
791,0.3496840141544283
792,0.47539300827899117
793,0.6023731840495146
794,0.8403352188261518
795,0.6455306720561975
796,0.3840388028634427
797,0.6693488608817205
798,0.30611040067093204
799,0.3668126197547502
800,0.9501168811399251
801,0.6884051553788427
802,0.8020823684805858
803,0.8444520748870252
804,0.4242638513672488
805,0.36367353279038495
806,0.391479727134857
807,0.33202688188194984
808,0.45064565533660883
809,0.3144959381008017
810,0.8125103183329598
811,0.4319941874898476
812,0.47872784893785386
813,0.5457919590658166
814,0.9745405844427293
815,0.4471685561967593
816,0.5238963245604293
817,0.8460330152729039
818,0.4100174969341791
819,0.8915897654121796
820,0.36044052305912316
821,0.9869090472429964
822,0.41322496531580766
823,0.2776829349862504
824,0.979785477008074
825,0.4148120735119188
826,0.41760912709686127
827,0.7008371278691867
828,0.8448502694576793
829,0.6924878921494243
830,0.4009321687016675
831,0.5552321844490657
832,0.776243812292428
833,0.17683526716955456
834,0.508299322849722
835,0.9497924514221046
836,0.3500187317401474
837,0.18527512662296702
838,0.2725676454693845
839,0.4929948386764844
840,0.2833052040358823
841,0.15500787303909727
842,0.9443580449214928
843,0.8409497504398499
844,0.2915663636660837
845,0.3747821517728316
846,0.5068355986545291
847,0.48081012043795507
848,0.7687921473227087
849,0.09955342101921329
850,0.7371025091676936
851,0.5125269521471119
852,0.7621221505855753
853,0.6492055734419397
854,0.1925390612840679
855,0.9710317022471356
856,0.6065120879555295
857,0.4524388178486965
858,0.3281957622928301
859,0.37590719663828565
860,0.849054828674521
861,0.39996018519916565
862,0.4814056764950608
863,0.31116832384067095
864,0.4993797509217687
865,0.8629439247997066
866,0.44504650101919563
867,0.3340152459196955
868,0.4572966525915599
869,0.1589584624767832
870,0.24208199134801778
871,0.4506975118617088
872,0.42681740689170844
873,0.7572786809760756
874,0.3877366837458452
875,0.4795125606005484
876,0.3522483305117129
877,0.4006557214740464
878,0.3372770669973348
879,0.6252033604187771
880,0.6813140821898604
881,0.3646510199284127
882,0.8430031236893238
883,0.9717446240309612
884,0.47399067286940566
885,0.46786427223978433
886,0.49661496235382785
887,0.6960570771828878
888,0.5616272824864674
889,0.5666016299944405
890,0.6684722177388172
891,0.6364294109360957
892,0.2910616980556193
893,0.4369264451726236
894,0.317073880061855
895,0.34194492658884423
896,0.582258472235192
897,0.9840147585853873
898,0.9802857023745268
899,0.7746106690643307
900,0.8795831712505197
901,0.5216137969439048
902,0.3086737294458392
903,0.6416797461926462
904,0.433425696281939
905,0.40444031767495614
906,0.35457001055396364
907,0.29181371071736817
908,0.32798900640607576
909,0.8530054361514865
910,0.3954212767612968
911,0.4295984133927211
912,0.34236284722557364
913,0.42340731425170797
914,0.3370416047873312
915,0.1852731366824785
916,0.8214726774206897
917,0.6995483833240483
918,0.285547395664936
919,0.5488213364457305
920,0.19572563499349566
921,0.22701051659861296
922,0.2654866214265737
923,0.9712802904013988
924,0.4528397932620295
925,0.2718086472588134
926,0.7718569381889155
927,0.24788645139601517
928,0.9750138997572213
929,0.18760867344696636
930,0.41672042387301894
931,0.5121068017299617
932,0.7333628573189341
933,0.9727891090420308
934,0.2936196058979446
935,0.4689987320934443
936,0.2139076468580961
937,0.8849552731650624
938,0.8988705191892098
939,0.3733871287900393
940,0.640103768947442
941,0.16361066234096822
942,0.520128663088815
943,0.2682065296184911
944,0.32164411436981366
945,0.9656657075004702
946,0.550174491683092
947,0.7886691422656406
948,0.38756235626689756
949,0.33410836501313984
950,0.5252121398474157
951,0.33303017966778575
952,0.5170558415551412
953,0.584381961222389
954,0.5490549651592304
955,0.26358171932228563
956,0.36492429200450976
957,0.2226761084078916
958,0.8939898721424692
959,0.5512962889881099
960,0.6056057633021356
961,0.2184695373230039
962,0.42198923671527894
963,0.2548252744446534
964,0.22179415206252842
965,0.9601503624355405
966,0.31039925041302807
967,0.5240655348972372
968,0.9219971755614522
969,0.4885354831337902
970,0.6818989658204626
971,0.3346014441859199
972,0.5697481150725955
973,0.5834741807061748
974,0.4000887784910104
975,0.5396875722481087
976,0.5385681814089698
977,0.9863743214665428
978,0.3670501779478299
979,0.38129151195225697
980,0.9596893955850996
981,0.3412131710004948
982,0.9767671154891435
983,0.450119712252426
984,0.543381784994213
985,0.9774726207239405
986,0.811111327542084
987,0.745913991177402
988,0.42375692268786064
989,0.3097015102044752
990,0.2924707262933939
991,0.4872128289124827
992,0.8129631404912987
993,0.43792492991376153
994,0.6070317372021322
995,0.3075532561297746
996,0.4667233637727709
997,0.2910541045508281
998,0.6586631058731742
999,0.17481949212271056
1000,0.3013307548750558
1001,0.5363706915200981
1002,0.44701528586760114
1003,0.21486383690985134
1004,0.9096531601027054
1005,0.5580030039639041
1006,0.3277784482041475
1007,0.596066991026327
1008,0.5662995254234738
1009,0.493433434475759
1010,0.32893642561988884
1011,0.46069866782982566
1012,0.5671866143178567
1013,0.48925993018723296
1014,0.9420778879463683
1015,0.5939133154803782
1016,0.9819890497675868
1017,0.33433476931864264
1018,0.40662935689145896
1019,0.25119100096997116
1020,0.5974677783608467
1021,0.8217821349489353
1022,0.45014525357846713
1023,0.3257777717202714
1024,0.46602511529989343
1025,0.3108471149213914
1026,0.3245273424999345
1027,0.38691558987458213
1028,0.32672624275062234
1029,0.23484428604084134
1030,0.8439576170035544
1031,0.9709601906255533
1032,0.9080586999093281
1033,0.44061956556654697
1034,0.4091313123389788
1035,0.6867538233245777
1036,0.4870495169954686
1037,0.33863913203933216
1038,0.5205957976396419
1039,0.9657474618529291
1040,0.5005943925640347
1041,0.42786519313294225
1042,0.40670008449858264
1043,0.44227572173320984
1044,0.977577419389495
1045,0.213710068766732
1046,0.36039529474395005
1047,0.5802598070463043
1048,0.3502785772721139
1049,0.24620089481497467
1050,0.8915502074480383
1051,0.7354905297389589
1052,0.4861841792417076
1053,0.4042405917642275
1054,0.6501831633697703
1055,0.2387695597837467
1056,0.8490685232851065
1057,0.7668579946789839
1058,0.25427232321313215
1059,0.2801922361942303
1060,0.4142355587895038
1061,0.5515087889503859
1062,0.2925930455081373
1063,0.3844453236276828
1064,0.4551367690141612
1065,0.4773588861572919
1066,0.8723166628027351
1067,0.3274649473403528
1068,0.2704112117868381
1069,0.4377772058646495
1070,0.397877878199975
1071,0.8975269676494662
1072,0.3279817720959852
1073,0.36817848860106955
1074,0.880900221902787
1075,0.2696028224537203
1076,0.4820802120721658
1077,0.9719181562581767
1078,0.40971628680393724
1079,0.7925829178262656
1080,0.9833822374908177
1081,0.17916837565445043
1082,0.3880766189848581
1083,0.9863835713969097
1084,0.2525608897700248
1085,0.3821146392108987
1086,0.49157777934951763
1087,0.6094124763239771
1088,0.6722976739433612
1089,0.8944301405047386
1090,0.47075472156173287
1091,0.48747525837444095
1092,0.645421266847711
1093,0.3124080830428777
1094,0.19052285726346024
1095,0.20723203703812015
1096,0.865248082208419
1097,0.9779707672484735
1098,0.9807676045764037
1099,0.7103480458490632
1100,0.4752097461481089
1101,0.47832966512448905
1102,0.5475650372261402
1103,0.976067650763289
1104,0.4890551956268107
1105,0.5583999832702169
1106,0.261759916574875
1107,0.6573204881501364
1108,0.6731028903246026
1109,0.5298038737006829
1110,0.4636017444848979
1111,0.536048437071394
1112,0.13462844221566458
1113,0.3855573190060394
1114,0.9719604419983974
1115,0.7442874094070145
1116,0.8981816785939125
1117,0.5415036862094915
1118,0.4322495002821099
1119,0.48821669422812114
1120,0.4756353010753325
1121,0.6334278029222217
1122,0.5330449687695376
1123,0.8507785897257807
1124,0.6891919103596847
1125,0.6881565285762193
1126,0.6975945566774845
1127,0.9459036013465627
1128,0.22017685511211915
1129,0.4960691177546501
1130,0.5284258795872565
1131,0.5314096530840856
1132,0.374155905451031
1133,0.7601746481000701
1134,0.46211662533273984
1135,0.8517789292205425
1136,0.23163762563092677
1137,0.2133030331613782
1138,0.7002645170864553
1139,0.5387825524558737
1140,0.8980729877980034
1141,0.893759933369419
1142,0.559521271427109
1143,0.4904661527618581
1144,0.33899520864415833
1145,0.4266030396380223
1146,0.5629147348005495
1147,0.34344424560870546
1148,0.46012983313865496
1149,0.9357778622716386
1150,0.33014999642232157
1151,0.8263645378053863
1152,0.25633438088187743
1153,0.87007380549205
1154,0.22795849398238788
1155,0.3222942801680453
1156,0.1563860092180081
1157,0.31634604596129867
1158,0.30493035546775676
1159,0.2650229948530473
1160,0.9816721381743919
1161,0.17652981855210065
1162,0.46497644372780145
1163,0.2689211491809469
1164,0.5800005244646332
1165,0.22252788871712675
1166,0.44216522081786747
1167,0.2720472571058138
1168,0.5760973066055317
1169,0.967070870389305
1170,0.45514913285679387
1171,0.536909317454261
1172,0.2428795822624274
1173,0.9709502717140199
1174,0.5295148991476821
1175,0.23065022682876524
1176,0.7837750145578842
1177,0.9244750480220298
1178,0.2819738306252639
1179,0.7764518512193443
1180,0.4683882853839082
1181,0.9434440662031243
1182,0.31778898005525363
1183,0.39167604977683684
1184,0.4109958116572611
1185,0.37154335299860264
1186,0.17019610613008285
1187,0.9842036834332357
1188,0.8958414689265347
1189,0.6975495924492573
1190,0.44992507315137326
1191,0.42246017725879326
1192,0.9073698987456292
1193,0.4686803213132107
1194,0.31014692354973517
1195,0.7914080942118805
1196,0.2763160861192283
1197,0.49219178814237313
1198,0.5361118494596651
1199,0.35750380137596655
1200,0.4704731717201287
1201,0.9734447334983679
1202,0.5289506360356954
1203,0.5293882649427539
1204,0.4772001751084328
1205,0.38483852526769957
1206,0.8935588278744494
1207,0.7984732149681898
1208,0.40772247728852296
1209,0.9836847232931832
1210,0.5234291536754796
1211,0.463897839007885
1212,0.8436711985416978
1213,0.5232556432083167
1214,0.6882853226723601
1215,0.3231815760151254
1216,0.39540602923148466
1217,0.23438699237399016
1218,0.2841425266056114
1219,0.6711352808863089
1220,0.8720830406507744
1221,0.9881185775826661
1222,0.32250544057836655
1223,0.5948585635508397
1224,0.6349893484236457
1225,0.6363194722875631
1226,0.3494321457708517
1227,0.31649584816995313
1228,0.3618730245992115
1229,0.30591629104499096
1230,0.31517528627245706
1231,0.57456819865033
1232,0.27271277121986603
1233,0.742557400415601
1234,0.557907163743492
1235,0.31644686488030893
1236,0.5147055370639003
1237,0.3363330932836575
1238,0.8739463057546242
1239,0.18730496108565362
1240,0.37877503633461707
1241,0.1744135893648035
1242,0.3780014324685286
1243,0.2421579047185321
1244,0.6032726565241485
1245,0.5267739063575541
1246,0.9741685237353137
1247,0.25087283353488476
1248,0.34608994127472226
1249,0.804982132255696
1250,0.684659517482105
1251,0.9189778598103109
1252,0.4628608738767655
1253,0.7877546974759257
1254,0.3979977648907599
1255,0.8935240218941238
1256,0.7990555566822461
1257,0.9706272089776342
1258,0.345575012897026
1259,0.2649918425605103
1260,0.8856902237197233
1261,0.9800218202297728
1262,0.6420304490598073
1263,0.40869635619009603
1264,0.7649100014962253
1265,0.1431956897077619
1266,0.8831833368268687
1267,0.338413485513612
1268,0.9778605838634469
1269,0.3822482386435201
1270,0.25268629652525393
1271,0.5619223618462873
1272,0.41723224508127277
1273,0.9732672132154497
1274,0.9735112589556845
1275,0.85764818285752
1276,0.4223542812220642
1277,0.8994309257931391
1278,0.20496228001543232
1279,0.9050224356146509
1280,0.9776600803212971
1281,0.6730390208009123
1282,0.22551148086035958
1283,0.35437082870595715
1284,0.2723985623244133
1285,0.36158909380190707
1286,0.5068480370966083
1287,0.6837165582762522
1288,0.8885130848604373
1289,0.5918852430326603
1290,0.8789838624480723
1291,0.31946312647177294
1292,0.46516679931857996
1293,0.2384319774265783
1294,0.4110790019395544
1295,0.9201667278959855
1296,0.29215331774100955
1297,0.4356810403585232
1298,0.13571388468356946
1299,0.5282490251051141
1300,0.8988545691782575
1301,0.8531512437532457
1302,0.6112454891439731
1303,0.44450750441603404
1304,0.24180801422437118
1305,0.8561485628268004
1306,0.9744274231800673
1307,0.13446477550403915
1308,0.240911613901478
1309,0.5169762950738502
1310,0.48820667333940665
1311,0.815675387020014
1312,0.7437202434935487
1313,0.9865146475247584
1314,0.638056299894584
1315,0.20051926820339921
1316,0.6422840693003602
1317,0.6141379277361533
1318,0.35956885433408503
1319,0.7846781624110984
1320,0.19442917221392791
1321,0.9387950478378115
1322,0.9095736452372534
1323,0.2386933393327781
1324,0.49440332884379556
1325,0.6307937575183971
1326,0.9729544504372514
1327,0.2853269735566723
1328,0.2920212380717686
1329,0.8973938385161143
1330,0.5409502170275764
1331,0.5146833454799146
1332,0.3819670913435817
1333,0.4310431950371452
1334,0.5170321916039538
1335,0.7012838358107063
1336,0.6835946926800758
1337,0.2082613162242434
1338,0.410306068080124
1339,0.8813911923556529
1340,0.8519425921400112
1341,0.8308393367383978
1342,0.7014653017282423
1343,0.5000442350567721
1344,0.2400417400696288
1345,0.298998819042049
1346,0.8959383317875048
1347,0.5517687131495667
1348,0.9256898535717761
1349,0.8937167730468581
1350,0.9036328628839719
1351,0.1966076487639863
1352,0.2955053067166189
1353,0.8140711404196421
1354,0.9799048724519674
1355,0.44859095974239527
1356,0.19153600906232143
1357,0.8649441954275269
1358,0.9127281313038638
1359,0.7942504757517038
1360,0.8736291626713503
1361,0.2671102591230887
1362,0.769373028007403
1363,0.48164548942807606
1364,0.42681295359886606
1365,0.4882994435640416
1366,0.6130631643753683
1367,0.3974957882884479
1368,0.26840635846212635
1369,0.9039008118071233
1370,0.8689203343673457
1371,0.3204314787171089
1372,0.4790484260552371
1373,0.436367973034774
1374,0.20426929248580372
1375,0.24024707390688785
1376,0.5837481381848459
1377,0.8549875817633079
1378,0.32281101616263386
1379,0.6216564456741672
1380,0.9773617697896287
1381,0.3029290081513472
1382,0.1516375691852012
1383,0.7314053660710277
1384,0.4107257618079063
1385,0.38645340781820287
1386,0.160195451476426
1387,0.33372134972524403
1388,0.25972211932655065
1389,0.7897026512962381
1390,0.5576182869350136
1391,0.8867645201985549
1392,0.6398363163340407
1393,0.8860880201577865
1394,0.18748930568001293
1395,0.26273094858347756
1396,0.5701682909953449
1397,0.6617180854465755
1398,0.21585583344038978
1399,0.8070335752712943
1400,0.21467313863924256
1401,0.3945451495147754
1402,0.9360190576507307
1403,0.5228972567954502
1404,0.5783208507369031
1405,0.5139657272773542
1406,0.38787630036039855
1407,0.7806309767720598
1408,0.5427900900663315
1409,0.2522192703447984
1410,0.6230390734139223
1411,0.43173113098110744
1412,0.5498639271505277
1413,0.27803637103162876
1414,0.38307086958346603
1415,0.34115029252737916
1416,0.4205686849080784
1417,0.5583917333271671
1418,0.9742839255390563
1419,0.6253287569565954
1420,0.2815303168726126
1421,0.25333327269720396
1422,0.6410358914499623
1423,0.8915573018071808
1424,0.942531627724887
1425,0.9404640505192173
1426,0.3549372573125745
1427,0.7056682563707781
1428,0.5207789390473851
1429,0.3119218533459189
1430,0.3251036765188408
1431,0.2621590902218249
1432,0.8157260011230667
1433,0.3718004270740252
1434,0.46340192154790266
1435,0.4596254737117096
1436,0.7980478881212963
1437,0.1652949064791844
1438,0.5995509456547518
1439,0.5436955140160347
1440,0.389164487672243
1441,0.7490076075164237
1442,0.4333449578450299
1443,0.8792510878880498
1444,0.6669415863166608
1445,0.6765338842137465
1446,0.43519374319498594
1447,0.9337271403766294
1448,0.3116192318579996
1449,0.7769364799418969
1450,0.4407945108657097
1451,0.7483136703606026
1452,0.8666907259760501
1453,0.7763811789292591
1454,0.4952209110971363
1455,0.8246104342551266
1456,0.6936977498262156
1457,0.41315980406587915
1458,0.3011492297795948
1459,0.42275834509843246
1460,0.5914220397162667
1461,0.2627185999539425
1462,0.723791564234767
1463,0.44885383421630254
1464,0.2457216364356667
1465,0.4515891446776572
1466,0.24402960432924697
1467,0.43293513968829667
1468,0.9791662404456548
1469,0.8172213129749097
1470,0.4504732660684416
1471,0.9800741258386501
1472,0.5184929384719896
1473,0.9802865720404514
1474,0.9759763501901165
1475,0.5219018228636104
1476,0.6811307790417955
1477,0.3449892211969825
1478,0.8344400055579465
1479,0.41564666497766545
1480,0.5474798270308538
1481,0.7847364266616643
1482,0.903468085380895
1483,0.5741216934206819
1484,0.656288857658059
1485,0.5497009852963268
1486,0.6369133067199688
1487,0.6136615020939108
1488,0.26908123690218555
1489,0.2849789694500426
1490,0.32727689612975974
1491,0.8893661421755514
1492,0.4732835387476526
1493,0.98871758926142
1494,0.28678992574027623
1495,0.5797317502813933
1496,0.4675210165220157
1497,0.2735697423682155
1498,0.202592661145047
1499,0.7153167874500532
1500,0.96943008583682
1501,0.47333687470084757
1502,0.6379349734036517
1503,0.6283546764016699
1504,0.30651311812358395
1505,0.6297633209916309
1506,0.866177207939344
1507,0.9806605693244024
1508,0.4648011638894457
1509,0.15764455283482534
1510,0.32478976640122575
1511,0.802162986317217
1512,0.977253179742087
1513,0.28331989353873677
1514,0.2410646599163912
1515,0.5809086948878956
1516,0.5323875699742865
1517,0.9904888032414592
1518,0.7850195809389419
1519,0.39425621034255093
1520,0.6519358569281211
1521,0.9112016400785856
1522,0.6729998345534899
1523,0.8048606281711925
1524,0.40826766998544534
1525,0.6164083570129417
1526,0.3386694789874993
1527,0.28554756784283786
1528,0.7722386936371299
1529,0.40318198325293964
1530,0.5746609074969032
1531,0.5699380996578305
1532,0.8473151713473681
1533,0.75632615069309
1534,0.5892016351875082
1535,0.5840446728636887
1536,0.26322205958135503
1537,0.26727611705636517
1538,0.8791879642586262
1539,0.8746819204841012
1540,0.3074337547735414
1541,0.3220773121966039
1542,0.5271928756348918
1543,0.40776171622346963
1544,0.3030609738619298
1545,0.4731479921086766
1546,0.3859749189824224
1547,0.24893276174175405
1548,0.4551145568718041
1549,0.9677590554780082
1550,0.5516061724658233
1551,0.28476515237300337
1552,0.2643599519501476
1553,0.5046215699122922
1554,0.49750778268973855
1555,0.6711949344278313
1556,0.28367118414086784
1557,0.8413942689856141
1558,0.9677783311912036
1559,0.23956143992977996
1560,0.4745527707816059
1561,0.40760888259029987
1562,0.8273254520069779
1563,0.9644741950747533
1564,0.5133804754920748
1565,0.3383718687576174
1566,0.9803014343646752
1567,0.8678200754223373
1568,0.6733287257479431
1569,0.9566871503796264
1570,0.19977092815706343
1571,0.32108107572040057
1572,0.7373644276717664
1573,0.3569144670719807
1574,0.23967519083420924
1575,0.2908931385958421
1576,0.32052737060460207
1577,0.8103757998323085
1578,0.4242262598282427
1579,0.9776990887871275
1580,0.4127943344883978
1581,0.5266876368766183
1582,0.3172995958274865
1583,0.2994956329613455
1584,0.6930031576080148
1585,0.2216214504518882
1586,0.721829507451696
1587,0.4107082363954906
1588,0.5546951058429739
1589,0.9461839633480359
1590,0.3749858247809754
1591,0.33050201480904895
1592,0.9730293552513931
1593,0.45743905486516845
1594,0.26052932472694446
1595,0.813819898473904
1596,0.9422417328764837
1597,0.1664245904828739
1598,0.5644757490141441
1599,0.9723397673262438
1600,0.47246011326641596
1601,0.21101573941163893
1602,0.8573235989378571
1603,0.4142201031076671
1604,0.34777181287203207
1605,0.9088781216141183
1606,0.5158840065142741
1607,0.3290768100405561
1608,0.5009152750913749
1609,0.9698558541258682
1610,0.43855027153608656
1611,0.5867778986880993
1612,0.7014824968712602
1613,0.47040492677862367
1614,0.4284573226053331
1615,0.5299155085236709
1616,0.8088123888506158
1617,0.2588669033405877
1618,0.3322217110691049
1619,0.6977634199302427
1620,0.23143860313272566
1621,0.25098524026292673
1622,0.24151211459594457
1623,0.7630748545365794
1624,0.5102159853730904
1625,0.4507831228067942
1626,0.43312463565554965
1627,0.9865053909998039
1628,0.4406563167651454
1629,0.875723260407668
1630,0.6167581749035866
1631,0.9574470091124303
1632,0.4102904573089937
1633,0.2520852066282124
1634,0.2227500308204832
1635,0.7376821040140062
1636,0.9642441706107199
1637,0.3650429386723596
1638,0.5345972546648318
1639,0.4940165865681415
1640,0.8160745565355368
1641,0.7658864182398033
1642,0.814871341160214
1643,0.5198324622297491
1644,0.976114010984196
1645,0.24991292647368166
1646,0.3519298289687413
1647,0.19751954151202408
1648,0.3308917523709533
1649,0.42031642426066385
1650,0.44423810680542386
1651,0.1818121262277405
1652,0.5142788189323029
1653,0.3864008037341744
1654,0.9403790034350534
1655,0.9093409634869579
1656,0.9702555662750343
1657,0.2553323129270676
1658,0.3700685732616322
1659,0.8563958241352314
1660,0.8725335927030653
1661,0.32917925844790685
1662,0.4697727074538421
1663,0.28356915219843964
1664,0.42761944098891147
1665,0.24362028585223205
1666,0.5505171815874665
1667,0.9782230789632395
1668,0.299961773639571
1669,0.7688412962003589
1670,0.37532748322274956
1671,0.2311410353364289
1672,0.8495388169663391
1673,0.7834097662031385
1674,0.9704943555106873
1675,0.4944709187386129
1676,0.6305054409751139
1677,0.5125395755851866
1678,0.9815461332550219
1679,0.23629060603868093
1680,0.2281227143742324
1681,0.6460734375840286
1682,0.38272204520390485
1683,0.5412513814242461
1684,0.32601590416393383
1685,0.9662053697756636
1686,0.7500493633982284
1687,0.4968907955063359
1688,0.30545836099852336
1689,0.4423809835409579
1690,0.36051775037166667
1691,0.20502054624923344
1692,0.751097994250422
1693,0.9699446748166325
1694,0.6300237225075934
1695,0.318877772724439
1696,0.27505783399965983
1697,0.20291769735006587
1698,0.9273705583345622
1699,0.43626721865885837
1700,0.45909482587045053
1701,0.4346483699436276
1702,0.46313869102173544
1703,0.3964385315871837
1704,0.2841118609564426
1705,0.3947628796601612
1706,0.9814756864278613
1707,0.3966659244698914
1708,0.26641757760752116
1709,0.23034062307533415
1710,0.9867700734046223
1711,0.5044872820135858
1712,0.7366130930626499
1713,0.3201600181865571
1714,0.3860316997399979
1715,0.3153609996404353
1716,0.5692274558079854
1717,0.7810796556028072
1718,0.14190596014970008
1719,0.3201461305512492
1720,0.9802533404119206
1721,0.4411763053187359
1722,0.3836308527802672
1723,0.2684444988884314
1724,0.972562124640102
1725,0.5265404232360522
1726,0.19691230421684502
1727,0.3260209276118108
1728,0.6056780828077766
1729,0.6051995146082514
1730,0.3881285473635252
1731,0.975220849897733
1732,0.9173350886491154
1733,0.31697854129074055
1734,0.8971492860559651
1735,0.9746254069515539
1736,0.3603229650810036
1737,0.3624985870045044
1738,0.919747862415724
1739,0.2578482579540954
1740,0.8729996290834069
1741,0.4238738266970991
1742,0.5329732025146651
1743,0.34868454769729673
1744,0.3385101939722488
1745,0.32031913444745264
1746,0.22655149428542426
1747,0.4795469990484502
1748,0.47384807453936073
1749,0.21229657208927857
1750,0.5582113108627473
1751,0.6915925713478425
1752,0.40309887359705876
1753,0.9154013128610796
1754,0.3464916418190253
1755,0.2818624632095312
1756,0.3533170455599733
1757,0.9609068141092705
1758,0.3460316691670594
1759,0.32239560724616884
1760,0.6215040096931174
1761,0.3932374219853984
1762,0.21953083570516868
1763,0.578850905696541
1764,0.9129001594869459
1765,0.2702653207656576
1766,0.507856628651553
1767,0.8682706729650629
1768,0.7146521410525124
1769,0.5303320722311684
1770,0.975343400768518
1771,0.20367365696188028
1772,0.4580707539388954
1773,0.26695741875874957
1774,0.37719018315033837
1775,0.3685356309306371
1776,0.7081749449735119
1777,0.2073034453286116
1778,0.9853331699816308
1779,0.29918578704244214
1780,0.4910542759718102
1781,0.21568785880089822
1782,0.409442207167939
1783,0.7273528579655741
1784,0.2823414854344802
1785,0.4211369859312938
1786,0.8093010130584979
1787,0.310906936188322
1788,0.49071166326843063
1789,0.7766337998260495
1790,0.3266361837466642
1791,0.2552000933311966
1792,0.44873061592104435
1793,0.1844926780371081
1794,0.9116147317758058
1795,0.24687517774915788
1796,0.8135498979240421
1797,0.313236799940734
1798,0.9737622645174923
1799,0.5534666840839114
1800,0.8727158348184001
1801,0.39354428041489387
1802,0.9868324065375071
1803,0.7121818430458825
1804,0.982392976945172
1805,0.3613032707120062
1806,0.5302931662707285
1807,0.2300455661367456
1808,0.3973393588953236
1809,0.9862066321565265
1810,0.7615749059091952
1811,0.41335846226306855
1812,0.27323537857027874
1813,0.3125542023424789
1814,0.6173558889254904
1815,0.6140881137125117
1816,0.2769418287829255
1817,0.3928456357466067
1818,0.541043944982904
1819,0.1965308065854981
1820,0.31326738389899383
1821,0.3920155066727723
1822,0.5811957010659637
1823,0.9358007581629701
1824,0.3585353136286478
1825,0.6294227869856912
1826,0.35100976996371513
1827,0.475389019635582
1828,0.9389527842377652
1829,0.3556184751468615
1830,0.33556086920614425
1831,0.5457557583715997
1832,0.43136707021721576
1833,0.2910690644919519
1834,0.3132693415504612
1835,0.22980993873428587
1836,0.16295101153302158
1837,0.2754816563297193
1838,0.31204475655208674
1839,0.3613963907132683
1840,0.8655161105268946
1841,0.7794346718818873
1842,0.848978289401686
1843,0.9567557078117167
1844,0.8802320448251666
1845,0.6925320051383297
1846,0.2996628907833452
1847,0.9841127983460414
1848,0.42699663022966744
1849,0.750859871023568
1850,0.3281620081966108
1851,0.44893575474613423
1852,0.8306169503366954
1853,0.38179759798671214
1854,0.8334775369169862
1855,0.9811470275043617
1856,0.23126847103344728
1857,0.6774776738092374
1858,0.4140544246518339
1859,0.331738344682767
1860,0.4865328926286309
1861,0.8625438606204963
1862,0.5342106467545047
1863,0.27307939407005766
1864,0.33827642728468965
1865,0.43520094798043363
1866,0.7072219082845442
1867,0.6169993813586153
1868,0.1948051727587288
1869,0.3378420271245016
1870,0.4459851553769501
1871,0.8644007053687544
1872,0.2644967926713192
1873,0.29859091450178427
1874,0.8598557466434587
1875,0.8860225977909888
1876,0.3629476202825268
1877,0.38986722603291374
1878,0.3009683164992082
1879,0.83809781390416
1880,0.8853320304221514
1881,0.28532275195254003
1882,0.966711782382877
1883,0.8206597941171
1884,0.6101062915769262
1885,0.33015699325848064
1886,0.2964476803893366
1887,0.503531797634096
1888,0.33686920408676985
1889,0.4054263576739347
1890,0.46547693616479824
1891,0.6759459491459044
1892,0.8390404448560542
1893,0.5248126047794553
1894,0.5321560001133193
1895,0.3220924314193754
1896,0.37573996426849515
1897,0.30501922006855664
1898,0.39974699178616074
1899,0.37138183814783554
1900,0.3765189039047058
1901,0.5743660666520294
1902,0.9812864425976485
1903,0.887179004731436
1904,0.2613328735571794
1905,0.3187354189698975
1906,0.5881802871469821
1907,0.8153444463941945
1908,0.7109214689188681
1909,0.4466674078642558
1910,0.3498598679112096
1911,0.8342793071171685
1912,0.4178003383456408
1913,0.38669379109641266
1914,0.9808812266839523
1915,0.3458525359571486
1916,0.601356742718768
1917,0.3600440939461337
1918,0.3016954314052505
1919,0.47789765621705227
1920,0.48376575751503315
1921,0.9649747830021983
1922,0.9818850416827963
1923,0.27030803793054436
1924,0.2856984110471006
1925,0.6693290513192776
1926,0.4191155370073482
1927,0.5569157634200059
1928,0.9753981865239923
1929,0.37085105264811363
1930,0.9800440292588684
1931,0.1828781697307623
1932,0.25053784895511727
1933,0.3826617364979658
1934,0.9766688979035445
1935,0.9094394932065668
1936,0.43949270862818457
1937,0.8678014846957812
1938,0.22819544914025938
1939,0.8278807086561608
1940,0.6391188537390855
1941,0.9782819264764984
1942,0.1571665877276088
1943,0.3266820405501452
1944,0.4702048080672238
1945,0.6154140691237772
1946,0.3125638485135057
1947,0.14140529740762928
1948,0.88347719488378
1949,0.5955413979346771
1950,0.28619653906442993
1951,0.4932804013572414
1952,0.18770394988893294
1953,0.3217149818514183
1954,0.36628737047126253
1955,0.5082155993053631
1956,0.40818565317849553
1957,0.4451225837967333
1958,0.39106588103417955
1959,0.5263074788076061
1960,0.8019410497137593
1961,0.25188000502607677
1962,0.6932155660192243
1963,0.8984495744534147
1964,0.8321428805479028
1965,0.9885651860371265
1966,0.4058048562921632
1967,0.9816200648681559
1968,0.8560311385591739
1969,0.45599923074930326
1970,0.21669767140868088
1971,0.5546960656874488
1972,0.5247147027376392
1973,0.40414289945166715
1974,0.3964892907044128
1975,0.8500578215671802
1976,0.4931989970388622
1977,0.8619172179702294
1978,0.9275399563420159
1979,0.2729129196435161
1980,0.19149571164209034
1981,0.8210706934560832
1982,0.6279355789310649
1983,0.2226408105956985
1984,0.3792379056633256
1985,0.13886248206513277
1986,0.36902402457789996
1987,0.9864294086794851
1988,0.4284393095054905
1989,0.5795492117683593
1990,0.21359341215430483
1991,0.4866114613093736
1992,0.569818085151146
1993,0.11240327629288638
1994,0.661116820871831
1995,0.25242921575730437
1996,0.9834575457635838
1997,0.3200241734677146
1998,0.9793396865795809
1999,0.8523273348764996
2000,0.2792467861042798
2001,0.973347632748082
2002,0.5170045014154909
2003,0.600170755501201
2004,0.5712722910819609
2005,0.31487639485218605
2006,0.2171305326590805
2007,0.3691285660046055
2008,0.18558581554784837
2009,0.5024938602240764
2010,0.8550194455572294
2011,0.2599053700556406
2012,0.3838857123375286
2013,0.3707474540694178
2014,0.4895999385093184
2015,0.2734934104932963
2016,0.5992603698610901
2017,0.5378621618629604
2018,0.45248122147190384
2019,0.531708669198316
2020,0.2650744619977944
2021,0.25885421134513364
2022,0.28197975351536203
2023,0.3025237829299733
2024,0.564232448383843
2025,0.4473335895848001
2026,0.8648831669616994
2027,0.6100592462016787
2028,0.5848938091117665
2029,0.5997098215416803
2030,0.3628590730295741
2031,0.23312349088590117
2032,0.3441755637050389
2033,0.9753785196561751
2034,0.619823704453527
2035,0.7599246901881435
2036,0.8550095007501702
2037,0.5966961795356345
2038,0.9828885760970363
2039,0.40568551418556525
2040,0.6933691495869926
2041,0.5802345902504895
2042,0.2956333665271168
2043,0.5519772128780027
2044,0.22745902628512318
2045,0.261991977267492
2046,0.9697410601277805
2047,0.907142518373184
2048,0.5772486180311193
2049,0.4644007621506663
2050,0.5249168337340395
2051,0.977703914839029
2052,0.9725132886742152
2053,0.4677133075434029
2054,0.354886323518806
2055,0.13712223551032096
2056,0.3574787898611931
2057,0.8584185341778241
2058,0.30515754268698914
2059,0.553883608356006
2060,0.6123369780244436
2061,0.5262823448905011
2062,0.4113095422746918
2063,0.3151694219716593
2064,0.9769420173339187
2065,0.8287518970081019
2066,0.4521817813918344
2067,0.2834165080439412
2068,0.30733861335455304
2069,0.32140775911967145
2070,0.2693134498167205
2071,0.3515626572769704
2072,0.8272594308827661
2073,0.5481015918825789
2074,0.44240352505417413
2075,0.9900760175788557
2076,0.61500315968226
2077,0.3993872053840725
2078,0.2962371765432713
2079,0.9770037270599313
2080,0.9636708690895023
2081,0.2541476661885741
2082,0.8704720005678378
2083,0.37248173598721857
2084,0.21495871357590188
2085,0.4714454964844669
2086,0.9583709646695845
2087,0.9679240115029526
2088,0.8157164001189261
2089,0.6448397381093993
2090,0.54514712032197
2091,0.9783139088211629
2092,0.27483787925209624
2093,0.241949766219004
2094,0.5177776926499258
2095,0.709578303077083
2096,0.21573777307123754
2097,0.8874958116909594
2098,0.2225342948298186
2099,0.9887369651668081
2100,0.8281584839207425
2101,0.30233858578050926
2102,0.4560487921478057
2103,0.32383102228210753
2104,0.7558926456824473
2105,0.3451610854289631
2106,0.5407844795036477
2107,0.28370521322228587
2108,0.9867389047633184
2109,0.2359174429633779
2110,0.20043436893787703
2111,0.5664141719563903
2112,0.5891114357400489
2113,0.7919654965093882
2114,0.9765037043109166
2115,0.8844534147905738
2116,0.33209252760692454
2117,0.5708401006633351
2118,0.5408373730395972
2119,0.5327463268768683
2120,0.6873381507807201
2121,0.6276281964008913
2122,0.5914052068881743
2123,0.9763712882687688
2124,0.3100613921935332
2125,0.7215424137074301
2126,0.1620989734150921
2127,0.6429886987234265
2128,0.6195590647870992
2129,0.27083006866230563
2130,0.49327396656838474
2131,0.7892987146816082
2132,0.22360373425995678
2133,0.30443303960422063
2134,0.9690533626196116
2135,0.2715785227758221
2136,0.35388686802348057
2137,0.22581451870070746
2138,0.31612051185032086
2139,0.9722786050981711
2140,0.9771820810579671
2141,0.23405943452237363
2142,0.9067105572288687
2143,0.26524856109588046
2144,0.9740147163553868
2145,0.4151414198282737
2146,0.9653870722986759
2147,0.38095921220124906
2148,0.9748908868775292
2149,0.5119086909012895
2150,0.25158158852486256
2151,0.812834263695538
2152,0.6270447689227123
2153,0.6549198346951901
2154,0.4756339835595033
2155,0.8571585447023209
2156,0.22994458656542252
2157,0.4360900876412118
2158,0.3215218344101606
2159,0.32024984856947597
2160,0.24426185146221496
2161,0.4728611658681083
2162,0.9075240218100267
2163,0.39813703519368115
2164,0.30819245531272327
2165,0.27745620630183976
2166,0.5921073003711983
2167,0.1955498000951203
2168,0.18921672849780644
2169,0.9067605764604365
2170,0.33239740852149213
2171,0.2549461593951131
2172,0.28679164952932557
2173,0.7056284834338407
2174,0.253032656568227
2175,0.7662720020021073
2176,0.8820035097220976
2177,0.1866351783006739
2178,0.1900078691121475
2179,0.39846672089705876
2180,0.43900297099882435
2181,0.5086247197918099
2182,0.49786380023016624
2183,0.3110766781774308
2184,0.7384504355616941
2185,0.7218507604689798
2186,0.8651563687287633
2187,0.6624969749910262
2188,0.35536991512073013
2189,0.9298520682766422
2190,0.5105161915747537
2191,0.4264120436244953
2192,0.20213038720996085
2193,0.6608203028676946
2194,0.28184923485677665
2195,0.45461048728474146
2196,0.8405533461070473
2197,0.5408212806199267
2198,0.2789685130274968
2199,0.3146439209121171
2200,0.3813468928734993
2201,0.8369815748835531
2202,0.4372174869470424
2203,0.4433079245239479
2204,0.9813965132667888
2205,0.764260905851907
2206,0.41030205844406076
2207,0.5528409105928149
2208,0.17253854889191605
2209,0.4244803033566946
2210,0.747302591579641
2211,0.2532850712199348
2212,0.323994078099623
2213,0.6208493001102691
2214,0.3562305191229578
2215,0.8549974091104182
2216,0.48867074958565304
2217,0.591114859707188
2218,0.5729193324925627
2219,0.4701283049169621
2220,0.2627471281640703
2221,0.47478687223014654
2222,0.39863550633764266
2223,0.6763115914913427
2224,0.8053050423500704
2225,0.5223200860242753
2226,0.7014587768778384
2227,0.3694362936167251
2228,0.46574144428627007
2229,0.928385248148154
2230,0.38103604171948924
2231,0.38530395936265854
2232,0.5537483508267084
2233,0.32130324070589966
2234,0.2261585987879518
2235,0.42501592020949264
2236,0.9243357204094926
2237,0.1699442281341274
2238,0.8685552378435041
2239,0.473482098508663
2240,0.47407908130677323
2241,0.7654183764631612
2242,0.18002101416741015
2243,0.4602054672234896
2244,0.5155549569479585
2245,0.31639540219253925
2246,0.8653029142558988
2247,0.19918615154293218
2248,0.6060112086931309
2249,0.9695034346885844
2250,0.9665355604015019
2251,0.3568435419200031
2252,0.6565990032408258
2253,0.8223181223740539
2254,0.40846685235013064
2255,0.19816525250856304
2256,0.9867892782574981
2257,0.20559757814113197
2258,0.4411221481184966
2259,0.2105228966585768
2260,0.9663706129322512
2261,0.31327778530056694
2262,0.3472367365499446
2263,0.24342802510850575
2264,0.70550058333488
2265,0.9626951473652932
2266,0.1914562419063247
2267,0.451459257174914
2268,0.3476097570395787
2269,0.41445290716994365
2270,0.46353860743919895
2271,0.24306667337525695
2272,0.6496925978684913
2273,0.28843678702881015
2274,0.8345183302622465
2275,0.9752650265007141
2276,0.9633460283311714
2277,0.3314537018051328
2278,0.3711352349349941
2279,0.2695526419815454
2280,0.35706632960402473
2281,0.9869883903781709
2282,0.6378542349064077
2283,0.5072571388503636
2284,0.6341453455853245
2285,0.34135733590295114
2286,0.2660640905126864
2287,0.12086738542406336
2288,0.3731044783148373
2289,0.2222341312949752
2290,0.4849220600637185
2291,0.6413633507229166
2292,0.22207554190204654
2293,0.5188725307727446
2294,0.8235976975076205
2295,0.6116824464341347
2296,0.513815732147767
2297,0.34281890879809446
2298,0.4059894587104741
2299,0.64157902478094
2300,0.5780833322088483
2301,0.9850898077386987
2302,0.8849602553773008
2303,0.5360292212597565
2304,0.3170598610980689
2305,0.6399755322017089
2306,0.9884602829637459
2307,0.768684779986397
2308,0.8210254258188688
2309,0.30572131231714283
2310,0.7943788024444113
2311,0.33332467367597507
2312,0.16948227627418008
2313,0.33867339216224596
2314,0.31003076827002296
2315,0.9855492500213713
2316,0.9101764977667668
2317,0.5565199582870806
2318,0.4511404333775025
2319,0.21822699376197663
2320,0.4767923123953
2321,0.870325846460908
2322,0.9853160033121899
2323,0.43433529015059347
2324,0.8301962715878369
2325,0.26390405173366893
2326,0.29718535117446654
2327,0.8496366100199174
2328,0.3120058164217274
2329,0.15778001510827808
2330,0.5761137632090514
2331,0.9883487608147163
2332,0.7864202615308233
2333,0.236503176547866
2334,0.3762590009333634
2335,0.304164031236327
2336,0.3903344643989628
2337,0.37792679879224245
2338,0.31738212461079507
2339,0.31130102468189813
2340,0.6190767961316049
2341,0.7034828525110524
2342,0.17352131768270365
2343,0.9861269958556658
2344,0.3107816710314604
2345,0.4233369866334608
2346,0.36135570684112805
2347,0.3188562609790752
2348,0.5038246170419401
2349,0.643457196178556
2350,0.6608565586387551
2351,0.31144171439392154
2352,0.4610016395314317
2353,0.7603067629201049
2354,0.9873016832928354
2355,0.145850222311405
2356,0.8419389245659461
2357,0.2857556030938284
2358,0.689054815839351
2359,0.7124511371697312
2360,0.4964842327362442
2361,0.42971251902197616
2362,0.7504631863696203
2363,0.34468527628294854
2364,0.45982322409596854
2365,0.5180522157266955
2366,0.2663722684585269
2367,0.23635119908931537
2368,0.15756837745707147
2369,0.45976468842541846
2370,0.4585555658350753
2371,0.7095190764209006
2372,0.37100770023887625
2373,0.3388560961861644
2374,0.3198110938919803
2375,0.5717838288531962
2376,0.27477886893317593
2377,0.25296871539244065
2378,0.6164721892350287
2379,0.42027241693659917
2380,0.4687068436601622
2381,0.705605957514231
2382,0.8605707325925902
2383,0.9654330228092931
2384,0.9590704371376685
2385,0.5633236331721627
2386,0.9346228664237245
2387,0.3177018016700321
2388,0.5596059327464535
2389,0.3202142739065409
2390,0.2998542247502526
2391,0.7831010442899592
2392,0.3285725569203281
2393,0.5194484720435332
2394,0.2516760673701949
2395,0.26540259219368584
2396,0.8318461322036538
2397,0.49725492189662746
2398,0.6736562526646958
2399,0.9758279129621258
2400,0.7754672498079499
2401,0.5470042717586381
2402,0.5324820237903947
2403,0.40596753079483106
2404,0.7845758755426313
2405,0.3722626175365296
2406,0.26681189461559657
2407,0.9664857035737605
2408,0.22566658835135384
2409,0.6233696696508576
2410,0.33671141898415885
2411,0.41874196948222164
2412,0.5819692162912191
2413,0.5293562997895402
2414,0.172204925168416
2415,0.31071973901792116
2416,0.3332347646069756
2417,0.9768575599895228
2418,0.29223000364011653
2419,0.9027383251869125
2420,0.9797322921282031
2421,0.6639798550272535
2422,0.8260298443735223
2423,0.9748736661386856
2424,0.21201871321497912
2425,0.7315363953867516
2426,0.4101486275022032
2427,0.36122252916455316
2428,0.3236327934878183
2429,0.9850208228424453
2430,0.5523576423893548
2431,0.11931648635260339
2432,0.9779339256637053
2433,0.2559622574587254
2434,0.2647188480652891
2435,0.5325755901085041
2436,0.3341957937280254
2437,0.45252440082178885
2438,0.7258253566332985
2439,0.8015371296832987
2440,0.4504890669729888
2441,0.8107392574374217
2442,0.2562503902282952
2443,0.7171101329318919
2444,0.8708510923383771
2445,0.34712371276808707
2446,0.9852249067894079
2447,0.36097337619737535
2448,0.9731046991091938
2449,0.5696662614293759
2450,0.3054628488545659
2451,0.4592696503212481
2452,0.8109413996500943
2453,0.3757229242781897
2454,0.707976930306045
2455,0.6719018791158107
2456,0.36874176931774144
2457,0.22513344264842597
2458,0.9169221482464965
2459,0.851671792090539
2460,0.9731798991225937
2461,0.6619186669356245
2462,0.9697923347428701
2463,0.97020511746979
2464,0.7361159748437884
2465,0.3059918505191827
2466,0.6120668362992452
2467,0.6297819308555632
2468,0.3457089798066036
2469,0.4388632407865055
2470,0.4087813630659672
2471,0.48623339761875906
2472,0.2589121159400642
2473,0.434310951197668
2474,0.5845451533501425
2475,0.3211014725876615
2476,0.39427617466840337
2477,0.537466418106436
2478,0.46272903480413563
2479,0.15735355175366111
2480,0.3215534138689281
2481,0.395484383787847
2482,0.9745423321445641
2483,0.40589256822175357
2484,0.633776546932094
2485,0.30588969636373053
2486,0.4088692933877493
2487,0.37894237389726937
2488,0.5074957905927231
2489,0.6544157603927883
2490,0.3787984083697359
2491,0.2595674779073605
2492,0.9676801490752117
2493,0.8898423156528168
2494,0.6402128234735892
2495,0.3446620023494479
2496,0.7992730602437381
2497,0.9821365059565579
2498,0.4980873073951797
2499,0.7240440916936193
2500,0.43273473690236297
2501,0.3241161076604744
2502,0.3205020868920933
2503,0.8125825743000835
2504,0.8124947144011585
2505,0.41942913234388335
2506,0.5924944747321212
2507,0.5129372223996791
2508,0.5246168506871975
2509,0.286357424560867
2510,0.4198602393576001
2511,0.9070636580208525
2512,0.5474236866564773
2513,0.38664548970881835
2514,0.7534668750542146
2515,0.3458636357145688
2516,0.327723592063167
2517,0.12293503901211583
2518,0.9839700726127809
2519,0.9744317567880343
2520,0.4583042888961873
2521,0.3975942256884071
2522,0.5097597807166386
2523,0.538569856784223
2524,0.6481462616647414
2525,0.7305283755954484
2526,0.13225093875386873
2527,0.6268749013530976
2528,0.9593532751548701
2529,0.8392443569413145
2530,0.4167192046476895
2531,0.7457436489556928
2532,0.47563398865486967
2533,0.4000555110463045
2534,0.6590518593835458
2535,0.27167638793558946
2536,0.37360082400586103
2537,0.5454062608448524
2538,0.40209228724978674
2539,0.4722150737717862
2540,0.49701795145409344
2541,0.35340314151780516
2542,0.5746924411311332
2543,0.8701110978821851
2544,0.2748475754859633
2545,0.280325591481436
2546,0.3287365371011056
2547,0.9829519380015752
2548,0.4925844613494394
2549,0.5032162102826417
2550,0.1985806498826723
2551,0.41993117464900775
2552,0.19467091414558646
2553,0.8217670785015907
2554,0.47503884302062027
2555,0.4448412549054685
2556,0.9795966699610686
2557,0.36456010041397313
2558,0.19381152193614448
2559,0.8321284768494072
2560,0.3051165042854034
2561,0.9035259823091701
2562,0.49110832087278383
2563,0.2843453297535955
2564,0.9021922862628319
2565,0.34194275089816345
2566,0.47795721384177736
2567,0.30140714557424764
2568,0.40890380531186055
2569,0.526524064648382
2570,0.4620883676630717
2571,0.27123442434695694
2572,0.975176612176848
2573,0.9224617753670553
2574,0.40647430000184104
2575,0.5510415265957547
2576,0.2687547788443687
2577,0.8226295090556274
2578,0.17704822388766642
2579,0.9830455477536565
2580,0.9714909658288093
2581,0.2466037785103874
2582,0.23744515910438166
2583,0.4684573314895063
2584,0.2484358639460002
2585,0.5059130229168871
2586,0.43627399779926584
2587,0.9616969887724897
2588,0.37937371831603817
2589,0.23369155528940125
2590,0.7442058053848262
2591,0.6580192998239991
2592,0.9115781302621796
2593,0.6378210417436283
2594,0.23481097114151772
2595,0.3856428287751545
2596,0.5453492470262735
2597,0.9616305957602226
2598,0.34812134478174306
2599,0.7700256816880396
2600,0.40648137814739727
2601,0.26076369172592234
2602,0.5012373195561778
2603,0.3855305651768989
2604,0.18788917370255676
2605,0.592962580007182
2606,0.8625422101648004
2607,0.2568382092811695
2608,0.8583186147499743
2609,0.9466087305221744
2610,0.338310109765697
2611,0.8363230634271108
2612,0.6173097116088196
2613,0.8741784658492411
2614,0.9832772755863275
2615,0.9778015856515196
2616,0.39570556081410946
2617,0.8511735922433541
2618,0.83136990460279
2619,0.8959029376319947
2620,0.19739775789259076
2621,0.8352539574156419
2622,0.24201972862105176
2623,0.36268362897048634
2624,0.31859867542255993
2625,0.22291456023102615
2626,0.7454732218302316
2627,0.4761479391488749
2628,0.3215030100112788
2629,0.8100804129946798
2630,0.17094225473309438
2631,0.7238781202168995
2632,0.24876804555392057
2633,0.44581617226839276
2634,0.9748892283025632
2635,0.5464816541686657
2636,0.32852948258817743
2637,0.2829326479255548
2638,0.3053444304182392
2639,0.67839690047708
2640,0.27084917413668536
2641,0.8729970918314066
2642,0.4485122989791546
2643,0.13907903000938202
2644,0.3595955748459464
2645,0.35721979399138704
2646,0.47671961875759733
2647,0.308224426996947
2648,0.43064424568771725
2649,0.2485218138530627
2650,0.5267314801733658
2651,0.21580849030867513
2652,0.19194656391155845
2653,0.42300764722246675
2654,0.2606374013825142
2655,0.9759217575326338
2656,0.9101277515004418
2657,0.9782911025666464
2658,0.9058321353006771
2659,0.9807713430690649
2660,0.5342879982287574
2661,0.5373074080606474
2662,0.3151658634957775
2663,0.45667522254590553
2664,0.39949036446355723
2665,0.8242371472262305
2666,0.2959373505070263
2667,0.1993690677660024
2668,0.1625066972395019
2669,0.23049096737587788
2670,0.2595259702289586
2671,0.37826494358415175
2672,0.34593660958086664
2673,0.509021545861461
2674,0.1692932519713903
2675,0.4479514904989725
2676,0.45825212312760183
2677,0.25334787177174867
2678,0.5551440381710664
2679,0.2243491112905401
2680,0.8614504304775994
2681,0.9664865500447257
2682,0.450138412806913
2683,0.39949901943065647
2684,0.3583265295165309
2685,0.8563537842982039
2686,0.5874690474314199
2687,0.8539171929506744
2688,0.5441332032673595
2689,0.20504189499274597
2690,0.5935427839955237
2691,0.4069309939590541
2692,0.6043254424197615
2693,0.8431909978449567
2694,0.9257653542963097
2695,0.5727285087377653
2696,0.776011181673127
2697,0.9851980586839574
2698,0.32522843878828095
2699,0.9257743854780252
2700,0.24888374112114325
2701,0.8775105055621333
2702,0.4497305596683133
2703,0.4810809355092903
2704,0.5079434781541639
2705,0.3377483381311996
2706,0.44665088923290136
2707,0.3190566514710453
2708,0.6964566255915989
2709,0.7269373498800952
2710,0.6514157555945997
2711,0.8918257588379153
2712,0.301582727656539
2713,0.5456013334422982
2714,0.44981183278874703
2715,0.27941204576642364
2716,0.8615872936764681
2717,0.3040100357107885
2718,0.6974890665832326
2719,0.28731266053688204
2720,0.9759015542618195
2721,0.976243670684684
2722,0.5078364870421609
2723,0.4670848180366409
2724,0.9762385848333474
2725,0.40908903997270274
2726,0.8659225530891086
2727,0.9701276519473894
2728,0.3474078833929313
2729,0.34866636053180267
2730,0.7181551213799183
2731,0.5988663024648472
2732,0.5171082454793704
2733,0.4543602648707501
2734,0.8516738131402463
2735,0.1560006215670477
2736,0.37210192550974197
2737,0.26723338975774696
2738,0.2549744887728945
2739,0.7101545447770462
2740,0.9731661499741167
2741,0.4011336036601758
2742,0.2899802085889881
2743,0.2288403416108411
2744,0.9789724060687195
2745,0.5301688012230299
2746,0.8434542350164319
2747,0.2628053890416355
2748,0.19384919344837323
2749,0.19019959752756482
2750,0.33950293748778726
2751,0.34053619737809154
2752,0.9887070832153111
2753,0.9084676702599181
2754,0.33708032619127626
2755,0.46943677085172064
2756,0.3263648845820975
2757,0.8420285858212971
2758,0.423626226231262
2759,0.7056242263863595
2760,0.9784424577465815
2761,0.2676562567392463
2762,0.21988184219748413
2763,0.3524235413936092
2764,0.8253706775745675
2765,0.5044181189597784
2766,0.8816345431372394
2767,0.440179369797517
2768,0.5238955613368343
2769,0.8154109551940342
2770,0.5122116951625978
2771,0.9044318452492881
2772,0.5453836423435856
2773,0.5536845517936967
2774,0.5053470712619801
2775,0.6786103701443924
2776,0.4144854992593116
2777,0.5488625718055884
2778,0.6966341172788032
2779,0.28676393700950165
2780,0.3723545919306149
2781,0.8892614138642909
2782,0.28421406525535287
2783,0.8041567299451479
2784,0.9169042273502339
2785,0.8603942380847359
2786,0.3616774760321321
2787,0.2193284607179638
2788,0.18663926281018606
2789,0.47887047131031546
2790,0.5430327050028927
2791,0.17798441420067554
2792,0.37087538441228063
2793,0.21203074737648384
2794,0.33406290231495556
2795,0.28299208979791546
2796,0.9814495675938165
2797,0.440180318176505
2798,0.8261655294619152
2799,0.4814936950834526
2800,0.15416941875182222
2801,0.9023638972828791
2802,0.8740224770047405
2803,0.7265885172277088
2804,0.3414807956962426
2805,0.8004526098054328
2806,0.7866136199367294
2807,0.5436666253309784
2808,0.2179058616859848
2809,0.3262183445176071
2810,0.3469049919274666
2811,0.6591118752066699
2812,0.9696252124525142
2813,0.4020733932840309
2814,0.40497589106703696
2815,0.5727409950198044
2816,0.8980585199263783
2817,0.3521401710760857
2818,0.9758636296891589
2819,0.4824303972967965
2820,0.1822360217898944
2821,0.2705083374024486
2822,0.6592747737728586
2823,0.980994070941879
2824,0.21976068801526316
2825,0.9579704934817854
2826,0.47813546348545366
2827,0.9815436743617023
2828,0.4712134685754187
2829,0.8462834072749572
2830,0.23532859788496183
2831,0.3526762210104147
2832,0.2350254352751077
2833,0.6029124828180764
2834,0.9825664875614727
2835,0.1847816912275116
2836,0.3873720198942868
2837,0.3936474651815289
2838,0.39178065251433253
2839,0.8825923977183231
2840,0.5630026529939103
2841,0.2841172446479904
2842,0.6648188255202205
2843,0.29395208282980584
2844,0.33004954939871967
2845,0.9685674162973672
2846,0.6553532114386795
2847,0.8034041505570668
2848,0.2978561554749784
2849,0.365235604233979
2850,0.8543950220791945
2851,0.9661908856922367
2852,0.5327343953205443
2853,0.4620902681420593
2854,0.5817618338064363
2855,0.5469477070534089
2856,0.8131917453650503
2857,0.9845640589010738
2858,0.4088492675106983
2859,0.7658570035276873
2860,0.9694489530678179
2861,0.8379987072401064
2862,0.5123698095942795
2863,0.34689395475254015
2864,0.9798261756467135
2865,0.3223383549782875
2866,0.44562834668569484
2867,0.23294147346614782
2868,0.7709961358285258
2869,0.7694746568560505
2870,0.8111349307299512
2871,0.4495472670915207
2872,0.44040276034185
2873,0.8337035594963609
2874,0.35592238899814155
2875,0.874265768639594
2876,0.6123552125470602
2877,0.488403956562779
2878,0.49701969508645566
2879,0.5359199015256952
2880,0.6181862106649205
2881,0.9691127331655007
2882,0.3246184772407795
2883,0.2961290879358848
2884,0.40150411843954636
2885,0.9703707507481261
2886,0.29714211510133226
2887,0.2706336256976344
2888,0.8282891873952601
2889,0.5967956902496937
2890,0.256833079351786
2891,0.8378881055732266
2892,0.4453850312192965
2893,0.28115905834078053
2894,0.9043899787443914
2895,0.4257732726080417
2896,0.9677017913284073
2897,0.2323120139095894
2898,0.38843803877968264
2899,0.7962134630159945
2900,0.6960469772842917
2901,0.9758434318959545
2902,0.29199524055137355
2903,0.39747788384932176
2904,0.550794319570181
2905,0.33065004569561157
2906,0.7780511212769847
2907,0.46180845575600593
2908,0.9736665298493007
2909,0.3329678073169864
2910,0.4998127288590857
2911,0.5254020128592322
2912,0.15649643974895053
2913,0.36603190064973234
2914,0.4790439975022711
2915,0.7508492429453866
2916,0.49940017009339416
2917,0.7600154804117384
2918,0.4461977611878258
2919,0.4695504305929356
2920,0.5666145174177035
2921,0.7595268531010402
2922,0.6750052147919751
2923,0.1923123051769037
2924,0.3683134490991855
2925,0.5303349125116514
2926,0.8388341100554004
2927,0.8613115016926839
2928,0.6221172167754461
2929,0.42006309810601833
2930,0.34904029423511973
2931,0.9755696991667273
2932,0.8692704599598767
2933,0.5988541765356642
2934,0.6716960480751971
2935,0.4288407134284462
2936,0.4899014404528683
2937,0.9751474125231295
2938,0.4894175642258333
2939,0.3993018003109361
2940,0.563848912644082
2941,0.6442873679979917
2942,0.28970634572509185
2943,0.42752221240076727
2944,0.9247084799837613
2945,0.2956292299016097
2946,0.6363673303443923
2947,0.5151964253414428
2948,0.9736605826061202
2949,0.9069356607129928
2950,0.8296650632226912
2951,0.475569371319014
2952,0.38781424816252064
2953,0.3349810408878532
2954,0.523260813527124
2955,0.9699973576889367
2956,0.9810454337648584
2957,0.5064468238577133
2958,0.7211240305314485
2959,0.38675164343057394
2960,0.26743532870996384
2961,0.40040652000711563
2962,0.3672487953570582
2963,0.6973536364958277
2964,0.6535916609755201
2965,0.23312931362800407
2966,0.979314443730472
2967,0.2595711988766322
2968,0.5828912696279842
2969,0.9854243617222217
2970,0.28902393744654487
2971,0.9736683760847781
2972,0.11950880946012185
2973,0.41450833700727563
2974,0.39292059222650094
2975,0.6599558105179311
2976,0.7628313249711104
2977,0.24960532900295507
2978,0.4918675241461947
2979,0.35164806477436344
2980,0.2849724630746109
2981,0.2527318805057807
2982,0.9866960726540843
2983,0.3662480700122116
2984,0.9171852874412944
2985,0.8878353936454271
2986,0.44896635320554307
2987,0.5842554986927584
2988,0.32115521648731915
2989,0.617864391500759
2990,0.48102144088221865
2991,0.9691147929061127
2992,0.37033555715481764
2993,0.19666275916711912
2994,0.5840709602088
2995,0.5480435576236448
2996,0.3385076878477469
2997,0.4101753566283241
2998,0.20462702111988573
2999,0.6919289565549728
3000,0.4228704082840999
3001,0.7422289665239975
3002,0.5954035552333294
3003,0.6603693299156463
3004,0.35998149148454234
3005,0.49600676048211
3006,0.4882212817256761
3007,0.43193622395769976
3008,0.3512057342369454
3009,0.8648161186427424
3010,0.2524473833453262
3011,0.6236979934983323
3012,0.8248621072048932
3013,0.5080227238027261
3014,0.6806219487695875
3015,0.9806292998789587
3016,0.41494976050869403
3017,0.3693992518357705
3018,0.3597706727445023
3019,0.9774986523313707
3020,0.3501678542712923
3021,0.41437666550499125
3022,0.34173692918997534
3023,0.32581769961027285
3024,0.3483585633727049
3025,0.4792758332293996
3026,0.3459538542970058
3027,0.20857850027868224
3028,0.8692432697843604
3029,0.32018336528022273
3030,0.5413589034616346
3031,0.8112190959438067
3032,0.9492410733977054
3033,0.34271408595125175
3034,0.2548947128268952
3035,0.45802030020563056
3036,0.8037777024868276
3037,0.23676500222169194
3038,0.42183482354767454
3039,0.3482859168923869
3040,0.692379803034586
3041,0.545824823191538
3042,0.8225940264081287
3043,0.3714463832074354
3044,0.29843227836462694
3045,0.9721789171914985
3046,0.5350309213002337
3047,0.38163423663682405
3048,0.826289631631103
3049,0.36565302128604205
3050,0.22127673253059454
3051,0.5016673755814394
3052,0.38557762344206614
3053,0.2646886351293039
3054,0.9665351432545332
3055,0.31366534005152347
3056,0.3424192045509513
3057,0.2344268379344268
3058,0.5205317114584134
3059,0.2515803941316228
3060,0.24286913613942085
3061,0.8873882478733226
3062,0.8677742534037876
3063,0.44357853429622623
3064,0.9552371050735703
3065,0.34533243302865907
3066,0.3928402463783739
3067,0.3987832014468613
3068,0.9022481798398538
3069,0.5720764627446216
3070,0.4244633914326029
3071,0.6817706130049725
3072,0.5595102278336832
3073,0.980339860309194
3074,0.6139462966067756
3075,0.3820603332419829
3076,0.45033106860168987
3077,0.3186374872908221
3078,0.33925498816055016
3079,0.6128325703399484
3080,0.3762843758354375
3081,0.4675077988474907
3082,0.6971843348833099
3083,0.9807931921383225
3084,0.34884298024408417
3085,0.4579110701160072
3086,0.43080876537227136
3087,0.7621390362755356
3088,0.9481577654566689
3089,0.8205822464407484
3090,0.9663044104659534
3091,0.9619616350582243
3092,0.2913451854542202
3093,0.5819243821117974
3094,0.4873359872501996
3095,0.39704702481680926
3096,0.9669139685372085
3097,0.972957456549134
3098,0.5008606726547713
3099,0.4944342443189687
3100,0.8297184512257318
3101,0.6810302187788556
3102,0.4852188899316579
3103,0.8133176152300962
3104,0.4479765512402801
3105,0.40531980260246575
3106,0.8909044284697477
3107,0.21937244719022148
3108,0.4360197002266257
3109,0.6557340582752055
3110,0.8850305986821206
3111,0.4523614168187077
3112,0.3297920577321365
3113,0.2921925743499082
3114,0.5126353916560116
3115,0.6028622670027838
3116,0.9715521182828057
3117,0.5219441887729622
3118,0.9514664987098013
3119,0.9291022974901808
3120,0.5633760872521529
3121,0.9079519859652828
3122,0.9859110863964757
3123,0.3213099659428098
3124,0.569199529272788
3125,0.30545872339204355
3126,0.6352742447868429
3127,0.4658475487594454
3128,0.3485061433919358
3129,0.5259516569038719
3130,0.24301300263053255
3131,0.5748972253751886
3132,0.3328458227883049
3133,0.2768716570411903
3134,0.43734961396081734
3135,0.49977641991512606
3136,0.2506120569394925
3137,0.5081878483996037
3138,0.9713567790271911
3139,0.2522091404534681
3140,0.6084999891538883
3141,0.21952078879788972
3142,0.5461285871689301
3143,0.3708843323122827
3144,0.2301575411005231
3145,0.6434175820122664
3146,0.5935829781260247
3147,0.6410908681690279
3148,0.4319956138058263
3149,0.3688049039067867
3150,0.7390626629066411
3151,0.49840593962182217
3152,0.6905465377177347
3153,0.9852531438310956
3154,0.24997593053568862
3155,0.34483379823905896
3156,0.4027254645829379
3157,0.7049805607584939
3158,0.4663847556134296
3159,0.4264842917809618
3160,0.6250908782630755
3161,0.45570675958217804
3162,0.4699783710381885
3163,0.8028819719638531
3164,0.35146558303553016
3165,0.4250499922885853
3166,0.2768407849407464
3167,0.3484693596383264
3168,0.3624054284273789
3169,0.5404400607967951
3170,0.39697155531984885
3171,0.22103753670821547
3172,0.7930371059541688
3173,0.34430098514702345
3174,0.9189805930335262
3175,0.8146591857742356
3176,0.4946695840759247
3177,0.8692149258510719
3178,0.5337504712813558
3179,0.32358422953206756
3180,0.192852181089687
3181,0.7515292602395969
3182,0.39330173360855436
3183,0.5353411125138612
3184,0.36513083514652966
3185,0.4109273550025223
3186,0.22531783303420677
3187,0.5674451372110274
3188,0.35730766613215154
3189,0.4472176318282202
3190,0.6421811753730846
3191,0.3735273108137902
3192,0.9718761714119699
3193,0.8816948436547308
3194,0.7716930496883373
3195,0.7725491689753896
3196,0.3255022758952465
3197,0.19072006146054
3198,0.6794573662125237
3199,0.8177377953905947
3200,0.46260948525230083
3201,0.25495285697923853
3202,0.5266476944934424
3203,0.5737822625648337
3204,0.1708034458132899
3205,0.6356892469213413
3206,0.8333321855073459
3207,0.5484496125307573
3208,0.5232302171584919
3209,0.9760519872187925
3210,0.29535355844745076
3211,0.4622913947687006
3212,0.4915722126323852
3213,0.193357958593483
3214,0.6016874643893696
3215,0.3500413331636947
3216,0.9088675028351454
3217,0.7291965037991518
3218,0.5129557481185638
3219,0.850309238706076
3220,0.4761581086814578
3221,0.5749641328719078
3222,0.6124241057319306
3223,0.3186527654100775
3224,0.5785363821336421
3225,0.40684246732120843
3226,0.49595023421055007
3227,0.47516499820919245
3228,0.3289585727042767
3229,0.8534176474414705
3230,0.5636137278387864
3231,0.40555485504594213
3232,0.29658745353574995
3233,0.3877807362859267
3234,0.9722784243324415
3235,0.6731628498165108
3236,0.9828205063634428
3237,0.7014383958945654
3238,0.49372722528157
3239,0.5900093081456004
3240,0.9165618219336787
3241,0.15607578806589922
3242,0.5561444691727722
3243,0.2729173120505764
3244,0.42878529255499953
3245,0.30979519880738426
3246,0.9861490245380963
3247,0.3345861902601672
3248,0.42895896713132536
3249,0.33339228818867794
3250,0.8623929847046714
3251,0.37744264178666287
3252,0.976034199512837
3253,0.21346236915190497
3254,0.5214061247732944
3255,0.366742800076372
3256,0.33387875447613385
3257,0.49480705960199173
3258,0.37598661611268386
3259,0.560096314303403
3260,0.5988472425345428
3261,0.7287176865420614
3262,0.47632475820745135
3263,0.2863572250297748
3264,0.3359652042027274
3265,0.5267277380054503
3266,0.9791487705001306
3267,0.7070113129304948
3268,0.46140226662114414
3269,0.983645058821379
3270,0.2755496471558537
3271,0.5047875107404984
3272,0.31350497625772195
3273,0.3041373285289409
3274,0.41372907335961334
3275,0.3574169914444545
3276,0.4328223363446885
3277,0.7689772196749954
3278,0.776824140718885
3279,0.9798999762615628
3280,0.40974641113711663
3281,0.2962355527889248
3282,0.5750316199656272
3283,0.48195647338375314
3284,0.6243752677905244
3285,0.26857457236599164
3286,0.40973319399183894
3287,0.4412926801065825
3288,0.9092992960899333
3289,0.5186575004869431
3290,0.7474584976825933
3291,0.4798163472720893
3292,0.4020160922362167
3293,0.9728060436376118
3294,0.2812603204004782
3295,0.842660389379071
3296,0.3091331768657236
3297,0.4161573280964043
3298,0.9756761287571646
3299,0.652914434934484
3300,0.45901071956153683
3301,0.5468217943097591
3302,0.37795270067148057
3303,0.6327438822351743
3304,0.3805148068352101
3305,0.8747276792338207
3306,0.37186198660132885
3307,0.29755058458452893
3308,0.6004968130432957
3309,0.2506438016492974
3310,0.5801748852477658
3311,0.44712115208602377
3312,0.4655970997087743
3313,0.2887766311433659
3314,0.934821040618468
3315,0.2698201032216524
3316,0.305363864898604
3317,0.8879099096313556
3318,0.8325827236219208
3319,0.36729220072795404
3320,0.332271597360301
3321,0.46971035484358803
3322,0.9166625362779042
3323,0.2651138183234055
3324,0.34850853900672174
3325,0.8736158727221779
3326,0.5013908543563874
3327,0.5083447188252816
3328,0.6673691000852232
3329,0.904108612871023
3330,0.616469588884313
3331,0.4574183835977535
3332,0.4204760195727293
3333,0.13327664905386694
3334,0.9755022152213457
3335,0.4388006740774392
3336,0.969731889693876
3337,0.825180624664534
3338,0.44940237645610925
3339,0.415153704886296
3340,0.9764579185514327
3341,0.14552345612113143
3342,0.9840553322153923
3343,0.2065859592834492
3344,0.33193464743773404
3345,0.42340937742487417
3346,0.4841143771016545
3347,0.37528312699302496
3348,0.9034603597695713
3349,0.3061457356637254
3350,0.6346542072395187
3351,0.7954145833099772
3352,0.9786229997906291
3353,0.6188410548148677
3354,0.3570216403820178
3355,0.34787181131866995
3356,0.9741211012742768
3357,0.3120835274032644
3358,0.46278630881292093
3359,0.5955362216307036
3360,0.35323801519224973
3361,0.31312883866379393
3362,0.3313626902363696
3363,0.6625144192973322
3364,0.8935524537994145
3365,0.2231679854224179
3366,0.6714804060259303
3367,0.33589181150896547
3368,0.9895254676131197
3369,0.36701168894056063
3370,0.25273136029176446
3371,0.6525680298921752
3372,0.33033449632848955
3373,0.24150738092844898
3374,0.8085847199325737
3375,0.9690114063540576
3376,0.5427664763705552
3377,0.6557409389244016
3378,0.39669027302996407
3379,0.9801310276627995
3380,0.5388918881006914
3381,0.48844169439708773
3382,0.9782435230756438
3383,0.5368466641475793
3384,0.8625155966852507
3385,0.4442634489906371
3386,0.39903146888726676
3387,0.8868968917006184
3388,0.27849981791239764
3389,0.9183437975525004
3390,0.3311750358498041
3391,0.2343827943277816
3392,0.611343115161141
3393,0.46464446186738667
3394,0.3493349186099921
3395,0.8412284698157111
3396,0.8012914417698851
3397,0.14665264215021812
3398,0.4098061152313408
3399,0.4107579147130018
3400,0.28648537829652765
3401,0.45350011064927187
3402,0.6088067513625041
3403,0.4114553145775154
3404,0.42017227865206846
3405,0.4325485418397961
3406,0.9729636701296968
3407,0.3247977079231545
3408,0.9207075473411431
3409,0.39159578110053017
3410,0.4165875508823373
3411,0.4163077069234885
3412,0.2086586766434481
3413,0.4859871679550277
3414,0.5969516450773451
3415,0.9712879877892705
3416,0.3472468300668069
3417,0.9727933601555835
3418,0.9882027452681544
3419,0.38455412561476354
3420,0.3750022996024045
3421,0.6234623308165096
3422,0.1632910374208367
3423,0.6076199855605392
3424,0.5586228373053778
3425,0.6841009216081574
3426,0.38709297116638736
3427,0.6913420646930164
3428,0.18748503955023554
3429,0.4487983958026586
3430,0.7464222591750109
3431,0.45112004612619944
3432,0.3238826029521644
3433,0.2942253020406403
3434,0.43969494547459875
3435,0.4988031299428425
3436,0.9738499941217965
3437,0.48485385541643883
3438,0.38419372356317255
3439,0.41585202672121513
3440,0.6644798297597743
3441,0.8445138470849294
3442,0.8840134277212185
3443,0.48189314752407886
3444,0.45561203676502576
3445,0.9524681475032712
3446,0.36023614731496334
3447,0.5217924005092525
3448,0.4998592739432929
3449,0.42714397713672314
3450,0.21169690468913338
3451,0.14891757294544233
3452,0.42970552900747166
3453,0.5514715251823783
3454,0.9759784056172323
3455,0.9271015430702625
3456,0.34705569321576835
3457,0.8668523040047516
3458,0.9856662609789393
3459,0.9552051241022833
3460,0.5907323436007551
3461,0.4056950429322519
3462,0.6943276782717247
3463,0.39165120023454486
3464,0.17762912074747686
3465,0.9257881464183495
3466,0.272473135246783
3467,0.39341076866408703
3468,0.4121158729676102
3469,0.7095245275586142
3470,0.31356735656754003
3471,0.4817415372254864
3472,0.7859465658320537
3473,0.2610575942106201
3474,0.43533285058197385
3475,0.6359538308134021
3476,0.2880377982086289
3477,0.31881430150446577
3478,0.4665430017677923
3479,0.6690200957246673
3480,0.5540232019562918
3481,0.846556855312323
3482,0.35684121953369435
3483,0.9623198356031961
3484,0.985206949114691
3485,0.4366822128800789
3486,0.41328480845000115
3487,0.691518802880024
3488,0.4547636541957182
3489,0.9773991934659538
3490,0.9755612822753965
3491,0.5345259203993016
3492,0.19181658029801965
3493,0.9745659663180208
3494,0.3753874177739029
3495,0.921037736744245
3496,0.8368878083954274
3497,0.6165066244591444
3498,0.4544948274939311
3499,0.7738897431937158
3500,0.41434429374889536
3501,0.37239237907312606
3502,0.5993901106458487
3503,0.3879520247036307
3504,0.1840177209246005
3505,0.4325248487944878
3506,0.2826777056950705
3507,0.987311999348016
3508,0.2272553184629708
3509,0.6826819066473107
3510,0.33311605243117737
3511,0.21998540174725284
3512,0.2619366144784377
3513,0.42805013696608374
3514,0.3659851667354016
3515,0.9122700131726875
3516,0.2876985553268633
3517,0.3352131781113864
3518,0.8558466207468212
3519,0.3890262261902196
3520,0.49879110331883664
3521,0.27538619691737104
3522,0.3202376173283353
3523,0.9435023452900636
3524,0.9749650238448679
3525,0.519362465335123
3526,0.43985457396647326
3527,0.8985161055324715
3528,0.4919176539866514
3529,0.7666197912998497
3530,0.4112457845570218
3531,0.9755233353383005
3532,0.13952719121707155
3533,0.7839334200809823
3534,0.979359423976123
3535,0.3753007690908317
3536,0.5662963484520313
3537,0.9789832479662147
3538,0.5535307084661721
3539,0.9211722081494746
3540,0.3488985284606918
3541,0.5253785964419881
3542,0.47824638913361517
3543,0.8642785411314117
3544,0.44772023531969435
3545,0.972882188084012
3546,0.2664516433916174
3547,0.6193823935379115
3548,0.18563684772241593
3549,0.9677770950303403
3550,0.17216418679854129
3551,0.9820112266942013
3552,0.36486826519905935
3553,0.6007271200216329
3554,0.40702558302756947
3555,0.6175215213041502
3556,0.46276397252578694
3557,0.8975341615501955
3558,0.5341419175529847
3559,0.42519684739113767
3560,0.35021849759546636
3561,0.36304131288169345
3562,0.16927323445268047
3563,0.3548948717839837
3564,0.8617270186633058
3565,0.2844828423887859
3566,0.3323391811833074
3567,0.317767595213598
3568,0.6566377028076263
3569,0.5191903454459256
3570,0.26259496888410283
3571,0.49253486131434804
3572,0.9766236047387835
3573,0.9272451904860103
3574,0.26012301631686957
3575,0.8774177152845933
3576,0.20557059945450676
3577,0.5286841114281764
3578,0.9782781739408669
3579,0.8608118534592193
3580,0.4844279477358347
3581,0.6488857447105254
3582,0.8931302344191712
3583,0.2506349739573457
3584,0.7993359786415568
3585,0.27728671156701395
3586,0.785808268428666
3587,0.9781189803248651
3588,0.5475227344859684
3589,0.30122742438697514
3590,0.32512036378622333
3591,0.5468080921265286
3592,0.2974479599592626
3593,0.41291358626186925
3594,0.8411798130031556
3595,0.9843520658131185
3596,0.5279790920157363
3597,0.47042084928138644
3598,0.14402528048791824
3599,0.451301675394057
3600,0.3445566288325261
3601,0.5653699177190837
3602,0.9730689315841892
3603,0.8766394553500275
3604,0.790664616379657
3605,0.7304802849926079
3606,0.516393312721912
3607,0.887194237220786
3608,0.4927557968239469
3609,0.2794924138996471
3610,0.3463332729407872
3611,0.11102665668793511
3612,0.3703212317724843
3613,0.9807309729882383
3614,0.47170777785535195
3615,0.9829779205625152
3616,0.8699351055804855
3617,0.26420407383257594
3618,0.9033951953488275
3619,0.6434472382463555
3620,0.38151066868689193
3621,0.3115922515211966
3622,0.13005905660832798
3623,0.6302040469962439
3624,0.6474883983691875
3625,0.9649530764212713
3626,0.7987184201776222
3627,0.6212770465011243
3628,0.531787423890604
3629,0.5397308749851162
3630,0.4413700153740868
3631,0.2893259015417098
3632,0.48105407629310803
3633,0.39192907363344737
3634,0.4177940563144625
3635,0.19240406298610185
3636,0.355548827783382
3637,0.8694883358420405
3638,0.9385240431054519
3639,0.4527843439083889
3640,0.9000311167818671
3641,0.7643416989478053
3642,0.6914153736520842
3643,0.29138476332527485
3644,0.8962533153610337
3645,0.43987160646671664
3646,0.454055948103682
3647,0.359477109523681
3648,0.15422340366351522
3649,0.5149702025451472
3650,0.4626809862899901
3651,0.5054482172922746
3652,0.41736062247951383
3653,0.8852745309901582
3654,0.502551722584614
3655,0.38024414361302517
3656,0.6077213101899145
3657,0.4544757623011877
3658,0.8824753262822469
3659,0.32589231687831166
3660,0.9858898888862306
3661,0.4770348125146487
3662,0.5395927821729005
3663,0.1377486914403192
3664,0.27202329861922636
3665,0.5170719207099084
3666,0.6835793446740388
3667,0.2273561103689709
3668,0.691336480810398
3669,0.4925830139296028
3670,0.3813101919182208
3671,0.36630465237215604
3672,0.8087051687118513
3673,0.7193815130600765
3674,0.7352705265909447
3675,0.3256589284805129
3676,0.3304327389311513
3677,0.24943724544086757
3678,0.30471489717658157
3679,0.2292242241932183
3680,0.8476763389139113
3681,0.30763144875499
3682,0.6494866451359113
3683,0.5846976652975779
3684,0.21880645639709467
3685,0.3113134910684546
3686,0.423691433368487
3687,0.4872082456249395
3688,0.6249413453456634
3689,0.9877842953991123
3690,0.21837078644038171
3691,0.2987895561620113
3692,0.973029643467104
3693,0.8602964461352423
3694,0.34452319394984954
3695,0.2809036146417828
3696,0.40159632586797767
3697,0.22120574416363767
3698,0.5910547515988426
3699,0.6506422936454661
3700,0.3473445399223132
3701,0.7262798481267405
3702,0.49700148782875175
3703,0.7920955711714506
3704,0.8166607946573441
3705,0.26144771839117426
3706,0.8375510961472182
3707,0.4948774913521231
3708,0.7332669741385108
3709,0.643929546734793
3710,0.8413943656246787
3711,0.29551888227428275
3712,0.36928458641275635
3713,0.9850012043883559
3714,0.8399444022737573
3715,0.22375288957945766
3716,0.2762665051774149
3717,0.9666869036808626
3718,0.3360369481867094
3719,0.3173577324884098
3720,0.5463910114649071
3721,0.7546319842918436
3722,0.9823826955656018
3723,0.32981610817433227
3724,0.3657420076453657
3725,0.24581583989547423
3726,0.2836027197217255
3727,0.7297153497960625
3728,0.4950959387305439
3729,0.62487607877985
3730,0.2331115394381289
3731,0.484020757566245
3732,0.9271358266125277
3733,0.6599408305132719
3734,0.5327735620503421
3735,0.35412731363593997
3736,0.4259585376521603
3737,0.38939223199346334
3738,0.7068057962499495
3739,0.36409853265314446
3740,0.16824211535149924
3741,0.4475306002448634
3742,0.8737303389392513
3743,0.2840763080590019
3744,0.28349616230536634
3745,0.32315961660998394
3746,0.9014221829301106
3747,0.330088025157971
3748,0.4370838791780778
3749,0.40816770596402285
3750,0.9864302607086763
3751,0.860897746924288
3752,0.3022376823657852
3753,0.22939178740501076
3754,0.773962301765289
3755,0.4080069785941846
3756,0.8769752045080688
3757,0.2907112490779888
3758,0.4563938250546803
3759,0.9816605536319396
3760,0.20096404906634344
3761,0.20609895877001652
3762,0.6935210919527154
3763,0.4121079148153156
3764,0.7936246236088401
3765,0.3994011109782729
3766,0.34199625211474877
3767,0.4780566522376987
3768,0.9841033973891686
3769,0.9809346173426208
3770,0.832605208506565
3771,0.9846115247744022
3772,0.9869387187799737
3773,0.9344012373304003
3774,0.6793960203540643
3775,0.4160901426558861
3776,0.5835517124216696
3777,0.4085064686928886
3778,0.9811318060921861
3779,0.8229883718213988
3780,0.8766357365500923
3781,0.3672867524495904
3782,0.4719883774874283
3783,0.6022445261936855
3784,0.8646256680107196
3785,0.9815904767710038
3786,0.39656796443890024
3787,0.5610291037809565
3788,0.9787625667190742
3789,0.41147137064263417
3790,0.27635666823732075
3791,0.9780804156968937
3792,0.7593965135371527
3793,0.3105388589718415
3794,0.36647824024439607
3795,0.22330953778449691
3796,0.8198544086452515
3797,0.48713467013374767
3798,0.6274237223907424
3799,0.5255637068236472
3800,0.46927422131755697
3801,0.43753900045064564
3802,0.2581350161572709
3803,0.9202523970003827
3804,0.7999713345498283
3805,0.989764199764137
3806,0.870288224598193
3807,0.21842748014999483
3808,0.9880650868380977
3809,0.43238635589282365
3810,0.33271549366145325
3811,0.9799884912251885
3812,0.7480022389249691
3813,0.3592881991435935
3814,0.949313524816295
3815,0.33471069822071414
3816,0.7496750356415264
3817,0.6278828363410891
3818,0.3054062292162655
3819,0.8153529200621229
3820,0.5876750713605738
3821,0.9846093543754404
3822,0.2709618937808547
3823,0.35681335409559617
3824,0.2762684419821624
3825,0.2679235535871038
3826,0.19845588308035692
3827,0.7204039741319027
3828,0.3046439825964124
3829,0.2832329751837519
3830,0.3669764730449754
3831,0.5748783193489088
3832,0.30276595405615636
3833,0.5250017571960619
3834,0.1666178889911491
3835,0.4541257737814696
3836,0.4462922380013705
3837,0.7076775923600731
3838,0.20357811075203494
3839,0.512727038351871
3840,0.3042770564876782
3841,0.7451090582588278
3842,0.9760424407383723
3843,0.4592786085630976
3844,0.5664454093695627
3845,0.6857799751778776
3846,0.8963455011419226
3847,0.30704610909668234
3848,0.9298766179199318
3849,0.4411242022612366
3850,0.40401839494365244
3851,0.5735925734014322
3852,0.37041732859677906
3853,0.4387012362163687
3854,0.8269301982623638
3855,0.32009395003408564
3856,0.5738195607742622
3857,0.6237173532186473
3858,0.4743041739158379
3859,0.3385509910694331
3860,0.5976906548630503
3861,0.2813276133967392
3862,0.6142228589699416
3863,0.6804073750308677
3864,0.8584820800775129
3865,0.9424809812257811
3866,0.21954200865787787
3867,0.21873757499208513
3868,0.343551164780843
3869,0.3151780107538749
3870,0.866887115434857
3871,0.9637537178894069
3872,0.2680232553728802
3873,0.3154045189713768
3874,0.8379235320858698
3875,0.3696902618702537
3876,0.8650382781870871
3877,0.6515671119324062
3878,0.542405557872344
3879,0.29732535479008465
3880,0.3422859914598316
3881,0.334008206632232
3882,0.3387219301265304
3883,0.321634784624684
3884,0.9691689352716979
3885,0.18478809926897805
3886,0.14092821542467718
3887,0.39221019917703254
3888,0.2946388739167805
3889,0.47488794059712597
3890,0.29290010759250895
3891,0.5506969910987155
3892,0.9801517533443389
3893,0.09864336517998767
3894,0.3839088747429091
3895,0.4096639184992006
3896,0.5163828757137523
3897,0.8345019274554508
3898,0.3857019071660751
3899,0.26229152912657977
3900,0.2204072794795355
3901,0.5359287608129145
3902,0.25707122496519075
3903,0.5149016556211171
3904,0.8446518490332361
3905,0.6841800750296063
3906,0.37772427058929514
3907,0.3033148251733948
3908,0.7190438146201701
3909,0.39531270950002406
3910,0.3148695446251743
3911,0.28020672962270277
3912,0.438370603418211
3913,0.28946801266079425
3914,0.3137902537739833
3915,0.9837519633247347
3916,0.7960210622963062
3917,0.33821772794441396
3918,0.7132996386715655
3919,0.297050171439188
3920,0.549482606700024
3921,0.17247565496884756
3922,0.9829850920202748
3923,0.35791563655055453
3924,0.9145710654632936
3925,0.78061585970605
3926,0.34485276729576864
3927,0.9840948936539425
3928,0.9353707773972162
3929,0.8907680787536769
3930,0.23372811943709154
3931,0.5289084854009368
3932,0.6033679697903694
3933,0.32403207487915564
3934,0.9832614130305558
3935,0.4241966453743262
3936,0.6328694706080407
3937,0.5473155783666177
3938,0.4533262402389943
3939,0.3027159409497211
3940,0.4855648120393601
3941,0.5324919502056973
3942,0.5125972490918407
3943,0.43872267859535086
3944,0.11330815806273992
3945,0.2893452579838124
3946,0.27131475681857176
3947,0.5511060541115539
3948,0.34311760972278765
3949,0.32417586407391946
3950,0.5284700448773789
3951,0.28387065793578736
3952,0.4027936960093699
3953,0.19431363200337143
3954,0.5463705642354525
3955,0.35666205070701557
3956,0.382419289801756
3957,0.22217440764162733
3958,0.9741893721537039
3959,0.590484794237784
3960,0.5666588963176177
3961,0.37411675504507447
3962,0.29914227518464465
3963,0.48650103640411047
3964,0.36505254364005646
3965,0.7728969846653236
3966,0.37011083904955316
3967,0.4352342120970787
3968,0.7779945440150956
3969,0.5217493733669187
3970,0.396658556888694
3971,0.9807913167961055
3972,0.47954940197032525
3973,0.49327221206348665
3974,0.8462434183814178
3975,0.5011235185743919
3976,0.4667993340626383
3977,0.5032661261897791
3978,0.8219591539106899
3979,0.4646497645568268
3980,0.9784584276356864
3981,0.2668505208558065
3982,0.3093872575849036
3983,0.42955000910526075
3984,0.3730188502413469
3985,0.9808480198034153
3986,0.450866214630405
3987,0.7951403611806472
3988,0.6911292989661735
3989,0.5424059587790439
3990,0.8693267243539705
3991,0.9776142886369057
3992,0.4791853028957852
3993,0.3039608412208981
3994,0.5543346995625986
3995,0.32091116918219725
3996,0.4017110880723686
3997,0.2754143400643305
3998,0.1365985835380857
3999,0.8153194254632516
4000,0.7717207503431338
4001,0.36083082002148115
4002,0.37370873453168285
4003,0.2350401938957264
4004,0.4465457167117034
4005,0.5573605442880935
4006,0.25697063047847046
4007,0.37463058161555546
4008,0.69372145491063
4009,0.340952859635746
4010,0.9293350653675203
4011,0.6764518023946812
4012,0.31096081755755006
4013,0.979540985493955
4014,0.6739029709383821
4015,0.785296795097561
4016,0.6661125859212359
4017,0.5391507062683415
4018,0.9711552358663451
4019,0.5232487247929658
4020,0.9699530600427273
4021,0.405024081605159
4022,0.9723248667417183
4023,0.39186272628441454
4024,0.34410336394290847
4025,0.5399069133046933
4026,0.30966118138251897
4027,0.2891118733422683
4028,0.40559166963186777
4029,0.3167808975596056
4030,0.4815662886222003
4031,0.6557939800227152
4032,0.6316766816240965
4033,0.6139137057562126
4034,0.9190019430120376
4035,0.3286340464622319
4036,0.8709178203885999
4037,0.7574573070789793
4038,0.8562379853645063
4039,0.8982342121840511
4040,0.7708982956867068
4041,0.8731464104129152
4042,0.685612482611828
4043,0.9811011981638849
4044,0.7533431273989798
4045,0.7176816116033186
4046,0.7902416678994069
4047,0.3439980005764985
4048,0.2650895161085762
4049,0.3556922781521257
4050,0.44929077907824067
4051,0.4806998641234631
4052,0.975479072698915
4053,0.9900615290498317
4054,0.9731805908129996
4055,0.980504101625574
4056,0.4687642006849834
4057,0.38973798567733076
4058,0.5951601423996213
4059,0.24039895247929283
4060,0.9722792559631463
4061,0.5211122239775645
4062,0.3261932686568093
4063,0.23112981758934625
4064,0.24117471500947762
4065,0.22562433745473665
4066,0.9592254496515038
4067,0.6549045330204948
4068,0.2826104468067486
4069,0.31427529509820795
4070,0.6361211862800938
4071,0.2766370107543135
4072,0.4492696149600318
4073,0.5729177965633251
4074,0.364758657254919
4075,0.14760910584303208
4076,0.48527214631783017
4077,0.3007866688457386
4078,0.7842825534485097
4079,0.6184681384112983
4080,0.8785139406784662
4081,0.6503906330049172
4082,0.4011235352677287
4083,0.5764365645920484
4084,0.9679322883934479
4085,0.2862343829141845
4086,0.5381887907630196
4087,0.2193398954774448
4088,0.6118839044729979
4089,0.33448747737569917
4090,0.32197446413569325
4091,0.29937564631413305
4092,0.5689000467380939
4093,0.8744531540592364
4094,0.1903454112197209
4095,0.21924255602273257
4096,0.24455416260097623
4097,0.35655426142085833
4098,0.5375254159396003
4099,0.9803836631585247
4100,0.38270939167487
4101,0.3473263417406924
4102,0.5372620369805204
4103,0.22117533374511383
4104,0.9770160129777188
4105,0.4868060475908695
4106,0.9816247351057771
4107,0.6470590801041355
4108,0.9883161705820762
4109,0.4330925280713037
4110,0.42283043861167025
4111,0.36536268362268526
4112,0.9575172012117737
4113,0.4129518379356218
4114,0.4278254297286832
4115,0.8215874053879748
4116,0.9855022413870441
4117,0.2909608731836704
4118,0.43241009933534885
4119,0.6573437860808125
4120,0.8650811255623323
4121,0.9815722327859937
4122,0.2242069974120236
4123,0.4794108106832823
4124,0.2277900143282609
4125,0.4865314798592376
4126,0.11811928200213559
4127,0.5516899265991024
4128,0.9499436677992801
4129,0.389251745521798
4130,0.6582758578259555
4131,0.6961797037588482
4132,0.4572758540866377
4133,0.25270612421115063
4134,0.4291439492465524
4135,0.3664368443768427
4136,0.8429724011621447
4137,0.453942775501154
4138,0.41200282722156023
4139,0.8841238760186547
4140,0.5414252522478439
4141,0.5452002738006856
4142,0.8872693294110984
4143,0.3518794063269904
4144,0.4606262635525416
4145,0.7740553989863215
4146,0.30853746408027116
4147,0.6273681386622996
4148,0.39656887227534243
4149,0.6144509701514762
4150,0.3039271875164787
4151,0.5614272647368534
4152,0.35200163088465714
4153,0.33036485305847035
4154,0.31804775040065086
4155,0.3784967497495997
4156,0.2212194927059674
4157,0.9327779490537127
4158,0.9559791353632515
4159,0.5112576291932692
4160,0.3930279686488812
4161,0.4931394803742787
4162,0.3144128446668126
4163,0.4553995939742074
4164,0.8071496149931523
4165,0.35953999773041245
4166,0.10093614366730107
4167,0.5713595603528324
4168,0.6878431015444828
4169,0.5052685475602547
4170,0.48634814795135595
4171,0.513789529707506
4172,0.49968041017347664
4173,0.7293074716327363
4174,0.24589920521426267
4175,0.4932293687511258
4176,0.8735223181788097
4177,0.38384619882371707
4178,0.9798730658743321
4179,0.9733444708272904
4180,0.3579118961448038
4181,0.49433133760950676
4182,0.43642200062321507
4183,0.8598873969341043
4184,0.43333248595839324
4185,0.47527427306269093
4186,0.4726857333649628
4187,0.3655727613093236
4188,0.8526102720214299
4189,0.570872087786285
4190,0.27116677526361677
4191,0.9424731357980144
4192,0.2144342807861014
4193,0.2553000005084259
4194,0.2955106154115687
4195,0.29463288237320173
4196,0.3328002599217422
4197,0.8954261167466089
4198,0.8556873547679963
4199,0.7829589701739775
4200,0.8702474641604369
4201,0.8204352702033514
4202,0.7302812120283035
4203,0.6145877256494955
4204,0.32148561314283575
4205,0.6464650408632341
4206,0.5052087178343634
4207,0.8737087489246971
4208,0.3183617048419698
4209,0.36271871746879236
4210,0.2536494499132592
4211,0.5833609520479951
4212,0.4337485948755384
4213,0.9752930883727782
4214,0.8262487727158323
4215,0.1583266137517965
4216,0.681910266142612
4217,0.7768013484784142
4218,0.7020050502652293
4219,0.39932902399714537
4220,0.5169521659087021
4221,0.5450576741210382
4222,0.24913476908873236
4223,0.5024513468964994
4224,0.3253036289977373
4225,0.5072578051136487
4226,0.6543372382778325
4227,0.33921047338501137
4228,0.31260952348201354
4229,0.884371974698898
4230,0.5275057631398575
4231,0.5425255682382395
4232,0.49174173333794446
4233,0.4351560475980125
4234,0.872847490294207
4235,0.2707000590380532
4236,0.36487371318570344
4237,0.34935558185804594
4238,0.8548624431654989
4239,0.45226787713772476
4240,0.32320393205649767
4241,0.4088813311934822
4242,0.246709426543964
4243,0.7182139712512683
4244,0.4145711799549218
4245,0.5672532620332864
4246,0.4487372240067162
4247,0.798452096990948
4248,0.600246255932412
4249,0.2280965145422784
4250,0.7602788255572265
4251,0.43123409201862767
4252,0.584156142979558
4253,0.2639658822092115
4254,0.4751438626236094
4255,0.18828577556305093
4256,0.2838184527493609
4257,0.6179286656990879
4258,0.2867399900564254
4259,0.3169789753360119
4260,0.2854827616600849
4261,0.5066247318664914
4262,0.21741247153973958
4263,0.41329512451797856
4264,0.301375387555789
4265,0.37107508459669203
4266,0.24789295536513606
4267,0.9798337986330621
4268,0.9813469710264007
4269,0.3245430194687595
4270,0.36143624399276697
4271,0.20279505262315206
4272,0.4076072206801255
4273,0.6347216254155493
4274,0.532292059196959
4275,0.32427551824917566
4276,0.28854299594838717
4277,0.7880175046657507
4278,0.6852093760118775
4279,0.5263460754562272
4280,0.25616086733969423
4281,0.25552420432749434
4282,0.5448823445024216
4283,0.26288647425848055
4284,0.9793445495330535
4285,0.5994310388042637
4286,0.875805338269042
4287,0.4656485272686651
4288,0.7386026905194725
4289,0.9607972455088429
4290,0.2906907410501901
4291,0.25892616843697447
4292,0.45993315292393555
4293,0.42334855937804183
4294,0.26650639541045507
4295,0.38483301650649204
4296,0.30034027591962564
4297,0.5172938869069826
4298,0.5198264464503037
4299,0.9281520469393871
4300,0.5945953211547876
4301,0.7978051118032792
4302,0.8060598614785037
4303,0.8987875008374624
4304,0.24410626611695152
4305,0.9822358272814353
4306,0.4899973349145904
4307,0.2655947677938229
4308,0.5003023623251002
4309,0.29441526694533987
4310,0.27391920716591867
4311,0.30695989732518075
4312,0.9089201261598701
4313,0.8404842709790155
4314,0.42287431608218695
4315,0.973235158680003
4316,0.981649074164612
4317,0.5057658867270387
4318,0.9692828023183189
4319,0.6842196092435776
4320,0.23182056168154486
4321,0.9731641011757164
4322,0.37538764031885696
4323,0.9538926784388637
4324,0.9648150573312985
4325,0.23741119201197733
4326,0.3452265861185882
4327,0.31476559350151934
4328,0.9832309091911187
4329,0.7886535709586749
4330,0.6677005585961449
4331,0.2803187419604746
4332,0.8873318393929219
4333,0.9842527294040377
4334,0.39349256588328224
4335,0.9004924508859224
4336,0.2353762529800139
4337,0.3004955316368037
4338,0.9243050046622426
4339,0.66000430071816
4340,0.8863359556988345
4341,0.4237044872016663
4342,0.33719724258581796
4343,0.34066958498800515
4344,0.2872575905866549
4345,0.28527664302607264
4346,0.5497912277983833
4347,0.3005382959531381
4348,0.38359780764309315
4349,0.9846003138012444
4350,0.4205583362555612
4351,0.9137831378420602
4352,0.4049776305979462
4353,0.7892174614774811
4354,0.4457807650601999
4355,0.979535525263134
4356,0.26005903339512026
4357,0.592713534653134
4358,0.9720020543854142
4359,0.5256037989809583
4360,0.9660460769563899
4361,0.6691937439970881
4362,0.4966831166972542
4363,0.39863057359354137
4364,0.8415486577588311
4365,0.30390592165810265
4366,0.5235536247960955
4367,0.20248662926772953
4368,0.9861450415511707
4369,0.3804725463515418
4370,0.9808182760768931
4371,0.7630902967994556
4372,0.6804728375684357
4373,0.6962002465409168
4374,0.31893137615999667
4375,0.3684407843255461
4376,0.42185842289799225
4377,0.9337706375139503
4378,0.357737315586769
4379,0.8660197549659445
4380,0.922356038275022
4381,0.22008514356545278
4382,0.8288293448786942
4383,0.49563752735068733
4384,0.3226902328528736
4385,0.329283765229095
4386,0.44744119631881274
4387,0.6209469310115433
4388,0.8452292750959449
4389,0.47738355590329085
4390,0.47929201303288227
4391,0.8196976111124428
4392,0.40379891789783945
4393,0.8866242077513964
4394,0.9062785379327938
4395,0.4113351961400119
4396,0.44259999981696674
4397,0.48595038947925806
4398,0.8934701779073063
4399,0.9782487314661569
4400,0.4198870015540151
4401,0.5083382287913818
4402,0.7057849378419191
4403,0.20779652152413952
4404,0.23461232397326542
4405,0.3015705276535147
4406,0.5542423561116354
4407,0.9167115355348606
4408,0.37468191831830117
4409,0.2875258272552765
4410,0.6562989007696083
4411,0.8635872393550541
4412,0.2543116741793774
4413,0.3516576869227547
4414,0.7150178544331907
4415,0.7994486223632264
4416,0.813411536965368
4417,0.19560021887851675
4418,0.4780356992275116
4419,0.6743979637408983
4420,0.22686089551482772
4421,0.8257083967539258
4422,0.9699019050707941
4423,0.7693671300178518
4424,0.4365452789694083
4425,0.486388098621548
4426,0.2837667959237239
4427,0.8178432643511199
4428,0.7563353567316342
4429,0.4642998951103617
4430,0.7709931107772585
4431,0.5482529877265778
4432,0.27259332490535826
4433,0.5239242791976269
4434,0.4449089930574713
4435,0.9692496394730581
4436,0.9405301069218202
4437,0.971847347800829
4438,0.5589220585159039
4439,0.5631490770165244
4440,0.4004988522967493
4441,0.9410545555332623
4442,0.8337914835618735
4443,0.5889337502960084
4444,0.3592483207799778
4445,0.3615756943250555
4446,0.6074926291507534
4447,0.3523736516462857
4448,0.37065386303435216
4449,0.2165745742521846
4450,0.2148417749657778
4451,0.8841189096075033
4452,0.2934208392132661
4453,0.34656022623264304
4454,0.691565701958191
4455,0.897445201468304
4456,0.962135222255296
4457,0.5193645056761619
4458,0.36907100063003484
4459,0.4689385274933905
4460,0.7648896251811315
4461,0.37998783301989436
4462,0.33030342976155513
4463,0.3781512705222621
4464,0.2310240156810439
4465,0.7391430376897858
4466,0.20657563058361827
4467,0.282698366927514
4468,0.97410765646913
4469,0.9847928085978089
4470,0.7969149368300363
4471,0.2678995511588765
4472,0.9221225548430715
4473,0.8544883645993658
4474,0.4244704293234595
4475,0.7860312108241797
4476,0.3442835413659448
4477,0.46079518777360495
4478,0.5069968436821346
4479,0.3987928893884465
4480,0.46350859939250044
4481,0.29749202356851223
4482,0.6807742521439171
4483,0.3194854336660325
4484,0.9740716407208692
4485,0.9106375637214056
4486,0.9234068147845955
4487,0.871349519173435
4488,0.2089918830005731
4489,0.43789769604221174
4490,0.39824756036363684
4491,0.35566002063134666
4492,0.9407223380161833
4493,0.86216274636909
4494,0.16581852037198735
4495,0.40196113430491587
4496,0.5381088875084699
4497,0.40516875285260573
4498,0.38506669442405955
4499,0.8346755517257245
4500,0.33275426173390094
4501,0.8367148765140782
4502,0.4044024840053734
4503,0.4238153206222224
4504,0.6522588935287739
4505,0.5718431055029399
4506,0.9736814130630236
4507,0.5898022880661259
4508,0.9465091007594235
4509,0.5779850784745385
4510,0.9251092549956649
4511,0.760250979799439
4512,0.38426806681895315
4513,0.3503283579525283
4514,0.5021996806959115
4515,0.8441609220204251
4516,0.9419398436251049
4517,0.5059332235485876
4518,0.4231676818087756
4519,0.3897161400788265
4520,0.4330985562613924
4521,0.4877364743858738
4522,0.8938989787196897
4523,0.40313153042516936
4524,0.34881863437934335
4525,0.2645668967103483
4526,0.6173170518139575
4527,0.16228500757188874
4528,0.37330027126316356
4529,0.3145681310026123
4530,0.9053710591308652
4531,0.6064031197047208
4532,0.7427338828329743
4533,0.256261913352457
4534,0.3134687339504465
4535,0.5132250940412671
4536,0.6815212503366846
4537,0.8519247761429922
4538,0.8934040841440495
4539,0.9856475726443403
4540,0.2839305686534393
4541,0.3323327393972881
4542,0.6076455701588936
4543,0.1813910792564265
4544,0.3762416095472979
4545,0.48361135243971354
4546,0.5165150082911765
4547,0.5494210162079789
4548,0.9677000744466897
4549,0.7035102457898843
4550,0.44693968174216736
4551,0.1857993180987672
4552,0.8158982903935564
4553,0.44188680022320453
4554,0.359862969709366
4555,0.32390885688866133
4556,0.33640434696036653
4557,0.18858903503155452
4558,0.24902308952187316
4559,0.7119737378764018
4560,0.864085255840166
4561,0.20684502747602873
4562,0.40049395154506495
4563,0.22581848537535512
4564,0.4577467517145277
4565,0.41934977418821145
4566,0.5275762261986541
4567,0.5768245774802443
4568,0.1659068475115513
4569,0.9146685602773681
4570,0.19895896767624677
4571,0.8277578345459505
4572,0.49993550869812453
4573,0.8966531241932217
4574,0.49189263350539325
4575,0.37542343457134725
4576,0.6422529818100986
4577,0.311712004774127
4578,0.2864621810515396
4579,0.3020814001354397
4580,0.2664275788160892
4581,0.673709880231753
4582,0.85624729343908
4583,0.7685041367673429
4584,0.3956017402889167
4585,0.5514683714573437
4586,0.3672001127516964
4587,0.5098909233331677
4588,0.37969437987776167
4589,0.262110766679284
4590,0.3126232555323256
4591,0.5696874372002394
4592,0.39327770746406465
4593,0.28867878235146166
4594,0.5046775125401726
4595,0.18216295709683478
4596,0.46212256264824103
4597,0.30967046542869525
4598,0.9604619222775564
4599,0.5428060700913089
4600,0.8744115361792352
4601,0.359517088159767
4602,0.4555261966339831
4603,0.5239052600195302
4604,0.8633510526886591
4605,0.5284916096978194
4606,0.4723948357136186
4607,0.9853639181464633
4608,0.9013899783416429
4609,0.5624350960583397
4610,0.7154267235924693
4611,0.48267716005855993
4612,0.3853016788329571
4613,0.3013153795035236
4614,0.6402741971307612
4615,0.6887127307275482
4616,0.2693721385697942
4617,0.5305830457595607
4618,0.9027744640690547
4619,0.8577187578078793
4620,0.13761362849491143
4621,0.31053612726998403
4622,0.6073313221674168
4623,0.4920243024097973
4624,0.2272770248798267
4625,0.39097856946093473
4626,0.4320835991937899
4627,0.4178162217673045
4628,0.25751907502460003
4629,0.19980645043772327
4630,0.3929212904669647
4631,0.32597098846376743
4632,0.9322480820561629
4633,0.3260149951879743
4634,0.4450959605501647
4635,0.26914441332460703
4636,0.5398374120358514
4637,0.669550107859699
4638,0.8935660744437188
4639,0.37961129326500376
4640,0.4240392665088627
4641,0.370796953974208
4642,0.6709383428744948
4643,0.25789276560660246
4644,0.5065928281070385
4645,0.5458131108089372
4646,0.4142591827082864
4647,0.9787246773083726
4648,0.979321278692058
4649,0.2824299085679986
4650,0.25659077502055827
4651,0.7764060109584459
4652,0.1047423386161142
4653,0.19337652266464667
4654,0.474496687160857
4655,0.5046451726847829
4656,0.2953912676201882
4657,0.19110220799823946
4658,0.8308172952364183
4659,0.2661004458236825
4660,0.9169805472593007
4661,0.4409230223615279
4662,0.8926444824257194
4663,0.9717260131260572
4664,0.27003133573527394
4665,0.4158416558306012
4666,0.6283580721972528
4667,0.7106111633329528
4668,0.3245742047682674
4669,0.8227136157893326
4670,0.20872131014149736
4671,0.5661907665506174
4672,0.3513510550955457
4673,0.7387255161732795
4674,0.5440814497014477
4675,0.983817632015564
4676,0.6148599133644956
4677,0.6619047188100488
4678,0.5224022125649056
4679,0.18078302385672648
4680,0.44438411843176584
4681,0.7508647140201198
4682,0.9483689110980473
4683,0.08879465298463696
4684,0.8969386999399624
4685,0.5681806703655837
4686,0.292417332450246
4687,0.3752833263512625
4688,0.3217346361720042
4689,0.5065206676021651
4690,0.3987375269874199
4691,0.4132625306162893
4692,0.28984609564234154
4693,0.7609646507346157
4694,0.3161038945186918
4695,0.7082061648276889
4696,0.8954731010878909
4697,0.3297525550130081
4698,0.9887874455011376
4699,0.1759170645777857
4700,0.9893870919046313
4701,0.591199397588449
4702,0.3887047544369423
4703,0.9116723107243225
4704,0.40886260450416656
4705,0.8481689248118844
4706,0.22189756732418278
4707,0.45082469021472643
4708,0.6928198649153956
4709,0.3734692314232132
4710,0.6821150353651985
4711,0.5886752063336955
4712,0.8711624280656531
4713,0.9692789872681484
4714,0.22255468247078788
4715,0.31716169759870905
4716,0.5151329893304932
4717,0.7731315989371969
4718,0.298246838204502
4719,0.8765362517649147
4720,0.5973139901923443
4721,0.33669196371999865
4722,0.25178584527528436
4723,0.2489911623402212
4724,0.26722480408926474
4725,0.7411963082260272
4726,0.34486666545646627
4727,0.31113858318508786
4728,0.5697890109452075
4729,0.9733849655804532
4730,0.7518376869491059
4731,0.41732337381766094
4732,0.23088889999876244
4733,0.333263359566916
4734,0.6278576807347038
4735,0.37681581794609587
4736,0.26899947824781795
4737,0.8976393766019843
4738,0.7682139777318759
4739,0.6484793229411039
4740,0.32052642966016276
4741,0.5728040353890309
4742,0.2847950937507124
4743,0.282958198850947
4744,0.32025759781929697
4745,0.5711710853368135
4746,0.1782470327741525
4747,0.5411116331256758
4748,0.8621904908698733
4749,0.9802013147640646
4750,0.9621573996900653
4751,0.9654483621398353
4752,0.9627939908613528
4753,0.2997711804494903
4754,0.7437395451899214
4755,0.41955318448584056
4756,0.34036960390147203
4757,0.7928678121192393
4758,0.20684907851026396
4759,0.968109414674967
4760,0.46203544993485046
4761,0.9685547827532787
4762,0.49181024679823226
4763,0.9901185825107672
4764,0.18408114414057958
4765,0.21480103986307741
4766,0.6525372541779191
4767,0.7314295970261012
4768,0.18852313843046697
4769,0.4431515488648521
4770,0.43707008320544105
4771,0.35586765356370104
4772,0.8715048129420855
4773,0.42058525308874783
4774,0.8721729614836179
4775,0.700491156433549
4776,0.5940469259820321
4777,0.2542482569433546
4778,0.8788831484718377
4779,0.4217790371925448
4780,0.35207202672493443
4781,0.26963169310395846
4782,0.4184995656168307
4783,0.49240067454151926
4784,0.8193209061814122
4785,0.9795835378985452
4786,0.2868437609862089
4787,0.9603313328730539
4788,0.24011623470670526
4789,0.6520285908501922
4790,0.2924058659434444
4791,0.4551175890205713
4792,0.22344710789438416
4793,0.7278941942825672
4794,0.20979929152949928
4795,0.9685129547267068
4796,0.23364513891128746
4797,0.6227665919832817
4798,0.43329740544988704
4799,0.44026621940466965
4800,0.6662296573443692
4801,0.4006899602461387
4802,0.23900064040095137
4803,0.6520609160294377
4804,0.28156962585137907
4805,0.5826071725976557
4806,0.25275220855192376
4807,0.8971456458288177
4808,0.11448818345872246
4809,0.5321588240386842
4810,0.9813037517026043
4811,0.9700797211442171
4812,0.34510405073080463
4813,0.3367092538603427
4814,0.8439025285917758
4815,0.3948210701676703
4816,0.7349452156721641
4817,0.8407664457287396
4818,0.8400936577109893
4819,0.3522023319786754
4820,0.8423530846631785
4821,0.5268681504743054
4822,0.8143241349624244
4823,0.32782064781343107
4824,0.9873901233021329
4825,0.8088058030444457
4826,0.2855279940856541
4827,0.7155209057997521
4828,0.18647367966297354
4829,0.7490142435637152
4830,0.8661792671949927
4831,0.5096844742012926
4832,0.2787017586773496
4833,0.9815509797705594
4834,0.40894232332602043
4835,0.35304867983068866
4836,0.4949788770869972
4837,0.9547083406968772
4838,0.38282635368200923
4839,0.3334435300292129
4840,0.6781724408559877
4841,0.9008042055058053
4842,0.6467034805477363
4843,0.45619154684774743
4844,0.11380279064233993
4845,0.3585523511224728
4846,0.18892287128425486
4847,0.4646382527929361
4848,0.5053695171080691
4849,0.8130840863280073
4850,0.4366450248352647
4851,0.28796935453835687
4852,0.6181456352181914
4853,0.2997371127300203
4854,0.2763011774105764
4855,0.38812682151292677
4856,0.4601127638765452
4857,0.6234214110741192
4858,0.8561971699509117
4859,0.3388380462658118
4860,0.4259844856210959
4861,0.6625456433692054
4862,0.3987897875841685
4863,0.4349808844134523
4864,0.3304938889898468
4865,0.30611744351103043
4866,0.8362114919286007
4867,0.3643782835580088
4868,0.5693597019868245
4869,0.7052922267208901
4870,0.277486023682836
4871,0.568600718686574
4872,0.9848103571923169
4873,0.4653083406628311
4874,0.4600210530069595
4875,0.42312268955075216
4876,0.5830617915333526
4877,0.5071817837070879
4878,0.5261002263137253
4879,0.45849366901875616
4880,0.10834384401161241
4881,0.27442823275671924
4882,0.9871832876115069
4883,0.8548840831248661
4884,0.9780098644458889
4885,0.3977473766269083
4886,0.5191386139685367
4887,0.8285278874820259
4888,0.504695612937992
4889,0.21818322454619943
4890,0.5590209951900355
4891,0.31629537712939393
4892,0.5191116768450644
4893,0.862898750031343
4894,0.28687571865695605
4895,0.5022932466534641
4896,0.7521986375526531
4897,0.4593299898893793
4898,0.24582910238717234
4899,0.3452551083986034
4900,0.4875800803451107
4901,0.8497009081402007
4902,0.2666234015366061
4903,0.3478003318047148
4904,0.45750603714515836
4905,0.5850456016899047
4906,0.41496656014147026
4907,0.8965056622555354
4908,0.5949190153251998
4909,0.5056305446533399
4910,0.6828363410459412
4911,0.8739245328049526
4912,0.8279236226285931
4913,0.9014531580043237
4914,0.4581983588791473
4915,0.8545192188340218
4916,0.9754973421492062
4917,0.3479986076390522
4918,0.9812203488624607
4919,0.9770799348908957
4920,0.47226889012552187
4921,0.6112772672675448
4922,0.826247256040159
4923,0.9702493544350583
4924,0.3877684609736691
4925,0.15374160958713953
4926,0.8248805336164299
4927,0.9211317484601043
4928,0.4173231118807325
4929,0.9793604468622279
4930,0.3838349203197943
4931,0.44655233450767357
4932,0.39221892307563255
4933,0.4574491834456372
4934,0.8827011748625915
4935,0.16661913946885842
4936,0.9793009092372204
4937,0.40966900820189855
4938,0.5444384923148027
4939,0.4802596326987713
4940,0.33707270724073807
4941,0.32398696121113135
4942,0.6126407425123379
4943,0.4098645430917039
4944,0.3222259033368317
4945,0.5659680117101763
4946,0.7505825649241552
4947,0.4368203877662126
4948,0.4445613130767354
4949,0.34486986237959283
4950,0.6208029393935123
4951,0.5112716456922093
4952,0.2880380707881024
4953,0.2778058430837282
4954,0.45394232721974437
4955,0.43144815394437164
4956,0.766611654864255
4957,0.3740543978528595
4958,0.4834605545709568
4959,0.26106659415952893
4960,0.2399785014524408
4961,0.6729938741495022
4962,0.4804439258147696
4963,0.326728400775262
4964,0.2738261747736505
4965,0.32120997631956694
4966,0.8300272260234453
4967,0.22566548390186486
4968,0.5353623539027512
4969,0.37143547702829893
4970,0.4142921252981888
4971,0.8913387122221579
4972,0.5510139269783604
4973,0.9881931283042775
4974,0.6181040630357241
4975,0.30810461558697505
4976,0.5221050767585179
4977,0.30275819521411185
4978,0.3985973343514397
4979,0.3082007860473728
4980,0.30767402327457605
4981,0.5670638827945335
4982,0.5299439315320655
4983,0.8505856727114823
4984,0.6868065669625698
4985,0.6721331437994328
4986,0.9021929700521366
4987,0.6092660934808809
4988,0.7388944979199588
4989,0.6913031271470476
4990,0.8837918127209423
4991,0.2230827087860317
4992,0.33203335037055803
4993,0.33602830866713906
4994,0.5987373979801434
4995,0.6281626470366248
4996,0.8281456709385016
4997,0.9818614002815336
4998,0.7783581771120007
4999,0.4178581234444265
5000,0.9421661994227923
5001,0.8821688676304316
5002,0.5607715885506603
5003,0.41281394623215656
5004,0.9797907131961697
5005,0.14739740191810893
5006,0.442492343621493
5007,0.4203582540670607
5008,0.3045776830832415
5009,0.7761310739525348
5010,0.32219411373119344
5011,0.4890214991362719
5012,0.3117360110361138
5013,0.9741907403573423
5014,0.4920870329428656
5015,0.36739057346732923
5016,0.5772166336315483
5017,0.4872388205289431
5018,0.2989418365814232
5019,0.4032629245089875
5020,0.48057966065703034
5021,0.9191399303826489
5022,0.2015710538377222
5023,0.5471585117510949
5024,0.9801109319389344
5025,0.45184255404612444
5026,0.4422451968553531
5027,0.30994712850286665
5028,0.2959465332188256
5029,0.17364691100120339
5030,0.15226964083736108
5031,0.14922898965872772
5032,0.9888046049713263
5033,0.8287304139570302
5034,0.5215446591466104
5035,0.6133233756237402
5036,0.3552660804429979
5037,0.506402836844801
5038,0.5103679734122702
5039,0.3951767971107174
5040,0.8111867133534607
5041,0.6271990525532547
5042,0.22595683532560745
5043,0.21554854503227794
5044,0.5039978594465662
5045,0.2674222074373849
5046,0.2860790682475557
5047,0.49350879242377993
5048,0.43740257428362606
5049,0.8111150618227544
5050,0.36481608254319653
5051,0.43799031954475776
5052,0.984789583388228
5053,0.5212942565743637
5054,0.9693735493054059
5055,0.6759289858449935
5056,0.5166049065637318
5057,0.5471747728365528
5058,0.2889931118361331
5059,0.340325673806722
5060,0.8146067646938315
5061,0.18183284026080054
5062,0.788767358208907
5063,0.5807017730378247
5064,0.9845182429003623
5065,0.5202656539075234
5066,0.31384428649128515
5067,0.2825100194687504
5068,0.4906976289023146
5069,0.48525552893494506
5070,0.4072534118468877
5071,0.7969405387390154
5072,0.3503925611355256
5073,0.976066411561382
5074,0.30230222626675646
5075,0.14727454251796598
5076,0.24505947767381647
5077,0.4493468229985347
5078,0.4675017431277304
5079,0.3424250452082502
5080,0.7800573706494004
5081,0.9824585192273044
5082,0.2887910613079719
5083,0.4516851276771655
5084,0.47449438346401657
5085,0.7554861042192056
5086,0.9824875883063405
5087,0.8635022861946793
5088,0.33930270110292876
5089,0.32392235756292465
5090,0.4641274937365923
5091,0.9204629302239874
5092,0.46991055003222204
5093,0.2688425964425564
5094,0.36186284762498677
5095,0.5249465378120012
5096,0.48285911242325263
5097,0.32212903502957635
5098,0.7281631654710379
5099,0.30329657019750217
5100,0.9608828242655296
5101,0.6689085722272985
5102,0.22563017392201987
5103,0.48187199477586573
5104,0.551268733376491
5105,0.793858715268585
5106,0.9140597841284801
5107,0.9881611745160286
5108,0.6472004123711527
5109,0.4572422076751401
5110,0.8442524400105476
5111,0.4870572295740637
5112,0.43547488751180397
5113,0.3711961311002753
5114,0.9746968216439678
5115,0.7025061931841363
5116,0.3840017075344243
5117,0.8642668761011238
5118,0.8236324737386129
5119,0.7531653162278562
5120,0.37881469106381893
5121,0.604593302864487
5122,0.5246322436573929
5123,0.3490209426673157
5124,0.8962828375209575
5125,0.4858981852018166
5126,0.43850280623243465
5127,0.42215178257691094
5128,0.35071552283550045
5129,0.3477170766835638
5130,0.31773372217500334
5131,0.21073378233783058
5132,0.31177866999571363
5133,0.668543188763586
5134,0.486920109709571
5135,0.6546515890465503
5136,0.3557860262261459
5137,0.2731065406958471
5138,0.5494996043541844
5139,0.7868665978657245
5140,0.2795136306054055
5141,0.8812684586368282
5142,0.3886501014165512
5143,0.22673608731075032
5144,0.756543140180396
5145,0.8215275038995689
5146,0.9718274132809146
5147,0.5757835323141476
5148,0.4593004252375895
5149,0.9739283999159759
5150,0.47080909551294425
5151,0.8462136160723965
5152,0.5750525781956846
5153,0.3761082238840684
5154,0.5437789137559079
5155,0.3563164658993305
5156,0.4706024763941121
5157,0.3216742820626946
5158,0.5608619025378996
5159,0.3449696884539715
5160,0.3207182786193987
5161,0.26157059576509617
5162,0.44401395093940554
5163,0.8705833738755686
5164,0.5157746628365587
5165,0.9129380018009691
5166,0.302696712375883
5167,0.12167073151535612
5168,0.9066232352974306
5169,0.27249800098281135
5170,0.6359099848627077
5171,0.22448694520833454
5172,0.18584556437968408
5173,0.9584621236177913
5174,0.4829379366856775
5175,0.599658311748587
5176,0.313844067478086
5177,0.6755550743361097
5178,0.3228497270325384
5179,0.3618471068612013
5180,0.8609973903792405
5181,0.6482233479210618
5182,0.8553038374297279
5183,0.2973729709932849
5184,0.7812623317735152
5185,0.5245864795080122
5186,0.800080752492852
5187,0.9284699322868861
5188,0.53307668606323
5189,0.7311086535393293
5190,0.4874260088224076
5191,0.5030795588471283
5192,0.2003661825651433
5193,0.3555861408976382
5194,0.8538649160933054
5195,0.7379516183596998
5196,0.8040330138785516
5197,0.23116949076409027
5198,0.20473558606098438
5199,0.6630668995717045
5200,0.8289034433135178
5201,0.8087959326727311
5202,0.950107951430475
5203,0.9067948087845376
5204,0.32610098243355556
5205,0.5876298901796502
5206,0.24519358130115526
5207,0.8575289924617495
5208,0.301324566328559
5209,0.8977945037306958
5210,0.42009169192749757
5211,0.4572996778517551
5212,0.8018928192716327
5213,0.5902378605351652
5214,0.8200736523549462
5215,0.38410547438723647
5216,0.8036075540978759
5217,0.3785952953767194
5218,0.5657614374989385
5219,0.7989312256805605
5220,0.8094092642275144
5221,0.48810451090215223
5222,0.37063071904815564
5223,0.4993499319249217
5224,0.38680263615611155
5225,0.9776722607362173
5226,0.2216798881348148
5227,0.8605106545766386
5228,0.2719928567721236
5229,0.2920884169776265
5230,0.5757585808890718
5231,0.688702932365781
5232,0.2093099637951197
5233,0.2830479869049064
5234,0.4521480129485941
5235,0.28776789358330473
5236,0.5769621745359022
5237,0.986026631024567
5238,0.528315743039754
5239,0.9776692182143033
5240,0.6049037138798187
5241,0.8863084847461444
5242,0.9020821271541863
5243,0.19197829434874394
5244,0.47705118232765864
5245,0.9174230306242034
5246,0.6884479401276677
5247,0.24715635021876706
5248,0.30280719233101705
5249,0.3448694415485566
5250,0.4751424590110568
5251,0.6687311011889804
5252,0.9162454030180824
5253,0.4315682508774693
5254,0.49026830047528763
5255,0.3207512330933928
5256,0.8743119504440253
5257,0.8380162558487176
5258,0.9783714744299445
5259,0.33437129292725754
5260,0.594548040381552
5261,0.3881140985733663
5262,0.2110773238785579
5263,0.49734354899053745
5264,0.9890129704510756
5265,0.8517498627036851
5266,0.5379782217914447
5267,0.9824649513227548
5268,0.5202654842510225
5269,0.3508600961086893
5270,0.5654176590059359
5271,0.49846890525481136
5272,0.45012281982991015
5273,0.24741655718589023
5274,0.4113612421491338
5275,0.28698199734076396
5276,0.4801175505626123
5277,0.3359352535574743
5278,0.35566113905228713
5279,0.4220627495121901
5280,0.45890910645464844
5281,0.974961706695342
5282,0.9357352255107458
5283,0.36602732673983635
5284,0.9266223633759743
5285,0.9754260303091462
5286,0.4088250313470145
5287,0.4054367006081424
5288,0.5210492679866734
5289,0.3650010108015179
5290,0.4246982119367933
5291,0.7188342604016049
5292,0.4852250071193716
5293,0.6066362905986773
5294,0.4439820617397608
5295,0.24084212662033394
5296,0.3073739464140304
5297,0.3351512285723392
5298,0.3255891675200946
5299,0.27412182665790175
5300,0.662639634736788
5301,0.39881630081497754
5302,0.1986079925347982
5303,0.7908862813429834
5304,0.4018009101107616
5305,0.6207343519459836
5306,0.7978746673509258
5307,0.665939623371087
5308,0.3783468379706579
5309,0.5015201957120002
5310,0.7571394959220783
5311,0.276804609174495
5312,0.9714109057441144
5313,0.2744368893652637
5314,0.32247279424912506
5315,0.5496797037573874
5316,0.7835833981855127
5317,0.38165786283752035
5318,0.5519468929137985
5319,0.5717826354331157
5320,0.955903575683488
5321,0.38283768787246386
5322,0.4823485183045879
5323,0.820940628416448
5324,0.9732149717194115
5325,0.2539491129977466
5326,0.45856761018204645
5327,0.3442254317879293
5328,0.46497223725272
5329,0.5788286545896514
5330,0.7313212513350258
5331,0.3473033035844272
5332,0.9300269003370034
5333,0.19600052511805033
5334,0.727106135143237
5335,0.36662131418994826
5336,0.3352657712265302
5337,0.33556065762157417
5338,0.4732689345861661
5339,0.36230467072253514
5340,0.4468948768170224
5341,0.8776795795108281
5342,0.49456276562821055
5343,0.9797565631119975
5344,0.6157323725738056
5345,0.3312481699255845
5346,0.27811132256291776
5347,0.9713303849640039
5348,0.7964628627109442
5349,0.3945440800392743
5350,0.3333798183252127
5351,0.34318804436460143
5352,0.9494396423147221
5353,0.3754003401847724
5354,0.8344279988139948
5355,0.31952364247203036
5356,0.5059371704063503
5357,0.7354279670493165
5358,0.5925425827445662
5359,0.41089660490894464
5360,0.3416155502853244
5361,0.475592750061573
5362,0.9828037056094833
5363,0.9337192019539732
5364,0.8902437110288519
5365,0.24031279334228112
5366,0.7498607337050845
5367,0.8247118543426298
5368,0.28728156621321654
5369,0.9635951504645064
5370,0.8259454242900539
5371,0.5624091072813936
5372,0.8483012825419934
5373,0.615183118516328
5374,0.8380030207512859
5375,0.9737837966695898
5376,0.34326294794216256
5377,0.30907954389793824
5378,0.3630368341945923
5379,0.3482192313170976
5380,0.5388038157548848
5381,0.3160765930693562
5382,0.45932428889129784
5383,0.5264452868637539
5384,0.5707219477459342
5385,0.19577251888071742
5386,0.4246148813195412
5387,0.3348473782712708
5388,0.39725639880538255
5389,0.8694626152270597
5390,0.6179566366917091
5391,0.47979640158515025
5392,0.974969667407642
5393,0.22489938018912362
5394,0.21210513151493507
5395,0.8557467993389034
5396,0.9800663652955315
5397,0.3317248754579897
5398,0.9853752679988155
5399,0.5377855910569667
5400,0.33627111879340504
5401,0.7490374246317775
5402,0.5704486454425812
5403,0.40634706801409115
5404,0.21272490095854274
5405,0.5141436474537184
5406,0.34389803584178297
5407,0.5030012352157693
5408,0.3089222046893116
5409,0.5892702259721028
5410,0.48532530896673365
5411,0.981065987278598
5412,0.1852174161674024
5413,0.36573164340455744
5414,0.8847544111397283
5415,0.3481650199467576
5416,0.980106264548294
5417,0.2685000521945475
5418,0.9707280115054394
5419,0.9656217700769247
5420,0.9901252164309575
5421,0.842553730716252
5422,0.7594150373396389
5423,0.325298538998623
5424,0.3600746829860068
5425,0.9133078993137587
5426,0.34007200406189425
5427,0.6532558473708595
5428,0.9838758312756337
5429,0.5610237040752558
5430,0.193794468111458
5431,0.9176522522420291
5432,0.5431727372238944
5433,0.2875703661403972
5434,0.32565365788603373
5435,0.6150019569614164
5436,0.980135262521046
5437,0.7933218181382479
5438,0.17388343309338694
5439,0.23309115777171224
5440,0.7513008756374828
5441,0.23191627002330714
5442,0.3145262831005755
5443,0.35039341188746714
5444,0.44708909443867006
5445,0.3453863422416823
5446,0.8904690493423408
5447,0.6684758161956591
5448,0.37276220239221314
5449,0.3342807756922731
5450,0.4043194151398964
5451,0.44183102650813694
5452,0.8049918913905874
5453,0.409467917811054
5454,0.39211188029284594
5455,0.3173572626221873
5456,0.9399710762937479
5457,0.18326478610996122
5458,0.9761893664265637
5459,0.2940824387177969
5460,0.31505209393525385
5461,0.2945138695404994
5462,0.9769313633265082
5463,0.8636977364513517
5464,0.31043631004789585
5465,0.37209984647190314
5466,0.23336587613277637
5467,0.46349539994168565
5468,0.6705495096554364
5469,0.9739692438941044
5470,0.09830097136093632
5471,0.2561333602555493
5472,0.6661884727754879
5473,0.5098361001208148
5474,0.7136706617234273
5475,0.2815875487215235
5476,0.26522630265081304
5477,0.9296859012153657
5478,0.5692889727612301
5479,0.44318329109991117
5480,0.2401072279615093
5481,0.5485907925505689
5482,0.2599222209311517
5483,0.4025310363254501
5484,0.5907191418279083
5485,0.2930971323372292
5486,0.3411017059894584
5487,0.12584037798467979
5488,0.2795188414275993
5489,0.9569615955642324
5490,0.4405718523852163
5491,0.39078190523264555
5492,0.5758355577373826
5493,0.25407174495237317
5494,0.9752869421031745
5495,0.3904741744183964
5496,0.803003920880164
5497,0.7180424630839359
5498,0.3112583006887092
5499,0.527481655064151
5500,0.5399536889004326
5501,0.41579704060075884
5502,0.332045756652131
5503,0.8410615731045838
5504,0.7391256882330415
5505,0.17025754317809333
5506,0.4934532384057142
5507,0.5513959177366635
5508,0.19494093170411247
5509,0.9722563194620067
5510,0.7541568146790552
5511,0.3888826617069068
5512,0.5622991831047343
5513,0.6596470448136255
5514,0.4042693747760025
5515,0.28653987141358034
5516,0.7123902417819032
5517,0.6118373899555811
5518,0.6719957882727866
5519,0.28448923224481204
5520,0.3640138173397528
5521,0.36694159912014424
5522,0.3436726974098141
5523,0.5400482151604069
5524,0.12172023499968836
5525,0.9818857277041287
5526,0.3062581284552815
5527,0.22568184349516546
5528,0.9725762931081459
5529,0.9754506273403989
5530,0.5691912486131138
5531,0.37744082621195985
5532,0.5109796188710772
5533,0.2838831886263189
5534,0.6533675761511326
5535,0.3843585112280789
5536,0.7421919724726525
5537,0.397529860515947
5538,0.4676393394412961
5539,0.6151585784797452
5540,0.2568629498198105
5541,0.5275589208827792
5542,0.3607242139609717
5543,0.7571682285860448
5544,0.3428139694831537
5545,0.7351630220923682
5546,0.9819278580363882
5547,0.33539796565190666
5548,0.3649434677406419
5549,0.23572955913440705
5550,0.34960672030917733
5551,0.7163271430428931
5552,0.66013733010799
5553,0.5726616946147021
5554,0.15167900015841132
5555,0.4100148253268606
5556,0.9214612155963666
5557,0.7930597672220991
5558,0.27497385792951223
5559,0.9067306233785175
5560,0.24653701590453317
5561,0.9832530452868026
5562,0.6851159871540602
5563,0.48190070393289164
5564,0.9248655097461604
5565,0.9764885531285658
5566,0.19652349325054985
5567,0.262865298660814
5568,0.5228294610092787
5569,0.6296171058786473
5570,0.42858918271116275
5571,0.420835660807082
5572,0.884254477232557
5573,0.8344142910224008
5574,0.8108368266093692
5575,0.6531453323269696
5576,0.3637279281103888
5577,0.8800214261354271
5578,0.5462942335084653
5579,0.41931119436797215
5580,0.3684671303729118
5581,0.5850445722453594
5582,0.5568215932925551
5583,0.8953848497599395
5584,0.574817446594163
5585,0.4721950190154601
5586,0.2178472082512798
5587,0.2131195556296529
5588,0.5417085827102646
5589,0.6777401252756351
5590,0.9359751851136751
5591,0.2518306747366325
5592,0.3458893691595579
5593,0.24691347339239728
5594,0.9086955525511915
5595,0.46502327250981423
5596,0.1769419070297425
5597,0.9461132383338909
5598,0.3231615158092286
5599,0.3511197959893741
5600,0.5030925087286705
5601,0.16999853829171974
5602,0.9776690917730128
5603,0.37133154052512096
5604,0.4389280383816436
5605,0.7560839218219264
5606,0.9682047519739752
5607,0.5857613572631531
5608,0.5267674983665775
5609,0.476627071275721
5610,0.5018155132681688
5611,0.71414140777331
5612,0.9779575503518292
5613,0.34729785057334533
5614,0.6145871718703259
5615,0.34391244947009897
5616,0.42099905437680496
5617,0.5062590910497401
5618,0.879533531200601
5619,0.2838473427178949
5620,0.3662264892737643
5621,0.3140930782610312
5622,0.8932036411203215
5623,0.7855304901401567
5624,0.9812378781826346
5625,0.5316460611491735
5626,0.74853894400594
5627,0.8235469173458271
5628,0.36581794129667583
5629,0.6265460862844296
5630,0.4602058669586767
5631,0.9717498868013615
5632,0.5420961961926931
5633,0.4043110300123599
5634,0.9774779977251924
5635,0.7762829820300727
5636,0.43800537920657134
5637,0.9703390883176676
5638,0.3295015689641799
5639,0.834985623226864
5640,0.977781919347275
5641,0.3696968122128904
5642,0.47539438627952474
5643,0.15582294275241934
5644,0.25483396923020357
5645,0.29455586719691845
5646,0.8702737967624995
5647,0.46332758056255025
5648,0.5507866442672487
5649,0.9690421926703806
5650,0.8484036949172384
5651,0.6901693586333649
5652,0.38661605953612443
5653,0.9869122171495156
5654,0.29369407237143785
5655,0.5916423863523361
5656,0.7018743774295286
5657,0.5955968578169573
5658,0.9617554546666822
5659,0.46861782041800193
5660,0.882067929633344
5661,0.456860871738386
5662,0.4958497589587956
5663,0.8645041180707826
5664,0.3377351622576667
5665,0.22175578015178737
5666,0.8213808664058787
5667,0.37334357509717253
5668,0.7641852070190572
5669,0.9721695023358607
5670,0.48556986813833136
5671,0.6409445519717927
5672,0.4627017760419644
5673,0.8328299735311882
5674,0.21646723456875844
5675,0.25159397096321884
5676,0.27010992171694864
5677,0.3579791711433735
5678,0.967447082993366
5679,0.4540876601302841
5680,0.7167719157057231
5681,0.3087155040484263
5682,0.31527162468428516
5683,0.37892471754079304
5684,0.5805170366491947
5685,0.8742345193991373
5686,0.9724120744265771
5687,0.5136126251816984
5688,0.2076213234389381
5689,0.39618665012048193
5690,0.4226979927034791
5691,0.4131117616369581
5692,0.31505033621322065
5693,0.48873135749299024
5694,0.4610528360502519
5695,0.5497859758911754
5696,0.6641320417055727
5697,0.2748908999113799
5698,0.25620805714352346
5699,0.389736715653406
5700,0.6312857987533005
5701,0.8310845773727232
5702,0.2693518775028581
5703,0.9786275609406759
5704,0.6795512258492709
5705,0.215100995126066
5706,0.6986672533755627
5707,0.28457115472981437
5708,0.39005422034911486
5709,0.4983074577522799
5710,0.287335856982905
5711,0.5080927375944946
5712,0.8530520684791975
5713,0.5286798621993137
5714,0.30847068627960544
5715,0.9139321828512472
5716,0.3251381033343804
5717,0.8563507043684524
5718,0.3611921518983097
5719,0.8205083244251773
5720,0.9807832583416791
5721,0.36482339977782213
5722,0.46919975530967417
5723,0.3372373125462512
5724,0.8551485317307275
5725,0.3677691268601683
5726,0.8157364338900326
5727,0.8427265172050241
5728,0.3406888527923226
5729,0.31078151152728284
5730,0.39277504650747447
5731,0.42069145576338635
5732,0.21903723390166827
5733,0.29238377597064813
5734,0.49988969693622154
5735,0.3618119198256831
5736,0.3196328036146368
5737,0.32009417502060744
5738,0.3147658963750635
5739,0.8324904923688042
5740,0.962615461637444
5741,0.8313695031362313
5742,0.34733375665540633
5743,0.24950053500261868
5744,0.6757534944060861
5745,0.3344108822363748
5746,0.7123234649532122
5747,0.6304510836077131
5748,0.4603379643184969
5749,0.9845658821778789
5750,0.3023176128835594
5751,0.9831366196179989
5752,0.5342540731743216
5753,0.6613113118139807
5754,0.5150010171209175
5755,0.6304711882920369
5756,0.7719293997714185
5757,0.30965450427749747
5758,0.28751087759932586
5759,0.37765994949710646
5760,0.3690269366816372
5761,0.3599710073415612
5762,0.7883593366819299
5763,0.5060947811048035
5764,0.2658308610691124
5765,0.6801297327002088
5766,0.2741856861997316
5767,0.8143097250600322
5768,0.9451578666439026
5769,0.6507303005925718
5770,0.19993883418405908
5771,0.8494883657242844
5772,0.32113802454593676
5773,0.9559491684934913
5774,0.3012945128502825
5775,0.567918841218202
5776,0.2627676523483672
5777,0.8508586820263676
5778,0.8328018929390151
5779,0.29490335997655837
5780,0.9149532539890146
5781,0.9895796747148757
5782,0.18288438832560608
5783,0.4692287640283098
5784,0.3800990399677523
5785,0.5572840325654114
5786,0.971508371476838
5787,0.5383970788823531
5788,0.9073185155136754
5789,0.5284163110650606
5790,0.5410450722603688
5791,0.7395458537818942
5792,0.38924714148059203
5793,0.8907470359095288
5794,0.9768223591782179
5795,0.5299589917884368
5796,0.35345597076538793
5797,0.32491693901095364
5798,0.7573970285401705
5799,0.8250215605008807
5800,0.9286307231393707
5801,0.9799510743992079
5802,0.5106351058675335
5803,0.3255323454440846
5804,0.39016463938802726
5805,0.4354425189006049
5806,0.368158524708562
5807,0.33641318723086283
5808,0.31479377478117326
5809,0.7526665481195419
5810,0.27703592590901915
5811,0.9275925826843693
5812,0.4167121665310609
5813,0.9508603766950869
5814,0.3138997193972827
5815,0.3862556567142691
5816,0.7595915104235009
5817,0.42717357514288
5818,0.5496498917607383
5819,0.9110139528683247
5820,0.8217956974025284
5821,0.5601664491377455
5822,0.38331817250592354
5823,0.8555237345812856
5824,0.30183669762411736
5825,0.24110755918636945
5826,0.4016220892922591
5827,0.3614818303655688
5828,0.8776934902799218
5829,0.5112083779689373
5830,0.6736704336582848
5831,0.3443557329594073
5832,0.6895798214506839
5833,0.7649384188031932
5834,0.40119440351011965
5835,0.6129287327463696
5836,0.2799242169834226
5837,0.9180582429192405
5838,0.44879521877426576
5839,0.38998893235106696
5840,0.8856039929592495
5841,0.6365194534755578
5842,0.3124357289122686
5843,0.5930798110509978
5844,0.6456161453148039
5845,0.9790663372369283
5846,0.15254036081840006
5847,0.40535198605779105
5848,0.8883015382302409
5849,0.9723543295239941
5850,0.5487390788192552
5851,0.9806396846799192
5852,0.9748263931774206
5853,0.2732856018683856
5854,0.46381323122177953
5855,0.7909569132399756
5856,0.3335989767053472
5857,0.46376487627409035
5858,0.9389585312580567
5859,0.3987995177045883
5860,0.42603032371398997
5861,0.2345459307964869
5862,0.4984761883042939
5863,0.32273643654160655
5864,0.2828456581603122
5865,0.791393906687313
5866,0.43790492368561806
5867,0.36749264035253054
5868,0.36539118279524424
5869,0.5887753931770888
5870,0.5536094060454446
5871,0.2321240451174341
5872,0.616486335469477
5873,0.9403980696424117
5874,0.380634236997793
5875,0.29196931826308353
5876,0.3677779187548654
5877,0.29714492456297315
5878,0.3342925292956419
5879,0.7579178037429035
5880,0.18444670155954324
5881,0.5077639499863378
5882,0.5305523648328707
5883,0.19437962972592296
5884,0.8651940421777057
5885,0.29267035086733995
5886,0.8168996645715132
5887,0.8465194350864543
5888,0.9003587958222439
5889,0.36280903789591756
5890,0.4974925495690171
5891,0.5619695213024658
5892,0.7517148918559021
5893,0.2901582611351477
5894,0.5296533451346662
5895,0.5232243172363769
5896,0.4214231098479404
5897,0.9855597052000714
5898,0.23696868553372807
5899,0.7790585165271751
5900,0.5768893235281698
5901,0.44733757865943663
5902,0.5042515215011317
5903,0.9566700145673848
5904,0.4270211374032924
5905,0.563090116722827
5906,0.502286994503189
5907,0.8395244117166939
5908,0.3812364227733344
5909,0.7207566596918913
5910,0.9769342885761533
5911,0.24524977706367906
5912,0.9789216994694039
5913,0.49766391928220266
5914,0.4294087202747798
5915,0.5937067191249438
5916,0.4123870581642286
5917,0.3613530712486338
5918,0.706474999167811
5919,0.200274519921755
5920,0.35731413045318244
5921,0.28928883583751347
5922,0.8863472357005432
5923,0.7038680429749195
5924,0.5038002985594618
5925,0.3163047782673728
5926,0.3312888621457955
5927,0.7220844214614035
5928,0.25785390987040757
5929,0.29588353336203566
5930,0.2436914593258454
5931,0.3657854571562863
5932,0.36501411434575404
5933,0.47964901544967176
5934,0.8328413663899514
5935,0.8900108133574779
5936,0.37139663073420787
5937,0.3039228727954487
5938,0.8311658523608332
5939,0.864750970930614
5940,0.5385687007761742
5941,0.6924650875584674
5942,0.3263891728044035
5943,0.9389719513084593
5944,0.6875601054665974
5945,0.26817231512372686
5946,0.559466455310125
5947,0.3705814193657633
5948,0.9842066740816076
5949,0.44015022595022846
5950,0.9809444812405229
5951,0.27970942822464717
5952,0.45103372573824546
5953,0.5969848439068686
5954,0.7841795097398312
5955,0.6811654988143344
5956,0.9776796434947965
5957,0.9843698093864283
5958,0.28694238280082607
5959,0.9742588456610661
5960,0.2667099757860221
5961,0.4531955361733544
5962,0.644923991235731
5963,0.2743247201349884
5964,0.6596553153404062
5965,0.16390921619882845
5966,0.4579522894395597
5967,0.24060364799593748
5968,0.9808267139892022
5969,0.39469617183389777
5970,0.37551098938310457
5971,0.5087691088637958
5972,0.6945594115186347
5973,0.783522785361596
5974,0.15554047078357258
5975,0.811303737322437
5976,0.32705776715085194
5977,0.5225296760556839
5978,0.37828784370435853
5979,0.5511279312504339
5980,0.3887739238964917
5981,0.5526656212761384
5982,0.7065510231129313
5983,0.34309532933732273
5984,0.26763139622402354
5985,0.875940905456364
5986,0.7778635786312489
5987,0.3254302452734463
5988,0.3826145662871887
5989,0.7097676760572361
5990,0.7101033022032808
5991,0.5425931259935264
5992,0.6747582805155276
5993,0.26777766272447434
5994,0.9005376375868985
5995,0.9702253117683287
5996,0.9677109760733513
5997,0.8687680848686954
5998,0.670763133614488
5999,0.18968060195833797
6000,0.33831961600071014
6001,0.45013464242163403
6002,0.4589567739092093
6003,0.17194066426483962
6004,0.32155807709566403
6005,0.9809219506225054
6006,0.29699945845607206
6007,0.6157900118978717
6008,0.5470920291150051
6009,0.9764282447381503
6010,0.2817623622405983
6011,0.943487019822085
6012,0.8579752869995351
6013,0.5028232425388586
6014,0.32278702710612484
6015,0.4298594575362864
6016,0.2799005671281559
6017,0.40981802947016693
6018,0.972921078547045
6019,0.452376790817832
6020,0.9868303181502853
6021,0.9192717435465438
6022,0.31408457063647793
6023,0.2833586631842526
6024,0.20774330097501523
6025,0.36166390024985445
6026,0.5924170977056622
6027,0.9792930239662412
6028,0.6098333387844583
6029,0.9861796123105686
6030,0.9283107985889338
6031,0.598401166629961
6032,0.8440054726569133
6033,0.5907472492336301
6034,0.33942961655132337
6035,0.3243259308822912
6036,0.9877868423917129
6037,0.6588988887957706
6038,0.8049195734063722
6039,0.9186324240583743
6040,0.9000681561867223
6041,0.9767831632854111
6042,0.41742929385102057
6043,0.3157339528929016
6044,0.875553774521932
6045,0.47794504866050636
6046,0.3654419219664989
6047,0.584145070503536
6048,0.548450489911349
6049,0.27111121033755137
6050,0.9716196739801128
6051,0.7707247009444458
6052,0.9078605981685539
6053,0.9659829034103484
6054,0.30379513287512483
6055,0.7020977632171997
6056,0.41741277957137796
6057,0.3706909907698649
6058,0.9429763257845679
6059,0.906527044738029
6060,0.3695845485461552
6061,0.7512434243703919
6062,0.4957486012778294
6063,0.5103786532004709
6064,0.7795116383777402
6065,0.34079448357490094
6066,0.4483939397291922
6067,0.6083198854244939
6068,0.981359659260756
6069,0.1943701967991422
6070,0.973692939193246
6071,0.38241594273634455
6072,0.8317400146120457
6073,0.8753502286645389
6074,0.732607533934754
6075,0.3248610114171183
6076,0.47507142464731444
6077,0.81151845614547
6078,0.7407439050584889
6079,0.26851019538871124
6080,0.24078275436091925
6081,0.2619687313697557
6082,0.7822728403580277
6083,0.34594103075223137
6084,0.57797405512045
6085,0.3971081638182967
6086,0.8718631696968407
6087,0.9688399623118018
6088,0.3850635546752809
6089,0.893250296753055
6090,0.24102966974228313
6091,0.33153077295719285
6092,0.8412338921197858
6093,0.4610559082140635
6094,0.2623203039059511
6095,0.9826405797717157
6096,0.47114221100370846
6097,0.9306243138565894
6098,0.40468971100387274
6099,0.31613676643165767
6100,0.9708653621512364
6101,0.36397364406474875
6102,0.5275180757882216
6103,0.7858880779145281
6104,0.6233064212380828
6105,0.8636771140651147
6106,0.27436714494705194
6107,0.48592336246467016
6108,0.3366183797610525
6109,0.19221364291009002
6110,0.9800001681911136
6111,0.39932154220240346
6112,0.4773138828772223
6113,0.33937342202889087
6114,0.966515894118266
6115,0.919246495057213
6116,0.9742447065352118
6117,0.27614924813540775
6118,0.8667711781544157
6119,0.5443619060102417
6120,0.3208795282122915
6121,0.9146362206059822
6122,0.36774361074208134
6123,0.8653619599293159
6124,0.34495341166556964
6125,0.42594240782995424
6126,0.39253696330160526
6127,0.3889122310856723
6128,0.419541749838793
6129,0.7068553657217052
6130,0.3575579066864131
6131,0.961137456097699
6132,0.5162217573994795
6133,0.4570577694327814
6134,0.8894311539778057
6135,0.34048676374736964
6136,0.5688949063142945
6137,0.5966657782556872
6138,0.28688054369640303
6139,0.3089804104714931
6140,0.40904677872074724
6141,0.5077587290657158
6142,0.9848161935096277
6143,0.35046700251732354
6144,0.5404289534546617
6145,0.4644459599296179
6146,0.4662679207590096
6147,0.35766482864954646
6148,0.3498856494777284
6149,0.3789156629204478
6150,0.4769263721492385
6151,0.8713058393238637
6152,0.4112226044519184
6153,0.8192260163327826
6154,0.45921367111902256
6155,0.20048732133801817
6156,0.3270787159391719
6157,0.9188051993044262
6158,0.9630972146158165
6159,0.4140066641126854
6160,0.8227951077765636
6161,0.4039993147669862
6162,0.5297311557633164
6163,0.35375514760098353
6164,0.7346836745309008
6165,0.45222969372067556
6166,0.48306711138916947
6167,0.37825026319174754
6168,0.5273872051807766
6169,0.23562020919424304
6170,0.5455841084488149
6171,0.46812705344175964
6172,0.7226943832108708
6173,0.4282861418503517
6174,0.9195519977878401
6175,0.8779904268348775
6176,0.35020513276623816
6177,0.28001018978722647
6178,0.38715819319906597
6179,0.5724912573138581
6180,0.37612148333548695
6181,0.8644397069218592
6182,0.9768460367635784
6183,0.19072956161908167
6184,0.6382344812878412
6185,0.47189082472564836
6186,0.3526690739022833
6187,0.4350534396596642
6188,0.23042917579046934
6189,0.5462297615078893
6190,0.16719039109922082
6191,0.8110259911773914
6192,0.8620052216883867
6193,0.23655527471754648
6194,0.4450572514047624
6195,0.42618716276339436
6196,0.4748857565969904
6197,0.41055870743493367
6198,0.891458533322292
6199,0.8111074456895702
6200,0.9848668408714001
6201,0.3609108981394183
6202,0.974921159838483
6203,0.9663441082381846
6204,0.3090540009836955
6205,0.6437624802171029
6206,0.7067677157375121
6207,0.9818092745536954
6208,0.6853643370599565
6209,0.8726584085246532
6210,0.7394226993054229
6211,0.330267187359108
6212,0.6673946856442967
6213,0.5656154180581044
6214,0.44511718794205946
6215,0.4095950439195613
6216,0.3123482220463096
6217,0.39294402397867945
6218,0.352835922025159
6219,0.650471763973682
6220,0.2430016826103797
6221,0.5605237873432553
6222,0.35631422018401165
6223,0.8142047743858941
6224,0.25335982726779344
6225,0.7490731207799413
6226,0.7968162424877435
6227,0.32274607617936873
6228,0.9714584831131599
6229,0.3805211342459722
6230,0.15322517388975843
6231,0.15299197636717
6232,0.44683164932482633
6233,0.32047390877101856
6234,0.7647192261254032
6235,0.4209214051006196
6236,0.3650255059305196
6237,0.9066963624457954
6238,0.3203494595554479
6239,0.4208593144241046
6240,0.5463137167419521
6241,0.8690836778941178
6242,0.5281664935948449
6243,0.42398469456813925
6244,0.7339698891630055
6245,0.3037082239264896
6246,0.26670790542745854
6247,0.5283791669481854
6248,0.35846615216733785
6249,0.46678553222337565
6250,0.9883120191093214
6251,0.33916167708112877
6252,0.3877115323924603
6253,0.4610000540459017
6254,0.986786152411266
6255,0.3567728398117357
6256,0.7453823975400934
6257,0.6040989768403909
6258,0.40853467488125605
6259,0.8283088584474926
6260,0.783122538050101
6261,0.9649051288476997
6262,0.5185234488716071
6263,0.7535857053749794
6264,0.3904994338615333
6265,0.5065331357319544
6266,0.28473602958565664
6267,0.3806092483028114
6268,0.2159784657614194
6269,0.4146442717846579
6270,0.2888492708027393
6271,0.8297667489528985
6272,0.6458250620912648
6273,0.45205785971151635
6274,0.47408045776698227
6275,0.9241789845303661
6276,0.4260410062497966
6277,0.9838539126996018
6278,0.6982616713498946
6279,0.3411963605352592
6280,0.28991437010177024
6281,0.3034305363834209
6282,0.706070732218764
6283,0.6971846701729361
6284,0.41832995935477635
6285,0.2670764706567451
6286,0.3449844702915462
6287,0.3112042400053457
6288,0.2402463109651072
6289,0.4987778287999012
6290,0.9826985851679385
6291,0.8642151458831692
6292,0.8073758932303491
6293,0.2517685023270535
6294,0.4857567660036074
6295,0.6681551287713814
6296,0.9752430987395988
6297,0.2438872815430943
6298,0.7731349744493209
6299,0.45902673974495045
6300,0.5089268036431737
6301,0.8464331646833929
6302,0.49925058631891645
6303,0.18863817302619257
6304,0.508269881397487
6305,0.33483265534364326
6306,0.47573746813993006
6307,0.324319511338982
6308,0.2734184412236886
6309,0.45885078512575006
6310,0.88058988654274
6311,0.9762858159674956
6312,0.6184822419408164
6313,0.8701687145885131
6314,0.26747083065543986
6315,0.22811042859200284
6316,0.9045957542280683
6317,0.85273576726168
6318,0.6664209405017866
6319,0.39866987215733385
6320,0.24291244492456252
6321,0.30443564940956197
6322,0.25631104567470175
6323,0.294265920567359
6324,0.45260052097652703
6325,0.4497170390812464
6326,0.5349441229718741
6327,0.5801630663923589
6328,0.4246437694147671
6329,0.44318388313576895
6330,0.565937523301736
6331,0.221650082849276
6332,0.9323125852177567
6333,0.8521070313019775
6334,0.703665364672608
6335,0.9832425585286738
6336,0.20471252869034104
6337,0.44067751384734605
6338,0.339944786294029
6339,0.6269764964450175
6340,0.7552570415254751
6341,0.2319509126218052
6342,0.32653282497245106
6343,0.5217031252526863
6344,0.9687497298443615
6345,0.9751516411510703
6346,0.4925256429648013
6347,0.4372468052332724
6348,0.26238912523772573
6349,0.8943165273209455
6350,0.5198063174387904
6351,0.6636736849867348
6352,0.9676225364151034
6353,0.7129806801893831
6354,0.7820718331405175
6355,0.5767619055633799
6356,0.5622295542963531
6357,0.5018414279950508
6358,0.5514416899211043
6359,0.4900259883008604
6360,0.5831672505572798
6361,0.40186008796914885
6362,0.921599483972999
6363,0.3656089162534988
6364,0.31551322974901636
6365,0.4578523804121146
6366,0.539298659335107
6367,0.41338701187407656
6368,0.22287597194293507
6369,0.23128502498992706
6370,0.238354820253984
6371,0.9055498345154447
6372,0.3483809802694182
6373,0.21537954111885915
6374,0.317804612674628
6375,0.7784689122249262
6376,0.31553872586830667
6377,0.4569558146439932
6378,0.896157650016722
6379,0.9847051115861252
6380,0.3850620505385373
6381,0.47973384658504487
6382,0.9768036540902562
6383,0.4481620393955344
6384,0.32725442195934457
6385,0.34016914802388265
6386,0.29714626461684734
6387,0.8474043352903798
6388,0.4674356863965712
6389,0.7740044583354486
6390,0.5411118833959698
6391,0.29253713691593086
6392,0.29689430929515936
6393,0.35914029719334223
6394,0.3646940307648501
6395,0.6646874450627333
6396,0.487667007440229
6397,0.2902434337147291
6398,0.9205956449169654
6399,0.8573217213654272
6400,0.7484959220987257
6401,0.476007619116958
6402,0.9643247547279067
6403,0.7821457663663011
6404,0.8703682087601535
6405,0.6060728144569074
6406,0.36052050148118986
6407,0.2320645791436143
6408,0.26888373703207924
6409,0.9299332683396527
6410,0.3944558952064535
6411,0.31971100776070516
6412,0.3244958592211207
6413,0.5049197953544571
6414,0.4453005074000248
6415,0.9764493813700617
6416,0.9669257056621172
6417,0.30522064987538144
6418,0.34738787079064914
6419,0.3017987914887654
6420,0.5377157742834071
6421,0.4051646889365089
6422,0.4834960284784721
6423,0.45111085145593455
6424,0.30970219781533403
6425,0.37552972110310534
6426,0.3722130833317704
6427,0.2950612741180542
6428,0.976711694561393
6429,0.9668909140042024
6430,0.5389176916445038
6431,0.4615838631309438
6432,0.9751443090603109
6433,0.32560519428356616
6434,0.8585966138520237
6435,0.35467690303327454
6436,0.535247215758095
6437,0.5552451292463053
6438,0.38080437692794467
6439,0.893442238145006
6440,0.5086514310906559
6441,0.15013090372304752
6442,0.9774752854432305
6443,0.44584278761426044
6444,0.841683030256621
6445,0.7838165453723919
6446,0.41635852511523885
6447,0.224607425776113
6448,0.837403123310301
6449,0.8512408090664586
6450,0.38172822720794425
6451,0.3539740718962505
6452,0.9855906568228022
6453,0.2911429030645243
6454,0.44174803192991285
6455,0.2890401993138293
6456,0.29703313643704915
6457,0.9729306109865996
6458,0.6773573130850844
6459,0.6065934143675987
6460,0.5798563700294206
6461,0.7037236692107306
6462,0.9544465675699811
6463,0.24914034187521092
6464,0.5042840702158168
6465,0.975934291975065
6466,0.1567556366772896
6467,0.25482787863091333
6468,0.24514287845134758
6469,0.5348081944380582
6470,0.5080654460059832
6471,0.8815726463640781
6472,0.534241489565121
6473,0.25672805362716966
6474,0.4564405453284339
6475,0.3102972139777715
6476,0.9821031964939502
6477,0.5559109316272632
6478,0.7165253453024013
6479,0.27004443290211455
6480,0.43465494258121196
6481,0.8258174075872509
6482,0.986432765470478
6483,0.9645388870877013
6484,0.4568070875967325
6485,0.9274362508902175
6486,0.18536872206182867
6487,0.9762556584442188
6488,0.6438191706761879
6489,0.2079006350358221
6490,0.3255246360614452
6491,0.8885623648132853
6492,0.9791548055973055
6493,0.6720392151474304
6494,0.844313765817077
6495,0.8317685276676154
6496,0.6495339997507084
6497,0.4620219730208072
6498,0.9690294058943079
6499,0.4094453282922099
6500,0.4980468945265641
6501,0.9778948259083506
6502,0.4214616160498934
6503,0.41622222442570983
6504,0.4108174973867465
6505,0.9868101695754828
6506,0.9757382496281926
6507,0.7045027607259675
6508,0.3511017409702131
6509,0.6321002665524272
6510,0.5882781203996179
6511,0.31578620062436275
6512,0.47877376209607314
6513,0.6354950928546113
6514,0.4356158696697455
6515,0.3558625036430005
6516,0.9686975832059123
6517,0.6874843794901309
6518,0.5434591642182438
6519,0.33441122405168144
6520,0.3761630828813773
6521,0.6921588058559972
6522,0.4260923319236638
6523,0.47067993544595627
6524,0.7316121328121943
6525,0.5048583834076418
6526,0.8129218141632367
6527,0.45374893415362366
6528,0.44960360734178195
6529,0.5013692735658005
6530,0.8018323556253872
6531,0.3010142677924433
6532,0.3656059177958858
6533,0.4148849210398902
6534,0.29628329736284226
6535,0.48760435576415107
6536,0.3526389315921892
6537,0.8976301885426519
6538,0.3013193806205473
6539,0.7876359484628127
6540,0.975452558205546
6541,0.5020203856996991
6542,0.8586689140544221
6543,0.5406320008156287
6544,0.40408069301981553
6545,0.30308538504997057
6546,0.4688421969132104
6547,0.2599233407111654
6548,0.17712900200582657
6549,0.23903488115472132
6550,0.3083034589168155
6551,0.4414549700562749
6552,0.7830369700923845
6553,0.6885618244517275
6554,0.5061445094599966
6555,0.8072156065877344
6556,0.4727784509169972
6557,0.9746101808389576
6558,0.8043823872754934
6559,0.4881295296660132
6560,0.20550351935380176
6561,0.34985721503028894
6562,0.9802628687421698
6563,0.5306571964719057
6564,0.3632991720429002
6565,0.31973711291359075
6566,0.2793057980919432
6567,0.9823488146646976
6568,0.3574929319337987
6569,0.9746589860935655
6570,0.25529001480501984
6571,0.868227198973808
6572,0.8199964685756552
6573,0.9180128714465159
6574,0.411837281912895
6575,0.23965187420048084
6576,0.2798819674559234
6577,0.6031959830753618
6578,0.7342221842443282
6579,0.37161378728093064
6580,0.4711377213954623
6581,0.9740246068657776
6582,0.7227842660153082
6583,0.9478145266063422
6584,0.5019773990461576
6585,0.6133328287071449
6586,0.2948524149199706
6587,0.9253303136119078
6588,0.9837221500516822
6589,0.2870689723415175
6590,0.15745593641371003
6591,0.5100054230045014
6592,0.9894243658699595
6593,0.5314700334955115
6594,0.5550693778135231
6595,0.9789091146401887
6596,0.3723723214106788
6597,0.44544483674212143
6598,0.4238334327594221
6599,0.9741289145688055
6600,0.9833804174736032
6601,0.27430948589285603
6602,0.5789066018789434
6603,0.17986947349263624
6604,0.8598245644266055
6605,0.3465014199279367
6606,0.3810900416997526
6607,0.8728199899048231
6608,0.6886714476961765
6609,0.36844019138932904
6610,0.21619591140794545
6611,0.2469587797456272
6612,0.8760197138446666
6613,0.3455351126547751
6614,0.3542669667346737
6615,0.5305562189962109
6616,0.5111629840314653
6617,0.7280664204911205
6618,0.18401095454379782
6619,0.9788160894372535
6620,0.28596299178985884
6621,0.49610975766602683
6622,0.7609204845531721
6623,0.9754923530040769
6624,0.8330013876933442
6625,0.7140371984863467
6626,0.6277698373138729
6627,0.16334221383536582
6628,0.4674466068594432
6629,0.9298992971740769
6630,0.9891095628678442
6631,0.6787317368839507
6632,0.5330161508972895
6633,0.27992696744700607
6634,0.4139771802696871
6635,0.37337980092350953
6636,0.813126157984664
6637,0.5168843691413174
6638,0.29463849840643014
6639,0.8303435149769672
6640,0.3115454132979152
6641,0.4762328472811751
6642,0.8225224974456964
6643,0.769506546582229
6644,0.33278345817689886
6645,0.36536324553993116
6646,0.4219709287741257
6647,0.5372593913001524
6648,0.9796592488483196
6649,0.28171715394187635
6650,0.42867958317344984
6651,0.6284974067712796
6652,0.33772951856425937
6653,0.3863151151527534
6654,0.864317592434866
6655,0.5819563243873288
6656,0.8262012203547096
6657,0.3189120779198124
6658,0.2800022497692708
6659,0.3641686031842357
6660,0.9249919117748587
6661,0.4000195016955359
6662,0.8645379354830235
6663,0.40000108005194407
6664,0.7989399374063616
6665,0.5811142431131285
6666,0.4283550412857081
6667,0.30798600349570127
6668,0.9783089340972471
6669,0.30102339301647285
6670,0.37219348536178704
6671,0.3870325397476212
6672,0.21763376352513603
6673,0.42985731526115145
6674,0.9796497903224377
6675,0.37452421566864946
6676,0.5865684416690009
6677,0.9906188633167627
6678,0.35122820299157176
6679,0.3082871537107881
6680,0.16331381368963213
6681,0.2519506728761814
6682,0.37164192525325357
6683,0.9154708954877595
6684,0.5103191903586874
6685,0.3491370109932194
6686,0.6925715531548228
6687,0.8816458585476844
6688,0.3093351148011573
6689,0.4707372746826234
6690,0.2979813525558309
6691,0.46221084370526494
6692,0.43016544975912635
6693,0.3688909954681117
6694,0.13698861237264315
6695,0.2700479729766301
6696,0.8811568471577467
6697,0.976688318299367
6698,0.17871275831482808
6699,0.38557842305788725
6700,0.9709946257604933
6701,0.4265691557664293
6702,0.5604533299050583
6703,0.45166046549098166
6704,0.45302200921063907
6705,0.9860089673061917
6706,0.7651137429461647
6707,0.3106987110499059
6708,0.509272908638032
6709,0.9856614355987191
6710,0.42072213578031903
6711,0.7048583834273147
6712,0.2996844298581603
6713,0.3148707819761922
6714,0.2997800145151662
6715,0.29693484800788744
6716,0.7842072603182939
6717,0.16646304083045377
6718,0.3654190781346924
6719,0.6924643766811932
6720,0.687811258930596
6721,0.978700227289032
6722,0.23285039365327068
6723,0.8131126530640691
6724,0.51437056396363
6725,0.27348685156909225
6726,0.8238997838837168
6727,0.8756150308763571
6728,0.47636126619468755
6729,0.2841544824263968
6730,0.9761300343977253
6731,0.3538074218360939
6732,0.5164665368659868
6733,0.22692069689770447
6734,0.3048715061146724
6735,0.32047999785350445
6736,0.18045896621562785
6737,0.3980672966910071
6738,0.9875169621194777
6739,0.8367302140764281
6740,0.3734052293600111
6741,0.25114495150242505
6742,0.4247891140691046
6743,0.2175775162727719
6744,0.27541062394430615
6745,0.6049132634141774
6746,0.8770854762501831
6747,0.7805704745332294
6748,0.47531922778437846
6749,0.5276358798383187
6750,0.6209381630948688
6751,0.30228014323299196
6752,0.255676375765748
6753,0.9755692275172786
6754,0.629881877765199
6755,0.9799712992261194
6756,0.2594604186648931
6757,0.857959195079946
6758,0.3445015036789752
6759,0.5381476538869494
6760,0.7934363859083335
6761,0.5110610843186736
6762,0.29076901340175343
6763,0.8995363930303191
6764,0.26357387265925436
6765,0.8289927178022019
6766,0.981945900913962
6767,0.851936780242472
6768,0.2470003963405178
6769,0.14100294605183877
6770,0.8463510527753279
6771,0.8209387695842865
6772,0.5805691201715175
6773,0.9737178871068171
6774,0.3557149915673848
6775,0.5790328547324355
6776,0.2887188835654546
6777,0.2338895095765134
6778,0.4583631800111345
6779,0.976986887045499
6780,0.801609620321007
6781,0.3572751703523965
6782,0.36774251258847285
6783,0.9759296173119251
6784,0.9701617125364448
6785,0.35828692013168384
6786,0.335364810542245
6787,0.979825229504665
6788,0.4714395486309578
6789,0.45083834722428995
6790,0.7302539258226228
6791,0.7145210467982941
6792,0.3502917300593747
6793,0.9765260484124527
6794,0.3650658262466616
6795,0.8338509327874613
6796,0.9813020391190187
6797,0.3205441713323764
6798,0.8391708373592751
6799,0.18790022156297997
6800,0.8990989091882361
6801,0.2858549803953475
6802,0.6372822911270625
6803,0.870722011896998
6804,0.3172481821418593
6805,0.49443630978161957
6806,0.9848988245467677
6807,0.7826692573148937
6808,0.3029960914641254
6809,0.5330110228079115
6810,0.3053139115979936
6811,0.9813506015866321
6812,0.3298242211656051
6813,0.8280103600174626
6814,0.9755584898958496
6815,0.09945460968182981
6816,0.6408850982316697
6817,0.6860153987134096
6818,0.7924494584216154
6819,0.9218907969370139
6820,0.404646531477019
6821,0.6481139942662284
6822,0.3340446249217119
6823,0.34693527647604316
6824,0.751129728050315
6825,0.3638570809470984
6826,0.9550745095593243
6827,0.26892346079131624
6828,0.8610009170399169
6829,0.8747406747194202
6830,0.3841930957447658
6831,0.8796774242567478
6832,0.4746549399507188
6833,0.18352582341020016
6834,0.5961670041746933
6835,0.980550228726154
6836,0.31313031926619944
6837,0.8545392140949719
6838,0.4400934137580965
6839,0.9703994585111346
6840,0.5231286888382557
6841,0.9046905515133548
6842,0.9110796771983218
6843,0.3124593516497551
6844,0.515023204396726
6845,0.08916793652988983
6846,0.38581610458394755
6847,0.2628207263187605
6848,0.3440024166503397
6849,0.3638134363037549
6850,0.2703232468574502
6851,0.2633636357058884
6852,0.7322311287944528
6853,0.7739109567889517
6854,0.8662631419304668
6855,0.6115835262610168
6856,0.27583941401344464
6857,0.6015866582517395
6858,0.5309832745768233
6859,0.9776557020111222
6860,0.33355597461703523
6861,0.5451385832199398
6862,0.34486529575722863
6863,0.6446804700311636
6864,0.3318481016827046
6865,0.47440318318387187
6866,0.7808483837907733
6867,0.4381900873936386
6868,0.21818089492789083
6869,0.4761605556103144
6870,0.7071499605923902
6871,0.3749526412968098
6872,0.6061455479108258
6873,0.28079316988431846
6874,0.4801527736555159
6875,0.4032157129037589
6876,0.4434652878481192
6877,0.5030217327587515
6878,0.9103428462475739
6879,0.3382555395650142
6880,0.34550259962882623
6881,0.9253162175795205
6882,0.14814943207688477
6883,0.3903188441113394
6884,0.7726172318629398
6885,0.6383963973656755
6886,0.3723436421170588
6887,0.4466441633818465
6888,0.10118212194817558
6889,0.9761946471345728
6890,0.338369903039844
6891,0.956477968964837
6892,0.38687379078425943
6893,0.4671724379042166
6894,0.7986898553339313
6895,0.8232845005780759
6896,0.28162779546294664
6897,0.8346168072148993
6898,0.9815063598547477
6899,0.7320716892410526
6900,0.4819153158661581
6901,0.968896734111127
6902,0.45689392499960124
6903,0.6793529018910012
6904,0.4586866698889799
6905,0.9792952972803117
6906,0.4997187807147615
6907,0.9729931106025596
6908,0.3340980287998919
6909,0.27871873108745315
6910,0.7346720532113283
6911,0.5455496600511204
6912,0.8573646287304099
6913,0.5174046466965644
6914,0.18510563261553384
6915,0.9732775881741108
6916,0.8772624607958631
6917,0.504220216292682
6918,0.9805776509077291
6919,0.3268953052222815
6920,0.44188651092311626
6921,0.4347180823057205
6922,0.8451733062162133
6923,0.8176678540873605
6924,0.3761103265328119
6925,0.5673995275307888
6926,0.4599007451084517
6927,0.9681530148778964
6928,0.5938331442209057
6929,0.37223931944124483
6930,0.3908900125951955
6931,0.5523207571291467
6932,0.4762504441680493
6933,0.67192838985018
6934,0.819793809193838
6935,0.726134549087968
6936,0.39816044882616924
6937,0.7683101115992308
6938,0.5209516644697145
6939,0.4950130913957659
6940,0.42766458208056907
6941,0.7839599787500288
6942,0.5093805180068944
6943,0.5319849610221973
6944,0.7936280659149172
6945,0.5719556649667159
6946,0.8494188353209793
6947,0.5850322847628565
6948,0.3395159552444719
6949,0.8671495226156041
6950,0.34116911004223077
6951,0.5346954139475307
6952,0.43981576788688376
6953,0.6438368364046485
6954,0.9889794347840191
6955,0.23816964867096216
6956,0.4334384566875945
6957,0.44461752258530157
6958,0.8785367399352885
6959,0.3381303818190895
6960,0.4266340164382489
6961,0.7417635645144224
6962,0.2955001134583465
6963,0.47316248147232276
6964,0.28334222291049466
6965,0.6385790932469995
6966,0.6255050382604209
6967,0.38753422858519804
6968,0.8653562978918091
6969,0.9791679039748664
6970,0.9757696923848382
6971,0.6582794307446451
6972,0.4548466084094605
6973,0.4965549274942176
6974,0.7145956554661371
6975,0.7305847243043142
6976,0.6628600238720981
6977,0.4408433869158263
6978,0.15306956283655404
6979,0.378943999509101
6980,0.7824234485726738
6981,0.542192655186333
6982,0.31427477838513207
6983,0.4038346071287459
6984,0.6046564911720214
6985,0.35706855553527095
6986,0.21828651931552598
6987,0.47670577397279945
6988,0.33154335663472756
6989,0.650222637590836
6990,0.3866968843016412
6991,0.12949701403197958
6992,0.8736943482256475
6993,0.6019081528317932
6994,0.9694319260190114
6995,0.5310778214796867
6996,0.4951810319059869
6997,0.24939839643081202
6998,0.5390416089595063
6999,0.5763491533426602
7000,0.23598335672434786
7001,0.334773378957347
7002,0.30110562017828196
7003,0.4255311463539302
7004,0.8230398236858543
7005,0.279127970121119
7006,0.521961579143629
7007,0.3665117181737001
7008,0.8600537588827626
7009,0.4587609378010723
7010,0.5149613041893186
7011,0.8914264656704127
7012,0.5640538004376802
7013,0.7254408856823285
7014,0.6088172351675517
7015,0.6535366187582718
7016,0.41445744024939485
7017,0.8424401619567519
7018,0.3240217635108823
7019,0.5887943602946489
7020,0.9091946413473643
7021,0.9884866133193917
7022,0.2615646724283664
7023,0.495113434390579
7024,0.5756366600326361
7025,0.8475073428661459
7026,0.40742095850843485
7027,0.9824782899220612
7028,0.662098668000954
7029,0.5776141505140051
7030,0.4162333455831046
7031,0.9774397890866083
7032,0.5197057754678407
7033,0.33739434683120884
7034,0.5266478663877818
7035,0.8036621496650028
7036,0.21821003691979968
7037,0.5223934457782065
7038,0.6834740300631716
7039,0.42044900366533544
7040,0.6601462707112802
7041,0.38192983819070486
7042,0.19242043619888588
7043,0.9235881749140463
7044,0.626450364111061
7045,0.47378054669684583
7046,0.3184324297742789
7047,0.9792654910284485
7048,0.41687396580320424
7049,0.6182914722991845
7050,0.9686537419749062
7051,0.32935738354144983
7052,0.4580323133522167
7053,0.5985015905608153
7054,0.17072047145602595
7055,0.7921869438201405
7056,0.36304498272185515
7057,0.858578266847435
7058,0.5711636438906842
7059,0.3216745729450744
7060,0.9333292780238387
7061,0.3591393082162597
7062,0.2698502009170207
7063,0.3817046360164947
7064,0.21772593779832372
7065,0.3459267807598402
7066,0.3247456917519671
7067,0.6190679337323763
7068,0.5026385026955903
7069,0.9900929005094155
7070,0.22712431785722864
7071,0.19938223891819198
7072,0.8555582864345705
7073,0.40031727612760126
7074,0.2904810018846794
7075,0.6216974635467815
7076,0.4706705669842164
7077,0.3440834087139144
7078,0.5138094984266193
7079,0.5159428068418288
7080,0.3697375095160021
7081,0.8940625013177953
7082,0.4925364172116711
7083,0.34739093909818053
7084,0.23052986231996597
7085,0.19718819044471825
7086,0.818043826451665
7087,0.5481027179571942
7088,0.45031577086039315
7089,0.3332983150912844
7090,0.5615722563677841
7091,0.31649149566942575
7092,0.6540216654535709
7093,0.6861073637744173
7094,0.24922645455239725
7095,0.5204195198464437
7096,0.7455270211518674
7097,0.8613624368370785
7098,0.6857261656120061
7099,0.47259513047691326
7100,0.38541467645136956
7101,0.5933200470734493
7102,0.36590223223005786
7103,0.19412361601157957
7104,0.9082879540013121
7105,0.9027745611565838
7106,0.4447790701561985
7107,0.3560589841125895
7108,0.7885865913784416
7109,0.16662428927532358
7110,0.39488811255745954
7111,0.6223859660602997
7112,0.49710658685120834
7113,0.6764538659344459
7114,0.21630116630534993
7115,0.45438830618357057
7116,0.3284898916618755
7117,0.4965055405470733
7118,0.4008287518120596
7119,0.788248221553255
7120,0.5440184113402714
7121,0.1133033863988522
7122,0.7867297024158582
7123,0.25139102745585
7124,0.8813767128603847
7125,0.4922314532625276
7126,0.32185220841848505
7127,0.3060838906926538
7128,0.4398039105347519
7129,0.5528842788015893
7130,0.2811897122085899
7131,0.5290605807144352
7132,0.9696012033788894
7133,0.2592220140061099
7134,0.6966775975472705
7135,0.670940640893489
7136,0.450495710814274
7137,0.4965574749818884
7138,0.6949345777509067
7139,0.718900456767775
7140,0.9829859766644636
7141,0.3990490610998915
7142,0.6550611198720337
7143,0.9701235961232427
7144,0.2700968838700022
7145,0.48934474073766826
7146,0.25356367187749757
7147,0.2822213544931527
7148,0.3165423826701307
7149,0.7813863668250978
7150,0.7664164452629281
7151,0.9733779784714588
7152,0.5085027862690071
7153,0.5719980392509555
7154,0.2406457628221927
7155,0.3240829200473554
7156,0.34230698405613763
7157,0.23360315868963472
7158,0.9868630107244705
7159,0.5352837298679274
7160,0.7817357444948002
7161,0.4743635326950058
7162,0.5269790212588283
7163,0.38976631342067114
7164,0.7681211350907866
7165,0.42400698329758313
7166,0.9772267940371322
7167,0.26510154536988206
7168,0.6507674331327152
7169,0.4124211212406846
7170,0.2738317419237668
7171,0.890322450269913
7172,0.5989621977253552
7173,0.16911122500681033
7174,0.11015636491479355
7175,0.406961822533154
7176,0.9855213471397088
7177,0.9738213385227817
7178,0.4143339448726177
7179,0.3215504766447252
7180,0.9664782075026375
7181,0.9600273098110794
7182,0.3728272175459425
7183,0.26928346854029095
7184,0.5378618522675176
7185,0.49652721080235485
7186,0.7325078296394577
7187,0.8648805464923836
7188,0.9820402370633461
7189,0.8141880898952777
7190,0.38877763509176544
7191,0.3432105154713715
7192,0.3673464455756625
7193,0.6961997510954576
7194,0.4159510229612308
7195,0.33895738917887286
7196,0.501107737782095
7197,0.533561060268023
7198,0.36719359593482315
7199,0.18635916959759294
7200,0.5953412842520601
7201,0.3193822113225365
7202,0.7918904661514407
7203,0.42608704230268496
7204,0.8359988777628825
7205,0.5230061588962764
7206,0.9680012507542165
7207,0.3828167641886847
7208,0.6995716916183545
7209,0.5826515769293862
7210,0.3573421167909251
7211,0.22858846928736173
7212,0.3195859243102655
7213,0.24234581784919995
7214,0.4966083521764445
7215,0.3503837108618023
7216,0.1611229114441435
7217,0.5697102455694663
7218,0.4359254040762409
7219,0.4103891918165452
7220,0.9254340902936818
7221,0.4030687588757722
7222,0.17265554685392473
7223,0.8891460486412585
7224,0.43801370748103297
7225,0.8787129124742448
7226,0.6013163225232315
7227,0.5100070203401736
7228,0.7069198397706127
7229,0.871635846072846
7230,0.8521573735090547
7231,0.2797024675458152
7232,0.7593988124739404
7233,0.7088206227147392
7234,0.3894729583524581
7235,0.4434287890038288
7236,0.3597905255727284
7237,0.3222658445196804
7238,0.3133282565780539
7239,0.3501529312410985
7240,0.4368877471335171
7241,0.2275026527069411
7242,0.9619488463272252
7243,0.37210630128970024
7244,0.4805112784415989
7245,0.8094805571269946
7246,0.3824096526201347
7247,0.7830757488622226
7248,0.35191234842180374
7249,0.8040378395450679
7250,0.17688047618158614
7251,0.3649232821746336
7252,0.43801650643998813
7253,0.3333591742034534
7254,0.1675153545844266
7255,0.6828199734826845
7256,0.565643468226251
7257,0.5415330655701959
7258,0.5573463091150038
7259,0.22208393093166784
7260,0.3625113568878717
7261,0.28544224339543667
7262,0.4835016268002148
7263,0.29507406388941476
7264,0.7141830271921051
7265,0.421788681642143
7266,0.7871839555522403
7267,0.3830023441756928
7268,0.9841845707304847
7269,0.31660771563380197
7270,0.34328373007358975
7271,0.8183991910429463
7272,0.9740924699369659
7273,0.3672683563858531
7274,0.4780849504165584
7275,0.3876922207368178
7276,0.3274565522403806
7277,0.8629678610372628
7278,0.5015408834178633
7279,0.556349381486318
7280,0.6013538094901135
7281,0.30616728945787514
7282,0.1257227033661865
7283,0.35170195316670705
7284,0.7785593732772169
7285,0.9806851626016904
7286,0.4787422755837959
7287,0.9739350120329382
7288,0.778608273021989
7289,0.3147285437921531
7290,0.3998485680591658
7291,0.25745776762474776
7292,0.7287529179755575
7293,0.4742389154855449
7294,0.7026755892314163
7295,0.5191025172038128
7296,0.389502565551363
7297,0.9802755975105565
7298,0.24439547225009334
7299,0.9788555896292307
7300,0.3831751333382058
7301,0.15606018449897188
7302,0.27337548909530657
7303,0.333769634317607
7304,0.9834926385551024
7305,0.9708780372483286
7306,0.3385547645011139
7307,0.23240570724822976
7308,0.49506230905710646
7309,0.3891541013161241
7310,0.41044590225685307
7311,0.46569635495341843
7312,0.7830913895164822
7313,0.33448158404254785
7314,0.5447738233963669
7315,0.2832115780605512
7316,0.9262626072567518
7317,0.975247724832615
7318,0.5681880559340418
7319,0.6992946430311113
7320,0.9610497344657829
7321,0.510462300890833
7322,0.8928902340837646
7323,0.369427347033168
7324,0.310665607587179
7325,0.32090546097012423
7326,0.9860565565373703
7327,0.5583028092503256
7328,0.2934559657586547
7329,0.24565771655936128
7330,0.7463432386256607
7331,0.49788470417445635
7332,0.7058503543464697
7333,0.7660604601071338
7334,0.6531554338844892
7335,0.49494636658608415
7336,0.8854649279082573
7337,0.8444620992759807
7338,0.4220626808887835
7339,0.35533509523708057
7340,0.5330633535919672
7341,0.524088459050797
7342,0.47581239663555097
7343,0.1755491062949141
7344,0.2772588308895545
7345,0.2791475970116508
7346,0.39995042795163416
7347,0.27152085014869787
7348,0.49223248737906117
7349,0.3336443902084756
7350,0.8756643862552627
7351,0.4672198284513233
7352,0.9167414349163938
7353,0.7820517208212104
7354,0.6600165429141673
7355,0.6185307838332548
7356,0.2621025472744332
7357,0.9020527336961964
7358,0.7492483079385194
7359,0.6498849144645766
7360,0.3394293860988506
7361,0.44493417356587217
7362,0.8616366231742297
7363,0.26033427327422526
7364,0.5781673752074556
7365,0.869220747132524
7366,0.2614201723709097
7367,0.7007518264658361
7368,0.9572505806141178
7369,0.4685429139655948
7370,0.529161952882285
7371,0.7794543407400758
7372,0.9691675114375864
7373,0.4491656114098996
7374,0.2659449456916044
7375,0.22617880908474297
7376,0.7166213916710791
7377,0.9504216990511516
7378,0.15462774048064704
7379,0.40676252181300454
7380,0.9718202631437185
7381,0.7062266608704886
7382,0.7222862039433602
7383,0.8245987589711957
7384,0.5272221260305384
7385,0.42106678713121415
7386,0.24913910835922654
7387,0.7339687240036019
7388,0.9772752649004861
7389,0.9297094197548037
7390,0.7392993038919272
7391,0.5569929122262803
7392,0.7253385502561105
7393,0.8967604898649528
7394,0.2931181185786385
7395,0.3745334042132675
7396,0.35349303746844973
7397,0.9616416041468822
7398,0.2883144238349264
7399,0.9171612595002213
7400,0.5055539710923569
7401,0.29393618386791615
7402,0.5205140010904521
7403,0.4002444231979775
7404,0.37109237335886813
7405,0.3572693911025429
7406,0.24039197873967105
7407,0.5736458121332183
7408,0.6124014755891947
7409,0.39685363424373543
7410,0.33397350425858097
7411,0.1504841996086684
7412,0.7413805163237471
7413,0.6045506079869976
7414,0.45427701154222444
7415,0.24443198372736602
7416,0.38431747975621783
7417,0.84888916783414
7418,0.3878884374314398
7419,0.4329495152643824
7420,0.8550987916661836
7421,0.41919106073615403
7422,0.27056198505485585
7423,0.6279834610181338
7424,0.9070458194774005
7425,0.4260316911002141
7426,0.4657351578296939
7427,0.982100000234006
7428,0.672728659101443
7429,0.2493232145230365
7430,0.4281656883461258
7431,0.48512291250831174
7432,0.3117153615222101
7433,0.4309318690713436
7434,0.587790009944414
7435,0.4056194685763391
7436,0.9692191369585308
7437,0.9066113117318396
7438,0.35754925730989684
7439,0.29995780610846345
7440,0.5868790538938574
7441,0.3705467140269243
7442,0.3676261031800139
7443,0.989226361680359
7444,0.274795967766694
7445,0.3590041818480775
7446,0.46065754803208336
7447,0.9771058872162754
7448,0.687094346327647
7449,0.543991692290132
7450,0.32039518381567245
7451,0.44814003631960686
7452,0.4350423762449636
7453,0.8617711259993539
7454,0.3968509787853958
7455,0.3837365769114083
7456,0.8523707844570885
7457,0.2897980977410779
7458,0.2112136929778563
7459,0.8321520742242204
7460,0.476094590847963
7461,0.6145338577569339
7462,0.9901130942152327
7463,0.4526844166149785
7464,0.604952573435731
7465,0.64814581888673
7466,0.9454290533307963
7467,0.9782084533300229
7468,0.27628639522854037
7469,0.5307433706312856
7470,0.9668286774851411
7471,0.35379817725030016
7472,0.7256347223548646
7473,0.9704971328929652
7474,0.9706437770289591
7475,0.7694254103788136
7476,0.46851211986117747
7477,0.17289818893460057
7478,0.40333435340359397
7479,0.9654162370392372
7480,0.2448091455019475
7481,0.30240093516356564
7482,0.9633618275094681
7483,0.8816143355221115
7484,0.893267426076062
7485,0.4190264656633493
7486,0.2685233422287058
7487,0.5545221215813211
7488,0.2741291202993099
7489,0.7084056023476397
7490,0.37214473212871496
7491,0.688646826677167
7492,0.9763328387220962
7493,0.3538773801021222
7494,0.2746629590755414
7495,0.9841059199047613
7496,0.7934342337419974
7497,0.35138269047955517
7498,0.6321884454432145
7499,0.8442787667352765
7500,0.455827080467109
7501,0.5482430782024248
7502,0.3208478147483435
7503,0.3247367817740209
7504,0.8195322464439088
7505,0.24090946515891282
7506,0.29909454868537194
7507,0.8666451010908812
7508,0.43766847534993586
7509,0.3365920455574045
7510,0.47603577311251694
7511,0.39091588157890533
7512,0.8171709735922978
7513,0.29741978679941394
7514,0.26960104634744086
7515,0.5388989934337698
7516,0.7285320737425464
7517,0.37521577439214454
7518,0.5490123972261227
7519,0.6346156496889958
7520,0.3210159630616662
7521,0.40313712735139107
7522,0.4757443624199189
7523,0.5262370532994923
7524,0.15581112493290247
7525,0.8212482246966706
7526,0.847343629322281
7527,0.936311487651396
7528,0.6187488606442366
7529,0.9437381580377577
7530,0.3366738275821615
7531,0.5506330484375612
7532,0.8567386514597664
7533,0.4260124728480683
7534,0.7550601676489289
7535,0.6150714188875468
7536,0.8475732355749778
7537,0.8455262997587805
7538,0.42704168170302714
7539,0.8888317374949908
7540,0.7067364199341597
7541,0.602691607455337
7542,0.8297098658623417
7543,0.8074069798323906
7544,0.8146748528750931
7545,0.3915151627924939
7546,0.8988790714616451
7547,0.4412959186263533
7548,0.833339161946419
7549,0.9771641515161433
7550,0.5958358382231439
7551,0.1758741964807036
7552,0.3416212022405738
7553,0.46983394895881647
7554,0.856236094637326
7555,0.8363451975566638
7556,0.9163742318805344
7557,0.6478050018539578
7558,0.8767097481054219
7559,0.41379429918061755
7560,0.722017820508234
7561,0.81336219110989
7562,0.4456014864008482
7563,0.4711496916666478
7564,0.5092763093100053
7565,0.2615739775940038
7566,0.30746776694282385
7567,0.5956497190985822
7568,0.5208416295779824
7569,0.34271341041782005
7570,0.29891491703865225
7571,0.4500414918639657
7572,0.8448185065755827
7573,0.7170282670122156
7574,0.38093238486438613
7575,0.43610822301243185
7576,0.5593274955419346
7577,0.6448778695485728
7578,0.3303914178821571
7579,0.9819364358839525
7580,0.587053563897217
7581,0.5453216264376833
7582,0.45399609162779553
7583,0.7451707775437998
7584,0.878501653987757
7585,0.9805280938972357
7586,0.8999756285908989
7587,0.6726695256710138
7588,0.47762477151290805
7589,0.9780655549085769
7590,0.910151520300909
7591,0.5332568827786057
7592,0.4073585781806797
7593,0.30834010301824444
7594,0.4181376147814918
7595,0.5502717831089264
7596,0.4089899661408408
7597,0.3572068354835201
7598,0.48189055396854724
7599,0.274056206149231
7600,0.4215845223655683
7601,0.39673911349698443
7602,0.46609351825101847
7603,0.43405718091904133
7604,0.4629018161221131
7605,0.5044987627406851
7606,0.22764378695966064
7607,0.460756582691647
7608,0.2643024827799032
7609,0.6622601026671641
7610,0.28323122298730796
7611,0.3010815373641545
7612,0.22568680042136818
7613,0.2905359056320551
7614,0.32151036514100834
7615,0.4162794497245519
7616,0.8270787038062073
7617,0.44444523118989765
7618,0.46408639595664597
7619,0.5218160150253562
7620,0.09108715945618164
7621,0.9051798065105261
7622,0.3552198310783675
7623,0.8108824087488334
7624,0.46912828980761945
7625,0.42163779755004777
7626,0.3157859560191023
7627,0.9715910278898998
7628,0.11080716698474789
7629,0.25187835467560177
7630,0.4774339102566789
7631,0.3663043855518392
7632,0.3938056515648663
7633,0.2958233270991344
7634,0.3330473953783298
7635,0.2958151750705233
7636,0.49263049310022855
7637,0.41454193506453263
7638,0.8552741281371539
7639,0.7403968942682242
7640,0.25415320714326267
7641,0.36734618169728894
7642,0.5742116247741222
7643,0.6270505242835284
7644,0.5656676601465571
7645,0.24497806278252593
7646,0.38312631304100087
7647,0.8714345745547745
7648,0.7046613476527578
7649,0.8251184753650336
7650,0.4674875588459394
7651,0.8410672211679424
7652,0.38427171058168963
7653,0.28802132729902946
7654,0.3248738088739979
7655,0.8663129081971059
7656,0.347860218031474
7657,0.973031309020416
7658,0.965100807986112
7659,0.3902744510272044
7660,0.7603706383102506
7661,0.659087847043956
7662,0.40965505103407573
7663,0.5003326208804055
7664,0.5412757597241957
7665,0.26629747130887227
7666,0.5112360626688804
7667,0.5852403043174579
7668,0.7476218864051756
7669,0.2282128972080631
7670,0.4133346947512405
7671,0.35176345134802106
7672,0.5208573469903135
7673,0.2465402418769936
7674,0.5517519857805968
7675,0.6662358175637622
7676,0.8372143852874062
7677,0.3660693504888399
7678,0.38529375725530324
7679,0.5962337153883781
7680,0.2982397784149987
7681,0.4642926670862364
7682,0.33484170676664277
7683,0.9814768140924238
7684,0.8758137401016131
7685,0.7707122109134483
7686,0.9706876617523945
7687,0.40301399790793824
7688,0.4085852463765665
7689,0.15563056907137177
7690,0.8357530309332195
7691,0.6030401920971477
7692,0.5406798322667667
7693,0.5659880312949354
7694,0.9776276958587866
7695,0.8425397498076886
7696,0.9660628909297905
7697,0.9209003817738328
7698,0.7282927799056267
7699,0.8506242142849276
7700,0.31721190097096325
7701,0.34698527992235223
7702,0.974665998198921
7703,0.24079114984500122
7704,0.33373458592039784
7705,0.30761449966764925
7706,0.9015847324985393
7707,0.5747368823236122
7708,0.7325701622505252
7709,0.24773102781624673
7710,0.26768202400506924
7711,0.6509048226209437
7712,0.272804620612492
7713,0.9840802388037162
7714,0.33993122981739865
7715,0.9763271566519108
7716,0.5852549320316467
7717,0.6083257299944858
7718,0.971281891939944
7719,0.40590822241116026
7720,0.4741435205992939
7721,0.41707384323066027
7722,0.8648065190777942
7723,0.9602834919088254
7724,0.5427542307435013
7725,0.9059184997751721
7726,0.8585052928898752
7727,0.8209188515057216
7728,0.5366066625988783
7729,0.8651367346804641
7730,0.7911329255502539
7731,0.5236169140412916
7732,0.9831008137565678
7733,0.35283285166794226
7734,0.8305017838419995
7735,0.9833410972770714
7736,0.9628391006057437
7737,0.28922889448698913
7738,0.6538379470991886
7739,0.23068595688872368
7740,0.10732727115069929
7741,0.7562893545018233
7742,0.2489067303264526
7743,0.9783366322637601
7744,0.5737861976215322
7745,0.8156651081794785
7746,0.9704077744583839
7747,0.8764743304619168
7748,0.5132091582066515
7749,0.976910825347119
7750,0.7068524562712925
7751,0.9843174576748329
7752,0.8326822331148404
7753,0.33920331113968677
7754,0.20086367626299306
7755,0.2425540176622089
7756,0.2479529632719606
7757,0.3321917401131233
7758,0.8342045092179068
7759,0.7815575760079284
7760,0.4865903154820923
7761,0.6343518081296748
7762,0.8153170165745399
7763,0.513533603733841
7764,0.9685024229438554
7765,0.9758158571732809
7766,0.5465211944179305
7767,0.6354601858513441
7768,0.5267275863446484
7769,0.6761403759494515
7770,0.34622474560507793
7771,0.2677035070736547
7772,0.8935942086913697
7773,0.5821845031851521
7774,0.19457422126048995
7775,0.957774639072606
7776,0.38778214308570796
7777,0.807442934786536
7778,0.3166359000337105
7779,0.4274591788544304
7780,0.8653202097296372
7781,0.2725350498979009
7782,0.29294760189411045
7783,0.9712439893653196
7784,0.4865014290275536
7785,0.3781058585746868
7786,0.38232810440890086
7787,0.750484863082902
7788,0.8477713385975972
7789,0.2094444584800748
7790,0.5655841941217701
7791,0.5944026605048847
7792,0.9164054537198988
7793,0.27065664706669595
7794,0.3161916415165237
7795,0.7503962872749843
7796,0.5378072251252743
7797,0.3867445302642122
7798,0.9018262911171092
7799,0.46922680817320916
7800,0.397805133453452
7801,0.2767302330689954
7802,0.20672514431066014
7803,0.560435462235032
7804,0.6341506622455747
7805,0.17580398766848873
7806,0.40636065426347845
7807,0.2748678022159187
7808,0.23028155065662786
7809,0.18151220354390318
7810,0.47202350219183953
7811,0.24559192369109134
7812,0.8970329030943963
7813,0.27029173358391495
7814,0.3605104492396156
7815,0.26451302591515763
7816,0.8847767923557983
7817,0.40401426561114195
7818,0.3237618592003372
7819,0.2966592332130165
7820,0.9078793323322136
7821,0.8705618296919755
7822,0.8558153752969333
7823,0.8902016560290618
7824,0.4674435723542453
7825,0.9834904888731666
7826,0.8380296260477107
7827,0.4575249764030691
7828,0.562442553585595
7829,0.8572016787720482
7830,0.24557480813262658
7831,0.2961258906124562
7832,0.2664926833244974
7833,0.3448875222069022
7834,0.75478666125347
7835,0.4745468157620844
7836,0.5450577343982238
7837,0.9250143794499851
7838,0.9868106343054881
7839,0.4272148698192549
7840,0.345560773407401
7841,0.2367678465240769
7842,0.4306535779802655
7843,0.7798728949417759
7844,0.31010102301342046
7845,0.4216431877300945
7846,0.4618278776253626
7847,0.9670939476906385
7848,0.22234955328919662
7849,0.5317664803143796
7850,0.5983773968751489
7851,0.40162903646387893
7852,0.6707497951507492
7853,0.38178675999648565
7854,0.8854871854132853
7855,0.48264167563878063
7856,0.6461335453405901
7857,0.3907157751805985
7858,0.5330283751591649
7859,0.4648781899093609
7860,0.402580929637244
7861,0.867311634484527
7862,0.70200127168853
7863,0.42498442948504006
7864,0.8739882446514874
7865,0.38453971528257613
7866,0.8118340842955116
7867,0.8715775660700495
7868,0.36926737371096297
7869,0.36901233739117284
7870,0.9789124978213068
7871,0.975609822513121
7872,0.202918103623281
7873,0.37988918267441973
7874,0.859880352673579
7875,0.3866378195742065
7876,0.9707165608072638
7877,0.9766351357745722
7878,0.4154075968130271
7879,0.40868813561694367
7880,0.3233033911684234
7881,0.5720180509131876
7882,0.16416194793691988
7883,0.652109505892712
7884,0.9001125944680588
7885,0.769741332995022
7886,0.5717428022937435
7887,0.2537612418778522
7888,0.7423079463716216
7889,0.39487370225055074
7890,0.7178408185822629
7891,0.3949827981733931
7892,0.5613262942900892
7893,0.9871714378287796
7894,0.9913026161732991
7895,0.8743906703769122
7896,0.3527688407685359
7897,0.1081284299347446
7898,0.9137006259241162
7899,0.3565073046667471
7900,0.421935744994145
7901,0.8201330004677515
7902,0.8733796168022157
7903,0.3823449733199436
7904,0.9683336928402109
7905,0.602758479473024
7906,0.19423656513194937
7907,0.4550638833754287
7908,0.6551077007631004
7909,0.2494143736535072
7910,0.424224058662762
7911,0.4136873164115977
7912,0.3610953723365682
7913,0.9736717314290776
7914,0.3771656484212821
7915,0.6051754424392697
7916,0.5566689039706255
7917,0.31330402004438446
7918,0.3322407804699647
7919,0.9216606781443881
7920,0.6304058682604112
7921,0.33025656201207565
7922,0.4936966529315743
7923,0.29986120264631666
7924,0.5239783248593154
7925,0.3171684267253993
7926,0.8273898727385081
7927,0.5483003832870551
7928,0.9873445243044604
7929,0.8428126530805239
7930,0.21968206821802752
7931,0.4529246569641884
7932,0.2347575607914822
7933,0.5891535164581417
7934,0.217350898185389
7935,0.45018312728472265
7936,0.8322530887654211
7937,0.20798180497398114
7938,0.44441108924111805
7939,0.4138208298275156
7940,0.451524316612969
7941,0.8661953943749171
7942,0.2338209693424042
7943,0.7975217544758063
7944,0.4069913468145977
7945,0.22221826015214674
7946,0.6032509679220244
7947,0.8576678303678662
7948,0.42237943619346763
7949,0.8949441378292664
7950,0.4625377377588177
7951,0.23274264958599591
7952,0.3273758391817432
7953,0.3504672603584006
7954,0.5121797518900788
7955,0.9086007547730092
7956,0.7168645573263033
7957,0.4515410772887156
7958,0.2511824218941759
7959,0.4902050446393759
7960,0.29911208942256995
7961,0.6543402899616231
7962,0.5023637338790111
7963,0.42572336430241453
7964,0.8846352293343214
7965,0.21370624150141146
7966,0.1926057781245564
7967,0.4853342048182506
7968,0.4826316935522225
7969,0.39432189390970535
7970,0.7869928116515326
7971,0.5105957220115104
7972,0.9770294054953621
7973,0.3805958058778659
7974,0.627246708250242
7975,0.32096932341516504
7976,0.9599044554645247
7977,0.388642008756124
7978,0.7626222405302026
7979,0.5476479569475612
7980,0.5281687065736784
7981,0.2872553468508549
7982,0.9757091556250371
7983,0.20695070857237974
7984,0.6406650871986506
7985,0.26292564176004246
7986,0.38695002343500073
7987,0.9675172000649279
7988,0.2543007232677953
7989,0.35820023131555223
7990,0.9799216295526558
7991,0.49155322320089556
7992,0.23293551690301217
7993,0.2945755548389077
7994,0.4315219111218121
7995,0.3712010317769263
7996,0.2926468931659103
7997,0.3326912446889905
7998,0.5533862666415043
7999,0.5260967873955313
8000,0.9080537790071356
8001,0.4279812506121417
8002,0.44524980574086803
8003,0.9138884612394346
8004,0.9873236810417501
8005,0.3313385585281621
8006,0.8098293017830309
8007,0.21779735234856362
8008,0.9822574300470822
8009,0.5171450406262933
8010,0.19768784302025266
8011,0.5646466902145821
8012,0.3027510746395151
8013,0.3904859714947214
8014,0.39545239496859874
8015,0.33911595002214645
8016,0.4224216463614665
8017,0.7309953600271518
8018,0.9795747756617322
8019,0.2455232534986693
8020,0.3647840287205145
8021,0.33576142268889
8022,0.6972122112119937
8023,0.49764762483180025
8024,0.24432241090157353
8025,0.35457229749118746
8026,0.34514956926015417
8027,0.27093060228335725
8028,0.3984763851167918
8029,0.9886421283153242
8030,0.2784367530305982
8031,0.354514113571191
8032,0.6645346426312059
8033,0.3075805109281306
8034,0.40504721699022883
8035,0.9025185271860178
8036,0.32739844006324104
8037,0.22885596902907115
8038,0.3052534126607036
8039,0.6505295418497581
8040,0.9772190925022269
8041,0.5244410044073106
8042,0.3984241045814524
8043,0.30127555749639356
8044,0.45046304152628647
8045,0.9479928208266439
8046,0.8189070260256013
8047,0.43528355167764976
8048,0.5160179800286929
8049,0.5584695878565229
8050,0.39463431856735154
8051,0.7773485324809621
8052,0.24055259565528936
8053,0.23670756967240722
8054,0.2949657400768607
8055,0.8547899075673631
8056,0.22532744652998465
8057,0.518205391553423
8058,0.7150359847399653
8059,0.3577239634877282
8060,0.3151542366752022
8061,0.32534795089908075
8062,0.3216845752975203
8063,0.9165768298228588
8064,0.3660708082600615
8065,0.8729690636822534
8066,0.22839446092961818
8067,0.9748643911913504
8068,0.5358118539744259
8069,0.142115308369205
8070,0.37845225781034236
8071,0.23949819913984932
8072,0.9693640856731458
8073,0.7981303484826116
8074,0.5054350440698552
8075,0.17923958846098123
8076,0.3142056890770949
8077,0.6376173759438487
8078,0.5605588894085234
8079,0.37253163888094554
8080,0.2806507853558125
8081,0.5808243117536531
8082,0.8020160434932819
8083,0.3658122636150959
8084,0.11960584595261987
8085,0.2133199262338573
8086,0.36939533305417105
8087,0.8962904035790292
8088,0.970616496989499
8089,0.26503986813221514
8090,0.7629346628003894
8091,0.4322693029284859
8092,0.36540524146862846
8093,0.23625407628727443
8094,0.9625764484918939
8095,0.7284869885455487
8096,0.8086973311053878
8097,0.5555761797540528
8098,0.3869133500288213
8099,0.3140294383686444
8100,0.4495269373735126
8101,0.49495296168985947
8102,0.3206845345473021
8103,0.47412354096902953
8104,0.9768229239905295
8105,0.8270341501317977
8106,0.5814436573209548
8107,0.4821339647435001
8108,0.5614595845985837
8109,0.28854846561105935
8110,0.9351516836590137
8111,0.2744794863016913
8112,0.8957584823593545
8113,0.3315028182319949
8114,0.855819526402469
8115,0.4245129654465799
8116,0.9666562885331875
8117,0.5094386717566206
8118,0.3909465909419227
8119,0.3445212477979607
8120,0.8903067553736463
8121,0.412174219817847
8122,0.42781543737466354
8123,0.49399305388157266
8124,0.5511619101070553
8125,0.8616729382856554
8126,0.7133889024947585
8127,0.3972899668879687
8128,0.8170033706344098
8129,0.6242060890020531
8130,0.1827568905098843
8131,0.2928606641622989
8132,0.18315607513776877
8133,0.2414544304765105
8134,0.31139742899001555
8135,0.3070463321510176
8136,0.38238267786225455
8137,0.47091141594110797
8138,0.4465247084045026
8139,0.6250624750639865
8140,0.5782470065744496
8141,0.4465860407359089
8142,0.22130260886920314
8143,0.48996862014595594
8144,0.4728560672392055
8145,0.3466934066284602
8146,0.5760122147557675
8147,0.2949924510459083
8148,0.9790483566319783
8149,0.582368078040314
8150,0.8661025160626048
8151,0.3439450178610448
8152,0.21725452678834056
8153,0.48241120231851786
8154,0.787545822744079
8155,0.25804133852963707
8156,0.9046319261699464
8157,0.9734530162850563
8158,0.401341982185473
8159,0.37139785636498235
8160,0.7311487280227976
8161,0.35319122713987117
8162,0.32332546722865885
8163,0.7950030209120761
8164,0.3191601847288761
8165,0.20807130270194887
8166,0.9712993683447952
8167,0.24240665200571287
8168,0.854473384789198
8169,0.7406197753145555
8170,0.2899552773005937
8171,0.3786410560712258
8172,0.4411866935284514
8173,0.18656735451939072
8174,0.6083404471426128
8175,0.32406814015073276
8176,0.7609435072062133
8177,0.30677813439569024
8178,0.47508626403335835
8179,0.30774705604642066
8180,0.868998959598831
8181,0.32854870443267775
8182,0.6460799037033964
8183,0.3399905965848761
8184,0.970805903063698
8185,0.43968747098976557
8186,0.35893078387030003
8187,0.37164634897398613
8188,0.27061023091150105
8189,0.3955132032195996
8190,0.5528208863970021
8191,0.6214735173744393
8192,0.7484951809988534
8193,0.2973539145683435
8194,0.5188366693729816
8195,0.5008147754515417
8196,0.4280022803363286
8197,0.8980786261366059
8198,0.33304478250895525
8199,0.33434959377958273
8200,0.2304197628270309
8201,0.5444146817268636
8202,0.8098607575284174
8203,0.24230324087358723
8204,0.3568941429821909
8205,0.49322500968725036
8206,0.9732523504842514
8207,0.20488580994807973
8208,0.7250524567614044
8209,0.33181901549069664
8210,0.39790744713618414
8211,0.13249056689281377
8212,0.9050466275661387
8213,0.22836695891688039
8214,0.8050194068630263
8215,0.8411777373833018
8216,0.6253705553405243
8217,0.9148670319720342
8218,0.5460084734417854
8219,0.6662771291144614
8220,0.42281890178196435
8221,0.6804300482005561
8222,0.9517523821718634
8223,0.37189838431265526
8224,0.8206398607905279
8225,0.27109701820911347
8226,0.2918214037834822
8227,0.5705884111933689
8228,0.26846133527797456
8229,0.5694509328851304
8230,0.24544965288552267
8231,0.3141785904129798
8232,0.3971240938974872
8233,0.7372656192501343
8234,0.47745890361526
8235,0.5152896019008997
8236,0.30678901224077104
8237,0.4650154780365036
8238,0.9641770243915629
8239,0.6851729819636921
8240,0.4434972733207565
8241,0.9743625472591103
8242,0.7007213968909276
8243,0.44736917738904
8244,0.8889171721014932
8245,0.2566911929795591
8246,0.607052584386045
8247,0.35537456468494
8248,0.4451304097767898
8249,0.41549170141981545
8250,0.6441394840893737
8251,0.9256778903913434
8252,0.3420294295022066
8253,0.6287940782268471
8254,0.9779020651366556
8255,0.3685150126345662
8256,0.8222864169194342
8257,0.6005525069631032
8258,0.6247605878401556
8259,0.9685656692989031
8260,0.9674585514502723
8261,0.9808493289222787
8262,0.36861927373679465
8263,0.46098959245578935
8264,0.260105581673314
8265,0.2672255263817235
8266,0.6060655828893796
8267,0.5253312872932634
8268,0.5280595378215414
8269,0.46234821323275527
8270,0.371390856053732
8271,0.44525273669267473
8272,0.9869011422218067
8273,0.2355813159445651
8274,0.20220105854576856
8275,0.32874373378872807
8276,0.9725480592718386
8277,0.8071894093056846
8278,0.9698624018825943
8279,0.33177243999282713
8280,0.48346710754759287
8281,0.7524637823464281
8282,0.8312737422017156
8283,0.3401929760986025
8284,0.5550671949524625
8285,0.9896039681922176
8286,0.9839658248215482
8287,0.4218078472825993
8288,0.2672442794361178
8289,0.36327987593221134
8290,0.33139527946882513
8291,0.371567489996452
8292,0.20802538541201798
8293,0.24031789167984807
8294,0.6343503638306075
8295,0.885123525287963
8296,0.7087747884357103
8297,0.18535494443296785
8298,0.9780860338886866
8299,0.4952343274561116
8300,0.33915714678990405
8301,0.8585551744094385
8302,0.28779150969357065
8303,0.6253408764644924
8304,0.9667977003304047
8305,0.3223958864093788
8306,0.3209294207890063
8307,0.6209059280954637
8308,0.3140456029047455
8309,0.6785191544100821
8310,0.30055488347965
8311,0.49640466417524126
8312,0.16683370013219395
8313,0.2962852301121143
8314,0.2840452306400665
8315,0.46298551556322176
8316,0.9327392734809018
8317,0.42608766808489207
8318,0.23715828321560278
8319,0.28486463342724117
8320,0.21146070973597098
8321,0.37338155607152246
8322,0.3222483578847452
8323,0.27195948830588973
8324,0.38404404383338686
8325,0.8546082518616427
8326,0.26261681485510213
8327,0.37945003226520835
8328,0.32392832775208247
8329,0.9734243239634464
8330,0.35990294023645897
8331,0.5136991637578021
8332,0.23177113799995017
8333,0.5975605513356805
8334,0.4056738221967376
8335,0.2671716190010232
8336,0.2998346042883355
8337,0.5110455954545522
8338,0.516783352713296
8339,0.9044846250465278
8340,0.39363900007918917
8341,0.9742406244268736
8342,0.8038676128427882
8343,0.28608676223938806
8344,0.5914871704151647
8345,0.9624141383444065
8346,0.7235664069853737
8347,0.17262411119341756
8348,0.9788460634338578
8349,0.9732514484726257
8350,0.8018719913967194
8351,0.34442101018507104
8352,0.5545870802579203
8353,0.44484195067255083
8354,0.4120649837578151
8355,0.3525289030687738
8356,0.9845408381964209
8357,0.9287317835512907
8358,0.8500819433796453
8359,0.2866099264325214
8360,0.4630707897202918
8361,0.353969498267913
8362,0.4403164414493558
8363,0.400249995584502
8364,0.9731117524975784
8365,0.21705101168121926
8366,0.4406857279007159
8367,0.3388829987472042
8368,0.4077788064113199
8369,0.49834500153555494
8370,0.4406401562606652
8371,0.5687899754834278
8372,0.22727904750279337
8373,0.444686179814705
8374,0.763324588855898
8375,0.8561655665947124
8376,0.15933769391786426
8377,0.23057316537650935
8378,0.9786325401184126
8379,0.35579523092177434
8380,0.8407373470683088
8381,0.33636685664749744
8382,0.8841850404557012
8383,0.37733088654839264
8384,0.37458186798094983
8385,0.33394583748368123
8386,0.787841264908556
8387,0.3127059016951586
8388,0.3906407692756435
8389,0.9806283759187329
8390,0.2727443766709372
8391,0.9570587514138645
8392,0.9194551731084731
8393,0.3014493742638422
8394,0.12295573183393546
8395,0.1841518950200388
8396,0.2917452100064535
8397,0.15554037464590365
8398,0.3234997733098251
8399,0.257346744759094
8400,0.40939615776474403
8401,0.8485937827621483
8402,0.4266366397067635
8403,0.4416248745882984
8404,0.3131622171254117
8405,0.5178601084520845
8406,0.3062318597552526
8407,0.8346696250328405
8408,0.2934868874349848
8409,0.3423361556054472
8410,0.26393644328505933
8411,0.2748792601525992
8412,0.16197807853862994
8413,0.7797814478781031
8414,0.3661926858291875
8415,0.8789181535487816
8416,0.131488150591481
8417,0.4012495338495005
8418,0.8999417382881325
8419,0.5772881698624622
8420,0.551513822875502
8421,0.9597360192689938
8422,0.9722017743444982
8423,0.22756880265369261
8424,0.3223360391902107
8425,0.6610593887789821
8426,0.39720442984910076
8427,0.4197005576546408
8428,0.9186118003852721
8429,0.8442209097783249
8430,0.5113582183818411
8431,0.7750120155342115
8432,0.4437393386405069
8433,0.32290602690169273
8434,0.5426673258611249
8435,0.3945760130101996
8436,0.3111358483227581
8437,0.21245858532831702
8438,0.9836424481933675
8439,0.688204498796872
8440,0.7846071011685194
8441,0.31400203032073704
8442,0.8214174206608122
8443,0.4512676651400407
8444,0.8703725775617206
8445,0.9682532344886625
8446,0.31315334737839545
8447,0.5991801126404304
8448,0.39266534949910553
8449,0.36556297925707715
8450,0.4374142846697486
8451,0.6090292595832025
8452,0.21221112450693777
8453,0.9859277907132192
8454,0.2912122515296196
8455,0.26739440243705986
8456,0.5781508959678473
8457,0.44872342817871913
8458,0.5010991409108272
8459,0.8126563359664583
8460,0.45157774610323353
8461,0.6198588901413666
8462,0.3770225919999153
8463,0.23521365453249482
8464,0.6424282377641598
8465,0.46561793775257965
8466,0.6403402864673107
8467,0.3960738206920229
8468,0.7481432369712299
8469,0.4994206684524959
8470,0.979562990283193
8471,0.2202993852328726
8472,0.37378838537436004
8473,0.5311090056766342
8474,0.39331921024253325
8475,0.8566668446757787
8476,0.4559470407890744
8477,0.7587300035570667
8478,0.8164536772787389
8479,0.9701818835866849
8480,0.31132380861934794
8481,0.7481931508433174
8482,0.45943818899091426
8483,0.9769398607773552
8484,0.472316495361577
8485,0.3400853718953421
8486,0.19316934509074168
8487,0.9785271456930493
8488,0.980161092469189
8489,0.8794579125475895
8490,0.3938892473716401
8491,0.882391953009704
8492,0.9543627487856312
8493,0.8082169506944887
8494,0.3639877048782804
8495,0.9782602012738788
8496,0.2877247990492921
8497,0.4946109541642938
8498,0.5127391631447094
8499,0.35608876789315014
8500,0.8151124685665676
8501,0.330235968748735
8502,0.5001438749559375
8503,0.8100674038159997
8504,0.34065802751912444
8505,0.4890614730560091
8506,0.22646775599426555
8507,0.6451383900721266
8508,0.5038855024061051
8509,0.8690809333288932
8510,0.37139027634735244
8511,0.7033779643611063
8512,0.4579065816090481
8513,0.836852369525517
8514,0.45038682104127215
8515,0.6678449924465462
8516,0.22918258315168671
8517,0.4659055584493239
8518,0.46352276002094367
8519,0.39293456348251504
8520,0.49178220034255116
8521,0.5037726661623109
8522,0.6527395155730726
8523,0.5899566099132572
8524,0.9748813525179119
8525,0.9276273249582959
8526,0.3390522814380057
8527,0.17483774018243084
8528,0.23536642435031552
8529,0.47497833285511554
8530,0.1944769777937552
8531,0.37635067901965114
8532,0.6942995795827471
8533,0.8532104330188215
8534,0.987524368715653
8535,0.18369631266611605
8536,0.7256458660409209
8537,0.3867436728137664
8538,0.4717995395922966
8539,0.8815677168395132
8540,0.8230790835108239
8541,0.8256076742495354
8542,0.24602385997181137
8543,0.2711762034264223
8544,0.6558219446907799
8545,0.21783087504821136
8546,0.9825406816917129
8547,0.45944965274576066
8548,0.35200191010255943
8549,0.42151983268035065
8550,0.4184523385593071
8551,0.5115848911032898
8552,0.7748868902257038
8553,0.2891704279355827
8554,0.33985043804831006
8555,0.7386300560903826
8556,0.39702185096587156
8557,0.43624983124920036
8558,0.6727585235327502
8559,0.968872907324969
8560,0.9656446533968754
8561,0.3711565683336361
8562,0.31745951851169896
8563,0.9713303716252948
8564,0.891804992313175
8565,0.8733249985114006
8566,0.9033014997338218
8567,0.4775676339616534
8568,0.5961033721584001
8569,0.845258299145214
8570,0.9090006771829279
8571,0.9682251204282346
8572,0.517105074586185
8573,0.7155305890626438
8574,0.9253895810111068
8575,0.46919025506650286
8576,0.9590867289429282
8577,0.9739493503093136
8578,0.6076141120750418
8579,0.323653847243177
8580,0.29812081027105064
8581,0.564478374555113
8582,0.6411238676543303
8583,0.8935115554679656
8584,0.4293712256127521
8585,0.8843380157113502
8586,0.910141551981653
8587,0.517863098573136
8588,0.7980332273231385
8589,0.4083525115990758
8590,0.10420539200328349
8591,0.39980307310673835
8592,0.7339256103562158
8593,0.8305881898763035
8594,0.36695447279807497
8595,0.3196938692583009
8596,0.7909115635614155
8597,0.8063558001549844
8598,0.4819006981078434
8599,0.430128130503451
8600,0.22516835690129489
8601,0.3613827844879393
8602,0.46767298911358157
8603,0.5383701270519909
8604,0.2966678533790076
8605,0.8824044147273743
8606,0.5703875849325053
8607,0.35590221288056506
8608,0.41340946179694354
8609,0.9115861188253881
8610,0.5224343882919212
8611,0.6287194044130484
8612,0.4223642092547059
8613,0.2987254056937433
8614,0.5306254607207125
8615,0.6479731653632058
8616,0.25390646421597396
8617,0.22914459851791363
8618,0.2491153792250925
8619,0.7516602105033763
8620,0.9752689120017041
8621,0.5341097490768022
8622,0.15483521644251438
8623,0.41683068571386056
8624,0.37101465102454334
8625,0.7502546209481007
8626,0.32753917219296186
8627,0.9650040899644896
8628,0.632109242156057
8629,0.8879544373697859
8630,0.27997032456266663
8631,0.4133017068639774
8632,0.5813243997000352
8633,0.24730032978647687
8634,0.38827827482141464
8635,0.8919922277448173
8636,0.33725475155835893
8637,0.5548900616469415
8638,0.656276496537613
8639,0.26232542772652123
8640,0.26228340719307597
8641,0.9740703422757944
8642,0.5439999896224487
8643,0.49179685108662696
8644,0.3034570253977923
8645,0.36990682868675584
8646,0.2777419004984458
8647,0.2217347826931632
8648,0.8748440098278648
8649,0.2935739601384698
8650,0.9388447394499552
8651,0.514374796632082
8652,0.3917598650696009
8653,0.9684657921680973
8654,0.3591988163174869
8655,0.3573247277691439
8656,0.3979881436077537
8657,0.223796621064284
8658,0.712080592510119
8659,0.7979504770840917
8660,0.46696872768185504
8661,0.21685594439350606
8662,0.5792296237400639
8663,0.8632226160151593
8664,0.39430712836732507
8665,0.25068980963423904
8666,0.7466848881186466
8667,0.20928523406225782
8668,0.8105771713521628
8669,0.2614938807074062
8670,0.5464748186579194
8671,0.367000969894361
8672,0.13621218979700023
8673,0.35453015339883814
8674,0.5194618573335814
8675,0.7456697422194358
8676,0.24532787346951307
8677,0.41011137889690397
8678,0.44267251081290043
8679,0.3130706493466092
8680,0.41335758083700325
8681,0.49355462972086733
8682,0.5704913909949397
8683,0.6436119420148989
8684,0.8882745581516996
8685,0.336149067098919
8686,0.5518956768221074
8687,0.1625294352468771
8688,0.3130681306112412
8689,0.9666302364674522
8690,0.4590680877533234
8691,0.5971014878144687
8692,0.40082304763662685
8693,0.2868952464429177
8694,0.20905252265947272
8695,0.9731310673706635
8696,0.9869233179862706
8697,0.9781324207821817
8698,0.37420028392538895
8699,0.37100913308075584
8700,0.7267963114332292
8701,0.35134375656562444
8702,0.31206169176609433
8703,0.3466235170356155
8704,0.7808993320676345
8705,0.37978312896315464
8706,0.6189427897053701
8707,0.2754775302928341
8708,0.9593627444336116
8709,0.9782012233096419
8710,0.5894082761792758
8711,0.268010872579507
8712,0.7614620580913604
8713,0.9159463977256523
8714,0.2648904734748634
8715,0.4899017273691767
8716,0.8590035029429184
8717,0.7974940006491406
8718,0.6519674217276022
8719,0.6215546829019658
8720,0.28761257195615186
8721,0.9756380098158681
8722,0.32871984943879495
8723,0.7737023285664394
8724,0.24692178386600128
8725,0.9751967923566361
8726,0.9628933785946933
8727,0.8252291967731243
8728,0.4372408054319761
8729,0.3070552061847853
8730,0.886717706424123
8731,0.7582633856998027
8732,0.8940366147178966
8733,0.985603730608808
8734,0.21667491368180675
8735,0.6619931457074182
8736,0.2698105546143889
8737,0.9917501509582916
8738,0.3762047041448606
8739,0.3755931414645392
8740,0.9693122085883137
8741,0.9858152759316621
8742,0.2038421727065054
8743,0.4622811668159327
8744,0.5836222165468888
8745,0.46375636586700697
8746,0.3070373104944626
8747,0.459948295962643
8748,0.4770327866038576
8749,0.39705845834553843
8750,0.22780050817398026
8751,0.9832752660949499
8752,0.7798106186051489
8753,0.4676905702174876
8754,0.24064643891399157
8755,0.9792815617531998
8756,0.3253294413540829
8757,0.4553720435381628
8758,0.39192368472818806
8759,0.845467798757874
8760,0.4378706277042045
8761,0.5575918430573332
8762,0.3733182727559329
8763,0.27710575401426973
8764,0.8542237650561524
8765,0.580660109958431
8766,0.3681983316368852
8767,0.9740025903387008
8768,0.6384687102154912
8769,0.40689216173041126
8770,0.3059202797667124
8771,0.6994858315365187
8772,0.3499796747521548
8773,0.6953878447307071
8774,0.448567577917891
8775,0.44666967368226596
8776,0.7733531966201259
8777,0.9712994776396514
8778,0.5117345755377223
8779,0.18653521924988412
8780,0.44186015050811533
8781,0.6625235349376682
8782,0.5780321777179165
8783,0.27292391659486415
8784,0.4552529313181964
8785,0.554339574261571
8786,0.17983424312619437
8787,0.9797880347697923
8788,0.38157863257007324
8789,0.30093781890854177
8790,0.7616207384715072
8791,0.4457279736586809
8792,0.5592750428626754
8793,0.27696342155570824
8794,0.5911093566119736
8795,0.4142946369556435
8796,0.4793547506070611
8797,0.7387125045363795
8798,0.561906617165258
8799,0.1511066848627885
8800,0.9222170143335527
8801,0.30457241776990546
8802,0.20104216114221718
8803,0.4159656832905003
8804,0.41378460498010294
8805,0.21500267002668083
8806,0.38405013582809566
8807,0.7621188517896657
8808,0.38221278213903576
8809,0.9819892719935308
8810,0.37156543462821756
8811,0.24310150298523642
8812,0.6744290885286717
8813,0.4259417811482997
8814,0.565468156776448
8815,0.8922048499379038
8816,0.5764194659734817
8817,0.45136027909559273
8818,0.3727053991845544
8819,0.4215064122554776
8820,0.25896082727968134
8821,0.42529122379317413
8822,0.28579007520158
8823,0.31899810025939523
8824,0.889772796494981
8825,0.9789367834102338
8826,0.6774662131071681
8827,0.8903569071591723
8828,0.9579011922552135
8829,0.4386592343792298
8830,0.4392060598861217
8831,0.42078671812129176
8832,0.7895753507369991
8833,0.5101157362199022
8834,0.26393250211960634
8835,0.4589345684826943
8836,0.3168601752938161
8837,0.4459145650384197
8838,0.933099961951121
8839,0.4479393901350629
8840,0.9789500555019923
8841,0.6969485584155564
8842,0.9746967139693363
8843,0.40795198642197766
8844,0.6780998033055451
8845,0.4128807227048549
8846,0.9772563500058695
8847,0.29336302915501483
8848,0.41182660657141035
8849,0.19930299871110724
8850,0.5985600604296999
8851,0.9755675424930533
8852,0.86925295140614
8853,0.36059268238884934
8854,0.38471562897763667
8855,0.22637106806784812
8856,0.5966418045577571
8857,0.1526190595317427
8858,0.34950865793442726
8859,0.714683516066051
8860,0.9772357137649357
8861,0.5398201378427028
8862,0.10533078915917433
8863,0.7357418455996617
8864,0.6338379805387805
8865,0.20461681304257195
8866,0.7150300647778476
8867,0.3462409744057215
8868,0.6546820782314664
8869,0.4981170012466203
8870,0.5612149202243547
8871,0.9372037406878146
8872,0.17497793286488197
8873,0.9205475504737652
8874,0.3746108830432979
8875,0.786831598592767
8876,0.2928191676788312
8877,0.4362321303714109
8878,0.8878528464675484
8879,0.3229541118938185
8880,0.9285945784471118
8881,0.46846834347740873
8882,0.3603724918757729
8883,0.41704091345836325
8884,0.7053180108591761
8885,0.8398410135165212
8886,0.3059115596519766
8887,0.4402294927622182
8888,0.37355106111079567
8889,0.7137758298495411
8890,0.1853086132682383
8891,0.31937996996617174
8892,0.8174513961421972
8893,0.5437933713252976
8894,0.9694582346309523
8895,0.27968051765879975
8896,0.6569070530104545
8897,0.21618956640727202
8898,0.6621424142048424
8899,0.4164571959775402
8900,0.20119359161678468
8901,0.397467550081586
8902,0.2284345486527518
8903,0.9886762915590679
8904,0.30710050193849897
8905,0.6379218217203008
8906,0.9759320194077097
8907,0.977652284155489
8908,0.8109751353737148
8909,0.3258484487846598
8910,0.5315943081160652
8911,0.21765956284272195
8912,0.9799041443370858
8913,0.28648091257392905
8914,0.4637660403502566
8915,0.44396038492360046
8916,0.1875273081656947
8917,0.921716482710199
8918,0.9581519733417219
8919,0.7898275031802113
8920,0.9785208347350843
8921,0.7379189994659537
8922,0.25408638644992215
8923,0.4246878456393796
8924,0.547148914278963
8925,0.683979948949115
8926,0.31340804325701804
8927,0.4227612479587079
8928,0.6510711913652615
8929,0.8285797516096586
8930,0.6802761863929117
8931,0.3178373093495276
8932,0.42693071440065994
8933,0.7175107380732872
8934,0.26322929296102615
8935,0.9797707430440263
8936,0.5030216057831912
8937,0.36370573490587027
8938,0.9679697407752613
8939,0.5367262702162949
8940,0.4200552508229165
8941,0.46087852818210867
8942,0.5313984295498175
8943,0.8149624877304604
8944,0.5226112173766233
8945,0.5713507157029445
8946,0.9159489153731589
8947,0.2642129044033824
8948,0.8287510570966201
8949,0.40162044180652223
8950,0.6080250924078394
8951,0.8581566153239113
8952,0.4458050680090867
8953,0.4862883714719808
8954,0.6309872111709105
8955,0.7419789773591667
8956,0.3922545314201082
8957,0.28277035053204463
8958,0.911806400309691
8959,0.19864058134386614
8960,0.9780748997274304
8961,0.23279353136699604
8962,0.4112778791355054
8963,0.5848989330575702
8964,0.3763593667903431
8965,0.824203674530027
8966,0.39633356052821134
8967,0.8064770030801663
8968,0.4840657432454164
8969,0.30786226423797364
8970,0.9688728934770401
8971,0.27989927878681015
8972,0.9074408976540758
8973,0.6110337580083516
8974,0.9728760485118049
8975,0.4202204071161676
8976,0.9538969063142855
8977,0.3997239664464577
8978,0.7435790197091554
8979,0.5200474806626464
8980,0.3865815037708368
8981,0.7932806425151223
8982,0.43097620831943495
8983,0.8037180820058892
8984,0.33750930638089344
8985,0.4818080846801869
8986,0.24578865196723473
8987,0.21193388718165465
8988,0.9095112125328839
8989,0.7108328828396111
8990,0.8859546199279846
8991,0.5040053495061658
8992,0.7505296057060601
8993,0.38397569918741925
8994,0.4654097423069464
8995,0.40416490911172953
8996,0.8469817281787091
8997,0.2191025352620676
8998,0.9663359382029634
8999,0.8397263244808122
9000,0.9756957952458508
9001,0.4615282117014302
9002,0.39269037981942123
9003,0.30574372593631544
9004,0.2031238900589214
9005,0.4659599101933377
9006,0.3385222046965406
9007,0.3899281917213548
9008,0.9769923407459533
9009,0.2819394326360627
9010,0.3556033980249187
9011,0.3055057552015173
9012,0.2706276799825339
9013,0.8015385469075786
9014,0.7310228186390346
9015,0.8318728461975224
9016,0.8222236432047725
9017,0.2627471245286621
9018,0.9754315235674451
9019,0.706071480199985
9020,0.4662375620526868
9021,0.9759049729630596
9022,0.3336307733499088
9023,0.34034355120628174
9024,0.48659225182654686
9025,0.8271043903011748
9026,0.9734033839314039
9027,0.40322266147169733
9028,0.5835214593708804
9029,0.6508985007294197
9030,0.19402778980982938
9031,0.5015567512016095
9032,0.6418185863446131
9033,0.896120875373915
9034,0.9780511815451585
9035,0.4268319499393566
9036,0.524334139303941
9037,0.5007459319259324
9038,0.4728557372224612
9039,0.7225868478383034
9040,0.9831370113404807
9041,0.8630713724348238
9042,0.2613923115404349
9043,0.8027017133267742
9044,0.8620738314663255
9045,0.4698706892899346
9046,0.9803092601376979
9047,0.37156077632026785
9048,0.8292151110024337
9049,0.7233344579321233
9050,0.2779653501891879
9051,0.4580613413464846
9052,0.9767915723689407
9053,0.8044815744517378
9054,0.8204472369541695
9055,0.3734786593786597
9056,0.29798223934927237
9057,0.85212558903539
9058,0.5347877569394384
9059,0.394091596061847
9060,0.6473686232911922
9061,0.5083613418344692
9062,0.5807505585042622
9063,0.35171675290070253
9064,0.2356553725465042
9065,0.32918868476802166
9066,0.8986954672936925
9067,0.5525403293953215
9068,0.8218929726560382
9069,0.7573937218446702
9070,0.6309813326557259
9071,0.8390610265681022
9072,0.16675018016006118
9073,0.3638889973988842
9074,0.3119574743538848
9075,0.3003210253066674
9076,0.2829751858437703
9077,0.9005710799431977
9078,0.37465706778469293
9079,0.36279530210077915
9080,0.29489077342250375
9081,0.8241939258755993
9082,0.9772337524919507
9083,0.9770144398942755
9084,0.5665690913432098
9085,0.19434143327426093
9086,0.6428981204128533
9087,0.26879549623897253
9088,0.9754729688569227
9089,0.7810364175871851
9090,0.3180643038590676
9091,0.8532492058762517
9092,0.8765810167624222
9093,0.4395800851668191
9094,0.4068881045332472
9095,0.4947446752409518
9096,0.369988139812559
9097,0.8679251021281028
9098,0.5844531499382766
9099,0.5402291290206135
9100,0.6969584097160071
9101,0.7791498476944826
9102,0.6668452311355146
9103,0.2741796813239857
9104,0.4615178138731896
9105,0.8886134750256593
9106,0.4842224558143846
9107,0.37728806594283837
9108,0.6017396615871878
9109,0.9457480599795303
9110,0.3473755170400081
9111,0.32151812568188815
9112,0.8392085092045146
9113,0.4931345769176883
9114,0.9648631252945485
9115,0.9844168640925026
9116,0.19604467144464272
9117,0.8406341603147308
9118,0.7749199467102973
9119,0.4470662047842302
9120,0.6187754890437618
9121,0.6708449461361795
9122,0.346563615619759
9123,0.29684553452850193
9124,0.1604501236990426
9125,0.43747081189707265
9126,0.29415268056533844
9127,0.5235129358129565
9128,0.8674576520137753
9129,0.9829793496213347
9130,0.3327528567876711
9131,0.30912493065056884
9132,0.6880007659274144
9133,0.8579054705891213
9134,0.3247502693744877
9135,0.7053124170543308
9136,0.5106692200199748
9137,0.7212368338137388
9138,0.47542470552598315
9139,0.7707025811704212
9140,0.7982988236561607
9141,0.6930485585920232
9142,0.5669176421345458
9143,0.282193472237908
9144,0.3855204282990112
9145,0.5377994604979278
9146,0.8255429193309262
9147,0.3101338118979322
9148,0.2680375574173129
9149,0.4400709508786924
9150,0.5537505934189472
9151,0.32870325323648336
9152,0.34054874427718573
9153,0.33725893175638155
9154,0.2977840010056012
9155,0.13810719745413227
9156,0.34716672589978803
9157,0.5934739311234782
9158,0.9704478494745221
9159,0.5012931952771363
9160,0.4367021748689496
9161,0.4095769907217266
9162,0.48896056668306653
9163,0.3863858912034686
9164,0.18868509527416594
9165,0.2846793454868862
9166,0.5174428378018373
9167,0.37757935063176756
9168,0.30833950110204733
9169,0.32623075889157693
9170,0.4015739723978221
9171,0.45562420278779003
9172,0.20282461017188214
9173,0.6596280673364119
9174,0.5939899354654199
9175,0.3835685964430211
9176,0.23790629267961405
9177,0.726126302879134
9178,0.34968354668283447
9179,0.4256740108943866
9180,0.6644827179727697
9181,0.9305184790710328
9182,0.5379932727989394
9183,0.5744961342098864
9184,0.35552952681315225
9185,0.28930518630061
9186,0.285570409399948
9187,0.8582833964274376
9188,0.3805869058518706
9189,0.1384714483901826
9190,0.6041088898785928
9191,0.5875630497555833
9192,0.24653564865748454
9193,0.5439217409237769
9194,0.5217853517489569
9195,0.29225627958463735
9196,0.20718841448100242
9197,0.2766081726113517
9198,0.37700118780805353
9199,0.4907812320010898
9200,0.38928910759344604
9201,0.513574559996257
9202,0.8089520669678278
9203,0.3435137287045852
9204,0.31742360313649803
9205,0.18320738701479075
9206,0.6142171888078108
9207,0.8431573637834879
9208,0.4440778156454751
9209,0.8871258424252635
9210,0.6628958298151053
9211,0.7074971027129666
9212,0.7723406326505624
9213,0.3187794585971604
9214,0.6058374891081768
9215,0.8531865730855182
9216,0.9807845391731367
9217,0.7647750805285385
9218,0.15805151763810824
9219,0.7291387296314102
9220,0.3861632051371743
9221,0.8258781973684863
9222,0.3686514136238973
9223,0.1740248457096106
9224,0.40055044469656875
9225,0.36780718390958106
9226,0.6273741002126999
9227,0.8489946823803725
9228,0.8416105326694124
9229,0.45194803321354515
9230,0.18918999922161386
9231,0.37256147345421664
9232,0.9844904116547195
9233,0.6092470039385607
9234,0.26081787570833226
9235,0.17954424291822288
9236,0.38647638983609944
9237,0.2002853756215796
9238,0.9050049335112902
9239,0.26988659309427887
9240,0.6609013702088055
9241,0.24958947597225942
9242,0.3564213783339861
9243,0.4497895033213605
9244,0.3401303612144218
9245,0.6216755576434062
9246,0.7977866098979195
9247,0.979991082918268
9248,0.28680318963492196
9249,0.44983767814301323
9250,0.9707209258663774
9251,0.3464380376587787
9252,0.9658167782946985
9253,0.9436596191839871
9254,0.9879821191951781
9255,0.18357700767723378
9256,0.3303269342945512
9257,0.37758989803825227
9258,0.33138061976128347
9259,0.7083410833702666
9260,0.6559179181537625
9261,0.8977116189316003
9262,0.43281047454307175
9263,0.39589648587644544
9264,0.7163358275273468
9265,0.48933986805077156
9266,0.39425005457450685
9267,0.22659546765647093
9268,0.5684816470933782
9269,0.20119203326202267
9270,0.46604266623216184
9271,0.4044278835256344
9272,0.8811427840654136
9273,0.42613312864738756
9274,0.8679320193214937
9275,0.7144866065425595
9276,0.34317936470373267
9277,0.3983882429872391
9278,0.3070547256792057
9279,0.2570602749640177
9280,0.9732477196414984
9281,0.2795098476324537
9282,0.8553237886079985
9283,0.9744968119769037
9284,0.7640080614639628
9285,0.6121415314908383
9286,0.38165780852008
9287,0.9458990736486194
9288,0.626680751057141
9289,0.2796642615008653
9290,0.4064370069872125
9291,0.37997818065704697
9292,0.5198247554637874
9293,0.3506348063068572
9294,0.7615794503728854
9295,0.9778632011140886
9296,0.3370456549067421
9297,0.9751388787815568
9298,0.7274580484950196
9299,0.8822020727924053
9300,0.2720973747040944
9301,0.34159134136338504
9302,0.5309242182516583
9303,0.3005353622243501
9304,0.5968227790547724
9305,0.2718808330378306
9306,0.5210895996247205
9307,0.5030958778069566
9308,0.7060320607993126
9309,0.5027764629594274
9310,0.30337256021669906
9311,0.4961511942670889
9312,0.2756895692743485
9313,0.37577642900936026
9314,0.4616197810267994
9315,0.4763645251994357
9316,0.6419047749864498
9317,0.38018224910637244
9318,0.8897821025909658
9319,0.267107275635743
9320,0.3929176409771167
9321,0.49948794349096237
9322,0.47581238829226274
9323,0.9924028380088683
9324,0.4406459933215766
9325,0.9734435320666872
9326,0.2350777847881151
9327,0.30874587228202893
9328,0.5688009437180979
9329,0.45310749691004626
9330,0.618743099879255
9331,0.8035691875994875
9332,0.7347969748459762
9333,0.31254214159007493
9334,0.5993391261159314
9335,0.31597716631610384
9336,0.3984568435479716
9337,0.5016334090562663
9338,0.6004530819410221
9339,0.4145950290229732
9340,0.35634453329102805
9341,0.9180421050301569
9342,0.8476754204919825
9343,0.42314561404473255
9344,0.9063181361947575
9345,0.25630838126281075
9346,0.3511726356989578
9347,0.4174184885443612
9348,0.8408546951318313
9349,0.5100742083884179
9350,0.9756955280441812
9351,0.41546964305484724
9352,0.1941065800765197
9353,0.8131628797980687
9354,0.7398093207029067
9355,0.2518477816364937
9356,0.5171422941842733
9357,0.7856130756468552
9358,0.23896177708285066
9359,0.9828778509719068
9360,0.33398027687839077
9361,0.20984389503119705
9362,0.4573942184931188
9363,0.7136792731832002
9364,0.2479688515983749
9365,0.9735010175635239
9366,0.5167342414940085
9367,0.5656561646921492
9368,0.9695472809179866
9369,0.20084750863080622
9370,0.9749624985573908
9371,0.3222130264524031
9372,0.7889798641118542
9373,0.16371206427368928
9374,0.6110647818590857
9375,0.2912551489968581
9376,0.16785703570537366
9377,0.5670913504610753
9378,0.3074347810956938
9379,0.27239709638194093
9380,0.7686811332760313
9381,0.9714599226009721
9382,0.38271410179671306
9383,0.42983181240736307
9384,0.11717196218052228
9385,0.40047248373026106
9386,0.9689211995307798
9387,0.2719239634189379
9388,0.446503660302601
9389,0.3231131212007762
9390,0.4367135053577058
9391,0.5038773164116588
9392,0.4340689262787166
9393,0.3631092691351018
9394,0.6566160882792538
9395,0.9102490476474197
9396,0.8935999783774964
9397,0.9026680702362948
9398,0.41273253636903545
9399,0.9842272495409423
9400,0.40451858478037184
9401,0.30003568409834064
9402,0.5009179408519453
9403,0.4104827651411674
9404,0.9800163213539477
9405,0.8584428880785598
9406,0.7857113598313303
9407,0.42246243576520204
9408,0.2779848338671156
9409,0.26140888564479153
9410,0.40114591468805044
9411,0.6978766379216035
9412,0.31092899992938433
9413,0.6126165612435522
9414,0.9570062508491867
9415,0.956987583951221
9416,0.1932462463552613
9417,0.5758717670188751
9418,0.21154802538160017
9419,0.5516710165047919
9420,0.25740457556128654
9421,0.3708777055393165
9422,0.7802701658519718
9423,0.5597156472902851
9424,0.47457203678141213
9425,0.4209488328545039
9426,0.8431375799121361
9427,0.37868052935027646
9428,0.9002397006560297
9429,0.24855958252777366
9430,0.3072397196137111
9431,0.5919932982069072
9432,0.31755269110830253
9433,0.49200780640995734
9434,0.41626300210950884
9435,0.4256412603588295
9436,0.9873053117631677
9437,0.20663282594672322
9438,0.7807324483482838
9439,0.8972993009751158
9440,0.88150694826637
9441,0.9858119050558304
9442,0.9648681292598809
9443,0.5268136117671745
9444,0.6797022215385812
9445,0.9774414496600548
9446,0.5466607542687576
9447,0.2337826097575657
9448,0.5249464981270955
9449,0.7532960197102199
9450,0.824032069021104
9451,0.5573688682077755
9452,0.8663522157975442
9453,0.4584844182531632
9454,0.28276386974310314
9455,0.4436093445803425
9456,0.1814351054143049
9457,0.20864686658903667
9458,0.7606136230564285
9459,0.6146268389771832
9460,0.929860485856992
9461,0.5001903686116373
9462,0.9824393498059257
9463,0.657871482510396
9464,0.9397135044764199
9465,0.27564850509866373
9466,0.37806474561952963
9467,0.21224828657617145
9468,0.33197803715684976
9469,0.5780511100873689
9470,0.47604924467125687
9471,0.3246388973449462
9472,0.16198067239869135
9473,0.9850733119068621
9474,0.9726700023400934
9475,0.5937429603312389
9476,0.33786716694390045
9477,0.33924136891167483
9478,0.5432949229356346
9479,0.5931012486481981
9480,0.9774915989333058
9481,0.3074208764912363
9482,0.45871972727416255
9483,0.42814400134297526
9484,0.6755392774001453
9485,0.9670759096310736
9486,0.6376647604155203
9487,0.8901740037532704
9488,0.3254907340269251
9489,0.440740463210833
9490,0.5990110931817991
9491,0.9255885023385652
9492,0.22465480730840875
9493,0.723438110291467
9494,0.4638304507903858
9495,0.9726338647434514
9496,0.5354712306146903
9497,0.8605161243862269
9498,0.820243550659953
9499,0.4589595296163025
9500,0.23918651197955823
9501,0.6025378648031782
9502,0.4887024944456567
9503,0.4353046102855352
9504,0.25191772649482436
9505,0.34081515025154174
9506,0.7319056296937326
9507,0.98236239940002
9508,0.16230715195031764
9509,0.30559337130550057
9510,0.6974680495742374
9511,0.4408173966327553
9512,0.36716320538186986
9513,0.9739148229781746
9514,0.5652045490541217
9515,0.9764765250110397
9516,0.18130090755854675
9517,0.7382871476625651
9518,0.9861135887501744
9519,0.8831415038267548
9520,0.49050077378575513
9521,0.37143370451602314
9522,0.37597572752089803
9523,0.4394219595238702
9524,0.3908055486368942
9525,0.8869707354643587
9526,0.3565686722164987
9527,0.16519685851740315
9528,0.9109855347715361
9529,0.3997005179267811
9530,0.25300672951268355
9531,0.5979772918582436
9532,0.37091576958375505
9533,0.5432763594139366
9534,0.302929678354287
9535,0.6930778069266745
9536,0.5076654655172972
9537,0.47010149965415526
9538,0.16015916022500926
9539,0.5481557207703583
9540,0.49828125807314116
9541,0.46221815635223285
9542,0.3452981639834409
9543,0.4013961848226243
9544,0.9765008787650227
9545,0.33712061186393205
9546,0.23389664329800355
9547,0.6472381891364997
9548,0.8510978346364013
9549,0.4619659742300907
9550,0.838082016248219
9551,0.6712170387520641
9552,0.8567412670876289
9553,0.5904054807313668
9554,0.2971855030860695
9555,0.978356560853548
9556,0.9733017015457517
9557,0.36930282169027967
9558,0.6526495316654433
9559,0.49354937337791127
9560,0.23019474132818094
9561,0.7738345205885975
9562,0.8297660371520506
9563,0.27073422893251287
9564,0.8792843816281601
9565,0.7945292328738011
9566,0.1329589946881543
9567,0.46131776562549853
9568,0.43746535992746394
9569,0.9765267563520392
9570,0.4232314463716244
9571,0.4120674898061292
9572,0.9731326892004754
9573,0.9740114770588681
9574,0.970510956449733
9575,0.3429302070829254
9576,0.48482850753157014
9577,0.3226308115853133
9578,0.5180909021125621
9579,0.9661034052517068
9580,0.4038032715494929
9581,0.3547732702044157
9582,0.34553739883697876
9583,0.5988930975245021
9584,0.26753958649522563
9585,0.49925866598914537
9586,0.9848378873565006
9587,0.6270246905006155
9588,0.624010883939431
9589,0.538147531726246
9590,0.9807227898658107
9591,0.5552398972292135
9592,0.5893364032208849
9593,0.5791716366617227
9594,0.1167485576712591
9595,0.2603180318664836
9596,0.7347395183633949
9597,0.9820206950276709
9598,0.7847313586083402
9599,0.9255653465127534
9600,0.8548997142941653
9601,0.564530721083202
9602,0.37516317753184597
9603,0.9746116990817141
9604,0.28089506481857107
9605,0.4805082047220014
9606,0.27790064499323824
9607,0.5066782609762037
9608,0.42248142918138926
9609,0.1774697665056499
9610,0.36540003697197687
9611,0.8319253365383711
9612,0.5322068334705417
9613,0.45076902224221566
9614,0.47005944192306776
9615,0.6342225839449162
9616,0.35050418305961273
9617,0.5904600093803059
9618,0.825113296617003
9619,0.9557284469761543
9620,0.25666101194592184
9621,0.22135320760450686
9622,0.981109121908552
9623,0.2275169138673882
9624,0.21944052672985545
9625,0.7540578497002783
9626,0.8887483106900159
9627,0.7304731583978071
9628,0.8958335008358747
9629,0.2541579663174466
9630,0.7602135746358212
9631,0.28382851158576977
9632,0.9765446768979685
9633,0.5325555569947966
9634,0.467129810591811
9635,0.9849444725938121
9636,0.5182822939199436
9637,0.3542415299005059
9638,0.7254046933703433
9639,0.42137442423283
9640,0.36595270240919686
9641,0.6778412856139749
9642,0.5058829390385073
9643,0.8557769851545369
9644,0.34067324296704715
9645,0.8803398705305563
9646,0.33811745731850446
9647,0.35999054031515865
9648,0.9671150911283078
9649,0.7962054379150223
9650,0.16776904269933435
9651,0.3911261755514268
9652,0.793502363831063
9653,0.7834207694268311
9654,0.813184432935442
9655,0.73335497414956
9656,0.4059423837297764
9657,0.5144834188980543
9658,0.474954053645995
9659,0.4211677911004157
9660,0.43625250610046634
9661,0.1919175780625461
9662,0.4728509487110428
9663,0.7619649786875307
9664,0.8774603282597536
9665,0.3124414988134102
9666,0.2876718742215233
9667,0.6175375354047936
9668,0.9754897512597309
9669,0.5799077673988492
9670,0.9718406142751328
9671,0.2760886703336013
9672,0.9108222114338749
9673,0.13363447288461267
9674,0.4133971957839177
9675,0.8130597947735034
9676,0.2099419732418563
9677,0.23236934453453156
9678,0.18816787619640546
9679,0.3586350225064547
9680,0.6226075824976027
9681,0.8358918256034504
9682,0.24636686047337472
9683,0.8984332220307607
9684,0.30917541146827804
9685,0.8859657418718114
9686,0.5203592969246906
9687,0.33020328642219327
9688,0.7421564351821918
9689,0.9795639531202185
9690,0.624720549957871
9691,0.7791189228539191
9692,0.25355620403949514
9693,0.6123059001819817
9694,0.3957065967150717
9695,0.430327179580449
9696,0.23498088717730747
9697,0.872892258683242
9698,0.9491806466662276
9699,0.9763651456457557
9700,0.24999846777431772
9701,0.8703972245000444
9702,0.37643566712826926
9703,0.33101143604354927
9704,0.24630163496898644
9705,0.9793584372353128
9706,0.8800942835447998
9707,0.5289487236082082
9708,0.31780925622549416
9709,0.5039150835393091
9710,0.8535793793485091
9711,0.7594250989243518
9712,0.8537284202609565
9713,0.42036524972196376
9714,0.6653862641592995
9715,0.18181186675180855
9716,0.4223016916394896
9717,0.8338483224515191
9718,0.9074846269638496
9719,0.49185407735891
9720,0.7411560653101175
9721,0.43493622777384716
9722,0.9309458833504338
9723,0.6042685553593212
9724,0.5520450839085278
9725,0.9663285430144335
9726,0.536947862874651
9727,0.9803171511578119
9728,0.36684086730609416
9729,0.8145653622488364
9730,0.6689794214834278
9731,0.7720523299959106
9732,0.2592047267490751
9733,0.3859078139075248
9734,0.2510802044225681
9735,0.45841228167096726
9736,0.7169657945513894
9737,0.5196057072012928
9738,0.1877213396158971
9739,0.9812427605404126
9740,0.7223227931737135
9741,0.580421835120206
9742,0.7059266879535637
9743,0.5451338987904686
9744,0.8750189145653322
9745,0.8225319724806883
9746,0.21330644366450338
9747,0.8609980055012753
9748,0.1882072325817973
9749,0.9078223945684731
9750,0.3702811057642815
9751,0.6990105963614395
9752,0.49200573401035697
9753,0.3336989142873841
9754,0.35640959068926364
9755,0.5347312844208503
9756,0.2475474239227261
9757,0.3744269490128631
9758,0.9151656599675496
9759,0.5146274881961859
9760,0.9844937756475954
9761,0.8593408976485936
9762,0.2455608389627184
9763,0.9812545287750913
9764,0.8793075132654085
9765,0.20451117080750275
9766,0.8029383461985024
9767,0.5853983428886099
9768,0.9721282180213963
9769,0.43011319802738346
9770,0.5565351394444604
9771,0.976324061785779
9772,0.7951652059859659
9773,0.47171018189936503
9774,0.47756878997287733
9775,0.9808956258810473
9776,0.9799674956317933
9777,0.31403648366985626
9778,0.6780472070158627
9779,0.42680154647633667
9780,0.33789802810177005
9781,0.23262788383601257
9782,0.5655167841178133
9783,0.3478563183031657
9784,0.2709810526762581
9785,0.4545618349692624
9786,0.688796532468404
9787,0.2570164661839722
9788,0.6943922324867097
9789,0.23714359253827466
9790,0.3562183739170037
9791,0.2629142710270789
9792,0.9769424070047199
9793,0.8626099532530442
9794,0.8213313198049562
9795,0.24391135503255484
9796,0.4585821267581005
9797,0.3652839927054625
9798,0.6650309547293581
9799,0.334383750422911
9800,0.5488730538458255
9801,0.48692596066098726
9802,0.3945000870626466
9803,0.5687071564217282
9804,0.5526408903194802
9805,0.4270955987812758
9806,0.9014516533258647
9807,0.4514159426422848
9808,0.4034931775574967
9809,0.47450234594214413
9810,0.46989790667772696
9811,0.7494281530567847
9812,0.2260070913661755
9813,0.4745184224188753
9814,0.3381044925897568
9815,0.3507188815480821
9816,0.24730037139529476
9817,0.9613948201447663
9818,0.19902809135484628
9819,0.979022080114244
9820,0.31833384637297757
9821,0.625643061148186
9822,0.9733832731436767
9823,0.982043114085979
9824,0.39387495487071983
9825,0.41770752793682286
9826,0.35382940765417853
9827,0.6046701014152589
9828,0.41892318140678914
9829,0.4213387150418931
9830,0.7447030336990916
9831,0.31509425002351005
9832,0.9773208127837997
9833,0.964224858467991
9834,0.3303605837575903
9835,0.9826965839542655
9836,0.42465422435487166
9837,0.43111997062195623
9838,0.8348524994468027
9839,0.9893535660716269
9840,0.7488692358272783
9841,0.4007385577745126
9842,0.9819583644083263
9843,0.24385490109865665
9844,0.4704537548808536
9845,0.36069334782595247
9846,0.2720498371191775
9847,0.9786169605198305
9848,0.39848655836403724
9849,0.3982709844512032
9850,0.3698042747723247
9851,0.6712175649004456
9852,0.8461936457353296
9853,0.5202946848146829
9854,0.6795075539555218
9855,0.2334672054141556
9856,0.39176159062144195
9857,0.9210946695692078
9858,0.3322963990752605
9859,0.16268923933417395
9860,0.41307835715285735
9861,0.9755599327247931
9862,0.29382612603401825
9863,0.3509212037702405
9864,0.59829604155171
9865,0.706271308678341
9866,0.4128818972627134
9867,0.3495727824860341
9868,0.37275674664857966
9869,0.31865438078149333
9870,0.3060023961900294
9871,0.33325087345643933
9872,0.4317521273138901
9873,0.9660113343679505
9874,0.626158975368718
9875,0.4630500769921348
9876,0.9800460142219388
9877,0.4779096053099394
9878,0.44732509614074956
9879,0.5146661982349394
9880,0.9785233261704667
9881,0.9323821552889564
9882,0.29979010287820684
9883,0.44035918524991974
9884,0.8563213441270393
9885,0.4420117536473459
9886,0.7178739096016795
9887,0.47413676060916465
9888,0.21238215092225177
9889,0.6704434574615837
9890,0.5570817893956944
9891,0.277218872242751
9892,0.3443685554664462
9893,0.7048285880364387
9894,0.8081794751102263
9895,0.26759427809873104
9896,0.5855031860911125
9897,0.16065041697104057
9898,0.455449246269337
9899,0.5443007940637555
9900,0.34565547457789036
9901,0.4734330744797794
9902,0.9128869729358241
9903,0.6512725002097108
9904,0.34934315448161524
9905,0.3928643889255161
9906,0.8501023396467323
9907,0.7906811347667244
9908,0.8501220239221325
9909,0.9855332253449897
9910,0.4550527611187345
9911,0.8809407299271594
9912,0.4208560245433628
9913,0.39217662844048423
9914,0.2890828985764674
9915,0.3352738572320105
9916,0.29465451633383066
9917,0.4400721311529969
9918,0.5916532240797412
9919,0.7837095462226615
9920,0.8706361750061277
9921,0.39751489880937324
9922,0.3372358569347268
9923,0.5789374821126315
9924,0.8994139141187287
9925,0.6278603796465092
9926,0.7572642181186521
9927,0.9566318386260582
9928,0.5383465045634734
9929,0.9836126202246009
9930,0.316043082466366
9931,0.4125117189781169
9932,0.2731220268628046
9933,0.27243095205322365
9934,0.3710327038659696
9935,0.9794358713453108
9936,0.8786853943684468
9937,0.45954839880051757
9938,0.19930075866157201
9939,0.5186064892979236
9940,0.6945241647158178
9941,0.536582390725532
9942,0.17585036969873216
9943,0.32112810137650916
9944,0.44139396139636355
9945,0.4497557871727538
9946,0.5390019198979873
9947,0.49557091087947835
9948,0.22944881535597883
9949,0.4726891241643961
9950,0.19090652554380694
9951,0.6245788495402204
9952,0.978019500727214
9953,0.7875231385298569
9954,0.49107412182902305
9955,0.14473599901535775
9956,0.11993184025831559
9957,0.9843058191778236
9958,0.9854292894307487
9959,0.9336480402241264
9960,0.4419877453454439
9961,0.966568540393297
9962,0.3405595704840504
9963,0.4740246289642485
9964,0.971342887911623
9965,0.9490212137280957
9966,0.39064725605961204
9967,0.3769212307992749
9968,0.4232519400632853
9969,0.5552608705256307
9970,0.9549748667047595
9971,0.4369594478616458
9972,0.41586857917046915
9973,0.5007853545256367
9974,0.34694114790777186
9975,0.8965835800901416
9976,0.30397779133904484
9977,0.5844837794858823
9978,0.8486686441276925
9979,0.7788469825754281
9980,0.3982469698603779
9981,0.49466367767840713
9982,0.3171521693458425
9983,0.541351720418678
9984,0.4094570175017369
9985,0.41507563752194787
9986,0.2531646409931843
9987,0.8800530465672477
9988,0.5935238675036719
9989,0.8693257983926646
9990,0.9780418404570016
9991,0.8328933019424847
9992,0.6181102160207279
9993,0.16501517527387727
9994,0.776460252332663
9995,0.963511332402766
9996,0.9786009026172942
9997,0.5252147928053016
9998,0.3035727157832908
9999,0.4222729413343683
10000,0.3578069536956793
10001,0.6132237689775761
10002,0.19207011393922083
10003,0.44013129312748545
10004,0.45799272052622486
10005,0.9874627733671582
10006,0.6982772781420747
10007,0.4412240619120369
10008,0.8555862144529025
10009,0.401161655394898
10010,0.9834941256246259
10011,0.2761073519661535
10012,0.8824188990326808
10013,0.3772524998470326
10014,0.6402220725278145
10015,0.4222909804330599
10016,0.36358149892235214
10017,0.6052501043325443
10018,0.9402330647917667
10019,0.36001955665889207
10020,0.2385494681204942
10021,0.6967114436052716
10022,0.38341684422132477
10023,0.7716908190077414
10024,0.43279046648468167
10025,0.9839449695222025
10026,0.7798733213291453
10027,0.6175184455109904
10028,0.8921241577899126
10029,0.6816635418123087
10030,0.8270434226688272
10031,0.37051550771162656
10032,0.9044893276468235
10033,0.2341428085693521
10034,0.5528538377093989
10035,0.36227002584113277
10036,0.5891647950445705
10037,0.7956330421884539
10038,0.7845895941560515
10039,0.33988464259803963
10040,0.18214119342637963
10041,0.6518389512858151
10042,0.31208760510274697
10043,0.8229039720041201
10044,0.8794952265947945
10045,0.4674808407531433
10046,0.2958289656919982
10047,0.9760106748992451
10048,0.30483381235165025
10049,0.7242117166352859
10050,0.21521851132520903
10051,0.31860830118777905
10052,0.4762317005772494
10053,0.793514229822884
10054,0.9739418847003193
10055,0.2065079666549304
10056,0.3676963703308916
10057,0.4986098856554075
10058,0.37922232102242037
10059,0.69595993915134
10060,0.8401340034013034
10061,0.413715611645304
10062,0.4570246161540988
10063,0.3673546905413795
10064,0.3062101445732746
10065,0.4180491066200077
10066,0.34949837526883515
10067,0.973152850291291
10068,0.5203118344159272
10069,0.26784943205933437
10070,0.1466737650720952
10071,0.4673760249564484
10072,0.5808011399751757
10073,0.2982784766398403
10074,0.7976054675270283
10075,0.47214805367377444
10076,0.3998399542012606
10077,0.4309345818083999
10078,0.38859423354363265
10079,0.6153022800374457
10080,0.4263225763548636
10081,0.4261463785511489
10082,0.42634316750809875
10083,0.8543525705525632
10084,0.7043623557667917
10085,0.6866577430486248
10086,0.9084363899742643
10087,0.7207969780555281
10088,0.6926506366567601
10089,0.48355077048717854
10090,0.34085211111783587
10091,0.34100982575192673
10092,0.37803105614439253
10093,0.2621227664750539
10094,0.909108575989795
10095,0.41420260316231816
10096,0.978742626355002
10097,0.9721094000653262
10098,0.6734359857125912
10099,0.4210516114696041
10100,0.3669809817534966
10101,0.7040250073104174
10102,0.33209845382335557
10103,0.9765554351834587
10104,0.9835089557566781
10105,0.9800268848537884
10106,0.3175067059086641
10107,0.2084506258781469
10108,0.9667537731580349
10109,0.9874666811352384
10110,0.29827876433079026
10111,0.4332207900102839
10112,0.5432181972571799
10113,0.38045671420008165
10114,0.7700276977778737
10115,0.21441499920550539
10116,0.38018520076736456
10117,0.3464657649251958
10118,0.5624477728149178
10119,0.9097135406587791
10120,0.8882925437466554
10121,0.25894180199395717
10122,0.6527549230277157
10123,0.2843205156692922
10124,0.6708050045447231
10125,0.392675029524312
10126,0.9449102206457944
10127,0.35796611246109544
10128,0.7913448723934328
10129,0.974785737287529
10130,0.6242760934538625
10131,0.3123793520456378
10132,0.7359561956712377
10133,0.7419025535688609
10134,0.8987426645544385
10135,0.6338575007407863
10136,0.2498763575259823
10137,0.34641341561691386
10138,0.31639669630766404
10139,0.8290905964640969
10140,0.6127037088225504
10141,0.2077964348530695
10142,0.8951584941008546
10143,0.9045962310053692
10144,0.36644216907554994
10145,0.9182794805052409
10146,0.4801769974709299
10147,0.8260016123410234
10148,0.22669293596195045
10149,0.2864137997286246
10150,0.47094644495329013
10151,0.5927579175405305
10152,0.33274971716179924
10153,0.9679001427058196
10154,0.805786955347561
10155,0.8480651077181922
10156,0.913108045122007
10157,0.697080489688248
10158,0.673554303989815
10159,0.33060909320377213
10160,0.435248873636157
10161,0.5070593947087695
10162,0.853783870321589
10163,0.4205590213361815
10164,0.390321990176248
10165,0.5116635598430614
10166,0.3356896272039711
10167,0.3953733904246923
10168,0.2500944798564108
10169,0.3128571987290076
10170,0.44153755082638424
10171,0.8994652188355399
10172,0.9624862550202786
10173,0.8808861088591111
10174,0.8803945025795836
10175,0.4860657158164123
10176,0.4060494351167274
10177,0.2881969342529242
10178,0.7316336972825193
10179,0.19688215620749747
10180,0.6043392334802662
10181,0.27169231697010277
10182,0.5527172912563868
10183,0.5212456923401867
10184,0.3610400879249826
10185,0.46739490234245024
10186,0.39127324003584585
10187,0.9273559267713208
10188,0.3647666220119433
10189,0.29744530916768547
10190,0.4708626334679106
10191,0.36920701568990877
10192,0.2802321754749068
10193,0.5949464555652912
10194,0.3849174333072004
10195,0.9652826334330981
10196,0.41232634080256736
10197,0.4606681821642098
10198,0.8654278265711962
10199,0.6494318171434525
10200,0.2522410281005592
10201,0.2893703139232017
10202,0.9732486341183321
10203,0.2718518986924645
10204,0.2911149346630944
10205,0.5444323922846316
10206,0.17678462220488117
10207,0.399453666172439
10208,0.8805682669801986
10209,0.829763510784356
10210,0.5721440878748423
10211,0.5928637950846326
10212,0.5798667312595398
10213,0.8438091067072268
10214,0.9782178341078626
10215,0.42840432775371573
10216,0.9761249066244644
10217,0.43467985125178454
10218,0.712845605187839
10219,0.956811614974921
10220,0.9524988672619856
10221,0.4525921701931187
10222,0.46404252795510054
10223,0.40455736654025687
10224,0.8664506166600308
10225,0.3993287027138436
10226,0.9771447472565016
10227,0.6118879835587261
10228,0.32957195908630615
10229,0.9808192118621675
10230,0.522018363593271
10231,0.9856312113279897
10232,0.3793221677870132
10233,0.8818195415736545
10234,0.27619685909128633
10235,0.6084378617644353
10236,0.3948581851193305
10237,0.30385471452071555
10238,0.33684687934370394
10239,0.9827810972695858
10240,0.20205469987626773
10241,0.5219150891118096
10242,0.1570380766656411
10243,0.1672400449323192
10244,0.8569145562110819
10245,0.30432736041384856
10246,0.2913685021512862
10247,0.5346023544766876
10248,0.4110922176093503
10249,0.41543008639622997
10250,0.46600367046469554
10251,0.4451516390931084
10252,0.40922205831973557
10253,0.2748046117929087
10254,0.8291568789268602
10255,0.3082650431781303
10256,0.3988380273756281
10257,0.34512614377703726
10258,0.44269078638651915
10259,0.41334569776290275
10260,0.976088010926135
10261,0.35491800413157204
10262,0.23665274842517747
10263,0.6149315754727898
10264,0.6891304228570586
10265,0.6027935860385352
10266,0.3687702535296927
10267,0.5902729071974822
10268,0.20829956736275076
10269,0.8456068161772213
10270,0.7019387842994596
10271,0.7467562810822141
10272,0.6482249725002773
10273,0.49867534416191506
10274,0.6684073385532925
10275,0.602290723967154
10276,0.41108573091525896
10277,0.385234415381301
10278,0.9320183314700512
10279,0.23209263663335916
10280,0.2776412762861365
10281,0.3110597476866054
10282,0.905802873251808
10283,0.3299070176379612
10284,0.919151042621549
10285,0.45606499361827035
10286,0.3146997031390675
10287,0.45423909908931914
10288,0.5247538309549633
10289,0.20820022155008688
10290,0.2740366251846112
10291,0.38062611220725984
10292,0.8216536645031796
10293,0.5516259760024649
10294,0.4783691426137255
10295,0.6925493160366178
10296,0.3238447659060894
10297,0.7839767137923881
10298,0.5077727713986555
10299,0.9809554006245876
10300,0.3287640692518807
10301,0.9124632746095169
10302,0.9282446744438408
10303,0.69645483332804
10304,0.9846358325149185
10305,0.5822396608631364
10306,0.9021066694512322
10307,0.9646604302217825
10308,0.980870763979997
10309,0.2923626870343035
10310,0.41146160607217963
10311,0.7009628684458514
10312,0.2998594625347822
10313,0.8295792050366317
10314,0.5657335612015767
10315,0.5054843583535831
10316,0.9686270345313232
10317,0.9115236284112421
10318,0.9689512490117499
10319,0.34147148601081156
10320,0.21257456413143544
10321,0.36794752421069943
10322,0.4199052698158532
10323,0.18037400811038995
10324,0.5914619530885796
10325,0.7141003497611176
10326,0.3555806362213983
10327,0.8068814731708414
10328,0.6316396140751368
10329,0.7373104537580251
10330,0.3911997691989996
10331,0.28686014441273694
10332,0.7010291498789857
10333,0.9844731342617371
10334,0.8301004706476312
10335,0.34843663503000116
10336,0.7451285957391036
10337,0.8422578775891493
10338,0.4927800114447496
10339,0.43359787724116094
10340,0.432073481822484
10341,0.4880990755092772
10342,0.8102859037839117
10343,0.7778414821796016
10344,0.4500930263129389
10345,0.31299142094422017
10346,0.5503324437815182
10347,0.5830804179020995
10348,0.6214214527233874
10349,0.9825847612194114
10350,0.21033422857372341
10351,0.5832083096036177
10352,0.5110469434250917
10353,0.41490177493550773
10354,0.4598050204641646
10355,0.381617124232707
10356,0.8909142884725014
10357,0.8396366222493723
10358,0.8986838210133495
10359,0.8294252866224625
10360,0.5374380143016706
10361,0.4990331648205881
10362,0.24236554057588214
10363,0.6721526951765493
10364,0.7022127488631318
10365,0.2474703041602936
10366,0.761397587897342
10367,0.8810138947021777
10368,0.27000305897602156
10369,0.9823612894613039
10370,0.978361804936272
10371,0.9778918330698896
10372,0.9756383554526016
10373,0.14903139067794005
10374,0.26924101887371776
10375,0.3435394744072859
10376,0.8539296871266183
10377,0.39244519863380256
10378,0.3137099763258233
10379,0.859840124893226
10380,0.7646808438746412
10381,0.2338076800733846
10382,0.4405745396652921
10383,0.9662744072178474
10384,0.3872940693123748
10385,0.6735817092431043
10386,0.4178311179522166
10387,0.369423938846549
10388,0.9710535082370746
10389,0.17814432288872578
10390,0.39232311829969624
10391,0.8956598976641836
10392,0.47579834792578235
10393,0.8762570689279976
10394,0.857103933054378
10395,0.8678840270005004
10396,0.7908819234490055
10397,0.6833303494055516
10398,0.40296256151052623
10399,0.44638402547783407
10400,0.18258841576132667
10401,0.32809657367600936
10402,0.3381758983346748
10403,0.7000305625326638
10404,0.2633388194686889
10405,0.48066405067737805
10406,0.27982975647299035
10407,0.9812763876791468
10408,0.8538975763733784
10409,0.4143952455817226
10410,0.9087110490483639
10411,0.635375620890158
10412,0.4772573143740695
10413,0.3709265000635686
10414,0.30430144104611395
10415,0.35324158689287954
10416,0.3399716331616311
10417,0.4650664000578428
10418,0.9539599431426786
10419,0.8790874588299146
10420,0.7658505154972242
10421,0.9214513575840859
10422,0.379435341993983
10423,0.5285565037335322
10424,0.6861461423547148
10425,0.20940183370263865
10426,0.4273777250150483
10427,0.18919694442963852
10428,0.3809941588831527
10429,0.34887011378559274
10430,0.5406503906683863
10431,0.5524925942150691
10432,0.8517295860614376
10433,0.3750543363706594
10434,0.3728969691754031
10435,0.43408886859844287
10436,0.9513463539301631
10437,0.5521120683068703
10438,0.20918930701220972
10439,0.3146644414303348
10440,0.5131237771982091
10441,0.9740128318185269
10442,0.2521702968506
10443,0.40539498416900926
10444,0.7240056911852149
10445,0.9772791965497797
10446,0.2545806406285979
10447,0.7976049815789914
10448,0.24644417856621798
10449,0.4244530681338857
10450,0.7547541304651171
10451,0.50139189114626
10452,0.8735741355613023
10453,0.32029549669427937
10454,0.37079891294094675
10455,0.503778782036963
10456,0.4393173310656029
10457,0.35580238581127704
10458,0.9811658542039738
10459,0.44220127340701043
10460,0.5163480831002504
10461,0.26327866364700014
10462,0.24901670019580477
10463,0.8401047401091739
10464,0.5914826954963949
10465,0.7965789240606544
10466,0.2568621435786601
10467,0.43960936079902985
10468,0.9811785670097067
10469,0.968875378631091
10470,0.8602044039009221
10471,0.5420585296898184
10472,0.2321902004328071
10473,0.6853668427833313
10474,0.3314461136623363
10475,0.38999249148704485
10476,0.3165086795152792
10477,0.8385521663179705
10478,0.860777908698526
10479,0.9648111110708755
10480,0.5181237759797279
10481,0.34998887568217063
10482,0.3778704478153625
10483,0.42057412761375224
10484,0.14967329934326473
10485,0.13970369872856736
10486,0.46466265128197226
10487,0.3144863960489367
10488,0.40316477148057117
10489,0.708372675812681
10490,0.473048030021906
10491,0.31419387723831294
10492,0.4126936402313196
10493,0.9756049500865983
10494,0.5459747729848503
10495,0.382473319031594
10496,0.3894981849220648
10497,0.9831211066695529
10498,0.6548840775414537
10499,0.33254707737726164
10500,0.35103341995056553
10501,0.9829986293837066
10502,0.9691389730396351
10503,0.23956723533138835
10504,0.9264275449030437
10505,0.35952490590002134
10506,0.9650262006065962
10507,0.5389414347701257
10508,0.8923129465489961
10509,0.7033041377972113
10510,0.31986471027718516
10511,0.24802856844002788
10512,0.4169110175212133
10513,0.2713668082953259
10514,0.3379876238164845
10515,0.2856907027108361
10516,0.7018231918137646
10517,0.9678639887566094
10518,0.3546932515646211
10519,0.8879705855190042
10520,0.20738321009765248
10521,0.9845912372711347
10522,0.5348385382092131
10523,0.17367557007538326
10524,0.9825773379497881
10525,0.48532120750684127
10526,0.2971073343146577
10527,0.6852680829967707
10528,0.3080858870034566
10529,0.8872248498304515
10530,0.36391034102814807
10531,0.3372652864189027
10532,0.21349585886130784
10533,0.6033429120134715
10534,0.3578306676551598
10535,0.8697386958145663
10536,0.5148284395866735
10537,0.580800206092196
10538,0.454314457476368
10539,0.8453108558157337
10540,0.3460385543195929
10541,0.6014559651310206
10542,0.27168293445191105
10543,0.8926584942665026
10544,0.35090219517424287
10545,0.153847956722825
10546,0.792777257180548
10547,0.23810473243454164
10548,0.7498325520814146
10549,0.9187535278535642
10550,0.30603432393727115
10551,0.6861931151947115
10552,0.8088157741210777
10553,0.609239451085903
10554,0.24525200363129274
10555,0.23998287415961017
10556,0.4884003535286599
10557,0.9711717157994681
10558,0.855857725458302
10559,0.10451317478122142
10560,0.639074877289944
10561,0.540029745880225
10562,0.3315686665032739
10563,0.8331891361672639
10564,0.23800165984389518
10565,0.865463407016579
10566,0.6452499649313796
10567,0.5478269631182227
10568,0.47891338815954365
10569,0.9110347561253398
10570,0.8289864446513344
10571,0.42530207186238966
10572,0.98080706679187
10573,0.26688304039738875
10574,0.5199554464098985
10575,0.9734821728487506
10576,0.770197256814341
10577,0.36715663558887646
10578,0.45799695972530363
10579,0.20019981369220366
10580,0.4336811957509955
10581,0.43969156522325903
10582,0.7827157813194984
10583,0.5476967079735862
10584,0.39381386007644303
10585,0.31766957388627987
10586,0.24361543614627676
10587,0.5491567042012014
10588,0.2327201863382177
10589,0.8804406743403902
10590,0.37497487189153694
10591,0.21614039809399138
10592,0.8650866662751298
10593,0.4521385857524489
10594,0.656970464095419
10595,0.9714257472451463
10596,0.9842338151935444
10597,0.8095316270606597
10598,0.4568039624390922
10599,0.24629662086477924
10600,0.8989993857165791
10601,0.0751135088061171
10602,0.8695146890212451
10603,0.5280846072496297
10604,0.6195871206446452
10605,0.3049595931834835
10606,0.3209363333263625
10607,0.6025026552817789
10608,0.2956155687673446
10609,0.394773649755545
10610,0.2652483725448383
10611,0.5921168154901321
10612,0.5141716842522953
10613,0.3894249144244856
10614,0.6197552128724588
10615,0.9695340914195129
10616,0.6277936059894145
10617,0.3177172554840936
10618,0.4587185402937189
10619,0.9072644060990973
10620,0.5599237562466959
10621,0.27605562921111587
10622,0.8175254036480282
10623,0.4068460691913311
10624,0.25993977368308274
10625,0.26894569067933916
10626,0.8249088406614143
10627,0.912454440021658
10628,0.20201021960222415
10629,0.9182197366238878
10630,0.4303039212847097
10631,0.536352875659981
10632,0.7644161291413814
10633,0.9772917587702907
10634,0.882767856695021
10635,0.44821016906693106
10636,0.9137467788656455
10637,0.2978566885055161
10638,0.1126068913937605
10639,0.42194793338743625
10640,0.39638013071229217
10641,0.3753219315321634
10642,0.32205476082303486
10643,0.4912753239448307
10644,0.347519276338169
10645,0.30739896284210305
10646,0.167819278991784
10647,0.47153974893706563
10648,0.9122468409796928
10649,0.6451755235119676
10650,0.7798214052415915
10651,0.20250059523517258
10652,0.4146763273809368
10653,0.3437128424843765
10654,0.7805849059240422
10655,0.9856759870912237
10656,0.3033256844579024
10657,0.6187374321463822
10658,0.812412267406176
10659,0.5884177028552173
10660,0.8569054137498762
10661,0.5020877042112883
10662,0.5554071465023006
10663,0.27840771889149873
10664,0.1972363603253994
10665,0.271101833514496
10666,0.8078950611455582
10667,0.7103700071622534
10668,0.6516589219890261
10669,0.5317374728464586
10670,0.30966055264573455
10671,0.9331723406709663
10672,0.9378905921897558
10673,0.5671272633371113
10674,0.367329203788925
10675,0.9238645052174379
10676,0.8448277219242525
10677,0.5857803770344195
10678,0.8197073974505523
10679,0.5429770700245786
10680,0.32256693484893595
10681,0.35846439861086504
10682,0.3113014034687172
10683,0.9319729486805441
10684,0.20081504751613583
10685,0.6728287949312486
10686,0.8398853099552511
10687,0.7957953422114649
10688,0.9420546545034869
10689,0.264073100959858
10690,0.4405368219285899
10691,0.3422088743760906
10692,0.5384443582195666
10693,0.9785591383951188
10694,0.28167008595845033
10695,0.9678370356017306
10696,0.4317167618351228
10697,0.5143335675436216
10698,0.4097070267317576
10699,0.9859566698898177
10700,0.766510472521841
10701,0.4377659910489347
10702,0.31856529226060554
10703,0.26060598671863583
10704,0.972515690659451
10705,0.34528635732193985
10706,0.4416789590334218
10707,0.818583617959653
10708,0.847277204477696
10709,0.368839552843883
10710,0.9620765687201773
10711,0.7659020940624659
10712,0.8024842213287677
10713,0.9891139892353156
10714,0.31114553125771793
10715,0.24871344720337513
10716,0.44674032177359946
10717,0.2222212165553813
10718,0.7703834592167956
10719,0.3779303487676088
10720,0.4196462615731096
10721,0.3486887006699595
10722,0.33123239185943176
10723,0.2638690306507138
10724,0.962598212426612
10725,0.2897617375999682
10726,0.9603968902834294
10727,0.3640652227021179
10728,0.9646703813345838
10729,0.9840559809545674
10730,0.9847814583412838
10731,0.48870610656335867
10732,0.38054494951694307
10733,0.6527541539293753
10734,0.8372225872309718
10735,0.4423573630569201
10736,0.3600596692270755
10737,0.25538707852471826
10738,0.17391319342995087
10739,0.5757687730626314
10740,0.4479270594275757
10741,0.4538214097350993
10742,0.7586016799775033
10743,0.32307519020908665
10744,0.1855589003320021
10745,0.8565889613062752
10746,0.4094409187502156
10747,0.4203854998986335
10748,0.3921051425025325
10749,0.41820156148341425
10750,0.3223879381930687
10751,0.8065032553133373
10752,0.6663461814323007
10753,0.37611433797761196
10754,0.20519606162089232
10755,0.41418996743277836
10756,0.6278277583908416
10757,0.24374812021365988
10758,0.7175507755071076
10759,0.5045915782407376
10760,0.9788099613833281
10761,0.42062879074640214
10762,0.4328693416021653
10763,0.9238788201452747
10764,0.5935182517186413
10765,0.6081536990822377
10766,0.9531517661725852
10767,0.7006164150374435
10768,0.7527410703694823
10769,0.8259230504436749
10770,0.4971886783711069
10771,0.26926502307425676
10772,0.7930625617266661
10773,0.3937101690536805
10774,0.8560011538719348
10775,0.5018476970617184
10776,0.3066163937952432
10777,0.147454708690442
10778,0.38838117891329205
10779,0.8935002255748085
10780,0.3740198186067779
10781,0.25910854535282796
10782,0.7716541338322999
10783,0.8820804904231503
10784,0.33561003374799814
10785,0.4668052531502056
10786,0.20781865844935793
10787,0.4441351731902261
10788,0.9479695318585528
10789,0.28084953828604875
10790,0.674443023664707
10791,0.2171692266094377
10792,0.8607685943100092
10793,0.920895418277367
10794,0.41691741822137796
10795,0.5144487069834032
10796,0.33108604030278443
10797,0.9194510910532111
10798,0.8229288348179233
10799,0.28139878880942687
10800,0.5512447992601225
10801,0.5268856251568416
10802,0.2553655095443007
10803,0.39741856010477067
10804,0.19522913624502108
10805,0.46529460442393794
10806,0.5660461928907008
10807,0.44626538275963706
10808,0.9860909583851238
10809,0.8294016159200887
10810,0.29964014881941736
10811,0.8838285516002251
10812,0.8445011521135111
10813,0.9620984344894973
10814,0.6417324635892292
10815,0.8184219776037575
10816,0.6162513160755583
10817,0.25071604256622443
10818,0.39357577251579556
10819,0.29113563066729964
10820,0.8037399133393168
10821,0.751048019385415
10822,0.9623176792339219
10823,0.6022099599812948
10824,0.5243858503009081
10825,0.386941831164375
10826,0.25886089676737356
10827,0.36780437339111616
10828,0.36558282783576546
10829,0.9699197189911403
10830,0.360685102908948
10831,0.40427128504010607
10832,0.8240342677881496
10833,0.4568004089660189
10834,0.4124536239746983
10835,0.3231810075726981
10836,0.5146172305129283
10837,0.6569054023324777
10838,0.3060981303121467
10839,0.31376418763902564
10840,0.5794135409572752
10841,0.2873666459174426
10842,0.7036399005863854
10843,0.7125902480655413
10844,0.9712435399170679
10845,0.2876188123304297
10846,0.9831718741298502
10847,0.550942361908059
10848,0.3604609296944319
10849,0.3434464743236381
10850,0.24083988263805914
10851,0.34824588389852945
10852,0.5208810998297089
10853,0.5183828639350403
10854,0.391140599569433
10855,0.5579389124510805
10856,0.5263700534872717
10857,0.9641287662983412
10858,0.9296027130357366
10859,0.21105882801753761
10860,0.970741943265899
10861,0.6280590034200666
10862,0.4062514564533119
10863,0.7363105238771793
10864,0.8752663645228053
10865,0.8631187253178761
10866,0.7391092139582001
10867,0.26395793329119926
10868,0.8943302768005481
10869,0.4680764972096757
10870,0.844779750252505
10871,0.5150931382371418
10872,0.8941788820814036
10873,0.3767427300766336
10874,0.8412950980746667
10875,0.9889867696467703
10876,0.47700021944035886
10877,0.5697789195533145
10878,0.46616156572801504
10879,0.5202342595749773
10880,0.28733798599488397
10881,0.29069794438925545
10882,0.8089551744520318
10883,0.6187065410676887
10884,0.35851752870811493
10885,0.4011668863122243
10886,0.3922771217059783
10887,0.28063783386302293
10888,0.7429401935272502
10889,0.9777337566776396
10890,0.43952404586724303
10891,0.30334075057805754
10892,0.7499279198715828
10893,0.7227133492579012
10894,0.5993084091098897
10895,0.41786454097204684
10896,0.3947440318268552
10897,0.35774508764655044
10898,0.3988113977001556
10899,0.9092618017231919
10900,0.7921781078433964
10901,0.3942636105092488
10902,0.9423136725976815
10903,0.7537815749498595
10904,0.97617078877236
10905,0.9008936395246023
10906,0.6513698304514
10907,0.8890315474911763
10908,0.48862198194086165
10909,0.2693563052414441
10910,0.8534247773948107
10911,0.9705233311128026
10912,0.4264380573461938
10913,0.37546854914560884
10914,0.508571302677969
10915,0.23490840420077228
10916,0.45994133098585815
10917,0.3344432036786597
10918,0.6876251582968231
10919,0.559316077497876
10920,0.7416013144556073
10921,0.8720318735552892
10922,0.3515582519479135
10923,0.3457837141844148
10924,0.6158748590669183
10925,0.28003300409415777
10926,0.3975314361503906
10927,0.26607155911594427
10928,0.8884907776825718
10929,0.5228683251332085
10930,0.8474996466445675
10931,0.350416251042871
10932,0.682674381845458
10933,0.6390431478242719
10934,0.3312063772496182
10935,0.39784328165989297
10936,0.25095432953272334
10937,0.2499080579260702
10938,0.2115000282313909
10939,0.33961674421219884
10940,0.6179404394257271
10941,0.2656298441049542
10942,0.8066097526639292
10943,0.8111761023117959
10944,0.37983195322511204
10945,0.4510779570084298
10946,0.9667159120196035
10947,0.6725669021364167
10948,0.9316022858322603
10949,0.36886592498208026
10950,0.9319402822206087
10951,0.31220751970231897
10952,0.2087298907998303
10953,0.7467603979143485
10954,0.9626505222396415
10955,0.8603138345922005
10956,0.45122273792037493
10957,0.4578145087437898
10958,0.2081377968435428
10959,0.3297493598811757
10960,0.543938466973292
10961,0.2499172707919055
10962,0.3736633572496142
10963,0.3734309011004998
10964,0.4397468062492797
10965,0.9146098729772529
10966,0.508205529792067
10967,0.3915746250215808
10968,0.4707968835907297
10969,0.22480515273786109
10970,0.9772793250930122
10971,0.3901584690405566
10972,0.9692837590028718
10973,0.311353490725589
10974,0.8417077376415903
10975,0.703797390012334
10976,0.7707214394322442
10977,0.7895590949498149
10978,0.21407233573903037
10979,0.9092810158115208
10980,0.5723317702059653
10981,0.29438528496114436
10982,0.5183079647917155
10983,0.3804440749497806
10984,0.41485672829200576
10985,0.9832787124816036
10986,0.5620097062707592
10987,0.7850674277847474
10988,0.460167918863772
10989,0.2322928715777403
10990,0.9841283552267832
10991,0.334574255228898
10992,0.16883369738201628
10993,0.4673261300323414
10994,0.7031365302861283
10995,0.38569412466010966
10996,0.3377035172056688
10997,0.835887128034198
10998,0.36182490365403935
10999,0.2799950098719816
11000,0.6111657239050362
11001,0.7559810652431331
11002,0.37463602785889893
11003,0.9802423980144146
11004,0.7050798778397382
11005,0.7100953196153563
11006,0.4490862338291529
11007,0.44182480653224204
11008,0.2555233996210754
11009,0.3648323734076241
11010,0.9757506704230077
11011,0.9749579747515097
11012,0.4936878351234207
11013,0.881633731601837
11014,0.2731890398571598
11015,0.9851760033498347
11016,0.7107239434153049
11017,0.2300700870206712
11018,0.7355389225875115
11019,0.6448378308279556
11020,0.13251049347562988
11021,0.45545250858254793
11022,0.4440644999532146
11023,0.698925496867268
11024,0.6696744314021197
11025,0.2718765635822905
11026,0.8915575617330093
11027,0.5561341773298409
11028,0.21763321568008753
11029,0.2746858210193047
11030,0.7344284874477617
11031,0.3635556615103161
11032,0.8320939964860676
11033,0.4165574115950472
11034,0.83052489709289
11035,0.4641975314616427
11036,0.8463165128487029
11037,0.26887291420464937
11038,0.38397439654647747
11039,0.5073809599274364
11040,0.32350043799347483
11041,0.9758711560410294
11042,0.8860183654853737
11043,0.317434391776236
11044,0.8084464441481949
11045,0.44592788269338995
11046,0.23126450268579116
11047,0.4235323986880908
11048,0.7780113998332129
11049,0.6455668288006722
11050,0.40819061008397817
11051,0.4069943519445205
11052,0.6360180509258724
11053,0.4138217389985617
11054,0.8922794692047352
11055,0.5414534637665116
11056,0.6276884520770384
11057,0.47581535591431756
11058,0.7253162501437965
11059,0.3057849417465568
11060,0.5473083389106583
11061,0.3865803412628545
11062,0.6707715320428467
11063,0.20750851883755828
11064,0.3295214261587735
11065,0.3208554349829472
11066,0.1870580042965115
11067,0.1592029617373976
11068,0.4874160959711866
11069,0.40021962414288526
11070,0.9663342893693297
11071,0.35940732455796154
11072,0.6312363486653152
11073,0.949964817009949
11074,0.34219750709939484
11075,0.7141963830570042
11076,0.11554112593621085
11077,0.31216366869295914
11078,0.2851654877567346
11079,0.3729841392462196
11080,0.9885019902827442
11081,0.8184140845881862
11082,0.45801144265697613
11083,0.43027951284625693
11084,0.3762030146646754
11085,0.9857758634183503
11086,0.30320831934921255
11087,0.3246989441051006
11088,0.6001509012367886
11089,0.5540823604151561
11090,0.23213039384712048
11091,0.5268259926624687
11092,0.3657670620504023
11093,0.9867589835242178
11094,0.7076493784697335
11095,0.8094164387640805
11096,0.4933804849538302
11097,0.9764688059679201
11098,0.985085310605653
11099,0.19672687899367486
11100,0.33500647443722176
11101,0.34617315559857686
11102,0.6862425809960229
11103,0.25222457788123975
11104,0.9734341824027744
11105,0.34171674858142603
11106,0.503859974418414
11107,0.21433398538056614
11108,0.43431738930875974
11109,0.4594915625889709
11110,0.28611612584487
11111,0.5747320402987333
11112,0.9170461370540646
11113,0.9872946135059204
11114,0.7756493608287454
11115,0.5678193718475144
11116,0.6413221597764888
11117,0.972185546769057
11118,0.5609005728861071
11119,0.6249751576464785
11120,0.6994830779343417
11121,0.8538715363607585
11122,0.2833473296884186
11123,0.6589003125032837
11124,0.31850342445865115
11125,0.3251140043503126
11126,0.5974218869774075
11127,0.24802523536460344
11128,0.3891462158268909
11129,0.5571260176653148
11130,0.29938716093729967
11131,0.39272678734859645
11132,0.98789033626681
11133,0.4262350315187132
11134,0.8452601335613659
11135,0.41595190973821816
11136,0.4515638857547958
11137,0.3503217281127412
11138,0.26947253401146093
11139,0.4353781678403382
11140,0.16783180461058012
11141,0.22708862010120814
11142,0.6815533093192161
11143,0.9796720670877666
11144,0.40322874116031837
11145,0.5540202925466643
11146,0.4165037535060536
11147,0.5319616843900399
11148,0.5759933090168904
11149,0.7412444038030515
11150,0.3815212127524522
11151,0.8841352340672284
11152,0.34536565581866036
11153,0.29794835027435673
11154,0.8585810833338212
11155,0.3117048192569004
11156,0.4802130970956501
11157,0.6387031542153198
11158,0.35537948462585234
11159,0.9156122451567769
11160,0.5316362931771647
11161,0.46032213390798443
11162,0.9313981936402489
11163,0.42561173301754707
11164,0.8424131515996864
11165,0.4938327147229122
11166,0.42773483552252745
11167,0.8203421865914668
11168,0.3196317664867441
11169,0.8292264312855486
11170,0.31455135137656937
11171,0.8621596756516392
11172,0.35328742668545865
11173,0.17743875025423145
11174,0.21990603764737315
11175,0.7272011534662453
11176,0.25736832981224006
11177,0.5576805937234737
11178,0.262371007321835
11179,0.7976479163886413
11180,0.9702374575539019
11181,0.5502047890120144
11182,0.3343112086148002
11183,0.19427240026867337
11184,0.5316771861941849
11185,0.3006453850993912
11186,0.8054712848976135
11187,0.3241888905615402
11188,0.6123268930165964
11189,0.46244144787945174
11190,0.5444090941900126
11191,0.9146914259401981
11192,0.519243087865249
11193,0.30433246355492405
11194,0.38200696124205846
11195,0.5856897215202987
11196,0.9680714701574428
11197,0.2942836994571736
11198,0.42931983391544115
11199,0.38883130200079663
11200,0.8527658741681645
11201,0.3943276082635473
11202,0.5475559683676914
11203,0.3916674868666578
11204,0.8379235654802952
11205,0.31871971939952176
11206,0.9771746558792008
11207,0.46865689057000204
11208,0.29642760604620466
11209,0.6428791542745709
11210,0.40247323922433487
11211,0.5060559800233089
11212,0.42481317376718386
11213,0.3910353971957039
11214,0.7364590566650581
11215,0.3266050035908937
11216,0.9738972343696937
11217,0.3567827598049512
11218,0.47104076236914694
11219,0.4662271289283036
11220,0.40672192997232426
11221,0.5733234621405876
11222,0.4391445248970683
11223,0.4970320651849429
11224,0.5079501951991149
11225,0.24894179086456175
11226,0.9626994776316841
11227,0.3920911057475727
11228,0.44277021411777917
11229,0.5621367855988959
11230,0.9810040497336503
11231,0.41818591430119184
11232,0.40033164039305547
11233,0.8860473332821576
11234,0.15745707707929324
11235,0.22207484292474727
11236,0.9813310362368032
11237,0.978122103980934
11238,0.22519926483430405
11239,0.39802620303348146
11240,0.2602002094090971
11241,0.847383834738273
11242,0.9805333820185953
11243,0.49566346995543564
11244,0.9391501385701443
11245,0.6898913537168864
11246,0.24407906982948732
11247,0.2391234621273654
11248,0.4337967864360213
11249,0.6320373732754366
11250,0.4835961329305718
11251,0.3222547556622868
11252,0.31782411865391524
11253,0.42599235640329586
11254,0.9063910723885485
11255,0.49262803438303626
11256,0.4925826539651051
11257,0.8239804636901923
11258,0.3690155403141445
11259,0.35492466521980803
11260,0.5627432594049443
11261,0.8200796854337461
11262,0.33800230924550045
11263,0.2422886476052299
11264,0.9771042165569661
11265,0.25947637804268
11266,0.2033753912166811
11267,0.33020500134988773
11268,0.32604121319283785
11269,0.5831856706693814
11270,0.9733140972067629
11271,0.6677033256135005
11272,0.9852789224086244
11273,0.7301998776011391
11274,0.33719635186035124
11275,0.9863945178104698
11276,0.32837371119372427
11277,0.9592404874318514
11278,0.287516814275856
11279,0.3193267443300496
11280,0.34151704943044314
11281,0.2894083528357991
11282,0.781308334679903
11283,0.6874105540930848
11284,0.22390458292600643
11285,0.2716533071642713
11286,0.5880345206023309
11287,0.4624817122328594
11288,0.7605867310426352
11289,0.29149922888659013
11290,0.4911794591398131
11291,0.344365068416968
11292,0.548477265422433
11293,0.5928878632185506
11294,0.5035680291019231
11295,0.2341622081895582
11296,0.3905973201987587
11297,0.5372757310403702
11298,0.7389821392726157
11299,0.7297383700671405
11300,0.5764987005781991
11301,0.8899587081779587
11302,0.8943706262344551
11303,0.41527403483112546
11304,0.8933733118055207
11305,0.9423118234427847
11306,0.2884643170532786
11307,0.39317518945522706
11308,0.5616382399065211
11309,0.18615342263924586
11310,0.3988380733277519
11311,0.5454541832046111
11312,0.5207327386007696
11313,0.8420157127028325
11314,0.37513568154818366
11315,0.45021437771649897
11316,0.9686476024418726
11317,0.6922540772291246
11318,0.6371543573721434
11319,0.5523447031713233
11320,0.3417230055070096
11321,0.9789495836971245
11322,0.2452716110987736
11323,0.7693443103623239
11324,0.9795223783293692
11325,0.2881571757906337
11326,0.5576750529011876
11327,0.9873889226017193
11328,0.30715208868416044
11329,0.1758170637806515
11330,0.5224229361328592
11331,0.23392443364408194
11332,0.9832331908517031
11333,0.259816743422591
11334,0.2518466483190166
11335,0.7492844980939612
11336,0.7205684312121974
11337,0.4074560966418954
11338,0.47683929061780606
11339,0.8365377860962887
11340,0.7747301509424422
11341,0.3340174549598884
11342,0.6951694862116315
11343,0.7618325318778023
11344,0.3316058521149146
11345,0.32516265555769763
11346,0.698531799676337
11347,0.9844008739514033
11348,0.8503256753746743
11349,0.5178151847083581
11350,0.4118920688951787
11351,0.7461384705501984
11352,0.9268899728588219
11353,0.3060982549840505
11354,0.3785735929529413
11355,0.6459518927044928
11356,0.6030316952216419
11357,0.973701659399282
11358,0.326407238007952
11359,0.4928641732321815
11360,0.36410640988449483
11361,0.8696569731507752
11362,0.5754620281850028
11363,0.5408931291971671
11364,0.4712450071161494
11365,0.40199962433911696
11366,0.8783727958560641
11367,0.6950167717047381
11368,0.642767987708701
11369,0.38013159298697036
11370,0.4580267010432364
11371,0.9846362254945213
11372,0.8101945050262825
11373,0.9688284834706253
11374,0.899488775305463
11375,0.4427172134474838
11376,0.9813230637555556
11377,0.20616035567749252
11378,0.39619088605099
11379,0.9363104596160448
11380,0.1704551972967135
11381,0.3109555752405327
11382,0.4861819898137524
