index,voted
0,0.5416507529653991
1,0.9506048384241996
2,0.44740369838242766
3,0.14971704489574922
4,0.6787326174357804
5,0.4392599522410514
6,0.8686432360066986
7,0.45923636523611705
8,0.2831064770582364
9,0.5504895734487866
10,0.2904273038020819
11,0.8035939266396597
12,0.3895682176159877
13,0.524897775892641
14,0.3447555507301913
15,0.9725548811801611
16,0.782133606750638
17,0.32219188305388363
18,0.421423175580676
19,0.432369488698384
20,0.4067807995214422
21,0.43359319185597106
22,0.19711940817784931
23,0.3037875593029958
24,0.6861544707835857
25,0.1348674368898731
26,0.9727123356644612
27,0.44571517699518115
28,0.3706535515349634
29,0.23237826001730752
30,0.4786843901503022
31,0.7893423709395746
32,0.2087503345589637
33,0.5490169039848407
34,0.5630110635691721
35,0.15766928819341966
36,0.3093163254918313
37,0.4231176566353414
38,0.3220807690063101
39,0.33193156867003215
40,0.38475018810132544
41,0.9102834275299636
42,0.8623704284539043
43,0.6075076671052367
44,0.981527935390184
45,0.32494864052125044
46,0.6918402066232067
47,0.9797653001570322
48,0.4295390939250897
49,0.9236949618239331
50,0.20599191502077774
51,0.9127364307325033
52,0.4480745822003504
53,0.8376278658889993
54,0.9911631699682801
55,0.5305300539656137
56,0.5422253846341072
57,0.6250763540458828
58,0.7973155561205219
59,0.280694308020408
60,0.9010488394718159
61,0.48619647520841774
62,0.4710809648591134
63,0.461363385260234
64,0.3063017200058752
65,0.6880915630141943
66,0.335224979794864
67,0.26425541683264336
68,0.43275522395670474
69,0.4666977161153879
70,0.22589194005767937
71,0.4250724406511398
72,0.24637556395434423
73,0.717438406065883
74,0.8748253189554662
75,0.45219228082829066
76,0.766246341997466
77,0.2660578606805296
78,0.49364680195102656
79,0.355542151537125
80,0.9838190691802458
81,0.34825887772712705
82,0.41097050040948807
83,0.3728975160571247
84,0.7497900371022465
85,0.40905889008718194
86,0.7738423843233305
87,0.3664955535693504
88,0.31104009509698854
89,0.710203028390139
90,0.9906613868964613
91,0.3091675664347462
92,0.2714822986214695
93,0.33848394604301846
94,0.5525692442965998
95,0.8530076406874536
96,0.5091135696462797
97,0.9347585260194043
98,0.46727035695291913
99,0.535216641357999
100,0.20750815774511297
101,0.39730207414976487
102,0.7418452511987172
103,0.3400381759412395
104,0.19483231517558441
105,0.3552011474025214
106,0.3362164099945591
107,0.40773485685205124
108,0.7276274438882058
109,0.26969044824904975
110,0.5920437531002849
111,0.2528963575587815
112,0.8439241181867866
113,0.8168790376593604
114,0.9249144681060526
115,0.9741194165763414
116,0.4137805323545069
117,0.27518904906712577
118,0.21771601050838307
119,0.28165570005164176
120,0.36568446958334333
121,0.8093132881331347
122,0.9898417965898896
123,0.24399306413120625
124,0.30010221693442285
125,0.5432022457851448
126,0.9874690893642346
127,0.7708108557516925
128,0.9890323904340034
129,0.519283433177739
130,0.33779034261305474
131,0.24292754522128235
132,0.2703193323677478
133,0.8363732663772082
134,0.9913567622614493
135,0.858879020020471
136,0.22253675046730545
137,0.689391732185311
138,0.24401402272225364
139,0.9866779254967839
140,0.4585969159913025
141,0.8154988047770901
142,0.20367974543555475
143,0.316300183501865
144,0.42894496796507603
145,0.3410922127328011
146,0.8013319913510171
147,0.208690981843698
148,0.4259117720154208
149,0.4220960963217408
150,0.3316426147249512
151,0.38902415451932176
152,0.6484131705685701
153,0.42851276283219175
154,0.5628890744483747
155,0.44079319302385145
156,0.8467743361621008
157,0.4207201520708329
158,0.9907293646661217
159,0.4223518191173758
160,0.8217548927340051
161,0.37959747876310346
162,0.2956987486069481
163,0.41769630305805167
164,0.6082502767842908
165,0.49714222035955163
166,0.373545425387854
167,0.9110472773388293
168,0.4225574720045242
169,0.9864460065721572
170,0.9887095707043116
171,0.42378284236463254
172,0.2633255206901175
173,0.7630098854159698
174,0.7508191953578492
175,0.702289655064473
176,0.8439314644860827
177,0.4082206614956517
178,0.16052262082311958
179,0.9886601432302378
180,0.9843820608350782
181,0.48716216872947216
182,0.912845384312619
183,0.3734614918499046
184,0.2661428578212878
185,0.3414412367052303
186,0.5399801596942688
187,0.6236067856187447
188,0.7164541942501981
189,0.5304588438472478
190,0.5817712534389071
191,0.6079538683297827
192,0.7618470403994256
193,0.281044614692385
194,0.42343955540282757
195,0.3017357915451515
196,0.3265643244950749
197,0.1479225928237659
198,0.24970992528622832
199,0.5066022431042746
200,0.3277409665675014
201,0.47715933934247756
202,0.20002947351634787
203,0.24172453236510993
204,0.9876560417079101
205,0.20667352791780574
206,0.30707348943285245
207,0.2710787078054564
208,0.2215745031169784
209,0.7960831443439711
210,0.9934477462005772
211,0.4115606915226293
212,0.24199008463680668
213,0.9839913730543428
214,0.2868558148648073
215,0.4235800668376788
216,0.7520389440947632
217,0.3198343522507098
218,0.21640675818716762
219,0.27709489512571145
220,0.40343261681370207
221,0.33115467669684023
222,0.8558796264099942
223,0.2198766382507801
224,0.3856161165159343
225,0.30141445312456605
226,0.39129450194350035
227,0.9937832185286177
228,0.4221497753088329
229,0.385990910194522
230,0.33452022231402584
231,0.3063665888254035
232,0.2552963774262467
233,0.7922123269450546
234,0.9883613775874953
235,0.703530698846273
236,0.9849700566324064
237,0.7971819356298389
238,0.7768127484550236
239,0.4136865386017749
240,0.5798185831202163
241,0.4660751477562206
242,0.28410432592449636
243,0.6811613967389513
244,0.43282712343250046
245,0.22509700493665236
246,0.3175207563910819
247,0.6270301226430335
248,0.2240017135270278
249,0.7667534732117127
250,0.8247102684263106
251,0.22774878491665068
252,0.3924405157523385
253,0.6068395444570075
254,0.22967168509573563
255,0.34265671217898536
256,0.24192891335696529
257,0.3343538426326155
258,0.8252029444447401
259,0.38458945885478507
260,0.9881534740739966
261,0.4524527261371902
262,0.2985671356551137
263,0.6064365469941961
264,0.3496962600890997
265,0.2587578414587081
266,0.7264130250886459
267,0.8366082508338527
268,0.5543263525523904
269,0.7466972689588836
270,0.3327923375405612
271,0.3078063141531076
272,0.5000923686799393
273,0.29471512498637453
274,0.28354066485609963
275,0.5484900996194157
276,0.9926138018639046
277,0.985333983535455
278,0.5159511943524101
279,0.2759237367792516
280,0.4145876609176865
281,0.7876573050351998
282,0.7134215902247041
283,0.41412077402146746
284,0.3059323740474853
285,0.38511695795527984
286,0.291547850926374
287,0.27792833523801014
288,0.21635771545240484
289,0.7940754275046598
290,0.16223855398109455
291,0.7661350462817134
292,0.24721245157978683
293,0.5793432641234622
294,0.5786070288767375
295,0.36497972036847437
296,0.27131020365496183
297,0.12950014647613672
298,0.30963245090469105
299,0.7730167736095112
300,0.7970756628808671
301,0.6467489638729017
302,0.7951809182180358
303,0.3819992814717563
304,0.9877231265727683
305,0.8344376138985367
306,0.41587388975967476
307,0.39710622108889226
308,0.4845558837280523
309,0.6803851340558128
310,0.2596255424932524
311,0.7217301619439284
312,0.5525522301373055
313,0.7171717463362407
314,0.2497942005025292
315,0.9875473046820219
316,0.37257945337609943
317,0.3890501866875534
318,0.4174228551202094
319,0.28714476008184
320,0.44449316933762456
321,0.3862248099503702
322,0.6481323355398635
323,0.383021992601167
324,0.4522578660358431
325,0.36531287068358154
326,0.32907162710028215
327,0.38289677491053703
328,0.2457250216906959
329,0.8306498331342336
330,0.9886973206952996
331,0.27313504687703666
332,0.33525854838242425
333,0.5214201209870101
334,0.9911732794530353
335,0.7403815856216689
336,0.3983062156279602
337,0.6149253712225135
338,0.5371893182407815
339,0.8944965330566648
340,0.9249744425323603
341,0.26166442286804115
342,0.7985303157548512
343,0.275705245647075
344,0.6016464925875997
345,0.36853378153729566
346,0.31697042922135354
347,0.844724064779141
348,0.29462994105539103
349,0.2940005844310034
350,0.9816853918677088
351,0.9839229086305633
352,0.20421543056897368
353,0.329561900864527
354,0.8210922118661573
355,0.23546727593097977
356,0.7670227971194571
357,0.41153180538245276
358,0.9928457879255812
359,0.2800588221506478
360,0.8231205486061198
361,0.7835676988109439
362,0.6443246304207843
363,0.75307402284741
364,0.4769790391118705
365,0.7442383243973296
366,0.4771760671095595
367,0.6200049547786318
368,0.26344429578141076
369,0.28686024918180564
370,0.32437387587964206
371,0.6951826954304094
372,0.2887808762220052
373,0.6884855349017519
374,0.317311144720875
375,0.9018855403599652
376,0.3075788031937137
377,0.3569841770516497
378,0.4272036908574508
379,0.3006591596355942
380,0.6275673275020006
381,0.7319969343021906
382,0.5048569452646223
383,0.6945155640278163
384,0.33355880441773506
385,0.25404904421016294
386,0.36351698095743595
387,0.33890826009276775
388,0.7118520282338724
389,0.32679017532365284
390,0.5508939067533272
391,0.5834479007831943
392,0.3362954197570152
393,0.47780445991749604
394,0.21310846713561574
395,0.6263959305550098
396,0.2888289395651999
397,0.43138537690101547
398,0.7791999205985323
399,0.26974831872859584
400,0.3882969824847596
401,0.8355065441351108
402,0.5423535160448198
403,0.9867778785785211
404,0.37062810737708474
405,0.35553027882275867
406,0.18190880811646618
407,0.3813216754484046
408,0.3247906611814926
409,0.5284391944284152
410,0.36740387056922985
411,0.4707393650964476
412,0.4568377883133713
413,0.5287069343483664
414,0.30955413122534053
415,0.381737730453527
416,0.43018478409903826
417,0.916956234411467
418,0.9900265199233695
419,0.5503628492256201
420,0.6631154387413509
421,0.2995805466854917
422,0.32185741946006985
423,0.40342705697813436
424,0.18302988362802197
425,0.2025178276266979
426,0.2752931588973365
427,0.4026599175381175
428,0.3125830506863438
429,0.23045757755581264
430,0.3451290628308782
431,0.2452318321388405
432,0.31807942851457
433,0.33812225410221086
434,0.4468023798973606
435,0.2624279060256448
436,0.6503549075730977
437,0.5121075242567517
438,0.4071695436607527
439,0.9800803797811113
440,0.5138891658776554
441,0.3647830637224135
442,0.378027800959117
443,0.5067726892261759
444,0.30053146440527906
445,0.27534608205491856
446,0.29453555128559217
447,0.4053323476151142
448,0.32664143275058016
449,0.6840082806290037
450,0.35883768081019496
451,0.46217560350498316
452,0.3612537023086051
453,0.4289411649996634
454,0.35295346187239846
455,0.2720058637855215
456,0.5340249846077513
457,0.8288721663203666
458,0.6131076687131324
459,0.9894068667219381
460,0.3252030728800315
461,0.20535312824047083
462,0.9918227593289285
463,0.5656552711001995
464,0.26957245519303286
465,0.340493673437112
466,0.3146884997177526
467,0.9095295587862438
468,0.49388968645483644
469,0.6362459335399132
470,0.8494283138697339
471,0.7287106802785974
472,0.6220244009961741
473,0.2641555833094238
474,0.47719250548300973
475,0.5946243618675036
476,0.5119065498367023
477,0.775866081114939
478,0.8312394201062399
479,0.9915463422898549
480,0.24744649386601697
481,0.6457851755492563
482,0.3652618818526069
483,0.48910975193461087
484,0.9866394294951699
485,0.9770359670281141
486,0.37780302325116966
487,0.24942066363768112
488,0.3766899045846458
489,0.32095715189361873
490,0.5716016051284474
491,0.2490016117440719
492,0.3423196338507927
493,0.4386250998500861
494,0.8204503103928896
495,0.4645987123702778
496,0.4033069406298119
497,0.7651796054937199
498,0.3140955716601235
499,0.399559132536579
500,0.47348312805725123
501,0.8045642657364124
502,0.3526941059153422
503,0.4311624327317196
504,0.20993676123918628
505,0.46609214935822474
506,0.3727984432954301
507,0.308599909866544
508,0.34460547437325556
509,0.7113089607169159
510,0.3702188588262301
511,0.5823769338365792
512,0.4649117282728185
513,0.45470431881584794
514,0.9157663132663143
515,0.41626027752891015
516,0.32428768124043766
517,0.34981898765272135
518,0.25646728391611806
519,0.7647639321926797
520,0.4352640484405036
521,0.420116305966849
522,0.8935922911133081
523,0.33126214546984356
524,0.12221919151091129
525,0.9063214747365805
526,0.9603132557035416
527,0.7695537731708275
528,0.9751781711749856
529,0.8230289269524292
530,0.9737648940109471
531,0.40934866679514686
532,0.3463954968576508
533,0.4778069153800867
534,0.29647731050094384
535,0.2678834319170019
536,0.4513366039461604
537,0.44820554135702545
538,0.4065185542655809
539,0.18970413175762824
540,0.4294064903180071
541,0.4569909735997487
542,0.9859544001579379
543,0.275287137256318
544,0.4259952252895869
545,0.4369936498155086
546,0.9863943323264691
547,0.24684836609406638
548,0.8980653357474578
549,0.5573246186223281
550,0.320074128631766
551,0.3386943260391674
552,0.15266550794168207
553,0.8129072905726527
554,0.26676281652269646
555,0.28723520555418447
556,0.3170736384573262
557,0.8130706113384673
558,0.47050187319386416
559,0.7413831342442441
560,0.8210779759724172
561,0.4704538153666286
562,0.3998023166531075
563,0.9692951591918563
564,0.4842749696912326
565,0.7848046337591134
566,0.3695815418687442
567,0.46827441783411544
568,0.9752905736151561
569,0.3218913613658231
570,0.4424333334456941
571,0.8876404656305146
572,0.2895597379391559
573,0.792729364784741
574,0.3142773687615371
575,0.8673101872510618
576,0.3515608240614967
577,0.4766233131674351
578,0.6455965135514821
579,0.8380250859269184
580,0.29968764197086495
581,0.8105166297158529
582,0.684502427846783
583,0.36407492606193126
584,0.756397305007548
585,0.7160872801277613
586,0.2572203804644592
587,0.45648915064275103
588,0.49010037167021847
589,0.3252285715148826
590,0.74878658478323
591,0.23356137972765145
592,0.41164738697621045
593,0.2080751181493813
594,0.348422952118961
595,0.44992904488348817
596,0.32923683241877677
597,0.35861660881112034
598,0.6277010575455888
599,0.47545450338533973
600,0.5005704262535902
601,0.29670231344463666
602,0.9055225931477521
603,0.7944211462307549
604,0.3191456660239699
605,0.36435911748803074
606,0.28265077590541027
607,0.24353141130000272
608,0.865625958091257
609,0.6544989064327282
610,0.35956345139621615
611,0.4921729145020551
612,0.4196488285318132
613,0.4339361260968499
614,0.15899344549289693
615,0.25773929403556023
616,0.36289647963663896
617,0.3124653943104816
618,0.37828386792078744
619,0.6280666394341339
620,0.17138990386534617
621,0.4220383840812899
622,0.3783279151530375
623,0.36155024924389007
624,0.49570046985291777
625,0.3416447946584827
626,0.528511951871631
627,0.7934671183631785
628,0.9831037636367432
629,0.9766325062225305
630,0.8619892616472979
631,0.3830066362404453
632,0.8756841232681565
633,0.3091524122168071
634,0.43470987070566736
635,0.8979830016161285
636,0.22583830968287233
637,0.45511373041478137
638,0.23785639928221075
639,0.5526158326188068
640,0.7501877364034104
641,0.46072893315495583
642,0.29472157621654455
643,0.46624638560931975
644,0.3472164631196946
645,0.41745563856263623
646,0.7916911157919326
647,0.6282471296283803
648,0.3212150368197654
649,0.3944987342668417
650,0.9896995201882847
651,0.40420068822899613
652,0.7651853723504344
653,0.31175920509544236
654,0.37948451622902
655,0.5048077142598598
656,0.384383145095572
657,0.32832881867403885
658,0.9654811560607188
659,0.7125961005281327
660,0.3504512915676524
661,0.7450964178876405
662,0.3966585369156335
663,0.7249173273306007
664,0.7550895605419133
665,0.2845977062708358
666,0.6003048703613265
667,0.30472659318416695
668,0.8625054656427485
669,0.4139479375991315
670,0.28904567029775174
671,0.44563081796503223
672,0.9709865530545098
673,0.985335244756304
674,0.3630302593400037
675,0.2586701788719926
676,0.9759690234689652
677,0.26421424210578465
678,0.7846695253239991
679,0.3079205511582713
680,0.3611392658308744
681,0.9531696687917567
682,0.9917644105779553
683,0.5796219862211272
684,0.3597052264813256
685,0.6883687638638036
686,0.355822245380924
687,0.540408025360973
688,0.44218842116984447
689,0.4050483834717226
690,0.2764275145006048
691,0.580043033717432
692,0.9878909751823144
693,0.5521530990516779
694,0.30495458384879937
695,0.4138684511609094
696,0.9912379109779059
697,0.37691623833138665
698,0.5102791546229718
699,0.21942578635199597
700,0.3330466629792307
701,0.39357476624849225
702,0.33982338167681214
703,0.3559947298692589
704,0.9865400749513416
705,0.9887181029786355
706,0.7371371648301025
707,0.9751106689783107
708,0.5706727964662489
709,0.5359466171341074
710,0.9089245130124095
711,0.40918543980875977
712,0.3620617267226322
713,0.27620151780913815
714,0.9779925403809604
715,0.8790362411568841
716,0.3959318617536454
717,0.6602052500395785
718,0.43041530086343177
719,0.24138861875928608
720,0.645628194086979
721,0.979075572450117
722,0.35599419673931904
723,0.9701984486705435
724,0.35906645346225635
725,0.2067318828734055
726,0.6740870191870127
727,0.9798977325685758
728,0.213702451513657
729,0.4588208378684071
730,0.8261897848263778
731,0.6517770341813448
732,0.9875914969842285
733,0.5514930235818416
734,0.33824258513962
735,0.9059598287636911
736,0.9880960571171522
737,0.825821207548082
738,0.7720698966257529
739,0.4834155996251621
740,0.3599775567806765
741,0.8416248875407836
742,0.9861408297361551
743,0.6984897803169008
744,0.8296157320851439
745,0.36612445896656126
746,0.36571030000768623
747,0.25938443939113975
748,0.28437393482024936
749,0.4216732428944875
750,0.39345847194131095
751,0.7306340001533674
752,0.372176527685009
753,0.7502688528074297
754,0.2955395634496869
755,0.7242643003831407
756,0.8280115126254541
757,0.36368955203747916
758,0.7461127776180486
759,0.3867839002444612
760,0.39439029872943276
761,0.8107760744559027
762,0.34239920843598604
763,0.2873963650064015
764,0.7435357454796844
765,0.2975959896207643
766,0.9828040169459217
767,0.26591729186550755
768,0.8704848759200396
769,0.9125739158964218
770,0.3544850019348828
771,0.6581418937660872
772,0.9832891299713862
773,0.7230909491753286
774,0.3139981904249782
775,0.3530898661168033
776,0.3535474768167514
777,0.26519752033149613
778,0.35649886882131254
779,0.6112874530834085
780,0.8153507646230269
781,0.6940842071994164
782,0.40481541586942854
783,0.6087257360623236
784,0.800368539193286
785,0.3578596323598531
786,0.3159527675347411
787,0.2444698697171613
788,0.2779732286486646
789,0.26581830790467603
790,0.2755886350709888
791,0.36664997753299433
792,0.4717023450158612
793,0.4930830226117657
794,0.7625318290846297
795,0.488902032999193
796,0.30033316878873095
797,0.7418865633951135
798,0.31517420671656055
799,0.30364102045342023
800,0.9507185432840093
801,0.6910154756961979
802,0.8580192101552774
803,0.8165124952184927
804,0.40258026276840425
805,0.3305782849572445
806,0.3642249782480994
807,0.3127907370711403
808,0.33811292034356527
809,0.4248178756913823
810,0.8132061539078683
811,0.3601177975318321
812,0.33336708361477724
813,0.45711752809525447
814,0.9898181001496865
815,0.2079650551436757
816,0.4552891972915669
817,0.7442881746260741
818,0.3750341909207036
819,0.8434906886694341
820,0.3596496437649939
821,0.9903462239694356
822,0.4001916454735869
823,0.21922070443382669
824,0.9888647925443248
825,0.40852239332479107
826,0.4083597904144631
827,0.625866281242635
828,0.7456431558094279
829,0.7308365346339705
830,0.2650823830540562
831,0.5260876439542101
832,0.8010589185644306
833,0.17628573072667475
834,0.37027533657120465
835,0.8915293262583623
836,0.2581826435044919
837,0.17007861849811498
838,0.20791014576812009
839,0.36753789940193626
840,0.4201958141346658
841,0.19966898259517663
842,0.8779644272359197
843,0.8268204533108424
844,0.35616189266957576
845,0.2624311488256969
846,0.5645059707891227
847,0.36303321046503445
848,0.8292626345398929
849,0.18932606982610178
850,0.49685250458785074
851,0.47328286076445947
852,0.7859866906204169
853,0.566153007589508
854,0.24945049827730947
855,0.9839458602123662
856,0.5791807600040343
857,0.4532038571971026
858,0.3765868881580083
859,0.3437259655568665
860,0.8249973979315604
861,0.4057034526890665
862,0.38256557998094487
863,0.33644610181446916
864,0.47922388087028367
865,0.8199893333804141
866,0.360483989312045
867,0.24661619288477604
868,0.3027056557899249
869,0.22299456289579545
870,0.26325955272539664
871,0.41485540048485753
872,0.32330666968399047
873,0.6697029082408594
874,0.37051392663859717
875,0.47532358648053735
876,0.33858312126600143
877,0.33548803987561343
878,0.23432137523195268
879,0.5482112876205278
880,0.6394717395298123
881,0.4674932277647542
882,0.7570783001916076
883,0.9872871828168799
884,0.4052514246711838
885,0.5349249701704262
886,0.38386748912251284
887,0.5757613462769479
888,0.39392362582396334
889,0.5169467667933839
890,0.6444895282268591
891,0.7016846741402524
892,0.2945250151099014
893,0.32714330625525456
894,0.4112825017770798
895,0.3413122669583657
896,0.4460217115694104
897,0.9935083417426217
898,0.9853562106384599
899,0.8305534384707003
900,0.8847950242257815
901,0.6366730752938894
902,0.35841092940330077
903,0.446601396461319
904,0.4047004495886277
905,0.2651307099156915
906,0.3565557004521135
907,0.28532293082748683
908,0.32782974607117765
909,0.8200823357458359
910,0.3661000075965979
911,0.37346782009911295
912,0.4039636812132904
913,0.29659509747351026
914,0.3270595082150965
915,0.22270250873387937
916,0.7481783800144588
917,0.7426468235915114
918,0.3548025276703156
919,0.4600798824632737
920,0.2358508803255165
921,0.2161217229649827
922,0.3069193059980149
923,0.972707226783062
924,0.49069968900003547
925,0.3477160127758566
926,0.8519447711969246
927,0.263779425314548
928,0.9748544800057273
929,0.19860736297756693
930,0.43361243242526537
931,0.5139249741711207
932,0.7652038166944723
933,0.9630149554373261
934,0.2967123932740019
935,0.4334764382148791
936,0.23487118160774292
937,0.8929520293969008
938,0.8974576736884895
939,0.3531217610292319
940,0.5166083162483798
941,0.1844474690238636
942,0.3891303814087125
943,0.2451735761539127
944,0.34205324227299416
945,0.9953559864300908
946,0.37717249484630777
947,0.8053103496862003
948,0.32699155288953563
949,0.35585113102772864
950,0.45019913076709095
951,0.31971892449857364
952,0.4373498712945282
953,0.4261813887764416
954,0.28032769150939624
955,0.3030754106258729
956,0.32630133984572784
957,0.22447308892157242
958,0.8517695052150109
959,0.47963162104461887
960,0.514607882566951
961,0.27681704713057437
962,0.38692482989755705
963,0.2690501967537639
964,0.23405213130523966
965,0.959891441405018
966,0.20342534233599985
967,0.4544637249876716
968,0.8513952406682757
969,0.3914617900607915
970,0.43619744686858974
971,0.36047972700229325
972,0.43516378859523164
973,0.4795563883462849
974,0.48390405056136854
975,0.4557647123309279
976,0.41443076703667464
977,0.9879050522508869
978,0.42576715171183865
979,0.3032482563182417
980,0.9778151215455688
981,0.3715884071443348
982,0.9743023686913018
983,0.3413206422088017
984,0.6271383817750477
985,0.9846978427154742
986,0.7716996579215248
987,0.7676927160505052
988,0.4031552709804538
989,0.34006673499761614
990,0.35885337306239107
991,0.396984672957215
992,0.7704666929966372
993,0.3763946717356655
994,0.5424140284276291
995,0.3201459895204296
996,0.47891227247276247
997,0.2610147268252937
998,0.5781592682465492
999,0.20101478433971953
1000,0.31223770352151586
1001,0.3887517510936645
1002,0.45615640343445885
1003,0.22847703843568457
1004,0.8261977218066587
1005,0.5534798655125399
1006,0.2402774806591836
1007,0.5862821432950467
1008,0.49167037586657536
1009,0.32134955923341585
1010,0.35467372549951826
1011,0.44983910275633576
1012,0.4820966182628594
1013,0.40545820617917816
1014,0.925758982937356
1015,0.6026290993328671
1016,0.9848559408169457
1017,0.3243737951301308
1018,0.3801456590898899
1019,0.2779421083679032
1020,0.5785627731678161
1021,0.7476886433986665
1022,0.5677055480683963
1023,0.2926471198629012
1024,0.4004114115738857
1025,0.2675121107031318
1026,0.3731533161763261
1027,0.3186333416137329
1028,0.3296332351897045
1029,0.2829067923625812
1030,0.8124722947154059
1031,0.9903063300400586
1032,0.879287991081058
1033,0.28579507478100175
1034,0.3917019187553877
1035,0.7760285908989156
1036,0.4748332529896356
1037,0.35286501270862336
1038,0.4570997752706294
1039,0.9739359928429511
1040,0.4530730128247258
1041,0.3185821680746199
1042,0.29323091601682694
1043,0.3915834197943018
1044,0.9737683395768685
1045,0.28957641987777005
1046,0.2895376731558913
1047,0.6809522738239241
1048,0.2972746745359963
1049,0.3253252178368941
1050,0.8377709901008662
1051,0.622102609329501
1052,0.3879487045692088
1053,0.4015336717104969
1054,0.650221263836544
1055,0.26881248480775755
1056,0.7778492507174048
1057,0.6669462494243051
1058,0.23618111246979565
1059,0.2632190025300343
1060,0.30116721476379027
1061,0.3727280019904933
1062,0.2739669861550914
1063,0.3947449449000897
1064,0.4422269691944084
1065,0.4207420840483446
1066,0.8305790266724988
1067,0.3004732399940682
1068,0.24132730224285143
1069,0.4306365603622646
1070,0.35529121422328935
1071,0.8249231693198316
1072,0.3284246260352265
1073,0.3415771648290448
1074,0.8214055372385585
1075,0.2903266853337165
1076,0.400684964860163
1077,0.9847537033636999
1078,0.36601748258204303
1079,0.7395082073296576
1080,0.9797013191073929
1081,0.2114058694321851
1082,0.3394063211364878
1083,0.9883560171367193
1084,0.17944675602837115
1085,0.3769317203210181
1086,0.3849226117534671
1087,0.5859258745020747
1088,0.5570184536992862
1089,0.931573192528016
1090,0.4332830252575254
1091,0.4004959924773508
1092,0.5746090733904776
1093,0.29439411565249074
1094,0.14693820895833606
1095,0.24345395723240398
1096,0.7289071121477783
1097,0.9845995883251848
1098,0.9922735281886752
1099,0.528412518035454
1100,0.373864986284613
1101,0.38379695580409223
1102,0.4840962832578647
1103,0.9890911756003333
1104,0.43410818764829495
1105,0.5629559975887207
1106,0.2714241729422007
1107,0.5119217478023897
1108,0.5987746621157386
1109,0.47957529193966764
1110,0.41285061719374416
1111,0.3968649242029424
1112,0.22560161906843298
1113,0.40182209009840564
1114,0.971358075365517
1115,0.7711663792467447
1116,0.8034296515360647
1117,0.3891470576301488
1118,0.7408499632076196
1119,0.3304969343431775
1120,0.34244167210639465
1121,0.6201458427879485
1122,0.4229944198093328
1123,0.8271419756865536
1124,0.8041286172390412
1125,0.5891828035051554
1126,0.7277047452811446
1127,0.9165320228235757
1128,0.2782566155018307
1129,0.38365338471482724
1130,0.4841571832739297
1131,0.5767216074638744
1132,0.3227509616563996
1133,0.4858758601805947
1134,0.37701259857832303
1135,0.8570327385400709
1136,0.2917004946942743
1137,0.20064194852146217
1138,0.7195176564239604
1139,0.39765513056619134
1140,0.8528535926345361
1141,0.9149360071728511
1142,0.4363384440588315
1143,0.4093888277556798
1144,0.30220972071869057
1145,0.36701672757902654
1146,0.3959476390529687
1147,0.3923355803103336
1148,0.4636576905124285
1149,0.8577320413266981
1150,0.35631737468146163
1151,0.7130323960806415
1152,0.24674364799364437
1153,0.8158624637974079
1154,0.34499180783039723
1155,0.29033266516310235
1156,0.2018339686051272
1157,0.33448013284333467
1158,0.27846064262889964
1159,0.3692524850990022
1160,0.9821922068457882
1161,0.22859348434259363
1162,0.42519341082232426
1163,0.28605924327192056
1164,0.4424332663830535
1165,0.22942281297657
1166,0.26261116132620804
1167,0.2375798153756678
1168,0.47200723856300564
1169,0.9712497593694679
1170,0.4694177597768341
1171,0.6118219988047625
1172,0.36812472100709864
1173,0.9866504885221512
1174,0.3965499311871893
1175,0.24178121527933583
1176,0.791079200395545
1177,0.8328841636207399
1178,0.3374013147246428
1179,0.76232654211547
1180,0.41710027237214026
1181,0.919259295901507
1182,0.3066701495036141
1183,0.3364591642420222
1184,0.35576684176209206
1185,0.39177173333081733
1186,0.21066874428172466
1187,0.9916472872235126
1188,0.8650288256223059
1189,0.6176538622305616
1190,0.37992230884433204
1191,0.40600387648285985
1192,0.871070922697605
1193,0.46664433217618706
1194,0.36841970225686993
1195,0.796329930974144
1196,0.3693610751121925
1197,0.36147305362791654
1198,0.6941044852046289
1199,0.3511143313048519
1200,0.3843030762784928
1201,0.9788882319944939
1202,0.5395463161986033
1203,0.5946168744945243
1204,0.3393620298126988
1205,0.2901747366866508
1206,0.8728644166344118
1207,0.8761708652062564
1208,0.3166205642890445
1209,0.9766445331424349
1210,0.4094799211728816
1211,0.40326389411510427
1212,0.8070472865435561
1213,0.5763004862932254
1214,0.5576943054583431
1215,0.3362394900798591
1216,0.3754969032500815
1217,0.2010141903975308
1218,0.2707200171135444
1219,0.6979448656270975
1220,0.7758109502177679
1221,0.9907435208948966
1222,0.2948512416179376
1223,0.41130087062032206
1224,0.7160146013806092
1225,0.6239974060210949
1226,0.36252886580806526
1227,0.30808626695886265
1228,0.32505008627433424
1229,0.31735093989536545
1230,0.3374061941941233
1231,0.6623221983314178
1232,0.27277969078443515
1233,0.7351513870628883
1234,0.5739882263541145
1235,0.29458622206305685
1236,0.4115108173521398
1237,0.2889030122116121
1238,0.7784891637193869
1239,0.2835335162219952
1240,0.32805644282706925
1241,0.23374287472420788
1242,0.2122071035375634
1243,0.19355363114880908
1244,0.48085006201479547
1245,0.5444491275935112
1246,0.9705866401083967
1247,0.2783352258458795
1248,0.4355597273893308
1249,0.80118155605243
1250,0.4352455581902114
1251,0.8776565322306793
1252,0.45135742417065017
1253,0.8655386533493977
1254,0.35481075685741204
1255,0.7438769895573017
1256,0.7637744761107157
1257,0.9527584507308914
1258,0.26861300997337634
1259,0.251387252775755
1260,0.8079508063484311
1261,0.99275948210476
1262,0.5552918583414469
1263,0.32889458941756805
1264,0.6449503323541709
1265,0.16879609211444568
1266,0.792229622062024
1267,0.4131045791465358
1268,0.9895319884295358
1269,0.29136714249156354
1270,0.31108960781629075
1271,0.47599525871723114
1272,0.35509817699688384
1273,0.9721791110889151
1274,0.9847794130989398
1275,0.8309617235672988
1276,0.4503325498380547
1277,0.9239539844410131
1278,0.23450930576396678
1279,0.8458559308866942
1280,0.9902382682199815
1281,0.5502690926317582
1282,0.27251986679079154
1283,0.34489177005827426
1284,0.24896146368780736
1285,0.32760002783001374
1286,0.3880267265879727
1287,0.6631050287373546
1288,0.8320474585434618
1289,0.5585409309684559
1290,0.9328507669796625
1291,0.4378494445972495
1292,0.3835659821465059
1293,0.26190060639545826
1294,0.3534945550350723
1295,0.919737284912593
1296,0.27599358375718747
1297,0.36447826335497
1298,0.16508650821552148
1299,0.4506869284578057
1300,0.8633428172724325
1301,0.8263742978606131
1302,0.5444090530807518
1303,0.37963763164761943
1304,0.2820538037578094
1305,0.8214589755503057
1306,0.9703242130582934
1307,0.23102260240584435
1308,0.22400396886418747
1309,0.4905329892280388
1310,0.335204185862283
1311,0.7307997187986754
1312,0.6118037815234028
1313,0.9953536431677148
1314,0.7310852890014313
1315,0.17960019627030524
1316,0.5067442297447864
1317,0.5874536532464195
1318,0.3092306461167258
1319,0.668605410568417
1320,0.21831204266327867
1321,0.9134895602354479
1322,0.8784673064537201
1323,0.3106562443471128
1324,0.4072993023290342
1325,0.48072173199890256
1326,0.985062523926757
1327,0.3020160050756893
1328,0.3303639608657421
1329,0.8604043417307373
1330,0.5639050610099183
1331,0.3818755401613787
1332,0.33594694536636044
1333,0.4093127010475013
1334,0.3255904879610446
1335,0.6744177006381556
1336,0.5307825967218043
1337,0.2806050913856837
1338,0.3854749704688418
1339,0.9243204590575236
1340,0.7423326205704974
1341,0.818577882689348
1342,0.5705817680978135
1343,0.42509755596383847
1344,0.2452859424292377
1345,0.2638541880312192
1346,0.8482225019116901
1347,0.5955666505750854
1348,0.9301421031459799
1349,0.8031012087505743
1350,0.8813155482252832
1351,0.20674642505480512
1352,0.24991394008747891
1353,0.7241429888712191
1354,0.9893686691034302
1355,0.42043697188669604
1356,0.19804781623087198
1357,0.7883242559480921
1358,0.7864904887744169
1359,0.7168096218155846
1360,0.8890832051668893
1361,0.21412565673847062
1362,0.7741732576577698
1363,0.38270746354774904
1364,0.34229140861652296
1365,0.44569799857420606
1366,0.4690476459097958
1367,0.38254793510135304
1368,0.24069514223268393
1369,0.8324531670061729
1370,0.8577019847567373
1371,0.3385981804571452
1372,0.3988860151946771
1373,0.3838746346905326
1374,0.2671070803415338
1375,0.25787910046798873
1376,0.40042191641125147
1377,0.8115069123196227
1378,0.33782942536959903
1379,0.5445442500294968
1380,0.987676842354481
1381,0.36778383748749727
1382,0.20429487955551753
1383,0.6705464231159051
1384,0.4443809789864907
1385,0.36481792406803665
1386,0.21110115975990432
1387,0.34707885637965374
1388,0.3767869964967878
1389,0.6829913509758359
1390,0.6216521943957343
1391,0.9019128612364953
1392,0.43319512078900746
1393,0.8517760379628995
1394,0.21661181551605035
1395,0.27943188210707814
1396,0.4819872407700728
1397,0.7075290830214219
1398,0.26879442006638476
1399,0.7757036899669099
1400,0.25963826972981013
1401,0.4547340776497396
1402,0.8931759100678811
1403,0.43552923144181815
1404,0.50909120152717
1405,0.47077377151804384
1406,0.29747264153597053
1407,0.8333458236008047
1408,0.534602532240418
1409,0.3721386024121308
1410,0.6745010386873966
1411,0.40774254442325836
1412,0.6445227124922326
1413,0.2704629303530041
1414,0.3338522607750233
1415,0.24189095274680997
1416,0.4602697896606389
1417,0.3786368071571258
1418,0.9908888920728558
1419,0.6939137922825767
1420,0.2962138617810118
1421,0.2944959692748531
1422,0.5085870005458984
1423,0.8381507106635657
1424,0.9455608135166196
1425,0.852969800057862
1426,0.3113651613290463
1427,0.5475643950986313
1428,0.4088693990258309
1429,0.2954050627631505
1430,0.29055032020575344
1431,0.2479160456308786
1432,0.8373811732228786
1433,0.3166569054002748
1434,0.3613163331502542
1435,0.41439439664103367
1436,0.7700305978695456
1437,0.21044897262105847
1438,0.4716185914402901
1439,0.5243137396766441
1440,0.32050919619610996
1441,0.6064864804233943
1442,0.40697671814239206
1443,0.7661748798332342
1444,0.5783575494961515
1445,0.6505354840328552
1446,0.3655583053527758
1447,0.9103931646101482
1448,0.21646596802696724
1449,0.7352285650174911
1450,0.33602773900699695
1451,0.6646075319825331
1452,0.7849124658290818
1453,0.656544734647462
1454,0.42296498076768074
1455,0.7630961745882346
1456,0.6182517366026108
1457,0.43089982818132333
1458,0.2541164848736432
1459,0.33753803222645545
1460,0.6047146181569004
1461,0.32122579478036295
1462,0.5949843069233981
1463,0.3288929413316738
1464,0.16557231894951238
1465,0.2973913725184671
1466,0.20831847116287694
1467,0.3178733949979069
1468,0.9867829201634376
1469,0.721529332643468
1470,0.4052194679878353
1471,0.9796058122774801
1472,0.4093472557044754
1473,0.9772777281569367
1474,0.9865948324073557
1475,0.39599975030887824
1476,0.45900821757714716
1477,0.2180948674973341
1478,0.8665473398539931
1479,0.3074861575932218
1480,0.40141870686716324
1481,0.687388507773495
1482,0.8817014273391678
1483,0.46762380732400965
1484,0.6887068009638091
1485,0.3187250367031559
1486,0.4849491609500494
1487,0.5663888779411574
1488,0.25357149407607016
1489,0.2808648130020808
1490,0.32970658488152793
1491,0.7807150095495571
1492,0.44558673214051137
1493,0.9927866949906994
1494,0.28795682857539134
1495,0.5239623517560129
1496,0.3493630575170895
1497,0.2776203617107825
1498,0.16440959077619333
1499,0.6492789338702216
1500,0.9819489736742736
1501,0.3802469525894474
1502,0.4318604935673457
1503,0.49759479075894
1504,0.23147350521547197
1505,0.39461564236114216
1506,0.7901395771982425
1507,0.9919859441082352
1508,0.4407241146734601
1509,0.1784458639534952
1510,0.26768148907109346
1511,0.7124607576426811
1512,0.9807859388325516
1513,0.239487422492149
1514,0.24491719841807325
1515,0.5138153160509458
1516,0.4952339666158501
1517,0.9913396689553625
1518,0.6280866616810521
1519,0.3222922670813143
1520,0.48103219037502587
1521,0.8910957219530034
1522,0.7450418602825593
1523,0.8643511936794231
1524,0.4720819069001303
1525,0.5042447301775692
1526,0.2882297110937157
1527,0.28058674283574425
1528,0.716251741228809
1529,0.44794669412820465
1530,0.4379554897885339
1531,0.5437328665814043
1532,0.7284288415836854
1533,0.61807750135606
1534,0.6032539216819658
1535,0.7156061411412065
1536,0.40886880263722114
1537,0.3401703799891456
1538,0.7931072016332376
1539,0.8077256971585778
1540,0.2690231115849275
1541,0.3200967099966584
1542,0.45474085371656464
1543,0.424736144613309
1544,0.25443848538610153
1545,0.3866762656674664
1546,0.42184974655242397
1547,0.20989491089368006
1548,0.3700600199352532
1549,0.9723624881738269
1550,0.3109654822691247
1551,0.23394709619725343
1552,0.27030800938172656
1553,0.3850950958844738
1554,0.4108441988674301
1555,0.5898716243529292
1556,0.3456922852982196
1557,0.7455959475884028
1558,0.9866111951416666
1559,0.37264258003190714
1560,0.5357478283402379
1561,0.8108036776697654
1562,0.767649552208576
1563,0.9688729149019144
1564,0.4492064717204334
1565,0.2917760512399932
1566,0.9923235312310905
1567,0.8906856478811787
1568,0.6450032849469733
1569,0.9460403052861341
1570,0.31277345138745016
1571,0.3609789305558669
1572,0.7368617903172026
1573,0.2318626663669433
1574,0.23655904156469404
1575,0.29835433184797455
1576,0.2546103115812921
1577,0.8670141385500543
1578,0.38545929181068883
1579,0.9904994384122779
1580,0.35218979906454534
1581,0.43807742617271345
1582,0.4543142681391667
1583,0.22996536297299475
1584,0.7374172853392653
1585,0.2309597522577885
1586,0.6067732762682719
1587,0.40658457943427395
1588,0.5712776883304419
1589,0.9299354797329796
1590,0.4643623515878214
1591,0.39556647145473633
1592,0.9856054249794025
1593,0.41207574359527555
1594,0.22968097171777127
1595,0.7231821426629723
1596,0.9121817536591859
1597,0.21660092038470563
1598,0.4815714357795827
1599,0.9783704805208884
1600,0.4111363645064947
1601,0.2548816015573521
1602,0.7741950576796661
1603,0.4396742536797725
1604,0.21032736611409653
1605,0.880726302402711
1606,0.4181772523445464
1607,0.3873526608313096
1608,0.5031598471765887
1609,0.9802068218305227
1610,0.42692011224559795
1611,0.37507605474762584
1612,0.7646883272004872
1613,0.3624058338218795
1614,0.3864797056997625
1615,0.4715393661374583
1616,0.7650302628142159
1617,0.28919659005097853
1618,0.29619447121344467
1619,0.7326000033107758
1620,0.2170445905564193
1621,0.1878655022352853
1622,0.12258594491765498
1623,0.6374673051939023
1624,0.4747658450525434
1625,0.4193746807094614
1626,0.41173049539201534
1627,0.990739967254687
1628,0.40950809824348466
1629,0.8507715799760369
1630,0.5590450989323131
1631,0.9833829901544643
1632,0.35701533335938834
1633,0.1927789564328581
1634,0.22753984035110658
1635,0.7693414004940899
1636,0.9789099412025543
1637,0.22206575026117553
1638,0.4359810840958596
1639,0.45708171892787486
1640,0.7618458607716265
1641,0.7604779337006068
1642,0.7900335987671653
1643,0.4612873944942226
1644,0.9860507319305619
1645,0.24017394062470837
1646,0.39238347802352347
1647,0.19573741451927087
1648,0.32386893319515614
1649,0.4186656001698463
1650,0.3657660554695382
1651,0.20147182823104365
1652,0.4549011286102098
1653,0.4811308014851534
1654,0.9022809630953271
1655,0.8675298369687574
1656,0.9749815474923459
1657,0.33273681728179205
1658,0.37344608767251486
1659,0.7140468140160283
1660,0.7648902821539807
1661,0.33507388184236636
1662,0.3248176888169123
1663,0.35846080147511994
1664,0.3711662920718989
1665,0.3506926614221232
1666,0.41029444905885987
1667,0.9805671804349171
1668,0.35325100139187454
1669,0.8160337318809646
1670,0.30698768885241245
1671,0.30038533141958096
1672,0.7293344237263709
1673,0.6691906023609953
1674,0.98050579032903
1675,0.40044920642627757
1676,0.5366664248963188
1677,0.5016509027446403
1678,0.9775504134855434
1679,0.21177999342033638
1680,0.2578721742338227
1681,0.5918679075029437
1682,0.4068235516956006
1683,0.43048404610567215
1684,0.1648916444095959
1685,0.9619849976643611
1686,0.6647376079287765
1687,0.47617241205870403
1688,0.2767827424832287
1689,0.427528838083813
1690,0.34190411893112904
1691,0.2285510081016357
1692,0.6602983125154134
1693,0.9875328297799733
1694,0.4117415366343504
1695,0.2560935465299168
1696,0.3381760314925445
1697,0.22062471619454443
1698,0.8294203349353809
1699,0.342909312616127
1700,0.3500515030990428
1701,0.3583834590823945
1702,0.3385864249709854
1703,0.5171301983123004
1704,0.4919178687528862
1705,0.40174273844512154
1706,0.9867223267970361
1707,0.31232208877998546
1708,0.3103774939077985
1709,0.24856287008138472
1710,0.9849785751904778
1711,0.4509684762655265
1712,0.7539695436358346
1713,0.34185218261011774
1714,0.3707496558920089
1715,0.2851647706742807
1716,0.38653491320795247
1717,0.7220574094725543
1718,0.28100912813862233
1719,0.2940647526288987
1720,0.9879982396015999
1721,0.2936975881620602
1722,0.3230988680247276
1723,0.26520418937609347
1724,0.9734979744157284
1725,0.4914370842290556
1726,0.2633445353554197
1727,0.3889107696752423
1728,0.5620304662104969
1729,0.4028332555827262
1730,0.4117354554541694
1731,0.9724407140983683
1732,0.8341513521126934
1733,0.33899353439675495
1734,0.7678272926742401
1735,0.9695418300314098
1736,0.3049318495884821
1737,0.4500176792563708
1738,0.8064804761753548
1739,0.24638759635700827
1740,0.8269539403193952
1741,0.44084899621702683
1742,0.4114557253805681
1743,0.3003435336409084
1744,0.377178394875076
1745,0.40664301390022956
1746,0.2995966830024394
1747,0.4345807331133441
1748,0.4851693721421076
1749,0.1958680613167672
1750,0.43912059392812586
1751,0.7396031267586561
1752,0.2819913533995532
1753,0.906202795489882
1754,0.32974826889050324
1755,0.2778657744990864
1756,0.33057641876402877
1757,0.9625978691034892
1758,0.3542582279024876
1759,0.18688401964185755
1760,0.6008716664393031
1761,0.25103353750209645
1762,0.20942186267238513
1763,0.6340452535325448
1764,0.7742415117422943
1765,0.2831993194996844
1766,0.46875590277914797
1767,0.8897167594857179
1768,0.6432050658517716
1769,0.34674972160381246
1770,0.9817449003579188
1771,0.2266183017697845
1772,0.4372986325275299
1773,0.21520276812356556
1774,0.423881796324236
1775,0.3200398412404128
1776,0.7487803423356061
1777,0.17791591130803439
1778,0.9902862280737784
1779,0.2783231324926641
1780,0.27872660210102357
1781,0.22192376965681213
1782,0.3498124658985384
1783,0.573360279630859
1784,0.30372219134908485
1785,0.3768167185328776
1786,0.6227045315548437
1787,0.3754484302690703
1788,0.28448266560551067
1789,0.732651112524137
1790,0.29054387280373867
1791,0.28485778127942174
1792,0.42010788568903656
1793,0.205803607870517
1794,0.8934703859463669
1795,0.22763230966234277
1796,0.747218221332355
1797,0.3127484033161756
1798,0.9848037544547328
1799,0.5704063573859679
1800,0.7889599976621954
1801,0.3355176544350551
1802,0.9860580190692076
1803,0.578750806287168
1804,0.9727978183407768
1805,0.31752181737016244
1806,0.5301922713779488
1807,0.18098318522055956
1808,0.5043902553605225
1809,0.985352183121916
1810,0.5013823809265727
1811,0.425776633070949
1812,0.3077443520938685
1813,0.3044623873331085
1814,0.6012089230684712
1815,0.515531207498615
1816,0.19785209129965411
1817,0.3631060510075277
1818,0.4877974642269866
1819,0.2235613253454079
1820,0.2502804009551671
1821,0.42866956557326247
1822,0.46352376012169905
1823,0.8430947157723054
1824,0.3294446251423421
1825,0.6605685383646297
1826,0.22095344215817184
1827,0.4794649329593685
1828,0.935546480154001
1829,0.37840347685997644
1830,0.41801974720642343
1831,0.5338728201734226
1832,0.33544595256060883
1833,0.3071265710157612
1834,0.3251464135501191
1835,0.2641929812564754
1836,0.2353772298441725
1837,0.27702478858783264
1838,0.3749772369540518
1839,0.39185768693352047
1840,0.9102285972663402
1841,0.7135391644940647
1842,0.8277169646424842
1843,0.9534291037767705
1844,0.8269140225259203
1845,0.5393586962603223
1846,0.23282407885010184
1847,0.9752081733788319
1848,0.40334947149699946
1849,0.7134266080788558
1850,0.3126471577332437
1851,0.4360477388563554
1852,0.7781160764438795
1853,0.2756353135180578
1854,0.7264803531789359
1855,0.9678636600799286
1856,0.27300991207370495
1857,0.801284609260232
1858,0.32269877737333524
1859,0.2840617014716974
1860,0.3665350427647559
1861,0.752046623920574
1862,0.4003920189052441
1863,0.2764131409516585
1864,0.2846366880585973
1865,0.4010849780784159
1866,0.7484551693832013
1867,0.4770264541863305
1868,0.1948506677825925
1869,0.27464489367427264
1870,0.39661968312330875
1871,0.8453553528590968
1872,0.28425381548177964
1873,0.34393882386913244
1874,0.8190306399743272
1875,0.8789573974552504
1876,0.42114320800714466
1877,0.3507251731044014
1878,0.32493312269677477
1879,0.7270005933377733
1880,0.8625383281624163
1881,0.20200298281321727
1882,0.96126800822345
1883,0.7420563316395257
1884,0.609797169332527
1885,0.33653625390130115
1886,0.3086143738408059
1887,0.441799587022089
1888,0.41815407501479407
1889,0.32204098895470096
1890,0.4833040716833687
1891,0.6113536801991485
1892,0.7935004195500024
1893,0.41851917214161366
1894,0.3918302871501832
1895,0.3181977726623666
1896,0.3492715808549004
1897,0.4002553255469528
1898,0.3755189032622383
1899,0.3224753332353208
1900,0.39220978175998905
1901,0.5102629138135328
1902,0.9672360791933297
1903,0.8312263555310908
1904,0.31438137008427736
1905,0.31560802804620236
1906,0.40928188832145085
1907,0.8233843006608321
1908,0.7451415037674436
1909,0.4277484269305616
1910,0.3571340249379381
1911,0.7381830050785222
1912,0.3912397525268179
1913,0.33803787462458357
1914,0.9931525821321642
1915,0.3249686813043594
1916,0.490418841722866
1917,0.34656667058050894
1918,0.30438025679079367
1919,0.35943615813232577
1920,0.532891281580918
1921,0.9863453764732284
1922,0.9910402415515819
1923,0.35120631675103614
1924,0.2051094475934895
1925,0.7281146698952257
1926,0.40383943176651543
1927,0.5210552429964936
1928,0.9864194413117473
1929,0.37302147751533077
1930,0.9904945336843383
1931,0.2390400030102786
1932,0.23215175167599728
1933,0.4456077396668301
1934,0.988008172684338
1935,0.8785034868663364
1936,0.2735589161224094
1937,0.8779092224883216
1938,0.2304923725356281
1939,0.7977451301145048
1940,0.5128746594926628
1941,0.973004719457842
1942,0.24270650740494104
1943,0.3715358300455223
1944,0.4074085838097257
1945,0.4484078636247245
1946,0.31503029446377484
1947,0.17164215126812632
1948,0.8817547786494799
1949,0.49688438226540554
1950,0.27873748070731186
1951,0.3316768201087483
1952,0.27499633031330756
1953,0.30836012144389546
1954,0.32861395116853975
1955,0.3696809354907234
1956,0.37794941973276985
1957,0.3431530896149014
1958,0.34001627427096015
1959,0.455484202185169
1960,0.7500802702143675
1961,0.3118149375887753
1962,0.5968193037966217
1963,0.771824230449093
1964,0.7438165400793814
1965,0.9861685400367677
1966,0.5206841437897192
1967,0.9847493327199192
1968,0.8128710289873448
1969,0.42333377072150935
1970,0.18663280419524114
1971,0.4897536610390542
1972,0.5114890137360593
1973,0.3296056953751654
1974,0.295209391275809
1975,0.8388163524265702
1976,0.3613590604451277
1977,0.8296042158618298
1978,0.9157806956275709
1979,0.24317657325136044
1980,0.21818187491140778
1981,0.8871340352860628
1982,0.5896714599046888
1983,0.3014776186878092
1984,0.3207323816772599
1985,0.15938153639623848
1986,0.3341798114224842
1987,0.9906967091814196
1988,0.3648910357689635
1989,0.526860525429913
1990,0.3128131589729559
1991,0.4698696305985477
1992,0.5464170788518506
1993,0.1665205443238319
1994,0.6660708893527123
1995,0.27761862269259163
1996,0.986972571674704
1997,0.3620715665040629
1998,0.9889988619352723
1999,0.7781618073617651
2000,0.20219697084905056
2001,0.9839154788306504
2002,0.4041173206067869
2003,0.5383297390364247
2004,0.4572578846005555
2005,0.2733896250359252
2006,0.27810295324862244
2007,0.36866428614156727
2008,0.16764850898916972
2009,0.49725546776675233
2010,0.7255493657434339
2011,0.2757550943802476
2012,0.3837286007899738
2013,0.4345962055707108
2014,0.41205386893699103
2015,0.29379833317308296
2016,0.4506295439349445
2017,0.4166854906358213
2018,0.28984973311934437
2019,0.39612732351428076
2020,0.2680731819675971
2021,0.23444941157305102
2022,0.2538753302733644
2023,0.27810541943840567
2024,0.4022775984927697
2025,0.32897832205367505
2026,0.7192559416631824
2027,0.6815998565954227
2028,0.7870309176055249
2029,0.5267392246321304
2030,0.3231132578168982
2031,0.27788429707448564
2032,0.3705154968198916
2033,0.9818356458484672
2034,0.5403880408027706
2035,0.7153544624539345
2036,0.7973272321714756
2037,0.44955126444956445
2038,0.9932118928502173
2039,0.3408906169054939
2040,0.4312405761538882
2041,0.3700433072553234
2042,0.33477063556756814
2043,0.4331073201726312
2044,0.2692997017941796
2045,0.21185824151760715
2046,0.9378758167489327
2047,0.9144742019560312
2048,0.7296576676294423
2049,0.4015801087512866
2050,0.3940399131975031
2051,0.985521221945343
2052,0.9466674587081847
2053,0.4220200966555182
2054,0.4237995986519384
2055,0.20100933379440736
2056,0.3652942457939689
2057,0.6432374605972699
2058,0.35455571941929476
2059,0.5237301244158566
2060,0.5101972728426292
2061,0.47077354496369617
2062,0.3364626211050077
2063,0.537897128610026
2064,0.9921162312340308
2065,0.7524756818695217
2066,0.5063895522651831
2067,0.46519835621566685
2068,0.2870010996495243
2069,0.2426778714673718
2070,0.27256910666724193
2071,0.28297121892233656
2072,0.7307887699008038
2073,0.4730783771659486
2074,0.407432022411343
2075,0.9912582963538505
2076,0.6100288367592535
2077,0.25614171379142875
2078,0.2706379763867078
2079,0.9935526559520315
2080,0.9837689574927821
2081,0.2542573296497834
2082,0.8869052957748113
2083,0.36342212832174603
2084,0.2453051683904082
2085,0.3368186760218669
2086,0.9845126805463524
2087,0.9835382268046872
2088,0.805102545790263
2089,0.3820726889008287
2090,0.5156514131106915
2091,0.974139928119281
2092,0.2255218005446778
2093,0.2447350829582336
2094,0.33926375961551164
2095,0.7196726858403771
2096,0.26621084129787065
2097,0.7846979268052743
2098,0.3030595582892664
2099,0.9881678666165816
2100,0.7286576275340709
2101,0.21871289667793112
2102,0.3876969312464457
2103,0.37117143438035016
2104,0.7270287126328825
2105,0.36445127608102645
2106,0.505224637840791
2107,0.34866571138546326
2108,0.9885467878811968
2109,0.31764195841192155
2110,0.223165551439231
2111,0.4279861777251452
2112,0.411412696812524
2113,0.637020370243153
2114,0.9787849903207334
2115,0.9175494076465275
2116,0.2761347401227308
2117,0.4783322971895066
2118,0.5442598353306328
2119,0.49901097606632694
2120,0.7950190563551817
2121,0.5228747916990591
2122,0.49946889466956335
2123,0.9929647215800733
2124,0.3868631742897415
2125,0.7629561183302314
2126,0.20939785059808433
2127,0.5564281478556674
2128,0.605325302467163
2129,0.2761094745077073
2130,0.43624434837814985
2131,0.7693017483688445
2132,0.3017646939353255
2133,0.24371784058348145
2134,0.968330475623328
2135,0.342262188621226
2136,0.35743726283125854
2137,0.2301933914698022
2138,0.27017152833336555
2139,0.9565290697109738
2140,0.9819029049768409
2141,0.31898011471591764
2142,0.8758829732342359
2143,0.26806610146244847
2144,0.9809099798512775
2145,0.37756559654348115
2146,0.960198253739983
2147,0.4694295684137761
2148,0.9919045716644196
2149,0.4495208993119869
2150,0.3396733029393019
2151,0.7907988854192347
2152,0.5364326984844013
2153,0.624657937303671
2154,0.5647489837664954
2155,0.811776942341979
2156,0.3003622296866911
2157,0.40593331212758804
2158,0.29818753829319306
2159,0.36676958375744156
2160,0.2053987388614399
2161,0.5160765608973336
2162,0.8209358567952836
2163,0.413908176645846
2164,0.35720212904743814
2165,0.26959446634644585
2166,0.43235271184496027
2167,0.19334205648614095
2168,0.3001059290478578
2169,0.8214918374939784
2170,0.3508402823166952
2171,0.24701579311681415
2172,0.4020093606286636
2173,0.5735807713869516
2174,0.16424206577829414
2175,0.8177378618607918
2176,0.7562595529422982
2177,0.20991655194266046
2178,0.2739355637409707
2179,0.3438147535534212
2180,0.4431695898294248
2181,0.364770367784682
2182,0.5603146727955939
2183,0.37192498593026113
2184,0.7122561109010694
2185,0.6646404993152518
2186,0.7685925999304517
2187,0.46459311360875855
2188,0.23333769255900844
2189,0.8924996976468578
2190,0.4408057371930013
2191,0.40938253090016596
2192,0.3345822429541442
2193,0.5246281185391193
2194,0.26623887505633886
2195,0.3646684831055557
2196,0.8639610298030898
2197,0.5581120463192256
2198,0.2719867326107728
2199,0.3030483831843426
2200,0.3688596583189586
2201,0.705393506336293
2202,0.29133130311641237
2203,0.3426499429096768
2204,0.9904378592367287
2205,0.5672544319669266
2206,0.326770439239399
2207,0.4690086005477685
2208,0.2063339313546311
2209,0.27160249068028464
2210,0.7194262036018249
2211,0.3364234847700784
2212,0.3253896510528386
2213,0.5728551988697582
2214,0.34790998737194456
2215,0.7712282378576216
2216,0.3789131734255183
2217,0.5260167397696198
2218,0.39840179081274835
2219,0.42987103746109734
2220,0.2975678278545477
2221,0.35604578300307943
2222,0.428439289559636
2223,0.5340609260482038
2224,0.7802411877084173
2225,0.5216233447794388
2226,0.7308826953057694
2227,0.35621364227891944
2228,0.47059551392498467
2229,0.8445117847413772
2230,0.3189635261803839
2231,0.29517248389613265
2232,0.6171903573222299
2233,0.3113385748451898
2234,0.24070479530840563
2235,0.39088413654953164
2236,0.9232551387873359
2237,0.21737992439048245
2238,0.7720924323691399
2239,0.3279304527636771
2240,0.3778931389343332
2241,0.7108796152716389
2242,0.18731504724930476
2243,0.4885215204166749
2244,0.48232701937507083
2245,0.2228206024003726
2246,0.7567431968674322
2247,0.21674909172120438
2248,0.6935781929792515
2249,0.9831923350833871
2250,0.9775495898101815
2251,0.35081486201674994
2252,0.47316027315377646
2253,0.617408238578869
2254,0.36396503272846925
2255,0.2346280237076431
2256,0.982499519063563
2257,0.1917850456995034
2258,0.3718981434714459
2259,0.2539762451637519
2260,0.9856138355159574
2261,0.27359448633700667
2262,0.352820445373909
2263,0.2597645978920176
2264,0.3930574295776683
2265,0.9533188758858361
2266,0.19085361942912132
2267,0.5862994350150506
2268,0.3113714941146433
2269,0.3672259216973159
2270,0.36720188034337886
2271,0.2881180245721126
2272,0.538908294974641
2273,0.30903912934325795
2274,0.8196370766597452
2275,0.9808928144385421
2276,0.9656524930883414
2277,0.2730864819283347
2278,0.36502078311780783
2279,0.24962561138827966
2280,0.29400169288581396
2281,0.9914590805823308
2282,0.3947446073419717
2283,0.3766579014071565
2284,0.26551374510916836
2285,0.3647310500896102
2286,0.2680483533623459
2287,0.173711395017226
2288,0.3227116835970862
2289,0.26078292543423187
2290,0.3704674424380796
2291,0.6410837998560592
2292,0.2749791277420777
2293,0.46710509358736907
2294,0.7992308798363967
2295,0.4309807853015357
2296,0.34305972723779043
2297,0.35003079268777887
2298,0.3061533869541545
2299,0.5892628190969296
2300,0.5069615744180238
2301,0.986359950202915
2302,0.7951724705933558
2303,0.5612022375927099
2304,0.3114103901343471
2305,0.7220204300372705
2306,0.9819636029648692
2307,0.6517407322072912
2308,0.6109399845565715
2309,0.30842717901064476
2310,0.6883041685675174
2311,0.3833854529259263
2312,0.1795087962094009
2313,0.31101175637917783
2314,0.3615070021075875
2315,0.9906091328014208
2316,0.8601789384700731
2317,0.7172707382002143
2318,0.49530971700949394
2319,0.23880494162305765
2320,0.3923310079099559
2321,0.7420798813798983
2322,0.9914082275598225
2323,0.5258659840284201
2324,0.750318886720413
2325,0.18562158153831843
2326,0.23686878546421758
2327,0.756073650583758
2328,0.24190300024498557
2329,0.12826347436303687
2330,0.5180654448185587
2331,0.9916571703054152
2332,0.5168978797880587
2333,0.27450040746217863
2334,0.34621089383966863
2335,0.26194692282553106
2336,0.365636854160197
2337,0.3211555057650603
2338,0.3111232251713414
2339,0.3228212184179017
2340,0.5167228840816918
2341,0.7276744829129254
2342,0.2182133820622421
2343,0.9920665430052436
2344,0.26571683857571404
2345,0.3837510123217706
2346,0.34557468807377056
2347,0.32215503194755224
2348,0.3859793123172624
2349,0.6158366020669367
2350,0.5838947723889054
2351,0.25603284440115176
2352,0.4459694120721079
2353,0.6208563738294799
2354,0.9933227442522701
2355,0.1788030873168742
2356,0.7960213238161339
2357,0.22914799015775167
2358,0.4921292146782069
2359,0.5067322665588119
2360,0.305002210816142
2361,0.31090318484474755
2362,0.886205667506949
2363,0.34327098007537243
2364,0.3535122577587202
2365,0.41298398179444284
2366,0.3299415375352391
2367,0.3147906449473174
2368,0.21791617315176956
2369,0.5783948548434912
2370,0.39465254522214493
2371,0.5185581670105495
2372,0.3993843151810692
2373,0.3230527333206211
2374,0.2798337666999556
2375,0.47923759420069467
2376,0.26807585194847333
2377,0.26392147119208864
2378,0.5049986191921922
2379,0.37083132830996324
2380,0.45532772945115085
2381,0.6702455683096729
2382,0.6992618174838457
2383,0.966322087959521
2384,0.9709673573583797
2385,0.5483238928396473
2386,0.8549810192136698
2387,0.3463392522475287
2388,0.43869184069985245
2389,0.27307625467549174
2390,0.37698092097297875
2391,0.6432460024250604
2392,0.36290090790621693
2393,0.5305132318990338
2394,0.22735750924394357
2395,0.2706231790090447
2396,0.767202727809704
2397,0.3713350297054384
2398,0.6607094656515016
2399,0.9873051696959383
2400,0.6173695132388163
2401,0.4146976400118657
2402,0.4949373055698074
2403,0.38378513400945113
2404,0.6586475062203095
2405,0.3540607911131952
2406,0.26521888224520557
2407,0.955301740722372
2408,0.2414347346921571
2409,0.5525491233110701
2410,0.3548870016029465
2411,0.353541796127726
2412,0.6150620217086564
2413,0.4608814639251613
2414,0.20181009319860777
2415,0.3600082743545876
2416,0.341550359361485
2417,0.9795921579535515
2418,0.2782647458403313
2419,0.8186113632833659
2420,0.9840463097199917
2421,0.505248444034598
2422,0.8368054158396234
2423,0.9877750775778521
2424,0.23674032543828327
2425,0.7197144143015867
2426,0.4532314246861292
2427,0.3563798912526018
2428,0.30858035172853593
2429,0.9875678730457736
2430,0.6305932578512223
2431,0.1212778549056649
2432,0.9789922059303068
2433,0.2390781792376747
2434,0.2964664500176109
2435,0.49905532573336264
2436,0.22962710021775454
2437,0.5007569483283839
2438,0.8738187955800705
2439,0.6827512263012647
2440,0.40907751502423323
2441,0.7800003661996644
2442,0.2275971171634737
2443,0.5546608969932116
2444,0.8555548668312966
2445,0.2744616116467075
2446,0.99056009498474
2447,0.3761023945428706
2448,0.9910029588991207
2449,0.4565120264956941
2450,0.343142520849842
2451,0.3821913591185445
2452,0.7933618852817611
2453,0.299191017383479
2454,0.6433731672494747
2455,0.6597726771161908
2456,0.3688144833249106
2457,0.2558468163551876
2458,0.8503189087135201
2459,0.8188375114950096
2460,0.9787103267050773
2461,0.5414840110058627
2462,0.9807924604026937
2463,0.9784538788320867
2464,0.8797361156844593
2465,0.32465837376381
2466,0.5277935828194851
2467,0.5126651673269988
2468,0.4043335861444116
2469,0.3886308635826047
2470,0.42686860935701193
2471,0.39266603600102895
2472,0.21961352715459093
2473,0.38781179166063867
2474,0.5075929090401743
2475,0.3882973457521946
2476,0.37102651267832665
2477,0.45412394531811573
2478,0.48389187467823275
2479,0.1786948887345192
2480,0.3061962890110879
2481,0.3783604600356923
2482,0.9704721487892564
2483,0.39530791943940047
2484,0.40858665240759495
2485,0.2677859286599047
2486,0.4292285810863671
2487,0.3116841388967995
2488,0.3607173974479442
2489,0.514120217788939
2490,0.35998783728782907
2491,0.23872925591819172
2492,0.9564772370613949
2493,0.7476368877679115
2494,0.48970415089581054
2495,0.34998019698026256
2496,0.7504272931501306
2497,0.993274936413925
2498,0.46870675971425646
2499,0.7638901228020396
2500,0.3760790243436086
2501,0.3510554243010702
2502,0.23408587914706386
2503,0.7444804494747098
2504,0.7186862220448758
2505,0.29627581155559024
2506,0.4349739592055387
2507,0.5808629741979361
2508,0.4013381493967237
2509,0.36523850741641917
2510,0.4362676687405009
2511,0.8606814159655045
2512,0.5381276946089026
2513,0.3370663789710973
2514,0.64450667392663
2515,0.23379062619540414
2516,0.3310588677258529
2517,0.20921570315822047
2518,0.9823651328621769
2519,0.981644246188224
2520,0.48235857859145737
2521,0.3416533401388341
2522,0.41599588260356474
2523,0.478828745406321
2524,0.570264270097323
2525,0.7849736931162601
2526,0.2646909246530442
2527,0.5705880263276429
2528,0.9654058900596014
2529,0.683060246372764
2530,0.35910877494421944
2531,0.6710406953696315
2532,0.36755996482419573
2533,0.33577339703770825
2534,0.528393903651895
2535,0.2653366306688353
2536,0.45560947623017284
2537,0.5046095216713029
2538,0.3255578565850436
2539,0.3071246055011784
2540,0.36493595301650467
2541,0.3376201226397566
2542,0.43285573427191304
2543,0.7627002327893888
2544,0.29847477902279507
2545,0.2670710732682021
2546,0.2846332815960222
2547,0.995052999218865
2548,0.39624205128549606
2549,0.39306275274506397
2550,0.2172273990992152
2551,0.3954879334154072
2552,0.20254719548934075
2553,0.7194887270237538
2554,0.3971691280269536
2555,0.4090340112533567
2556,0.992360660885623
2557,0.4369304427532431
2558,0.20776972077589462
2559,0.726749631196477
2560,0.27027712715536434
2561,0.8429491960669807
2562,0.5219927865320131
2563,0.22459052189955533
2564,0.833485768405703
2565,0.3914684827446604
2566,0.4559955566195777
2567,0.2790896947159082
2568,0.3433827883811619
2569,0.4745949976111962
2570,0.42422735826247354
2571,0.2642634354252973
2572,0.989117950585507
2573,0.884152054960026
2574,0.3798707635479349
2575,0.370003991552543
2576,0.3452475599824633
2577,0.7779248180486871
2578,0.1866618198784658
2579,0.9935825503072537
2580,0.989883718239525
2581,0.203993877513625
2582,0.239061296743648
2583,0.6516059946758075
2584,0.2613100338146144
2585,0.4183281880265962
2586,0.42042821838334243
2587,0.9386201392521982
2588,0.2996016164904213
2589,0.25777333090716237
2590,0.915454670731104
2591,0.4765259729246126
2592,0.8598357385741997
2593,0.4503506313356407
2594,0.17577773768302463
2595,0.40987004107240865
2596,0.5436099562285538
2597,0.9451082286928887
2598,0.3114185482270014
2599,0.7520944612141703
2600,0.36465754774994596
2601,0.28069167561354025
2602,0.4440742821141274
2603,0.35652996993925334
2604,0.23992030132179415
2605,0.4705744180846609
2606,0.8622059630977581
2607,0.26681860718677847
2608,0.7060395536041275
2609,0.9144600569082365
2610,0.37564475147858445
2611,0.6527366291697867
2612,0.4984244245195633
2613,0.8401281152022222
2614,0.9826276127419954
2615,0.9687969256586297
2616,0.3686452580199554
2617,0.808671156450953
2618,0.6063074218796615
2619,0.8221906026266725
2620,0.27655667041378773
2621,0.8279268842252573
2622,0.36073582858866915
2623,0.2516755711188806
2624,0.33025935290873015
2625,0.2865630040351049
2626,0.6498076927375669
2627,0.35424174619471005
2628,0.3084090109991496
2629,0.6048452309062757
2630,0.1963328302746859
2631,0.5570796519911926
2632,0.23796448741575363
2633,0.37141429423494987
2634,0.9923021707876705
2635,0.5239091036654588
2636,0.4510660082920188
2637,0.25787686033680357
2638,0.3344391331787273
2639,0.45145307530072887
2640,0.20013314234697518
2641,0.862799492941581
2642,0.34807660470294394
2643,0.23755406267054743
2644,0.37781161347621767
2645,0.3649221219139406
2646,0.40205324425988814
2647,0.2754720155947572
2648,0.36145229149917607
2649,0.22729948891202845
2650,0.4463600897695742
2651,0.22499213550794053
2652,0.2989338438233172
2653,0.39781204077833343
2654,0.19556613344319201
2655,0.9764319792343191
2656,0.9142387279521937
2657,0.9875155049178777
2658,0.8824731159060384
2659,0.9903909875790722
2660,0.6116444236035831
2661,0.38333573120123365
2662,0.3533323535313013
2663,0.35041594200822296
2664,0.3918034104870778
2665,0.7460697729835415
2666,0.3166738936191968
2667,0.20830299769207034
2668,0.16602469635090253
2669,0.18379985593765333
2670,0.288058125518659
2671,0.29946338017933427
2672,0.27327977010697324
2673,0.39760201482431523
2674,0.2177208456414365
2675,0.307403147957176
2676,0.6316684421221481
2677,0.2604595069947303
2678,0.4933724912144064
2679,0.22958935651720974
2680,0.873948545192816
2681,0.9860748315923052
2682,0.3927087109875083
2683,0.3266209671583663
2684,0.3661783686074204
2685,0.6948639747164186
2686,0.5501407956201876
2687,0.8120902326907713
2688,0.45193657867831255
2689,0.25772268482255095
2690,0.5456380273740333
2691,0.37012745611875875
2692,0.5070762381997636
2693,0.7096537751893226
2694,0.8505126860902867
2695,0.4924144719032541
2696,0.7702623181563077
2697,0.9949019039009331
2698,0.3608985187139467
2699,0.8798117923579702
2700,0.16697547339329097
2701,0.826196907462274
2702,0.31791251206250465
2703,0.2664660885936102
2704,0.411364145212559
2705,0.32059313045769905
2706,0.38944502462119734
2707,0.32264938488558675
2708,0.5377035814452463
2709,0.7720790359295795
2710,0.5590614123111655
2711,0.8975443453571474
2712,0.2982555257877435
2713,0.46694173520323057
2714,0.4557855990599345
2715,0.27296809295094
2716,0.7536177923764362
2717,0.2912386664621984
2718,0.5619805535945814
2719,0.3183213463015901
2720,0.9811732978632682
2721,0.99005915716178
2722,0.450261985125749
2723,0.4364469660113669
2724,0.9896487684561529
2725,0.33723874122171393
2726,0.9173551683713626
2727,0.9845189530410218
2728,0.34316507102731336
2729,0.2997765748429337
2730,0.7032330598052777
2731,0.5458904975257588
2732,0.36725115072486114
2733,0.3871440637373443
2734,0.7809427190591534
2735,0.1807814205216117
2736,0.5193645443878252
2737,0.2747290742334605
2738,0.22234513222336458
2739,0.8700252487045498
2740,0.9911542998318057
2741,0.35415576370453616
2742,0.28134125206339566
2743,0.29778648792872736
2744,0.978941119319479
2745,0.5365826284128712
2746,0.7657533160774762
2747,0.2859035917371123
2748,0.33460538615692803
2749,0.23887951632832183
2750,0.302464761738063
2751,0.25803676198685255
2752,0.9919686580265609
2753,0.808380781481775
2754,0.2739213611480345
2755,0.37098616739399576
2756,0.24014959678244735
2757,0.7000915702389848
2758,0.5550394304367019
2759,0.48478562654874574
2760,0.9883346555786898
2761,0.27518535412661665
2762,0.23359444050945483
2763,0.30575839602791016
2764,0.7240841435804388
2765,0.3717020610630397
2766,0.8317021765294883
2767,0.40935321720598344
2768,0.463293989264216
2769,0.7049009089269471
2770,0.26908843710136765
2771,0.8960618350159764
2772,0.5026987974127652
2773,0.6036205502949593
2774,0.4784796185941844
2775,0.6259902485432621
2776,0.3639492184866576
2777,0.42062797401975494
2778,0.5435144629888891
2779,0.3214327759375263
2780,0.3151382350376558
2781,0.8228258858221574
2782,0.3096312282330128
2783,0.7502617286872145
2784,0.9101459828844954
2785,0.6899861310778099
2786,0.3542324434499903
2787,0.238263714858645
2788,0.15870816610998204
2789,0.55589474348482
2790,0.39273309441377097
2791,0.20206707482749173
2792,0.33997236220759197
2793,0.3063005545988302
2794,0.29381380160011245
2795,0.29359470144029465
2796,0.9928255914660331
2797,0.40137602540886475
2798,0.7605339606697226
2799,0.38248640430634573
2800,0.2360331902763641
2801,0.8043147329007475
2802,0.8143637566670647
2803,0.8072968653795441
2804,0.33802826164740346
2805,0.5019509230659729
2806,0.6747787870435944
2807,0.3531903198598789
2808,0.20503149484621863
2809,0.2940532543769112
2810,0.38780948985168434
2811,0.43120131522430555
2812,0.9583375763964855
2813,0.3669345608917474
2814,0.34282844684687847
2815,0.39532150375091923
2816,0.8497568691015273
2817,0.3412083049250866
2818,0.9898308768402131
2819,0.4718830757289108
2820,0.24995071260125093
2821,0.28617845056609237
2822,0.5920986761256236
2823,0.9774727560882859
2824,0.27133711193589666
2825,0.9637831671621756
2826,0.36028742893559934
2827,0.9801474899578227
2828,0.48003453208299807
2829,0.8768526180810146
2830,0.22082548542147473
2831,0.2686180687456806
2832,0.2815768839003455
2833,0.6170364150501082
2834,0.9864100566561409
2835,0.24611099425632993
2836,0.3648949773988771
2837,0.38451744701091134
2838,0.4100633592551359
2839,0.8516441280869836
2840,0.5441192026264956
2841,0.3038338181161401
2842,0.6666853864055631
2843,0.2771995901702925
2844,0.3510871378095149
2845,0.9781914944800784
2846,0.5708561607501615
2847,0.7823557455255756
2848,0.2915254038080638
2849,0.3721464834689516
2850,0.7697313368394462
2851,0.9521081049585572
2852,0.49526972696521754
2853,0.3478161713636092
2854,0.46452511960463644
2855,0.4082566310395819
2856,0.8506407816373919
2857,0.9903918760984267
2858,0.2602396184581252
2859,0.7164154222429271
2860,0.9444657709032772
2861,0.7488482692906958
2862,0.4644150859106838
2863,0.2680998987758345
2864,0.9909341353900698
2865,0.27039282603998377
2866,0.46733971735914
2867,0.3862429712698295
2868,0.7653029120607127
2869,0.7080646048966731
2870,0.7771513989070944
2871,0.442942758280062
2872,0.37627136080076873
2873,0.7647451181052838
2874,0.35281708304537307
2875,0.7196489875931922
2876,0.6919732271014704
2877,0.3909789132873516
2878,0.5109965478445074
2879,0.5395987713640198
2880,0.3495055105549475
2881,0.9852139813512999
2882,0.2741386447595692
2883,0.3112590603881856
2884,0.36262632880296675
2885,0.9835975517311146
2886,0.267117800155399
2887,0.2966021195501274
2888,0.7141380682596279
2889,0.5389721880301263
2890,0.30221074101550527
2891,0.7685004645796732
2892,0.3789831774289958
2893,0.24668736859157847
2894,0.9045792781172897
2895,0.4068242963335657
2896,0.9886968113098861
2897,0.30148532836048514
2898,0.38013025846525117
2899,0.8183265935763544
2900,0.5256234784326506
2901,0.9832119173323493
2902,0.2698845841381467
2903,0.33246878519597595
2904,0.508456122750044
2905,0.3633088980641621
2906,0.7749669181333866
2907,0.5430469981225268
2908,0.9885593952535667
2909,0.29507322384854806
2910,0.4262330626603651
2911,0.3995035252510247
2912,0.29358904641276196
2913,0.38863667152166026
2914,0.5157324400410644
2915,0.6521017651987089
2916,0.32373426219184226
2917,0.7378023145467162
2918,0.41077709988004224
2919,0.44987754989590223
2920,0.5228449548145748
2921,0.6882416442086868
2922,0.6453455003881386
2923,0.19961309841665875
2924,0.36300851142891355
2925,0.4136723163738438
2926,0.643659871837139
2927,0.80229467377614
2928,0.45650234282904956
2929,0.29344195531156747
2930,0.2867684776642468
2931,0.9708247285807632
2932,0.8121110119942485
2933,0.5687548144039715
2934,0.7302379401216932
2935,0.3591927447752615
2936,0.40353586591131385
2937,0.9893713389665407
2938,0.3811855160355981
2939,0.3160642134746284
2940,0.5224573163011701
2941,0.6103076873397993
2942,0.24934248411169882
2943,0.3833300274382676
2944,0.9166218129404752
2945,0.3804103435365589
2946,0.5536704276662653
2947,0.4872210268842483
2948,0.9528407316445285
2949,0.8170280411040458
2950,0.8850974259260568
2951,0.47456209222465157
2952,0.6043359887844078
2953,0.3471592590622485
2954,0.41146258148758263
2955,0.9799802154586456
2956,0.9772553375871111
2957,0.2851781689208228
2958,0.7842850123480216
2959,0.3467728385823827
2960,0.3017877191860514
2961,0.3527619232113325
2962,0.48554688888656156
2963,0.5199996740506898
2964,0.5919860294846406
2965,0.3123516368377409
2966,0.9881335886042686
2967,0.3183621292493515
2968,0.5067447811528483
2969,0.982461376927167
2970,0.2539815164067239
2971,0.9624303670266834
2972,0.18816657392502784
2973,0.3623148017747709
2974,0.34647559655303983
2975,0.47923864666783356
2976,0.7757249937533134
2977,0.2766380918776733
2978,0.4993166109211914
2979,0.4094480043525871
2980,0.28434991127388953
2981,0.3005832141610981
2982,0.9872709507816823
2983,0.368289468416263
2984,0.8787020115137767
2985,0.7993468538536701
2986,0.4783951499671961
2987,0.5349813737570389
2988,0.3457369331129915
2989,0.6209592083502934
2990,0.42146324882828706
2991,0.9887828321589633
2992,0.2788939042145417
2993,0.1687164329015916
2994,0.5720277539863576
2995,0.6452426553076223
2996,0.30596966887678606
2997,0.39932539281753543
2998,0.24325548335678815
2999,0.7065106357767281
3000,0.33131480086264703
3001,0.7083248259572894
3002,0.5225988282673797
3003,0.6394147759501801
3004,0.31707178063418634
3005,0.39326356312416544
3006,0.39855423345199154
3007,0.36549392498244515
3008,0.34921576317035574
3009,0.8783842072334406
3010,0.28597906800149564
3011,0.5364627339348826
3012,0.8205117787523581
3013,0.404978893983875
3014,0.6577172412420629
3015,0.9876865944704504
3016,0.39612093693206596
3017,0.3848966979690639
3018,0.27416965458199855
3019,0.983856775010418
3020,0.3556550061246652
3021,0.3561479676862464
3022,0.33519359492209594
3023,0.3229542438836429
3024,0.387176160186743
3025,0.397970499017864
3026,0.2958949302159582
3027,0.19190631931386565
3028,0.9109613807686523
3029,0.3608186107945624
3030,0.6233349911780248
3031,0.6768777574850586
3032,0.9264134799897988
3033,0.32578705872498276
3034,0.27512849769854375
3035,0.28504540947990825
3036,0.8329312035757905
3037,0.27987545301783834
3038,0.42376726597019926
3039,0.35535792683972256
3040,0.4779525053401034
3041,0.48910215303477617
3042,0.7349217664568567
3043,0.3670916698383763
3044,0.3261945813185064
3045,0.9782438605936405
3046,0.48615999371246255
3047,0.3794299493802175
3048,0.8561854866010392
3049,0.32515887723713843
3050,0.2151791488797717
3051,0.35807628687774623
3052,0.4006384325844153
3053,0.26334637853227505
3054,0.9845356521004952
3055,0.2853118316079493
3056,0.34215199521766665
3057,0.2208719234134408
3058,0.47580760464971683
3059,0.3060353561828349
3060,0.3113341557104841
3061,0.8610381808695518
3062,0.7466834614913974
3063,0.3779476863216057
3064,0.9556130369053271
3065,0.2961910887608607
3066,0.28657715243263737
3067,0.22811975087917755
3068,0.8586745709452649
3069,0.5634792668228654
3070,0.4016352140717926
3071,0.5445401530438614
3072,0.6123805548311378
3073,0.9947483173993732
3074,0.6955933523944936
3075,0.36663303987882734
3076,0.3899352486969579
3077,0.2900536402424729
3078,0.33281640088521824
3079,0.5028937120518572
3080,0.36718042512958077
3081,0.4222825475252924
3082,0.6780989046969669
3083,0.9914622432016651
3084,0.3350949688881313
3085,0.363000835366808
3086,0.45850470450154557
3087,0.7155245162294388
3088,0.9258022124417681
3089,0.7557310225116886
3090,0.9804743511172703
3091,0.9881063520399997
3092,0.3233555674164028
3093,0.440962144776448
3094,0.40063826326591967
3095,0.3989514715461879
3096,0.9792653091234452
3097,0.9847843559922411
3098,0.3900778962676429
3099,0.5009165484445385
3100,0.7951705095802608
3101,0.5208152303224256
3102,0.4244588557568503
3103,0.8479416648723154
3104,0.39262278625433067
3105,0.389091866110569
3106,0.6840998451167545
3107,0.22482062059049915
3108,0.5027056598498439
3109,0.5480257353586253
3110,0.8909819648421677
3111,0.4598541017012379
3112,0.34379854727570336
3113,0.3380357597325887
3114,0.37720089839322946
3115,0.5983100224540208
3116,0.9783541691900911
3117,0.47401925479954016
3118,0.9787118335794586
3119,0.89203373048859
3120,0.5623141048129727
3121,0.8158797432758538
3122,0.9873371476413016
3123,0.4110878248757079
3124,0.4867950456294907
3125,0.3522837060311741
3126,0.5104955477067523
3127,0.4826217198961166
3128,0.37056063993184857
3129,0.49146209641560934
3130,0.27454980676416424
3131,0.4087035012537893
3132,0.40140983713271855
3133,0.3178629006977066
3134,0.4249892747469999
3135,0.5550913748869535
3136,0.29141793893092793
3137,0.40179596016504554
3138,0.9817970091262738
3139,0.18610910125140473
3140,0.5940235250484914
3141,0.28170143537835246
3142,0.5269218647862447
3143,0.34557874647323494
3144,0.16727872300122956
3145,0.5832327412078872
3146,0.5949743669981429
3147,0.5257396021842666
3148,0.4679834123764842
3149,0.3161202341387011
3150,0.7674717046508476
3151,0.4450228021373565
3152,0.6640168291444042
3153,0.9918875672498684
3154,0.17698214541040053
3155,0.4842809208589862
3156,0.35279548598438704
3157,0.5847764535014299
3158,0.485264270719576
3159,0.40088486967266584
3160,0.5197503789398092
3161,0.38571552153779537
3162,0.37875064332756
3163,0.8985255708600404
3164,0.3471071258510105
3165,0.4078127579130697
3166,0.361037671920434
3167,0.2626016916364965
3168,0.3561272698815291
3169,0.4470052197104533
3170,0.32525511437281573
3171,0.22406058207594245
3172,0.6875002887535755
3173,0.31467078723205866
3174,0.8123325747456125
3175,0.6918158340759771
3176,0.49978151662356374
3177,0.801293358132867
3178,0.3376603624465001
3179,0.3798313153602684
3180,0.2413314417062833
3181,0.7122751347463547
3182,0.3765237289221801
3183,0.5238039767322729
3184,0.31969231645584084
3185,0.3192732424054398
3186,0.23515842958227184
3187,0.43413132560154716
3188,0.3468912384423381
3189,0.5199960170755474
3190,0.7111794772000231
3191,0.2924058646552063
3192,0.981983038079529
3193,0.839813973954324
3194,0.7275728992132665
3195,0.7604488630990731
3196,0.31888143087121235
3197,0.1951946678244938
3198,0.509265733363915
3199,0.7688956183282558
3200,0.4786580282015088
3201,0.291541204810588
3202,0.5670180830177703
3203,0.5717081499323624
3204,0.16756330545913573
3205,0.5971918508655976
3206,0.7715518332445275
3207,0.5312128277912959
3208,0.5423142958044771
3209,0.9899009091123592
3210,0.30537551522855494
3211,0.447749571995361
3212,0.6367370789936986
3213,0.23631508599351225
3214,0.6126134830203764
3215,0.4259369113530931
3216,0.8661143118271747
3217,0.6876191898001606
3218,0.5079346086908442
3219,0.7953579433777037
3220,0.4769640725818175
3221,0.5070665982846647
3222,0.7223537451327045
3223,0.3307382493346703
3224,0.4974951258277717
3225,0.31721585245893424
3226,0.4687669836197949
3227,0.33554664182815463
3228,0.3376786208615542
3229,0.8269458676341749
3230,0.4411160131421827
3231,0.3949264072506031
3232,0.3088005059370348
3233,0.3609226202744337
3234,0.975735791246767
3235,0.5253613367980003
3236,0.9831994099354324
3237,0.6510169694563743
3238,0.35863988403324837
3239,0.516244626001822
3240,0.8621074530328686
3241,0.1586203551346641
3242,0.5476569853808713
3243,0.21926679408564514
3244,0.3249296612158493
3245,0.2796557064630528
3246,0.9937844100379023
3247,0.303513346547553
3248,0.24638773827960053
3249,0.2974558234426845
3250,0.724829141430684
3251,0.32567575282308253
3252,0.9869177053009937
3253,0.32549813205695927
3254,0.3875114349047335
3255,0.23330704777300326
3256,0.2602063658951952
3257,0.42811243240775887
3258,0.4357007353393346
3259,0.45597933705500815
3260,0.5224187195150826
3261,0.6951613911074718
3262,0.38228023184561005
3263,0.20673999679037675
3264,0.3486169656987748
3265,0.46208583626908023
3266,0.9559427774536436
3267,0.5906900092725303
3268,0.4408313172926473
3269,0.9861824262440738
3270,0.27718557368606744
3271,0.5178218198224873
3272,0.2990548064096509
3273,0.2750692401776188
3274,0.3424733756317694
3275,0.48040463051955673
3276,0.4306720642979509
3277,0.7938560400321905
3278,0.6710507942546585
3279,0.9917218673746269
3280,0.2723078238775045
3281,0.30591610019617865
3282,0.6046355757019123
3283,0.4964301049622517
3284,0.49577915132021055
3285,0.2687694464988383
3286,0.3623297593391682
3287,0.30854620251717346
3288,0.8294387377313824
3289,0.4719455947482258
3290,0.574072124275386
3291,0.4023619362295402
3292,0.43255951820968536
3293,0.9858614138308855
3294,0.23198710528302494
3295,0.8276525623238087
3296,0.38498832904614466
3297,0.35135541846613083
3298,0.9669743397156596
3299,0.6560495164006751
3300,0.3904416221339525
3301,0.4810799707798534
3302,0.30878215011151045
3303,0.5432526625613169
3304,0.3214670791419646
3305,0.8013589969131129
3306,0.30799440513450815
3307,0.2917916853180979
3308,0.524149470776642
3309,0.31838198886467084
3310,0.4764214821506614
3311,0.3804260170303563
3312,0.41214379512154026
3313,0.18260085767784784
3314,0.8818748752416171
3315,0.265165923283153
3316,0.37818533741440474
3317,0.7426649263184962
3318,0.8114560935027162
3319,0.3699905915438441
3320,0.21191110557530557
3321,0.4000673334959205
3322,0.8414570683763236
3323,0.2815022167388558
3324,0.29405926411292344
3325,0.827234691619011
3326,0.3884422479436449
3327,0.3942160098065721
3328,0.6886982995866162
3329,0.8707087047163677
3330,0.5289264297371419
3331,0.39012833134821795
3332,0.3521141649520726
3333,0.1687322057941007
3334,0.9744931466644711
3335,0.4260809379578189
3336,0.9845923567184657
3337,0.867703959487335
3338,0.42201991287031365
3339,0.32133686330566535
3340,0.9769338420740472
3341,0.20398874208816037
3342,0.9897772605691518
3343,0.27210254576416104
3344,0.24758604742075963
3345,0.44263291617550293
3346,0.4277545844293096
3347,0.3427381260805014
3348,0.9033362925522878
3349,0.23098239501819143
3350,0.45223058811212963
3351,0.6167354431659994
3352,0.9801066397598861
3353,0.523790809307813
3354,0.5428831667247898
3355,0.34512312089804464
3356,0.9738299032847838
3357,0.3701883538805081
3358,0.4870342578155674
3359,0.5367096016999587
3360,0.2745294827144072
3361,0.37184258071232773
3362,0.3105789784137404
3363,0.5801847438643183
3364,0.8999363011686757
3365,0.24908230166185247
3366,0.6747978251201497
3367,0.34143649207816773
3368,0.9942241474911746
3369,0.31909519484776305
3370,0.26756245239116894
3371,0.4996054352474369
3372,0.36031979664219826
3373,0.22263382608095325
3374,0.6992529082245859
3375,0.9085618620256054
3376,0.5416498075520181
3377,0.5863728039921507
3378,0.33683421236817923
3379,0.9854780332919484
3380,0.45161231007909824
3381,0.3648718874466548
3382,0.9903661593762643
3383,0.2895141799871501
3384,0.7259802702817171
3385,0.44204014884917997
3386,0.42433532813827235
3387,0.7273354854222486
3388,0.34426834549024166
3389,0.9271474507253412
3390,0.3215842128826035
3391,0.17978394795176855
3392,0.5496778130020553
3393,0.4879435338719574
3394,0.250752802491761
3395,0.658309999831614
3396,0.7761943581143467
3397,0.21127827886240644
3398,0.36734463795566574
3399,0.35749787360466867
3400,0.3300833219549336
3401,0.3555835873742509
3402,0.5784853424676127
3403,0.3418696864933526
3404,0.3780447120663133
3405,0.3435530212854852
3406,0.9834375727184641
3407,0.3551030028501636
3408,0.7784276550495126
3409,0.38087694940503136
3410,0.3919687222649306
3411,0.3738842441055663
3412,0.23769342163982812
3413,0.4258530873434802
3414,0.5067481891591537
3415,0.9844126881029538
3416,0.3103983998399646
3417,0.9790726922485717
3418,0.9839081947738537
3419,0.2556301205010053
3420,0.34943490809168076
3421,0.5807655722652124
3422,0.18589071573073587
3423,0.40918129735336795
3424,0.4613935828358709
3425,0.6410256646684104
3426,0.37907681104089525
3427,0.6975486981695829
3428,0.16725004408495642
3429,0.35617009637638924
3430,0.7299232535659145
3431,0.40220586024699767
3432,0.3280965139538099
3433,0.34600399396264636
3434,0.35846132408124565
3435,0.3986400585892484
3436,0.9858490170531524
3437,0.39265943964601624
3438,0.2949410584974713
3439,0.3507256038711677
3440,0.48425509191734484
3441,0.8679050637221777
3442,0.747885915739616
3443,0.4491547750426591
3444,0.42795389748413337
3445,0.9758663854698627
3446,0.20730893155829833
3447,0.42404538159338157
3448,0.45039596948066696
3449,0.2938139304311997
3450,0.27907754439818727
3451,0.11587009905242149
3452,0.45026123420661895
3453,0.4399832961499406
3454,0.9896005915325891
3455,0.9002766812672537
3456,0.34035649694358794
3457,0.7764404026656161
3458,0.9885488090095832
3459,0.975758580907209
3460,0.4676595659738758
3461,0.3463776533201876
3462,0.5923790709363821
3463,0.3848943080675114
3464,0.16612051436571715
3465,0.9152197407437352
3466,0.3223286240365519
3467,0.4091670975985735
3468,0.3029326967044307
3469,0.6839370576611437
3470,0.3390552318294504
3471,0.34592868035735036
3472,0.6485141579910106
3473,0.30008314102014283
3474,0.3884423559575716
3475,0.5497520524611024
3476,0.24649796829293222
3477,0.2926749615946068
3478,0.4321086195730106
3479,0.6012546562496397
3480,0.4781018956148457
3481,0.7591358506172784
3482,0.3597752814085078
3483,0.9557497960389703
3484,0.9905165449421857
3485,0.443830809048414
3486,0.35064548307349463
3487,0.6921041945864361
3488,0.3848061432469749
3489,0.9808678027221756
3490,0.967568983580918
3491,0.5174270704770724
3492,0.2458465361077561
3493,0.9729236921437576
3494,0.35988550467012437
3495,0.86478696613195
3496,0.7090302337197694
3497,0.6064647237104559
3498,0.4155016929282525
3499,0.728524201145757
3500,0.3832653055875992
3501,0.3062455167590833
3502,0.42570942177336063
3503,0.42472645891394667
3504,0.18751831768085223
3505,0.40828756814796985
3506,0.41988161239194505
3507,0.9903244994237546
3508,0.2644863869752477
3509,0.6392066644036726
3510,0.3497369562050925
3511,0.30152773745394895
3512,0.2578433246124322
3513,0.4281039445479447
3514,0.2881801430055741
3515,0.8459016583631522
3516,0.3613760577302884
3517,0.34338894330521796
3518,0.7819106211892113
3519,0.3926648094096655
3520,0.39490422582206464
3521,0.3121056178858912
3522,0.3493029835207822
3523,0.8931821378274113
3524,0.9848281742119347
3525,0.4085528465674455
3526,0.29624907612538876
3527,0.8117126625024205
3528,0.5307941246396809
3529,0.667798509996151
3530,0.4387895952059829
3531,0.9858131807734989
3532,0.1871516439996189
3533,0.7066351972833548
3534,0.9867055461995228
3535,0.33514393549052374
3536,0.7925718330476224
3537,0.9844065385518138
3538,0.5165083792116909
3539,0.891507100028176
3540,0.28400788834030694
3541,0.532266606570778
3542,0.4404685333332741
3543,0.7914489508960596
3544,0.3813005826668486
3545,0.9777607844414318
3546,0.2704215810140821
3547,0.5699585440367828
3548,0.21986724298826124
3549,0.9863898463397122
3550,0.1836813108285568
3551,0.9846050562351657
3552,0.3504113432027931
3553,0.6881205107280068
3554,0.34169702961692466
3555,0.4866664147994502
3556,0.4676787202050174
3557,0.9351556942007276
3558,0.5164967139953186
3559,0.44601862010501503
3560,0.29470521675842193
3561,0.39927734578817314
3562,0.12748046538482025
3563,0.2924468705926736
3564,0.8725205542925591
3565,0.2846177475258968
3566,0.2849716403451141
3567,0.3571586511149865
3568,0.7106465277982462
3569,0.43904716635184576
3570,0.26253775417193703
3571,0.47619948355418645
3572,0.9771708698101951
3573,0.9116751369642229
3574,0.2289955952395404
3575,0.7662296434439075
3576,0.15718632342444178
3577,0.35608659406429355
3578,0.980748321881724
3579,0.8587150219718644
3580,0.3898781217551018
3581,0.5506578570724946
3582,0.8611589505287423
3583,0.23142727923155004
3584,0.7536071703701493
3585,0.34469336642348564
3586,0.6921117149065072
3587,0.982198715099827
3588,0.48836762211385154
3589,0.315312827927798
3590,0.23981311748464168
3591,0.48139360635265777
3592,0.22144081800491505
3593,0.31793643104204483
3594,0.7152483744821496
3595,0.9868157415383523
3596,0.4279585283814484
3597,0.3489821785598951
3598,0.16175577978110536
3599,0.39371494581433797
3600,0.3469264936205371
3601,0.3803948992085769
3602,0.9609988519271396
3603,0.7973928823682976
3604,0.6995371294581262
3605,0.7016061997973742
3606,0.41315993508110166
3607,0.7796283973245747
3608,0.365816184096354
3609,0.3010742224318047
3610,0.3588150655055726
3611,0.1152110213408391
3612,0.38842362891534304
3613,0.9835810523640296
3614,0.41483309316434314
3615,0.9668478757368018
3616,0.8597502285887973
3617,0.22150458544394974
3618,0.8679255125946396
3619,0.6836374227830727
3620,0.28420426511532715
3621,0.27259260767078924
3622,0.14932777705066702
3623,0.5076107529821555
3624,0.535510820462013
3625,0.9855985014089698
3626,0.8013445011922838
3627,0.6202348838237834
3628,0.4584437917009239
3629,0.5378183567975039
3630,0.32245734775561835
3631,0.3171945555936699
3632,0.3724347457541434
3633,0.33125094580109377
3634,0.34958130266811954
3635,0.20676977225835086
3636,0.3575378066040155
3637,0.8341917593033233
3638,0.9234749098108094
3639,0.4489723487894721
3640,0.8602753121194635
3641,0.746693571122011
3642,0.5444190697318085
3643,0.23863196333725514
3644,0.8737039905628944
3645,0.25518774662747634
3646,0.398680749181772
3647,0.3368926023570016
3648,0.17234284161168018
3649,0.4268435519318268
3650,0.3463656697087402
3651,0.4929954835423017
3652,0.24556748790411476
3653,0.8235095669016247
3654,0.4810918459059065
3655,0.3721113392009352
3656,0.519995689449913
3657,0.21781705078884384
3658,0.9068388457870821
3659,0.2935313780472665
3660,0.9924140755386338
3661,0.35500942841946254
3662,0.5109798416114353
3663,0.2211335132494781
3664,0.29543215705136405
3665,0.46464692088604304
3666,0.6271467020267305
3667,0.3368122485969325
3668,0.7303345924438435
3669,0.3768026749562623
3670,0.38251351309389287
3671,0.40671666707615967
3672,0.7524942593941859
3673,0.433070353587271
3674,0.6931596868101022
3675,0.2731877743238076
3676,0.27690963153272696
3677,0.3755886131231359
3678,0.27602783995890656
3679,0.23247619642954406
3680,0.8709658126650274
3681,0.40786158842876585
3682,0.6336320014544599
3683,0.6104168853207969
3684,0.2958657313523704
3685,0.3382835221925711
3686,0.4370024401680719
3687,0.3577029527738178
3688,0.6593977173867279
3689,0.9716247945753381
3690,0.2062904965155295
3691,0.31103359603748904
3692,0.9562505673048923
3693,0.8678681049256227
3694,0.4391213506970489
3695,0.3678782577364649
3696,0.36206167622706503
3697,0.270206833424935
3698,0.6068604167856614
3699,0.5732973993748346
3700,0.2075601567676249
3701,0.7520351081829039
3702,0.4471042243609972
3703,0.7370211533879535
3704,0.7279140302927454
3705,0.25362395906422613
3706,0.7490362004670287
3707,0.47714038257802893
3708,0.648830423192797
3709,0.5226984550921377
3710,0.6687411345208064
3711,0.22334880809220709
3712,0.39926381090377716
3713,0.9948245290757918
3714,0.6952033626059604
3715,0.27009758832899644
3716,0.31472157735020734
3717,0.9784851938272031
3718,0.32127893227980125
3719,0.2941041773616012
3720,0.4947419963855164
3721,0.5579720340040661
3722,0.9947426408444796
3723,0.3674610751265829
3724,0.3804892104473855
3725,0.360990756964198
3726,0.33715275720613874
3727,0.6311987282395678
3728,0.3605085447663297
3729,0.5213106660506992
3730,0.2629647211608129
3731,0.38125373205926005
3732,0.8953553743508395
3733,0.549322871235387
3734,0.7438584928922787
3735,0.3206116570726209
3736,0.36150606875580166
3737,0.3629600011739182
3738,0.6522506691460527
3739,0.3150572007343046
3740,0.17235324509252523
3741,0.33939299519254756
3742,0.8658393984038569
3743,0.2311643530689338
3744,0.26808368237639146
3745,0.3292790555433899
3746,0.7949951740586907
3747,0.2571508999519665
3748,0.42151361406207455
3749,0.38870080666560985
3750,0.9913302724378836
3751,0.7881937301423614
3752,0.33036776084140157
3753,0.3091544735449869
3754,0.7662155572874121
3755,0.4614993547356365
3756,0.803181695535966
3757,0.3160987165489748
3758,0.43829464481483144
3759,0.984115398898437
3760,0.18181464021610672
3761,0.2766958768204841
3762,0.6955906507314076
3763,0.27661809782074936
3764,0.6556476393500938
3765,0.36020061219738786
3766,0.3108595833839507
3767,0.3560826728445331
3768,0.9897038343691831
3769,0.9858265916294842
3770,0.8173357220059452
3771,0.976824550401521
3772,0.9866103259818786
3773,0.9143216431390542
3774,0.4579653888522101
3775,0.3509752481750146
3776,0.49566538600923093
3777,0.22840161750775345
3778,0.9898207145669405
3779,0.6912456038376791
3780,0.9276753430203759
3781,0.4390598591943725
3782,0.4595532163526223
3783,0.5873426517594447
3784,0.8318403836858723
3785,0.9758313251324702
3786,0.31792633697669864
3787,0.6311744926905521
3788,0.9825380598504799
3789,0.4083483184986915
3790,0.2896097298135111
3791,0.98188138854837
3792,0.6786054051495645
3793,0.3187977817609837
3794,0.38578208581176765
3795,0.2923621076989179
3796,0.6760436739629417
3797,0.32139752148644035
3798,0.50473664778849
3799,0.4278714017228919
3800,0.35401313508959253
3801,0.3993302303143171
3802,0.25738083779029186
3803,0.923058533418744
3804,0.714863558906574
3805,0.9914998283113731
3806,0.8554388998914669
3807,0.22693344736184196
3808,0.9909888639673661
3809,0.41033392970046284
3810,0.3569511997045274
3811,0.9875361645292506
3812,0.6190688210057751
3813,0.3282572823592991
3814,0.9850958663801314
3815,0.3351895203476224
3816,0.6676574843765635
3817,0.7241773091592804
3818,0.2353260243116229
3819,0.7594518291436073
3820,0.4537966768528005
3821,0.9913468847846465
3822,0.30939828438169237
3823,0.344511943708971
3824,0.26306243476812174
3825,0.16651337987565554
3826,0.17470017975769517
3827,0.5315657051185274
3828,0.37052202249186517
3829,0.22307291320204162
3830,0.43101398819190584
3831,0.5365970019714555
3832,0.34961604015232667
3833,0.4371887703051899
3834,0.19523586273740376
3835,0.38140028426284317
3836,0.3259727899447526
3837,0.5406147165250984
3838,0.1921689254498335
3839,0.4315177205830308
3840,0.17013568045287297
3841,0.7293735927514298
3842,0.9701335822902845
3843,0.5315758840309845
3844,0.5307896868592419
3845,0.36167638811766145
3846,0.8769319220438488
3847,0.24404220659812065
3848,0.9040817646892834
3849,0.3409067821381116
3850,0.3340445717371902
3851,0.42408649560579625
3852,0.2635114254432708
3853,0.3353974812101905
3854,0.8167070752036665
3855,0.3024307713295449
3856,0.37461376777140615
3857,0.49504116974823603
3858,0.4240417412452977
3859,0.33668700016984976
3860,0.5319362715313831
3861,0.21176812618353164
3862,0.5785941970406902
3863,0.63889286788546
3864,0.8606787613495707
3865,0.8539620204545324
3866,0.24687494936200113
3867,0.3011560342370264
3868,0.36868969290183784
3869,0.35767538421167455
3870,0.8918051015509487
3871,0.9607531138689999
3872,0.3252202191038077
3873,0.3177266934653905
3874,0.8385054902054516
3875,0.39589589455790514
3876,0.848156994530036
3877,0.494426229795079
3878,0.4067382829361377
3879,0.2685808287030876
3880,0.2568542551853892
3881,0.35638613739190916
3882,0.3620583785479867
3883,0.18873783916599404
3884,0.9718306159374286
3885,0.2519995477206717
3886,0.20607550632045835
3887,0.34057480970691867
3888,0.179926405716605
3889,0.31021274555613076
3890,0.35511260170839065
3891,0.47778443050081715
3892,0.9859763725295984
3893,0.12476616272647925
3894,0.3497226634094916
3895,0.398462315438104
3896,0.4310551366275009
3897,0.8199992810251249
3898,0.36881760064571967
3899,0.2738283884509721
3900,0.24936892859784981
3901,0.6942499836958882
3902,0.2939608060093319
3903,0.5213162890454894
3904,0.6631803014188695
3905,0.6475383108780813
3906,0.41181974489357287
3907,0.30637697632701333
3908,0.6018071819638611
3909,0.45318459762096597
3910,0.4001624481599832
3911,0.28573577085504337
3912,0.4581075538563352
3913,0.36934711359626077
3914,0.32506990001494956
3915,0.9848852272880955
3916,0.7662008204105005
3917,0.3279461356677428
3918,0.5942065392756318
3919,0.24821916751605222
3920,0.5157410413238279
3921,0.2306460882006677
3922,0.9923121079702614
3923,0.35956362591543567
3924,0.7815314149224123
3925,0.737465775363421
3926,0.35980971808160667
3927,0.9886401586966511
3928,0.903760996711545
3929,0.8927580749969881
3930,0.21868208143356488
3931,0.4208453779958938
3932,0.4554843304554345
3933,0.3276530482854955
3934,0.9741689500181776
3935,0.4127497059212675
3936,0.45179066745943197
3937,0.3951388009886345
3938,0.44099471300417104
3939,0.19419201820740944
3940,0.43300292362325754
3941,0.5058816516444852
3942,0.46319489960477034
3943,0.41512131374679234
3944,0.14415865339565792
3945,0.326281879856098
3946,0.33287926105284116
3947,0.4541197833362368
3948,0.3596731191340316
3949,0.27882297993883426
3950,0.3941587590299912
3951,0.3848417649416338
3952,0.33996610354212065
3953,0.18196753539816152
3954,0.5034340116515559
3955,0.47460795929041744
3956,0.37070409575114466
3957,0.27416679277185124
3958,0.9778418659743037
3959,0.4990381798290898
3960,0.5486313489454657
3961,0.350098238492016
3962,0.2757868843714107
3963,0.3353704033789471
3964,0.3523399708809508
3965,0.7101156197904418
3966,0.4993239364692264
3967,0.48388923452808874
3968,0.6912469897749579
3969,0.500200177091326
3970,0.3936855944039069
3971,0.9855426157216512
3972,0.49041292143640125
3973,0.5166786288504457
3974,0.7458826193434256
3975,0.45651993887564934
3976,0.36457520952018563
3977,0.4623265258961997
3978,0.8442700180165725
3979,0.46340741894834336
3980,0.9908945564317342
3981,0.3112610441955953
3982,0.27930559749208217
3983,0.388585594758723
3984,0.36051829436476457
3985,0.965920684448267
3986,0.39279673646669483
3987,0.8688205219757488
3988,0.6527319263929192
3989,0.4065171148180872
3990,0.8315083666743968
3991,0.9887117356190198
3992,0.5274422827478175
3993,0.21489677115272643
3994,0.45996723065396816
3995,0.3170578480534345
3996,0.38130652342846605
3997,0.29676213725406736
3998,0.18302284409306432
3999,0.6180262197225384
4000,0.6271563875374772
4001,0.2748524087421911
4002,0.2637123771259925
4003,0.28720833085812
4004,0.3868891590207585
4005,0.4330311851578231
4006,0.24875109090680575
4007,0.3245780630788804
4008,0.5995039441666639
4009,0.3065879424647241
4010,0.8522601515050774
4011,0.6630140527778462
4012,0.34444324257380005
4013,0.986675099941842
4014,0.5599880975947713
4015,0.7668236282362261
4016,0.592339874828536
4017,0.5049358853716488
4018,0.9725522476932034
4019,0.462809062903857
4020,0.9794431402782111
4021,0.4215211513006632
4022,0.9704241355470695
4023,0.26568568838081397
4024,0.32669685432150875
4025,0.36232097852960565
4026,0.29842415504089825
4027,0.2683573534699789
4028,0.33958385941755986
4029,0.34499638035534314
4030,0.42832326790269337
4031,0.5979112912336444
4032,0.5859530172215089
4033,0.5352031377746509
4034,0.9168837958166113
4035,0.2628820807852019
4036,0.8284471751135183
4037,0.6487443527209318
4038,0.6897721453563718
4039,0.9293413424475108
4040,0.6052081554265814
4041,0.8824648450098187
4042,0.5525649886735131
4043,0.9880323869592386
4044,0.6403693632722642
4045,0.6276195151237497
4046,0.7107989356189341
4047,0.2688521531928697
4048,0.29908349486434527
4049,0.26563985283212055
4050,0.4216393575810022
4051,0.4131923594094957
4052,0.950712847450628
4053,0.9906340223227577
4054,0.9597793565713064
4055,0.9877544276032558
4056,0.3682875172676092
4057,0.33741146865532734
4058,0.46721817324057807
4059,0.30167158752892825
4060,0.9836889713869206
4061,0.40878111723735205
4062,0.35396465604325295
4063,0.27466697652216937
4064,0.19889614587138116
4065,0.31809287353131427
4066,0.9734944814339319
4067,0.5619930819368132
4068,0.28085433689522477
4069,0.3141667504538321
4070,0.45787122744243863
4071,0.19099214693215738
4072,0.344655030662715
4073,0.4673831343127316
4074,0.46373503257587634
4075,0.14069392183763207
4076,0.4702397840354538
4077,0.2503609963908114
4078,0.7147392261203929
4079,0.46064488326217945
4080,0.8557269105007136
4081,0.6415331104627146
4082,0.31171244452882624
4083,0.4228624363994168
4084,0.9697774308930058
4085,0.2853899861079729
4086,0.5746134389420838
4087,0.175284591113524
4088,0.4008038710184602
4089,0.3944987053645409
4090,0.24550988868163576
4091,0.34429718121930397
4092,0.4057127365695349
4093,0.8887695080953744
4094,0.2286899029665795
4095,0.2569749893901398
4096,0.2840318094872267
4097,0.3769993196031999
4098,0.31719490821484553
4099,0.9842760790750752
4100,0.4235624099045488
4101,0.3580970818132544
4102,0.4542354323950776
4103,0.2080452531557466
4104,0.9881379787472191
4105,0.42058886599569223
4106,0.9857083519766614
4107,0.7535882730358247
4108,0.9878353367780695
4109,0.39061285803701373
4110,0.39377255239033565
4111,0.3383819729417381
4112,0.9546109738119917
4113,0.3416796566091007
4114,0.3925479449253032
4115,0.7743019056047493
4116,0.982013595422481
4117,0.42293835037856026
4118,0.3832764749862095
4119,0.459850845541
4120,0.7531066157858461
4121,0.9863861346006335
4122,0.26358061899701346
4123,0.518732611116071
4124,0.30733002561183403
4125,0.4223149039252251
4126,0.2543652808826255
4127,0.4902495893274056
4128,0.9596094815482593
4129,0.3388329665401326
4130,0.43237479368590853
4131,0.6522091986065831
4132,0.445314716503795
4133,0.32739188804295977
4134,0.4030910542198787
4135,0.3910753931832312
4136,0.8576612965514536
4137,0.30148988020469447
4138,0.29619683121482016
4139,0.8702516613782386
4140,0.49475251866973546
4141,0.4078147690592983
4142,0.8157965892467565
4143,0.2791908150595838
4144,0.2696790702263983
4145,0.7998614952924938
4146,0.3125261504687376
4147,0.4476906291612769
4148,0.29088370409735564
4149,0.6095574584737193
4150,0.30397577496626194
4151,0.48144983143644143
4152,0.2762341407139936
4153,0.3616261775399254
4154,0.2550958183564916
4155,0.259107754213038
4156,0.2913532672244234
4157,0.9042242843169166
4158,0.9491922365303463
4159,0.47633526487268807
4160,0.38883869330362864
4161,0.4464281419437037
4162,0.25761967869082586
4163,0.4708315908676395
4164,0.7214834696909547
4165,0.3531325251602901
4166,0.13273975274412111
4167,0.4771806011360806
4168,0.6945633691135459
4169,0.4594920618656666
4170,0.40885690748982634
4171,0.3809930850701281
4172,0.47260752978801895
4173,0.7365275757597537
4174,0.2916028879846403
4175,0.5261121772292595
4176,0.8973208935850604
4177,0.3262983729239939
4178,0.9835505538264488
4179,0.9864973385743019
4180,0.4533436368309096
4181,0.41345392511254514
4182,0.47547670227261724
4183,0.8502705902606879
4184,0.43323852918751377
4185,0.3347804844298533
4186,0.5163786410966529
4187,0.2952417013303448
4188,0.8666307628809142
4189,0.4484491767336255
4190,0.31505249683520087
4191,0.6246942016980355
4192,0.25193145956740104
4193,0.23176671445642041
4194,0.276183310741162
4195,0.2563789739760626
4196,0.2336772334031048
4197,0.9179838505760782
4198,0.7467580777513405
4199,0.7935894199640497
4200,0.7460710053361175
4201,0.770275548652008
4202,0.6071743104292548
4203,0.5746543459048457
4204,0.27621873300753086
4205,0.5591165629446746
4206,0.6853160282828503
4207,0.8953334463997241
4208,0.26981361067427667
4209,0.3391090249439198
4210,0.26555708347397544
4211,0.6858636748732325
4212,0.4055627763494632
4213,0.9824234236935018
4214,0.6942492279929908
4215,0.14475570572920127
4216,0.5279896826947713
4217,0.8705897712593952
4218,0.7261089934043243
4219,0.36511094181807413
4220,0.34318753340978425
4221,0.5431593846564493
4222,0.328479342659623
4223,0.40955693453666714
4224,0.281800833424242
4225,0.40720816064271365
4226,0.48148583070999906
4227,0.26986511780097844
4228,0.3294195762192153
4229,0.8989505687452097
4230,0.3615930004238256
4231,0.4199350808089885
4232,0.6495546867545487
4233,0.4017180812451188
4234,0.7422085974633087
4235,0.4027355776727168
4236,0.26276162622877797
4237,0.3404066501729114
4238,0.7717316961513709
4239,0.4413045121592884
4240,0.3056505029500369
4241,0.38278082543800135
4242,0.19675740556349872
4243,0.5563280968415615
4244,0.3046304406702801
4245,0.38357467420769586
4246,0.4014724278073212
4247,0.7151325623756628
4248,0.45440038329986654
4249,0.24218581853149337
4250,0.639636089392405
4251,0.34937579876724434
4252,0.42856871207290614
4253,0.21202934075314017
4254,0.4575806090304445
4255,0.2574569380601571
4256,0.29027397511655323
4257,0.41082168331249963
4258,0.31320147812095334
4259,0.23657850130858554
4260,0.3335586858602435
4261,0.5194119132254758
4262,0.16000006164607417
4263,0.41767100841535715
4264,0.3447138677133969
4265,0.33797529376180113
4266,0.2589976698503122
4267,0.9752208241862865
4268,0.9887169636993841
4269,0.2648900097536866
4270,0.5309351482605583
4271,0.17357548502553916
4272,0.3352974246518263
4273,0.504896328358957
4274,0.36608187405336123
4275,0.28988435953664804
4276,0.3975286683432338
4277,0.6814560565758776
4278,0.5377057981330757
4279,0.5481567337315187
4280,0.24084294042725812
4281,0.21553578303061566
4282,0.4365096703993697
4283,0.27559341769676643
4284,0.9556924811983245
4285,0.5872204342581719
4286,0.7954269226300666
4287,0.3994011825401486
4288,0.6953862943018898
4289,0.966230644425559
4290,0.2717270219360213
4291,0.28648808796197417
4292,0.45106540597153166
4293,0.3414657251514277
4294,0.22321997485238554
4295,0.3778523069746463
4296,0.3371111870100325
4297,0.49456833789514737
4298,0.38002350234529825
4299,0.8728553162872954
4300,0.43833142563009575
4301,0.718944058833524
4302,0.6224613707566775
4303,0.904257576029452
4304,0.22361453653974597
4305,0.9922150184005214
4306,0.41749372332492724
4307,0.3273202873875054
4308,0.4983466512757272
4309,0.30561817003474534
4310,0.23279366156310877
4311,0.24646537646438818
4312,0.9360762987374571
4313,0.7253023997672551
4314,0.3979140716397489
4315,0.9923538947248794
4316,0.9881916711543166
4317,0.4111198205326808
4318,0.9528674026046325
4319,0.8169504092044296
4320,0.22610764782165785
4321,0.9743638073906832
4322,0.3329091209420853
4323,0.9453742327294125
4324,0.9683706710503286
4325,0.318125042912607
4326,0.32331735767057695
4327,0.2607574886126533
4328,0.9912578305208513
4329,0.7272450685530063
4330,0.7206896906485014
4331,0.2655157254446938
4332,0.7881815957728725
4333,0.9899321103909907
4334,0.3535054349142265
4335,0.7728500168139855
4336,0.23119055863789317
4337,0.2623408458738258
4338,0.8485433030848955
4339,0.5372678023957485
4340,0.9042724296637669
4341,0.36138690908785576
4342,0.310080678173186
4343,0.3185774264363745
4344,0.3452865970611708
4345,0.2928580758514736
4346,0.5077709831386414
4347,0.28163090937258967
4348,0.36432174193073946
4349,0.9860843956574826
4350,0.38142290210619917
4351,0.896460435248274
4352,0.3755905360763643
4353,0.7634103736377558
4354,0.5024888482009852
4355,0.990227185138564
4356,0.27855005745485767
4357,0.7232609943715882
4358,0.9906512979027933
4359,0.5626303346145249
4360,0.9794651031352737
4361,0.7312924784387473
4362,0.40470316492890623
4363,0.3978994291651805
4364,0.7605262398243988
4365,0.32109895127470517
4366,0.49031775175289877
4367,0.1256158740112836
4368,0.9929602435426241
4369,0.3405344688480868
4370,0.9873923889575028
4371,0.7211074376959601
4372,0.5929690479062943
4373,0.5162432528277581
4374,0.3249243781409136
4375,0.3722692185827395
4376,0.4280133445712301
4377,0.8773497454285853
4378,0.34548734518777324
4379,0.6984868342063428
4380,0.8903496719769719
4381,0.2688325780540178
4382,0.789795108356953
4383,0.5798254360908279
4384,0.37171759517796465
4385,0.3570564834165885
4386,0.32675908066889403
4387,0.65779131050385
4388,0.7945923922024757
4389,0.3393985683422553
4390,0.39830590059741716
4391,0.7441555051519925
4392,0.3734817279480967
4393,0.8890815534145848
4394,0.8025102485960045
4395,0.3155138808157635
4396,0.4492073739806727
4397,0.3753957052607213
4398,0.8481117684621136
4399,0.9590327779384173
4400,0.3561930147147246
4401,0.6066574145042706
4402,0.4982097916649622
4403,0.26061059827139604
4404,0.2660324931055635
4405,0.31641453320425145
4406,0.4580059923383558
4407,0.8390122646078324
4408,0.37375455418869974
4409,0.3015381861954821
4410,0.5483431920944285
4411,0.8799157453762487
4412,0.26699891782177626
4413,0.3525484208990734
4414,0.7043980966586634
4415,0.7424181637576867
4416,0.7948359814841197
4417,0.2270808251827001
4418,0.37246883083780424
4419,0.5109207525238373
4420,0.2943556756511481
4421,0.6909951885984674
4422,0.9872130111415047
4423,0.6065675377107522
4424,0.4344977346077784
4425,0.42721928329153674
4426,0.3358822488313871
4427,0.8538577184755218
4428,0.9115129668463987
4429,0.4590092409432378
4430,0.7458081270955409
4431,0.46090299299827564
4432,0.22858832346022115
4433,0.4038426063573406
4434,0.40002697057357856
4435,0.9645358373507471
4436,0.9672658830454693
4437,0.9921701377259571
4438,0.41176090269661075
4439,0.44536010716399704
4440,0.3915852928587026
4441,0.9122261734422188
4442,0.7710894712545706
4443,0.5668687177089187
4444,0.3486298257872784
4445,0.25025427984320947
4446,0.328553473958317
4447,0.31104628858645467
4448,0.3381189037462793
4449,0.261044831459661
4450,0.2772052512104929
4451,0.9200780365633755
4452,0.29124415248011787
4453,0.28830536041066207
4454,0.7070094884201941
4455,0.8796661637092225
4456,0.978452419019018
4457,0.3778673220055717
4458,0.40384916569137924
4459,0.30838218321527533
4460,0.6819511169373513
4461,0.3603824409504657
4462,0.3291613470404951
4463,0.3588981183788785
4464,0.3001223437981845
4465,0.5885682988742047
4466,0.27450881722241915
4467,0.37905831246278776
4468,0.9826342353304356
4469,0.9883447952768052
4470,0.6532378807333491
4471,0.3313550413838689
4472,0.8766952895105224
4473,0.8305312162445306
4474,0.40075766383351474
4475,0.7282095609125459
4476,0.3774381800910316
4477,0.32088582150597617
4478,0.42396743812923887
4479,0.3852332989627873
4480,0.34362119179463035
4481,0.2536621865851594
4482,0.6983814829799623
4483,0.3813705286103378
4484,0.9818522665627581
4485,0.9127186889852943
4486,0.8909959484549825
4487,0.7914459337035117
4488,0.22222599104810825
4489,0.3921411739414263
4490,0.34639095962435534
4491,0.33867697500734323
4492,0.8908766698043482
4493,0.7691738422058865
4494,0.30612584090810235
4495,0.3898568324652292
4496,0.4626629036541693
4497,0.2589485048458943
4498,0.35401041012155887
4499,0.9231608894091509
4500,0.25087868137796643
4501,0.8676617611965006
4502,0.5037075942937458
4503,0.3321256555949471
4504,0.3926824197828483
4505,0.5059205692831927
4506,0.9864762246346652
4507,0.47651045961711114
4508,0.9277237704459018
4509,0.4504310035050253
4510,0.8963661403748838
4511,0.6208722923965405
4512,0.4472522880780115
4513,0.3083222556360553
4514,0.3754288520850454
4515,0.8672396150015969
4516,0.8446836773752413
4517,0.4474737414921488
4518,0.4932152996483965
4519,0.3252888037103544
4520,0.39703555344543484
4521,0.4170394604715174
4522,0.8187028457400249
4523,0.3439822399357792
4524,0.35879947885028945
4525,0.2243034177099253
4526,0.5638468274053778
4527,0.1412604618809739
4528,0.2279340507977659
4529,0.3269352730147033
4530,0.8683832524862839
4531,0.4130242625706233
4532,0.567421254977985
4533,0.27093252391537587
4534,0.3202203258867685
4535,0.44442505573028396
4536,0.5941514266179222
4537,0.8007022167656437
4538,0.8738492077682053
4539,0.9951051464965304
4540,0.2525489154529711
4541,0.31291619041324176
4542,0.5808275062241269
4543,0.1295756324930597
4544,0.29839360137779003
4545,0.6123332956267695
4546,0.3762456263214438
4547,0.5789081001018188
4548,0.9706797311671733
4549,0.7445476957722901
4550,0.3311887349837661
4551,0.2712971868938244
4552,0.8016062307976697
4553,0.3266667896001782
4554,0.3431012954771733
4555,0.31391901298703473
4556,0.32279941702861653
4557,0.218495370920393
4558,0.31250422010516504
4559,0.6197122477135539
4560,0.846658758156488
4561,0.22727766021709436
4562,0.4525777052196355
4563,0.2581368813530081
4564,0.39502106082326965
4565,0.3503661516607741
4566,0.45103990441060743
4567,0.48608231423681736
4568,0.21183657946991544
4569,0.9052471659269481
4570,0.26681189017722745
4571,0.8162647926748362
4572,0.44607685317179313
4573,0.8755617872821324
4574,0.41269105735187195
4575,0.37094210873017286
4576,0.49133695476554
4577,0.2208042316070965
4578,0.28948503460903063
4579,0.31727243675013855
4580,0.351182034948618
4581,0.6000435364493464
4582,0.7798602973349318
4583,0.7168832999024675
4584,0.4050165822753046
4585,0.44459291680121826
4586,0.355473261909678
4587,0.33546958524061354
4588,0.4059324639658435
4589,0.22813313404568725
4590,0.3601284169348292
4591,0.4145490139625434
4592,0.370792876728141
4593,0.2785072611854075
4594,0.35111659174179305
4595,0.25465660228865633
4596,0.3592860862722545
4597,0.33459161958214023
4598,0.9816458185056213
4599,0.40054183389831843
4600,0.8638748205928578
4601,0.31054413938418
4602,0.4704792557629967
4603,0.4163648013900749
4604,0.8166393164305377
4605,0.5440565968904096
4606,0.3449091316448595
4607,0.9893795011114255
4608,0.8544812135545765
4609,0.5153990562891042
4610,0.5797618569828934
4611,0.4038380073681499
4612,0.3747512126502069
4613,0.3603496176759712
4614,0.5869640287277814
4615,0.5642705377041117
4616,0.2714241257239666
4617,0.5261333524019028
4618,0.9247214353424797
4619,0.7816485032173399
4620,0.2202944053141164
4621,0.3260578509321421
4622,0.44902385377964626
4623,0.32101564290235407
4624,0.21673062418217437
4625,0.31875216073619367
4626,0.39395823448936645
4627,0.3557541123208319
4628,0.29540325003469436
4629,0.23873031690347107
4630,0.352675990708877
4631,0.35966391046896723
4632,0.8821655642618955
4633,0.37834368085177905
4634,0.4273534456876872
4635,0.24360361580459677
4636,0.4554127257121478
4637,0.6757348108222636
4638,0.8530246807345105
4639,0.4230829940340103
4640,0.43561783155612516
4641,0.3300112093810879
4642,0.7269768688099327
4643,0.25098405051006223
4644,0.5076073433779311
4645,0.44391283276324445
4646,0.4071636402929246
4647,0.9814590812035956
4648,0.9899844131110734
4649,0.32323673205181835
4650,0.27909324784627515
4651,0.7633913919553084
4652,0.17070209687469615
4653,0.29037920597924444
4654,0.4526312735003165
4655,0.34591037686985443
4656,0.2924083088546152
4657,0.30820914494291524
4658,0.8536979811088798
4659,0.3123679414692284
4660,0.8579838948921821
4661,0.36342770140346753
4662,0.8418569311305354
4663,0.9775075357565624
4664,0.36441704990175794
4665,0.3360499080513747
4666,0.47997348454260613
4667,0.6080093086001974
4668,0.29958003150213003
4669,0.7484317645968246
4670,0.22077383921300664
4671,0.3871353329479084
4672,0.33318959116294417
4673,0.740471496379742
4674,0.3958606268156936
4675,0.9862964845469799
4676,0.5480482703464582
4677,0.6968057282442115
4678,0.41762426574821854
4679,0.299374425621021
4680,0.39997070530794465
4681,0.5955296691302221
4682,0.9369478874328759
4683,0.1507374659320618
4684,0.9718597839465531
4685,0.513174271305768
4686,0.35172392117424073
4687,0.36902042062729135
4688,0.2528602956446041
4689,0.5243029166072494
4690,0.3196104115418369
4691,0.33939150835044146
4692,0.3397206481312135
4693,0.7116223842745448
4694,0.32498395292159343
4695,0.6180133274171127
4696,0.7636684392662839
4697,0.3905922507503816
4698,0.9885215717591331
4699,0.15293368603698196
4700,0.9887844862173236
4701,0.6216097634529343
4702,0.3089536377072949
4703,0.8728329806001179
4704,0.37923434041245674
4705,0.7640507497545334
4706,0.29685948874712487
4707,0.3886179846368275
4708,0.6283621653256499
4709,0.30115951002007946
4710,0.8163570398135
4711,0.472589718581409
4712,0.8432676333244763
4713,0.9778645267652644
4714,0.22071821830450566
4715,0.29000790412231986
4716,0.31422096020954954
4717,0.6691870690428311
4718,0.25766685291063185
4719,0.8597764078568259
4720,0.45975463228598534
4721,0.38509274176166053
4722,0.17556855111417674
4723,0.24718821760528809
4724,0.27136980517937315
4725,0.6528169520112801
4726,0.367712830504496
4727,0.3113712819118134
4728,0.5392228256685521
4729,0.9857727955813047
4730,0.6025179984056901
4731,0.4713796136899393
4732,0.2870943476653879
4733,0.33013932220385855
4734,0.7574751387185472
4735,0.24983390739695163
4736,0.3669479592553716
4737,0.8215940294629659
4738,0.7498549624292269
4739,0.5370227575668468
4740,0.33365447449115304
4741,0.47535531769255496
4742,0.3117532290309285
4743,0.382320017245105
4744,0.39873420038724955
4745,0.5594628545752812
4746,0.2745410249623431
4747,0.7137130399653981
4748,0.7331993959939279
4749,0.9876337199283619
4750,0.9900789309981233
4751,0.9759843678796364
4752,0.8993499117591066
4753,0.3422926945158432
4754,0.691534937768193
4755,0.3670851476046752
4756,0.3886259834508331
4757,0.7961755128861631
4758,0.2677227520834667
4759,0.9780475859302056
4760,0.4054041270370631
4761,0.9708298027685981
4762,0.43485122700175627
4763,0.9896158378949044
4764,0.16722734307577156
4765,0.22020183215912537
4766,0.48034132640277116
4767,0.426211851865964
4768,0.16017664891007155
4769,0.4017288435017045
4770,0.3463617494766083
4771,0.31924389568377187
4772,0.7460305465660922
4773,0.36790975765462497
4774,0.8952938094768773
4775,0.8860840475190757
4776,0.4205906848049499
4777,0.18011022474821675
4778,0.8284225146332334
4779,0.3978921052534335
4780,0.26737095595434635
4781,0.2495154928756352
4782,0.32821305654672994
4783,0.4239619839202973
4784,0.8469518219055816
4785,0.9860963367698184
4786,0.19542049094090194
4787,0.9709064638471885
4788,0.25501302735449555
4789,0.6926196859479486
4790,0.3973554039226779
4791,0.3648422779879949
4792,0.1660593808973938
4793,0.6697627628699234
4794,0.2188176067424088
4795,0.9739344554479441
4796,0.19609432340222144
4797,0.5168493526760896
4798,0.39460126400174156
4799,0.4638486539852963
4800,0.6731221271067015
4801,0.3747455547673091
4802,0.2615590493580403
4803,0.3974378270907458
4804,0.2638351729297661
4805,0.5855806599295472
4806,0.2962747009452935
4807,0.9026982340646287
4808,0.17636438549246783
4809,0.4697105794828601
4810,0.9812917445061939
4811,0.9859615959184201
4812,0.2208621634430561
4813,0.3622308927252945
4814,0.7289661406473998
4815,0.3997610551900277
4816,0.5327696225710975
4817,0.7439958262003964
4818,0.7689145336750685
4819,0.25665040040284454
4820,0.676062446942802
4821,0.46159975768032385
4822,0.7552266507936483
4823,0.2823614853720077
4824,0.9841495355738464
4825,0.7973246383765705
4826,0.33189574442897307
4827,0.5692832080786865
4828,0.21274127551384847
4829,0.8040674445473985
4830,0.6776496378246504
4831,0.3866329939834152
4832,0.34250958521074104
4833,0.9821658910219019
4834,0.3732375196377157
4835,0.3823502698072259
4836,0.3834460620073271
4837,0.9731403873815793
4838,0.26503101326040324
4839,0.2612293813576684
4840,0.5907664789675285
4841,0.8256776002023417
4842,0.6210023724561639
4843,0.4050118239957446
4844,0.11725428564969637
4845,0.3245353127567772
4846,0.18009312974575142
4847,0.3787588155565632
4848,0.3938494718185262
4849,0.7874187819435481
4850,0.3794886095901182
4851,0.2976728251514972
4852,0.49744998796692175
4853,0.3667180902092766
4854,0.26210067568169226
4855,0.37121816199187113
4856,0.4234178989783624
4857,0.6634211051935539
4858,0.7894103054465217
4859,0.2006585099926756
4860,0.4299627319482562
4861,0.6701947938692463
4862,0.4998514792957177
4863,0.37344322192351564
4864,0.2978095189184534
4865,0.30076689139719376
4866,0.7350770060649409
4867,0.31478195866079134
4868,0.5024648137525534
4869,0.5963752924757437
4870,0.3308339653102619
4871,0.5304072855669388
4872,0.9867273115151076
4873,0.38862226588372917
4874,0.37982430537168127
4875,0.46321398147744924
4876,0.4029642080668603
4877,0.49952200205158426
4878,0.41538360968359933
4879,0.3699744301640576
4880,0.07716356513284597
4881,0.19302974328667935
4882,0.9916015885454349
4883,0.807816803919391
4884,0.9877888646850972
4885,0.3766862779643083
4886,0.3977523488893705
4887,0.7882387921681825
4888,0.40866798754102074
4889,0.2427281601868107
4890,0.532176024012509
4891,0.37256148989635834
4892,0.37233680908030764
4893,0.8078995044081722
4894,0.38780438064626876
4895,0.3937246321921567
4896,0.7416090061671744
4897,0.3424136248067371
4898,0.26236666781287354
4899,0.35384000252469255
4900,0.4469576466321223
4901,0.8137526634564894
4902,0.3107074241059837
4903,0.3356517617535585
4904,0.376075503885289
4905,0.4660274461253328
4906,0.31821956083400027
4907,0.8511035306344823
4908,0.4640803790893214
4909,0.43244621334607913
4910,0.6946102476455769
4911,0.81036359886422
4912,0.8522082992983246
4913,0.82445455035042
4914,0.42814502652535524
4915,0.827745271977498
4916,0.9753253829835592
4917,0.33748260240763506
4918,0.9846855553780113
4919,0.9888526681450482
4920,0.35720205946768957
4921,0.6008146837159246
4922,0.7301529778179738
4923,0.9833656193674236
4924,0.4468070244519912
4925,0.316715686395515
4926,0.8091241479704113
4927,0.9121438789893318
4928,0.389003647672386
4929,0.9855674569880882
4930,0.29071710919761695
4931,0.41897991190544914
4932,0.3566015807016917
4933,0.67741506801189
4934,0.8506650916439019
4935,0.118229890638827
4936,0.9920033908483242
4937,0.3811634719404226
4938,0.3859278849928092
4939,0.3739108123050563
4940,0.3479393044878064
4941,0.3888229072580614
4942,0.5010843826060729
4943,0.3919055286629135
4944,0.33283228863481745
4945,0.4463950074112569
4946,0.6192518807226844
4947,0.38875014253459395
4948,0.37001365114213847
4949,0.21619966363987722
4950,0.5687220367034631
4951,0.45002235210976216
4952,0.29731043102071414
4953,0.38703018726315647
4954,0.41388984628478515
4955,0.42455306033288764
4956,0.7254557156165158
4957,0.3104489507363951
4958,0.5153045971594187
4959,0.28093377559679555
4960,0.3375125703687454
4961,0.6268583411942553
4962,0.37100705013926766
4963,0.25101234745411766
4964,0.2678592046065574
4965,0.3135616475885322
4966,0.8199450808208995
4967,0.3111991969720897
4968,0.42427794369345195
4969,0.32580503245933584
4970,0.49852016417137845
4971,0.7463132781432649
4972,0.5288531610384404
4973,0.9858195522748426
4974,0.5049334370379647
4975,0.3947576294046389
4976,0.5894682292328668
4977,0.2585792946681491
4978,0.2643005245598195
4979,0.21664563350165433
4980,0.2625954385013127
4981,0.34461003993397993
4982,0.5083106097341404
4983,0.802315224809005
4984,0.5272150806861875
4985,0.6664360252551567
4986,0.8531154879695348
4987,0.5691434212228237
4988,0.7235448314069742
4989,0.5009464518233849
4990,0.739585858913461
4991,0.3136537400022296
4992,0.3876458879122822
4993,0.31987699205155307
4994,0.4473780715149216
4995,0.3913058687223076
4996,0.7422672122691217
4997,0.9761110638639956
4998,0.707206104442344
4999,0.2791539378253559
5000,0.878349505690002
5001,0.9101119944423945
5002,0.5173724164720832
5003,0.5377175913629438
5004,0.9849400076356305
5005,0.1542604250814785
5006,0.499054229032131
5007,0.37405729105423635
5008,0.3269528797679102
5009,0.7653630545975934
5010,0.34257242440193597
5011,0.39643705001208507
5012,0.2955488795402091
5013,0.9793418617740829
5014,0.5388017397770436
5015,0.2585186814803409
5016,0.3813829966123285
5017,0.4242613409234707
5018,0.3442819804260483
5019,0.43912030450883177
5020,0.44350903688482163
5021,0.8928459941797381
5022,0.198716392892598
5023,0.3750137931300942
5024,0.9949875946637158
5025,0.39920653736008976
5026,0.33394528611250923
5027,0.33394829876784027
5028,0.2902475191597469
5029,0.18258780375749878
5030,0.18045928890131668
5031,0.18532389465455365
5032,0.9920725724471546
5033,0.7780761663848907
5034,0.44775473583222447
5035,0.5153176876359269
5036,0.2871757792680222
5037,0.45823830582924496
5038,0.43997295037093764
5039,0.27846304791778437
5040,0.860745225490865
5041,0.46256339104952415
5042,0.27751412765058214
5043,0.2839008196689358
5044,0.3666560370813947
5045,0.26876099259417724
5046,0.31801568921155043
5047,0.5068827859306712
5048,0.42096928136299194
5049,0.6097817614591803
5050,0.36279421523206545
5051,0.32982971274183465
5052,0.9869599876378079
5053,0.4662930582947655
5054,0.9792328896786275
5055,0.5567921949672687
5056,0.3908423407806549
5057,0.5199965153886057
5058,0.19334896728763112
5059,0.26771036788817565
5060,0.7027611894477417
5061,0.2882381068254783
5062,0.6831531530265058
5063,0.28660229567213363
5064,0.9841880541639536
5065,0.44836026302548737
5066,0.22624198518437996
5067,0.24377525338309236
5068,0.40721596528603865
5069,0.34155173760646174
5070,0.5376748504503845
5071,0.6833506188380418
5072,0.31579561156726565
5073,0.973228032240445
5074,0.2680080608002528
5075,0.1911837989134888
5076,0.27559762600754606
5077,0.47393718642727295
5078,0.45983125197091435
5079,0.3745500656070032
5080,0.7586458242234705
5081,0.9868983939942254
5082,0.24353934408297545
5083,0.40089695825924593
5084,0.4300068820984706
5085,0.6402662978729127
5086,0.9906002401465049
5087,0.8349420365853675
5088,0.24323828998594288
5089,0.3535930135760439
5090,0.3665216922829582
5091,0.8237133632898116
5092,0.4186420132243772
5093,0.333716085522479
5094,0.3309532137173997
5095,0.3618069110107626
5096,0.4974025948170624
5097,0.28831900854519893
5098,0.6126488663519446
5099,0.290696806116752
5100,0.9851755797701934
5101,0.5559862034877397
5102,0.28382801700484617
5103,0.5042077509250984
5104,0.44644007044543127
5105,0.6563889267035903
5106,0.8641085627107397
5107,0.9918607030418396
5108,0.45965082781049516
5109,0.5142946040026847
5110,0.7512043730957493
5111,0.4575574543561025
5112,0.3158052499724857
5113,0.42881091126548804
5114,0.9916008142522043
5115,0.711759851362319
5116,0.4030828077130608
5117,0.7835336614575663
5118,0.7078275620007188
5119,0.62571726531677
5120,0.3850854373098186
5121,0.45402391255059754
5122,0.5396802407799928
5123,0.4604372656944019
5124,0.8744333093153872
5125,0.3811085619861131
5126,0.43144493249836635
5127,0.3652392096542241
5128,0.3814500714218662
5129,0.37437907013961985
5130,0.3412678662178003
5131,0.3029952951242561
5132,0.3273438187411475
5133,0.6503012918398889
5134,0.4667568881671197
5135,0.7222228431500473
5136,0.29577906657847086
5137,0.239593538384023
5138,0.4804032207618287
5139,0.7452083255074327
5140,0.22226853518029
5141,0.8725682037413307
5142,0.43721082007807144
5143,0.24301215318453717
5144,0.6990754307508182
5145,0.833309424498603
5146,0.9723462503514101
5147,0.33171726320348727
5148,0.3776495391671067
5149,0.9796875554951425
5150,0.4723672866251575
5151,0.745486076411682
5152,0.5098665138170321
5153,0.3055733641766492
5154,0.5429232904490253
5155,0.33424170443727463
5156,0.3946284779911922
5157,0.338942525162689
5158,0.35710552003960244
5159,0.29016342715896976
5160,0.33172924779669505
5161,0.3412390409898587
5162,0.42217166973880904
5163,0.7987689049103988
5164,0.47101169291876
5165,0.8583893457357326
5166,0.3641673384745243
5167,0.15081434801439175
5168,0.8787953084073954
5169,0.27473330416547004
5170,0.4632358766556419
5171,0.21404825411209896
5172,0.2242652175878648
5173,0.9669689608163425
5174,0.6111114205492834
5175,0.8328999292835236
5176,0.28591507674362515
5177,0.6228916136090591
5178,0.3415473497296925
5179,0.2800355895423655
5180,0.7629524954612201
5181,0.6059875108983271
5182,0.7187679183959955
5183,0.21902312818081687
5184,0.6767264069756294
5185,0.6339103156634764
5186,0.9006513641938172
5187,0.9451863198427601
5188,0.4190740915543329
5189,0.698268092583439
5190,0.3149313718217562
5191,0.5351937387926934
5192,0.24360722229890713
5193,0.2992555426776419
5194,0.7452537417231452
5195,0.7176297398092247
5196,0.7178752757917622
5197,0.22695204146779002
5198,0.27568971955293337
5199,0.44936306699379297
5200,0.7393756242864337
5201,0.7206011099944907
5202,0.9523959201442931
5203,0.8384344880630458
5204,0.25987080310314103
5205,0.7038108599009384
5206,0.22097562874327467
5207,0.898141666805577
5208,0.3019006583874183
5209,0.8252707192391385
5210,0.4310404427710743
5211,0.4858141574307101
5212,0.6189494085003284
5213,0.6302735777250981
5214,0.8375645972200201
5215,0.40576740052131377
5216,0.7658326047605789
5217,0.3209150315302952
5218,0.36903099533033024
5219,0.7595208713915427
5220,0.8319517353170405
5221,0.44660415592992964
5222,0.35964655355426645
5223,0.49553224780819344
5224,0.3651599947200824
5225,0.9819021536395249
5226,0.23045293337780565
5227,0.8161361097935377
5228,0.3280365187218803
5229,0.30820995325269673
5230,0.5587274328887238
5231,0.6412607678226238
5232,0.23574281496343383
5233,0.3126562742444927
5234,0.40023982486986986
5235,0.2477576216583594
5236,0.40966445043034383
5237,0.9872503908452
5238,0.5773444655036588
5239,0.981084464163758
5240,0.5268418925988261
5241,0.7933539249721944
5242,0.8578963074925502
5243,0.19189205788306118
5244,0.4190634575611387
5245,0.8590415075284692
5246,0.5831978447719688
5247,0.23762831090295963
5248,0.260856576754
5249,0.36201939853587745
5250,0.4192636348917012
5251,0.5619110978804983
5252,0.8703050605229775
5253,0.37244333108396166
5254,0.3214743926893032
5255,0.42421499774855115
5256,0.8399574985244138
5257,0.7193869572142018
5258,0.9842397645842496
5259,0.3755725623877372
5260,0.3839219942578303
5261,0.38049616664514097
5262,0.2686829930172678
5263,0.2667993975872812
5264,0.9724194876025988
5265,0.8397463823395936
5266,0.46569088531238495
5267,0.9916529665202113
5268,0.4006077707908824
5269,0.39617972051285255
5270,0.5544500318226995
5271,0.6434495322216445
5272,0.3446323060372338
5273,0.3234043205496293
5274,0.35686005688094985
5275,0.27859939254366856
5276,0.4343938042189831
5277,0.3668799966201214
5278,0.41477316183286705
5279,0.4227140187639714
5280,0.46359288602716486
5281,0.9906194197720751
5282,0.941608534814985
5283,0.34689124816080363
5284,0.8847952216928678
5285,0.9814661294133973
5286,0.45471526221691716
5287,0.3582793978440879
5288,0.40567022798835917
5289,0.32142509295486177
5290,0.3334248645142276
5291,0.7109538188247824
5292,0.42796983336889755
5293,0.4325905832784724
5294,0.40229587670992256
5295,0.2953637522895337
5296,0.302029617585215
5297,0.3225721186462047
5298,0.39507688279443354
5299,0.37581667353132614
5300,0.5557288218041674
5301,0.3561511595968915
5302,0.3630392418213771
5303,0.7879208509374497
5304,0.43604006971506576
5305,0.5922395866767687
5306,0.7976964951587382
5307,0.6737704822824441
5308,0.439105712731252
5309,0.41513497666432386
5310,0.6085415164738923
5311,0.3097638607499288
5312,0.9799657042620719
5313,0.2568755095744966
5314,0.3224932520801358
5315,0.5389188763944306
5316,0.7126087980374556
5317,0.26111448393452197
5318,0.48228288426438265
5319,0.42758376794382214
5320,0.9725235619134582
5321,0.36679636232682344
5322,0.44574573385279787
5323,0.7573095011745287
5324,0.9866581919966723
5325,0.2498091141926322
5326,0.4115000100294761
5327,0.3697919585529768
5328,0.46065916956373165
5329,0.5626568494927985
5330,0.6798995668521277
5331,0.2775849627471877
5332,0.8878962581498748
5333,0.22682400693981372
5334,0.6296766009173725
5335,0.3806449457977182
5336,0.28386017125361646
5337,0.34896458193740504
5338,0.4299708570834529
5339,0.31144023703699913
5340,0.3553980354660112
5341,0.8892498770823627
5342,0.376901934154284
5343,0.955106486895934
5344,0.4985026463976872
5345,0.26368263713147033
5346,0.3884799558936888
5347,0.9670904070022001
5348,0.7667231598798058
5349,0.3412611324603444
5350,0.3310156612024603
5351,0.39992378130859046
5352,0.9230725310960302
5353,0.33444322665678955
5354,0.7533672630716441
5355,0.3266624783009266
5356,0.4531886390467865
5357,0.5616080665208344
5358,0.4823685773666964
5359,0.36026771409048197
5360,0.35324663644166504
5361,0.4181634525287061
5362,0.9869540467231768
5363,0.888229747186825
5364,0.8519029685262529
5365,0.2756834087382519
5366,0.7942168911770996
5367,0.866924339710617
5368,0.37378971134028005
5369,0.9850475751276959
5370,0.7327474608008815
5371,0.43835716259340174
5372,0.717769852548933
5373,0.741015088156044
5374,0.7728094988855561
5375,0.988866498172398
5376,0.3139806692264993
5377,0.24094205932260893
5378,0.3125011642820599
5379,0.26978156001062825
5380,0.4938715765176685
5381,0.2341151173536111
5382,0.3903028042347449
5383,0.6480039998966742
5384,0.4250155280194961
5385,0.20418163106899476
5386,0.18501502568748376
5387,0.3441425586198138
5388,0.4327753116226228
5389,0.7975409592481062
5390,0.858334125295929
5391,0.41801079673037667
5392,0.9811822782252273
5393,0.3210580887525087
5394,0.24456318304303595
5395,0.8239205149744918
5396,0.9841522011803875
5397,0.3330854798660774
5398,0.9921027043171906
5399,0.3677335227654446
5400,0.26844259341909077
5401,0.8053797642673469
5402,0.6112665848086033
5403,0.30922337032955305
5404,0.28666637385962823
5405,0.3669864735725347
5406,0.24474513453529345
5407,0.3924163588337821
5408,0.2571065327435462
5409,0.6931902880017274
5410,0.36009714289654104
5411,0.9828791207559482
5412,0.30079868860892417
5413,0.40129632389991343
5414,0.8895690695201667
5415,0.23908753905031876
5416,0.9858189737542142
5417,0.3288832519881325
5418,0.985470919391799
5419,0.9565765056602251
5420,0.9927365001425331
5421,0.7252645057913272
5422,0.7652646096289084
5423,0.3498341195550617
5424,0.2863159607978277
5425,0.874127854073265
5426,0.2500715631558683
5427,0.6167953406924285
5428,0.9764731694035962
5429,0.3364530140867659
5430,0.29585670675967907
5431,0.8613317482040155
5432,0.4900210211824298
5433,0.2766226039199196
5434,0.3355111766703759
5435,0.4896911796986452
5436,0.9886465845888732
5437,0.7938817506849475
5438,0.18189520399341014
5439,0.2674550884263912
5440,0.6930420821148526
5441,0.1851536156230468
5442,0.3302869158521071
5443,0.32032739358765533
5444,0.3734842977166363
5445,0.32881589699657365
5446,0.829163109043193
5447,0.5361883402369865
5448,0.3215134939484719
5449,0.3613245427250798
5450,0.36307208974494753
5451,0.4293882229750847
5452,0.6255008779614427
5453,0.33539481549052313
5454,0.2793789600473472
5455,0.3307203262520726
5456,0.81990493265972
5457,0.21031349364582783
5458,0.9884467316883268
5459,0.21869352509879067
5460,0.25486909171280125
5461,0.3374410409555373
5462,0.985957962892337
5463,0.7311187110338988
5464,0.3415301875447665
5465,0.2850362974211638
5466,0.20734790757413407
5467,0.37363720437513614
5468,0.6712314727408559
5469,0.9940284125694502
5470,0.18850796756722737
5471,0.2950228440639119
5472,0.6482782949719132
5473,0.3420031662701692
5474,0.6862956786482405
5475,0.32492569531167176
5476,0.34521106975312577
5477,0.8497691334086962
5478,0.4042839700319941
5479,0.3744114070968271
5480,0.2858880080384225
5481,0.36209143035171254
5482,0.23700034124223202
5483,0.40810244908634735
5484,0.5100314951489948
5485,0.3004760436665856
5486,0.3460886729132404
5487,0.1352808917280342
5488,0.22219249056002033
5489,0.9562289770989119
5490,0.4453112995716346
5491,0.40204289919999336
5492,0.5604493467864942
5493,0.3035447978146511
5494,0.9729333687595616
5495,0.2977613155062134
5496,0.815568861908008
5497,0.4248199720013533
5498,0.30402607235797896
5499,0.4733123931165866
5500,0.4605262412215148
5501,0.422063402477139
5502,0.3133552482819717
5503,0.8414845703262237
5504,0.7973157261435837
5505,0.17389964596877322
5506,0.3884659597652085
5507,0.43753219235996343
5508,0.1646878724653077
5509,0.9674807998271596
5510,0.6751371840759233
5511,0.36244991631041285
5512,0.6596572414087262
5513,0.6205727981113454
5514,0.2778916228363146
5515,0.295353293785853
5516,0.5154445889420267
5517,0.6610445997424743
5518,0.622463044452271
5519,0.30975972894120546
5520,0.3648813704586139
5521,0.2712090065036401
5522,0.3610543472248021
5523,0.3434208498522479
5524,0.1775573104242003
5525,0.9928481276174594
5526,0.32210758810180967
5527,0.30138631751540845
5528,0.9906358621991362
5529,0.9884059621284119
5530,0.5873389583691775
5531,0.3471217376550439
5532,0.4960265176481692
5533,0.34336730514401737
5534,0.5913853955757562
5535,0.2799256936671662
5536,0.7272646579101697
5537,0.538345313043501
5538,0.31666571340903027
5539,0.5550032277321391
5540,0.2717944755820564
5541,0.4740136653266546
5542,0.34627391784375083
5543,0.6329400495204538
5544,0.3204943823231349
5545,0.729051961525339
5546,0.974895164225753
5547,0.31021768409447736
5548,0.40381997940617015
5549,0.23649205536851173
5550,0.3167430725219849
5551,0.5885563025556066
5552,0.6009760469935481
5553,0.5105197340313156
5554,0.2637843117718749
5555,0.357988813261521
5556,0.8942733800754689
5557,0.75611301301423
5558,0.31479499940523337
5559,0.891207709432897
5560,0.25052036541242184
5561,0.9844137096625836
5562,0.40547665252781506
5563,0.42411302223444747
5564,0.8444570455505913
5565,0.9861758262212406
5566,0.23146087789499042
5567,0.29347730573402414
5568,0.333833251116183
5569,0.5232492539026463
5570,0.3292009632262376
5571,0.37878091412400705
5572,0.7830430014502494
5573,0.7367594775536733
5574,0.7601651503937668
5575,0.6002954786795098
5576,0.37089675991451865
5577,0.7945223873496332
5578,0.2896208497906553
5579,0.2513499338268912
5580,0.36835577893789495
5581,0.48801487178817593
5582,0.4052531926011841
5583,0.764713562613018
5584,0.4337289674366757
5585,0.45979054343694103
5586,0.21979616647844716
5587,0.35143693012297594
5588,0.4225630837630834
5589,0.5987517807119151
5590,0.8525869810968771
5591,0.3386455071569373
5592,0.3496676600777982
5593,0.34533797418674395
5594,0.8136237283577452
5595,0.4260695683617043
5596,0.1792122896934541
5597,0.8789559648754941
5598,0.3208364335245325
5599,0.29386170735963013
5600,0.38493875624799523
5601,0.3249037486870158
5602,0.9803811155764535
5603,0.3849333600974798
5604,0.46947972470260074
5605,0.6949517697844713
5606,0.9823498529379806
5607,0.524510790011443
5608,0.42218021606418166
5609,0.4137958960464837
5610,0.6751806530610307
5611,0.6282345782776576
5612,0.9480123308908657
5613,0.34361469776336584
5614,0.7589132088721786
5615,0.32265923551501174
5616,0.28118989406629763
5617,0.5750780723770196
5618,0.8251597027162393
5619,0.3338707982028887
5620,0.2626004333964322
5621,0.2918972586143807
5622,0.8242227134890212
5623,0.6457369919592275
5624,0.9903186232746104
5625,0.42832031007427457
5626,0.7817830748328903
5627,0.7657912368275899
5628,0.3881201006273148
5629,0.6024015377236036
5630,0.3485865394760239
5631,0.9687321422000764
5632,0.482322545012709
5633,0.31186413707235755
5634,0.9867970299270481
5635,0.8142310351062243
5636,0.4475580246945038
5637,0.9775017034732706
5638,0.3601500665303788
5639,0.7456276619920601
5640,0.9904953770793528
5641,0.38394592127904315
5642,0.49528772973997015
5643,0.24161903502864632
5644,0.25361298294750134
5645,0.33936648866736857
5646,0.8344368238722264
5647,0.6826498632128232
5648,0.45154832025360564
5649,0.98980455963317
5650,0.7353374213226248
5651,0.6251696162442367
5652,0.28868669922074813
5653,0.9809941160873116
5654,0.34637242868166596
5655,0.6472368525707035
5656,0.551168029695557
5657,0.47703039382474044
5658,0.9857240706604089
5659,0.3850867768538475
5660,0.8401587768775179
5661,0.4132924187439598
5662,0.3987491122023169
5663,0.7673496064730542
5664,0.28112771523859714
5665,0.3090399325643015
5666,0.7277946279822535
5667,0.3484788834142452
5668,0.7346489137831963
5669,0.9903994694026742
5670,0.364214215685562
5671,0.6029481023483252
5672,0.4499932544692747
5673,0.6850595873761639
5674,0.24819685229301253
5675,0.23977460816379498
5676,0.33358685699761187
5677,0.3061583126153572
5678,0.9695480766594895
5679,0.47952563743018
5680,0.764289278935324
5681,0.41251356741640394
5682,0.3714763694135873
5683,0.4733218429571612
5684,0.5999592050174646
5685,0.848775284692929
5686,0.9757673430970129
5687,0.5861439402227
5688,0.2740054018302033
5689,0.3489288747224569
5690,0.40353327435757685
5691,0.3622051563570648
5692,0.3271894643253742
5693,0.3746632347105729
5694,0.424142206241702
5695,0.46697574955937426
5696,0.7238153219696701
5697,0.23034500119944618
5698,0.29489977257172983
5699,0.34498342708622554
5700,0.5293752608478867
5701,0.6937586812574567
5702,0.19878026115731046
5703,0.9964597636493774
5704,0.5821959791704193
5705,0.19151211889929015
5706,0.5949208827890405
5707,0.3527329322409166
5708,0.31119188804733755
5709,0.42206428558843856
5710,0.2216875584891031
5711,0.3263221051696835
5712,0.6559864451654216
5713,0.44955892587177904
5714,0.2824649240825923
5715,0.9088283990358977
5716,0.28634421783013697
5717,0.6615187121255801
5718,0.30114834362992443
5719,0.6703866038479371
5720,0.9758137626104293
5721,0.3513656784173459
5722,0.44884126097832033
5723,0.2852523878177504
5724,0.7785690427285852
5725,0.3142533516143207
5726,0.7764205336683041
5727,0.8564788364499573
5728,0.3228586797789911
5729,0.2960470816347953
5730,0.4700689548078945
5731,0.3488569097528837
5732,0.23912806463388367
5733,0.3251255581216642
5734,0.34200943480929585
5735,0.36277930367549366
5736,0.33514174319790074
5737,0.29610654973701245
5738,0.38592613335988785
5739,0.7840228384145169
5740,0.9449290778599402
5741,0.6719661438889145
5742,0.2977519574484707
5743,0.2278821720511669
5744,0.5659768067644041
5745,0.3484293114318928
5746,0.6658415166031081
5747,0.6763313237127724
5748,0.34978369106727075
5749,0.9843013645026236
5750,0.3234093316739439
5751,0.9885073729779412
5752,0.5371130222960555
5753,0.7114982576966317
5754,0.47457761578536123
5755,0.6722496687400199
5756,0.7598271708436949
5757,0.23608311588726089
5758,0.317370053308925
5759,0.2899856705765122
5760,0.3222582281395907
5761,0.26673296307634003
5762,0.836987870223155
5763,0.39747110248702866
5764,0.22323700983183611
5765,0.6020313695646647
5766,0.26021489830824013
5767,0.7140354900080634
5768,0.9206570494040631
5769,0.5445448537943073
5770,0.1921408977742011
5771,0.743650891843483
5772,0.25113320115818377
5773,0.950706094220902
5774,0.327504479446482
5775,0.549283732838473
5776,0.31506422146750634
5777,0.8191280202482835
5778,0.7959106063491495
5779,0.2656463326184474
5780,0.906601231353428
5781,0.9905873024808269
5782,0.166214550934803
5783,0.42323054293607343
5784,0.3649498603460526
5785,0.4964733665452722
5786,0.9839703509657894
5787,0.5355388038636218
5788,0.8695524832522885
5789,0.36181724613431
5790,0.3694487961955935
5791,0.7084689853679162
5792,0.3254841619714546
5793,0.7977297581228322
5794,0.9849862231548876
5795,0.7347196742619174
5796,0.3365974675257489
5797,0.2956645045600504
5798,0.6741974196797276
5799,0.7300965531647257
5800,0.8999435784814824
5801,0.9861612743773719
5802,0.3839499270252513
5803,0.337913726984509
5804,0.42646929255019006
5805,0.3669528622586962
5806,0.337532125291074
5807,0.4130503384964166
5808,0.31645656661584376
5809,0.7329264036647656
5810,0.3350030218019156
5811,0.8697545613556432
5812,0.4063308976886178
5813,0.9247314428765666
5814,0.321858858239171
5815,0.36188173054558254
5816,0.7017573413779604
5817,0.39424433858141383
5818,0.40909368614234964
5819,0.8422532896802448
5820,0.9009961521970067
5821,0.5735646632656692
5822,0.29017464250600833
5823,0.7885304888717399
5824,0.19445475563255726
5825,0.2961569211744481
5826,0.37919071337266597
5827,0.38278350867468464
5828,0.8220805227635486
5829,0.2198493694179663
5830,0.7738142894869552
5831,0.20847442334123453
5832,0.5169537386384994
5833,0.6804424981898664
5834,0.37984096788930904
5835,0.5350065288506151
5836,0.3091805834428263
5837,0.8926217876429046
5838,0.40960098487028396
5839,0.4023468509345768
5840,0.8508685061255327
5841,0.6045233875425191
5842,0.2596531893222217
5843,0.5166474027249925
5844,0.5250175008584328
5845,0.9770099615962571
5846,0.2443543410595581
5847,0.3131589742632668
5848,0.8176998427525972
5849,0.9847118984065728
5850,0.4049704140932329
5851,0.983360404998885
5852,0.9625032520410314
5853,0.36145572302093704
5854,0.41435094454167404
5855,0.8266451261605263
5856,0.34390594128615537
5857,0.37875260036128566
5858,0.8749561148639066
5859,0.41633382549347403
5860,0.378545997772039
5861,0.23694607087498015
5862,0.411790689777745
5863,0.34406351340333474
5864,0.26417963313130965
5865,0.6751522124824975
5866,0.343932830766001
5867,0.4156970031326652
5868,0.41910277653838707
5869,0.5096372304165097
5870,0.48773578716761634
5871,0.25727394958555116
5872,0.5632903166493852
5873,0.89506431240108
5874,0.34849568533529535
5875,0.33032337816757135
5876,0.37695828508283424
5877,0.3310627154988631
5878,0.2737549038575926
5879,0.7543764619688772
5880,0.23556943626233573
5881,0.4956267582465826
5882,0.5133693063759759
5883,0.21767456326975707
5884,0.8224284292178207
5885,0.25808841073228955
5886,0.7538884387690059
5887,0.8207473130045362
5888,0.8825548179592548
5889,0.33216239931978075
5890,0.31927842338747325
5891,0.49197416323523596
5892,0.6580247196835511
5893,0.1976897455871115
5894,0.47900784539723607
5895,0.43833939403208
5896,0.34389651235644386
5897,0.9904079630004868
5898,0.2425456420633523
5899,0.5425056972547673
5900,0.42768723005147247
5901,0.37973876126164996
5902,0.48892540275565377
5903,0.9441929833042322
5904,0.3264528264993858
5905,0.5384326763473666
5906,0.43762139297978436
5907,0.6827518004539461
5908,0.39415238676242914
5909,0.6361048918325555
5910,0.9803106515095037
5911,0.35076373573855624
5912,0.9880243306719106
5913,0.42836621150608317
5914,0.38534742687849904
5915,0.6331986551753982
5916,0.3994292316959033
5917,0.3195582925781968
5918,0.6526897312058477
5919,0.23307851052780948
5920,0.2986923802339454
5921,0.35998597657775866
5922,0.7981749123378981
5923,0.440631947226978
5924,0.4193386090054276
5925,0.3688247154359994
5926,0.42248818497462653
5927,0.7219543239402562
5928,0.3505867692698094
5929,0.32240926193083563
5930,0.21251097349335868
5931,0.1749181305516023
5932,0.35721554579441667
5933,0.45479989208958793
5934,0.7862099781957343
5935,0.8141933748258057
5936,0.28265389304093375
5937,0.2742248546849949
5938,0.8275968901763574
5939,0.8463787929024806
5940,0.5605719624577521
5941,0.5579350093259485
5942,0.23030617675681062
5943,0.9034045924026773
5944,0.7165724407705201
5945,0.2218022149912914
5946,0.49360428696210346
5947,0.33896299169701044
5948,0.9896506507034064
5949,0.3594402461339479
5950,0.9894205601370151
5951,0.2587443731918338
5952,0.5084171990079328
5953,0.40840397605606665
5954,0.6084850513534183
5955,0.708367222700634
5956,0.9826747649275294
5957,0.991057024994866
5958,0.2796992086988898
5959,0.9796109490564792
5960,0.23138827065100354
5961,0.3581231622029795
5962,0.5256355905688224
5963,0.34912568642637454
5964,0.5339432461640832
5965,0.17319313814252477
5966,0.43834949244385835
5967,0.2779908590356283
5968,0.9878957252017537
5969,0.32551290958063317
5970,0.39982025745522887
5971,0.4266957659723545
5972,0.6447946157587329
5973,0.7177754873726302
5974,0.23108066723286208
5975,0.793181485947078
5976,0.2856424257037494
5977,0.49240393291997675
5978,0.2957019306185796
5979,0.4987519046661573
5980,0.3292725893578277
5981,0.6098675484375476
5982,0.544661981676642
5983,0.2744136479244259
5984,0.2532081977374572
5985,0.8181143815416906
5986,0.7532868401245155
5987,0.3153405964999936
5988,0.395601006483494
5989,0.49083968650189486
5990,0.575919809607428
5991,0.5101360730678447
5992,0.6344943074988818
5993,0.31967676349297625
5994,0.8946104816234353
5995,0.9714888190504033
5996,0.9780008019534827
5997,0.8309012562224034
5998,0.59082373953662
5999,0.26924529569947114
6000,0.2648081356283209
6001,0.37625710765045184
6002,0.4551690599551637
6003,0.16499559633712446
6004,0.242531641232894
6005,0.9915051555184753
6006,0.3446651482126105
6007,0.5319262086134209
6008,0.5526578027310242
6009,0.9899340391847906
6010,0.28752234221846384
6011,0.9053191707293499
6012,0.8349187836006499
6013,0.40282271453429314
6014,0.3106116459330891
6015,0.3796333765286873
6016,0.2989801114104215
6017,0.3409955159370804
6018,0.9810535346713806
6019,0.44550390198593803
6020,0.9900611540401132
6021,0.910798631207863
6022,0.3291970087560938
6023,0.32979404680776636
6024,0.2710330844007438
6025,0.35325029486372195
6026,0.5065936411352325
6027,0.9874031427298986
6028,0.44207139707674603
6029,0.9921685209281288
6030,0.9003635698543218
6031,0.40854494549382936
6032,0.8871949010369105
6033,0.5385883204473161
6034,0.4230030775360831
6035,0.30322049783708943
6036,0.9932751416772982
6037,0.6409456285383375
6038,0.7766913322719818
6039,0.8997532671477997
6040,0.8002182437108047
6041,0.9935735857761742
6042,0.4351993404869733
6043,0.2733608000463621
6044,0.7988740521188826
6045,0.41321132308695296
6046,0.45332975788330737
6047,0.40923203164335137
6048,0.5705606275520386
6049,0.2791512628806325
6050,0.9771713067996506
6051,0.6008961553570719
6052,0.779915412292628
6053,0.9675468009564558
6054,0.3557780360433955
6055,0.7495303764652339
6056,0.43267674303053777
6057,0.2798070882331465
6058,0.7571552755205575
6059,0.9098756614172616
6060,0.26159742993693424
6061,0.620589827501042
6062,0.4554309138330379
6063,0.4485165138836383
6064,0.6656658729600248
6065,0.3467206301906742
6066,0.39715835664285914
6067,0.5294074468290173
6068,0.9772422748721978
6069,0.22295049460323146
6070,0.9659524455729132
6071,0.40162712027926073
6072,0.7848443155379077
6073,0.8225197039442186
6074,0.7153212187708716
6075,0.41734296229468315
6076,0.41990681975432276
6077,0.7280149546217426
6078,0.7584873183856036
6079,0.24820900355785164
6080,0.249818056883749
6081,0.33077783319156495
6082,0.7262471643476363
6083,0.3329167611836066
6084,0.48621145747786826
6085,0.2544344790492222
6086,0.7569697805089133
6087,0.9868482048543147
6088,0.2948293088607228
6089,0.834841009733532
6090,0.21765363786980052
6091,0.28042072613523655
6092,0.731933289615152
6093,0.39907547027093965
6094,0.2069085114907119
6095,0.9917866582802108
6096,0.363165471377011
6097,0.8882840303063897
6098,0.3642634041674902
6099,0.3821123898565021
6100,0.9764824736528793
6101,0.3263456194873785
6102,0.4190743829168928
6103,0.6317754184341459
6104,0.44855415144053185
6105,0.7247232772176204
6106,0.2978927832195191
6107,0.4567160653254424
6108,0.2647793487069253
6109,0.2089316413810546
6110,0.9903894880558042
6111,0.30976729197998876
6112,0.4792062204199322
6113,0.3299877763514185
6114,0.9714727347053685
6115,0.8977239506021911
6116,0.9836277912566923
6117,0.2134489300449293
6118,0.8524374823157351
6119,0.5823834005243252
6120,0.36959649024042635
6121,0.7792681308004252
6122,0.34403077190499054
6123,0.7228065037203357
6124,0.34643950306580945
6125,0.4270390087475324
6126,0.4500482028638748
6127,0.38990365629382334
6128,0.36214696106751215
6129,0.6523688328790564
6130,0.3492509429998145
6131,0.8627519560160436
6132,0.41388004141657864
6133,0.4473966821857854
6134,0.8189064882465603
6135,0.3807202510330556
6136,0.42802662905529165
6137,0.5976910011279482
6138,0.26783606948659816
6139,0.22300459709190418
6140,0.33504703490869486
6141,0.4762549276410467
6142,0.9868587346831182
6143,0.4007914172688301
6144,0.49329674564412573
6145,0.3308468557307925
6146,0.46249831764548843
6147,0.33720494680341767
6148,0.4066066099503633
6149,0.30813044811401125
6150,0.45891090328325723
6151,0.8413345918384458
6152,0.30317515012592894
6153,0.6979841749421453
6154,0.4604511485080338
6155,0.22992509637394767
6156,0.3422454538142635
6157,0.8633399695561855
6158,0.9696225053923353
6159,0.3377856654175402
6160,0.7053231421820774
6161,0.4108207298828464
6162,0.44968132217688195
6163,0.4263042282987251
6164,0.5963699196553991
6165,0.45526671346186176
6166,0.3196278223934211
6167,0.3015814274325985
6168,0.4470930749941471
6169,0.2635053666054621
6170,0.43164731577101934
6171,0.418125405140794
6172,0.6640093846007965
6173,0.46349814675706896
6174,0.898325972568623
6175,0.9080483743581715
6176,0.42601180296619007
6177,0.24019183934669924
6178,0.38057054086584
6179,0.25071114404127215
6180,0.37597533915565934
6181,0.812615397216762
6182,0.991710072490976
6183,0.18341367406858647
6184,0.6856368848417294
6185,0.3417731253894241
6186,0.28073297773544553
6187,0.4539486941096751
6188,0.3426812902365041
6189,0.6086972740512364
6190,0.1855082405177313
6191,0.6613949831883488
6192,0.8016113769991571
6193,0.17065667286157687
6194,0.2642857873472727
6195,0.30790082660217105
6196,0.3774396711715414
6197,0.33568388744227895
6198,0.8237425860315284
6199,0.7068645002241257
6200,0.992833552237136
6201,0.310948734059704
6202,0.9775073583263515
6203,0.9783574066547873
6204,0.32747842014328604
6205,0.5744893697338529
6206,0.5667413375877534
6207,0.9909810564301137
6208,0.7275865221115656
6209,0.8953311651631075
6210,0.6235915373168638
6211,0.3441132259330971
6212,0.42871810332420474
6213,0.3898396802875733
6214,0.39106708308382687
6215,0.38578921950021505
6216,0.34016296543079466
6217,0.3869416082228396
6218,0.3839804986098169
6219,0.5228442686399044
6220,0.25844078121833824
6221,0.4380007759350786
6222,0.3497233586536728
6223,0.7873957461407646
6224,0.16891224844675093
6225,0.7095270740122953
6226,0.813908163283868
6227,0.4234643184442581
6228,0.9807008079722818
6229,0.4205047550848128
6230,0.16634996469442173
6231,0.24355561962745212
6232,0.305083386933561
6233,0.3473347303105717
6234,0.7840463539880631
6235,0.3273058276031318
6236,0.3929182508256129
6237,0.9143308615692027
6238,0.2514108024379209
6239,0.4040882556245322
6240,0.5773386742952274
6241,0.8995720231668702
6242,0.3551913668351992
6243,0.3560966970657945
6244,0.7091728318752379
6245,0.3120873367394256
6246,0.16626683972827144
6247,0.4333762070190121
6248,0.24665208508758846
6249,0.4798810642894561
6250,0.9924070997805357
6251,0.3152854120024179
6252,0.3173550318281616
6253,0.4336614990249107
6254,0.9913109802115879
6255,0.25467526926331746
6256,0.6192876360277393
6257,0.5537780731852292
6258,0.34025311007806014
6259,0.8137716965872707
6260,0.7893985634980982
6261,0.9674887232092875
6262,0.3571953453196597
6263,0.7734815229507429
6264,0.34555444781104994
6265,0.4200521558465949
6266,0.3922737773554107
6267,0.3233251763938836
6268,0.2356768743500005
6269,0.27727236102253794
6270,0.25980337660878283
6271,0.733790720041821
6272,0.520559851784295
6273,0.38673678763458663
6274,0.4333860420418023
6275,0.9622849265401746
6276,0.44291063719768464
6277,0.9809020489943561
6278,0.5278425103352696
6279,0.35376511698709207
6280,0.2545452643558212
6281,0.3360889145486873
6282,0.4569563404002958
6283,0.6378670983283008
6284,0.2593301754061556
6285,0.3068835560544471
6286,0.33819799291745123
6287,0.3221868738957303
6288,0.36715577060389015
6289,0.45644915039375095
6290,0.9854477191034494
6291,0.8358937644849044
6292,0.8464092766924031
6293,0.3743035710630259
6294,0.3538386956289417
6295,0.5425534246339376
6296,0.9838866100252817
6297,0.3347855414370804
6298,0.8034457606286628
6299,0.30708406556261736
6300,0.4639571509267216
6301,0.874875098481084
6302,0.4065615718856309
6303,0.21169936050719504
6304,0.46025961060261755
6305,0.24200517899084623
6306,0.4137167578845646
6307,0.20020164469650914
6308,0.26129048616243217
6309,0.3774119348588685
6310,0.8380179788651105
6311,0.983465921880438
6312,0.6429073398382921
6313,0.8242027025579474
6314,0.25538792169870556
6315,0.3084908099498689
6316,0.8153555597872403
6317,0.8081686183786227
6318,0.6785912407465674
6319,0.2792744217486907
6320,0.26044078334474363
6321,0.33251043484891907
6322,0.2723235020637516
6323,0.3058051398561857
6324,0.356350317840974
6325,0.42386019580187767
6326,0.4186751380165068
6327,0.5377920588555395
6328,0.43129339300837066
6329,0.5021317665183092
6330,0.48569777085602994
6331,0.270024758065802
6332,0.8981439593881229
6333,0.7461102853769703
6334,0.631351235944466
6335,0.9813817538189483
6336,0.22863313818640038
6337,0.4286214952930783
6338,0.3078324808652366
6339,0.45441457306040733
6340,0.7233875454793295
6341,0.17753528127839108
6342,0.2858238279269291
6343,0.42426880240986437
6344,0.9771813100976944
6345,0.9929294164887087
6346,0.3164325655578258
6347,0.4375268486642536
6348,0.41019052098095193
6349,0.8574339752440094
6350,0.3574885473251657
6351,0.6670589302721845
6352,0.9804398794518004
6353,0.6877107177828206
6354,0.7718843034163777
6355,0.5640092944473059
6356,0.44335376648069785
6357,0.4159658045198659
6358,0.5095754158739759
6359,0.46861122393794136
6360,0.5241688958975118
6361,0.39633519042252324
6362,0.8777445873530676
6363,0.2962003245357139
6364,0.3054363634944721
6365,0.44577999555730696
6366,0.44732066144396665
6367,0.3485183362300799
6368,0.2082809566336254
6369,0.2876576486325059
6370,0.22868719126430323
6371,0.8562879117352921
6372,0.3207962645252056
6373,0.24732053725846131
6374,0.32670323467136814
6375,0.7175081908149221
6376,0.29396721605317405
6377,0.4329122471684854
6378,0.8751757031508713
6379,0.9917414279488328
6380,0.3197903858344785
6381,0.481713494978242
6382,0.9746583494340562
6383,0.3326322364038835
6384,0.30696659465693604
6385,0.3264346044832498
6386,0.2572451057582895
6387,0.7340668020715726
6388,0.40937606793153386
6389,0.760496204833254
6390,0.5117466908639379
6391,0.28866243412573017
6392,0.2941498383644367
6393,0.27472896321268425
6394,0.34800044993234813
6395,0.5675263604401724
6396,0.48206865355720224
6397,0.25047617180476056
6398,0.9271135830663008
6399,0.7975607191088926
6400,0.7584452062255898
6401,0.40777851584485425
6402,0.9706769213481103
6403,0.7360361772625819
6404,0.7776938341761227
6405,0.5262988582941579
6406,0.398918136612565
6407,0.21980402932617005
6408,0.27583501833099144
6409,0.8717880003905496
6410,0.36459381943014435
6411,0.24626734237435127
6412,0.27958035259961184
6413,0.49560066987352924
6414,0.36648372623021985
6415,0.9690178935567842
6416,0.9881353141231799
6417,0.30335001780169524
6418,0.3583793494514766
6419,0.29125049215530663
6420,0.48308930109062487
6421,0.31048710374728666
6422,0.424247112737494
6423,0.45081142635722526
6424,0.26778194110884357
6425,0.3154154509861703
6426,0.32284248424833895
6427,0.45755484549924175
6428,0.9817523981020849
6429,0.9784538156177875
6430,0.566001267449416
6431,0.4014708684246839
6432,0.9895145124552627
6433,0.26686278952593023
6434,0.7915189284409814
6435,0.3604779888909895
6436,0.4891708386690662
6437,0.6043143246603182
6438,0.34970650776555645
6439,0.8405237398570706
6440,0.5916439505820219
6441,0.26129113374411017
6442,0.9763754564248045
6443,0.451994733990593
6444,0.8239015016661777
6445,0.7329380613921723
6446,0.3454959310467521
6447,0.2696550234962991
6448,0.7975226834901615
6449,0.8253191160852323
6450,0.20902396405292162
6451,0.2969766234091531
6452,0.9824959689000268
6453,0.3024275233511518
6454,0.4096442461428932
6455,0.3077724343577965
6456,0.344014906219677
6457,0.964452188080253
6458,0.5042363132570451
6459,0.5391411897395899
6460,0.38510619303567234
6461,0.5223012072960648
6462,0.7619531500687918
6463,0.33651925245486913
6464,0.4784743359505077
6465,0.9754061071617486
6466,0.18827555810711086
6467,0.2695601398513336
6468,0.2664514987012009
6469,0.4056996888611293
6470,0.497260290201291
6471,0.8641908930178198
6472,0.3945062587173811
6473,0.23260010202515474
6474,0.42717920101211954
6475,0.25942194348799996
6476,0.980313587519068
6477,0.7019193463422242
6478,0.7407764096004783
6479,0.28843590996505336
6480,0.36019209362579624
6481,0.6290370437877109
6482,0.9876516979489369
6483,0.9734783416747536
6484,0.4380572404384597
6485,0.9234321635179211
6486,0.20292484550917256
6487,0.9767591476435551
6488,0.4680627392037311
6489,0.21370136691815048
6490,0.26295012886752495
6491,0.854802315260146
6492,0.9852559651304594
6493,0.5204764026024284
6494,0.7258561162195157
6495,0.8559814378961661
6496,0.6334399108041424
6497,0.4020579708305648
6498,0.9455048439777151
6499,0.4085960295826812
6500,0.5187813482914622
6501,0.9717376708598388
6502,0.3873614102258984
6503,0.37344545889305547
6504,0.4014603966143927
6505,0.9868259714114673
6506,0.9853725585463442
6507,0.6007186564119043
6508,0.3372081148810632
6509,0.42629030031969817
6510,0.5942839691536969
6511,0.3161548658566387
6512,0.3912206992692231
6513,0.598973876578081
6514,0.5610360549941094
6515,0.2821998182347027
6516,0.9716275014076861
6517,0.7242581161753021
6518,0.4923682655695483
6519,0.2079491961755762
6520,0.3469403280862791
6521,0.523302491755337
6522,0.425408604780793
6523,0.36723300576443285
6524,0.5547705468480134
6525,0.4350476862139002
6526,0.7024008110285217
6527,0.4202522413241505
6528,0.3422666709330453
6529,0.49630714715509655
6530,0.7405051332234829
6531,0.18217686581281256
6532,0.399268152397648
6533,0.6063528390723727
6534,0.34909228419783694
6535,0.4039983590891472
6536,0.30132081083026196
6537,0.832235764092532
6538,0.29027407015954465
6539,0.7269361036328017
6540,0.9488013508317142
6541,0.3352962234367271
6542,0.7268521563454395
6543,0.4414518256644387
6544,0.4255344500652373
6545,0.34279716528497645
6546,0.4013535369283626
6547,0.3009522640268649
6548,0.19847059898201247
6549,0.33926067583477165
6550,0.317239011819491
6551,0.399342174454545
6552,0.7798179223633495
6553,0.6522695382184845
6554,0.32625355645854537
6555,0.7539443914150826
6556,0.3287317349355608
6557,0.9848546053411276
6558,0.5442172366313045
6559,0.4614624057460035
6560,0.21314949977209138
6561,0.3370819413977814
6562,0.9776998148767289
6563,0.38860021959357305
6564,0.31140735433134403
6565,0.3605474862256075
6566,0.2786885028044749
6567,0.9863012275103596
6568,0.30790072445060107
6569,0.976243905807657
6570,0.22288720271148735
6571,0.8662281733085043
6572,0.6958579898290668
6573,0.8552460187806854
6574,0.30226194259393596
6575,0.2753527268645439
6576,0.3159260291201974
6577,0.6507938091494213
6578,0.5890953330051665
6579,0.3377270588024012
6580,0.38234937373066186
6581,0.9674069945723427
6582,0.6572474897858851
6583,0.9144917729261379
6584,0.3003101136937452
6585,0.7381836321954945
6586,0.2973698491932655
6587,0.830470537974882
6588,0.9897339154804408
6589,0.30621793415421705
6590,0.24824943760093038
6591,0.4222264889305921
6592,0.9927332518319689
6593,0.5297647975460995
6594,0.5662803000910686
6595,0.9873407016636857
6596,0.35346275614032896
6597,0.351646222467075
6598,0.3495077590509889
6599,0.9699484809525067
6600,0.9815229889485023
6601,0.274561426261401
6602,0.5267836516388749
6603,0.19982113995691808
6604,0.8262363922303002
6605,0.34294597822223516
6606,0.2954403471402653
6607,0.8018392340982554
6608,0.7262993266099839
6609,0.34550441440979035
6610,0.2980189205427397
6611,0.24182537167905982
6612,0.856336907797914
6613,0.20795081982022634
6614,0.3758596801699775
6615,0.38512275872858703
6616,0.4291925621126951
6617,0.719486047231394
6618,0.18817737632030598
6619,0.9928404378318201
6620,0.28012315409549593
6621,0.3603795202322556
6622,0.7094217642699152
6623,0.9789953059758922
6624,0.8445349320529201
6625,0.49618843849096655
6626,0.717091855173994
6627,0.21381592032723576
6628,0.4018378313480976
6629,0.9043415920735963
6630,0.9933922111963922
6631,0.6491033095060237
6632,0.3990317809581443
6633,0.2918402745282018
6634,0.35834274243385517
6635,0.3188427390531824
6636,0.7596469852426195
6637,0.5243911301735031
6638,0.357475296697996
6639,0.9148863237779356
6640,0.3917101645660635
6641,0.43262401563360997
6642,0.7607613951523853
6643,0.5066063786760603
6644,0.29165416438611375
6645,0.37996569765058147
6646,0.36176015395328776
6647,0.3863855481993057
6648,0.9765795771381138
6649,0.28776069758391026
6650,0.4171074760924366
6651,0.5443519820508129
6652,0.3172121284956536
6653,0.3762840914369834
6654,0.8951362936427979
6655,0.6313721232381901
6656,0.8334747876135833
6657,0.23755875690574768
6658,0.2798577376351383
6659,0.33169937346454453
6660,0.8728538404287767
6661,0.45578932825399177
6662,0.8049236326521171
6663,0.6108617366509247
6664,0.7154213871900938
6665,0.45745928955683773
6666,0.42409104437621425
6667,0.27018602386734347
6668,0.9884668666458113
6669,0.33389834682745323
6670,0.32659528748362743
6671,0.43847847018473746
6672,0.23644291975550039
6673,0.3589894074299865
6674,0.9854040623018907
6675,0.45660287791693066
6676,0.6098849642672881
6677,0.9955592976533739
6678,0.2780577535817128
6679,0.3118720149554371
6680,0.24069626719860615
6681,0.25575183549230784
6682,0.25682468517352475
6683,0.9044620241714397
6684,0.48311078776761823
6685,0.3119929425283029
6686,0.6034783456005559
6687,0.7449882544719941
6688,0.3193531514441329
6689,0.4811551747349692
6690,0.3301487154602221
6691,0.4056141276203647
6692,0.31457447309860126
6693,0.35459839592641945
6694,0.1381799655843911
6695,0.32009950323195424
6696,0.844526839761581
6697,0.9918834841545958
6698,0.21744158089211144
6699,0.3325415527704351
6700,0.9754376218954702
6701,0.2879386789079747
6702,0.5193512426999891
6703,0.3641185621361971
6704,0.41152665289690815
6705,0.9798916442826291
6706,0.7020478906894123
6707,0.2379514758485326
6708,0.4259787676537088
6709,0.9893448272007702
6710,0.3197276324096581
6711,0.5632925928884654
6712,0.33677469695904383
6713,0.31544064217724427
6714,0.2900854145403293
6715,0.2643524448845882
6716,0.6694225588727644
6717,0.28710082130699704
6718,0.3606218475747027
6719,0.5765671762128388
6720,0.8729165334097578
6721,0.9613281286756019
6722,0.2599525952699203
6723,0.7310401863927726
6724,0.4399499857688931
6725,0.2377602876046896
6726,0.8285719040574409
6727,0.7768932453222468
6728,0.5285593226281748
6729,0.3564590149390041
6730,0.9864347301882711
6731,0.3582365281642575
6732,0.4442275447391226
6733,0.23529083305820528
6734,0.24655634362019957
6735,0.2391176710576809
6736,0.22699145435477527
6737,0.32851133230138785
6738,0.9838530948555448
6739,0.7852520656687625
6740,0.39943986788841285
6741,0.31055119076814525
6742,0.3812649381677154
6743,0.2555356525718656
6744,0.3204004185269955
6745,0.4875627334665318
6746,0.7585391030863806
6747,0.7378369210510154
6748,0.40687631220681764
6749,0.5667251528931123
6750,0.5529425083596456
6751,0.3638811313258093
6752,0.305994939489088
6753,0.9860524048950401
6754,0.4325185725931912
6755,0.9836739359787728
6756,0.21460706832837484
6757,0.8120527840092621
6758,0.3464410112706082
6759,0.3969466663737083
6760,0.8086813327406207
6761,0.4163373399134155
6762,0.26029480442951136
6763,0.8790023110126501
6764,0.2567348074779233
6765,0.8083982226966201
6766,0.9923074441535906
6767,0.764198510483757
6768,0.33364415984512885
6769,0.11785174105536324
6770,0.7094794451447051
6771,0.8931489727090831
6772,0.5965407866840038
6773,0.989366907221711
6774,0.32775880243642175
6775,0.44036313825705087
6776,0.2890155046433206
6777,0.1693484593972235
6778,0.44028144024347626
6779,0.9851698264091041
6780,0.7219248132915553
6781,0.23013508356374168
6782,0.38028328325805283
6783,0.9851194935767938
6784,0.9820446593725087
6785,0.3199035042513087
6786,0.3576288631599963
6787,0.9936710756892706
6788,0.4345243719385427
6789,0.43155141992147616
6790,0.6793172602323918
6791,0.6401107131474825
6792,0.311173597047649
6793,0.9729659410189471
6794,0.3871929179609945
6795,0.7017406428344882
6796,0.9805189392266747
6797,0.28351005670305507
6798,0.7654033788742807
6799,0.2574078260221441
6800,0.8705349389962305
6801,0.31383730970961105
6802,0.4745497434676743
6803,0.7985694346427659
6804,0.2589920292725195
6805,0.37169292712619073
6806,0.965396691895297
6807,0.7040422725763055
6808,0.4216675087326856
6809,0.6619414419196318
6810,0.36261751796785757
6811,0.9512561315138072
6812,0.32335610786570773
6813,0.7172610503261895
6814,0.9612479705513083
6815,0.19435701918237
6816,0.6138761789884994
6817,0.5804184056900592
6818,0.6931354055970809
6819,0.881392676754663
6820,0.2436962715829362
6821,0.5493172788492069
6822,0.3477755950223038
6823,0.21213409887037993
6824,0.6730625806898446
6825,0.36589058679450653
6826,0.9439614966818233
6827,0.26284227693910567
6828,0.6735834997499685
6829,0.8662954149874429
6830,0.3093820901963208
6831,0.7486150215450442
6832,0.4054892755225572
6833,0.19583155335393537
6834,0.5040094328433992
6835,0.9798439836648536
6836,0.29571223083626524
6837,0.8140288265905802
6838,0.3644385363192067
6839,0.9715005669987117
6840,0.46975346212499114
6841,0.8801754165641895
6842,0.8088524258212236
6843,0.2676083101084915
6844,0.4293194275446742
6845,0.1560873805190769
6846,0.351170150278604
6847,0.337134305473306
6848,0.3388079224791891
6849,0.40301262045956326
6850,0.3418538282787573
6851,0.2685668791018519
6852,0.60517135183498
6853,0.6799190329840941
6854,0.8055982315211481
6855,0.36337168982801804
6856,0.24539418782034206
6857,0.5528964930477864
6858,0.43986856711404365
6859,0.9813368022557916
6860,0.281334738133526
6861,0.36763271259920827
6862,0.37072153375222405
6863,0.40267177111940994
6864,0.3192075147912131
6865,0.32922996285028516
6866,0.6345329141425632
6867,0.30792979162716033
6868,0.3489091927041846
6869,0.37944837944844717
6870,0.758956519470663
6871,0.38367103758074367
6872,0.5000807790662227
6873,0.2783277028354242
6874,0.4901911519312007
6875,0.3823965194869009
6876,0.3270596429340152
6877,0.4394294248932945
6878,0.8592780825523884
6879,0.38029318376546317
6880,0.3656298666708639
6881,0.9316751373853158
6882,0.15319633549818326
6883,0.3266603517855321
6884,0.7244078457919074
6885,0.6226261561321869
6886,0.3291007858078213
6887,0.33820621658055733
6888,0.17036362483339895
6889,0.9813622910412468
6890,0.3260021158534691
6891,0.9797516487453373
6892,0.35370300769323604
6893,0.3862046419248397
6894,0.711024523749945
6895,0.7556581195716371
6896,0.27355653082366055
6897,0.8854702773831912
6898,0.9892238426529603
6899,0.6919328920166179
6900,0.3303965676895671
6901,0.9484362747707037
6902,0.41838817111203286
6903,0.5066168782790037
6904,0.4571228731152353
6905,0.9886517995314608
6906,0.6531628913956917
6907,0.992443750769672
6908,0.2749047657869873
6909,0.279212068967814
6910,0.5577793017664427
6911,0.504964788979811
6912,0.8240896120900283
6913,0.46069507954960687
6914,0.21364582471184387
6915,0.9939214469783406
6916,0.7741712420371323
6917,0.4412979195459117
6918,0.9879040352403639
6919,0.3337847289405724
6920,0.48172929518188795
6921,0.32346761006380176
6922,0.7473915895096039
6923,0.8066512694401438
6924,0.3072137711366181
6925,0.4112921344349053
6926,0.4303281718648683
6927,0.988531931962503
6928,0.4163831986288334
6929,0.38863198960114664
6930,0.3788093772571792
6931,0.46662959298906964
6932,0.34118944968029363
6933,0.48659528837487365
6934,0.7269680706475203
6935,0.6345775432605665
6936,0.32728218870872394
6937,0.8285424029451298
6938,0.4406600911218066
6939,0.41460616330338274
6940,0.4038255919325226
6941,0.6580950797660219
6942,0.5715167494591153
6943,0.4533827196995265
6944,0.7645870050694917
6945,0.36846316927585376
6946,0.8303380450351326
6947,0.5605479716893933
6948,0.3107605185883456
6949,0.8213525319957165
6950,0.33378148281846215
6951,0.43610559549626027
6952,0.3840530842678923
6953,0.6556766694143008
6954,0.9932417802793899
6955,0.26063210540445364
6956,0.3335244785292895
6957,0.39996677764633787
6958,0.8735056160989088
6959,0.3630143526042667
6960,0.2810256955913358
6961,0.6929122157211062
6962,0.29841088249458836
6963,0.441800852208062
6964,0.29959762832276726
6965,0.38380104764317413
6966,0.6345923629753197
6967,0.4041290480932037
6968,0.7780334275019977
6969,0.9869154833824942
6970,0.9877883344225282
6971,0.515800767488831
6972,0.3951701163515866
6973,0.42835492101372663
6974,0.5255540444915976
6975,0.533263028441296
6976,0.6124790133162783
6977,0.5280884894068238
6978,0.17461120183122422
6979,0.35649533878625095
6980,0.5812198986834618
6981,0.5055558656954633
6982,0.2221171537604621
6983,0.37974276484760766
6984,0.5420432601861459
6985,0.3501094004808834
6986,0.18942413245147627
6987,0.3241453972986521
6988,0.27073706052628466
6989,0.537958393129945
6990,0.4574969950406655
6991,0.18504074797623382
6992,0.8746725531282343
6993,0.5144916152985561
6994,0.9585121683685397
6995,0.510373553733919
6996,0.49765508351342136
6997,0.2602684059025081
6998,0.5780579438579952
6999,0.5855855369623226
7000,0.2622584336132309
7001,0.20560293843786415
7002,0.3068599501208184
7003,0.40702643256097415
7004,0.7718842299066105
7005,0.3689459306857218
7006,0.5167963965286818
7007,0.28136286486438344
7008,0.8617187657509334
7009,0.3866659726357564
7010,0.45761416561213286
7011,0.8472577899809072
7012,0.5825376589150982
7013,0.6922514868301985
7014,0.5643142812601069
7015,0.5652537898042034
7016,0.3971411537169193
7017,0.8278738254175836
7018,0.28447589323870737
7019,0.5519638683440594
7020,0.92575740192722
7021,0.9896917376156837
7022,0.2937354229142421
7023,0.3999307725286146
7024,0.5014916948461936
7025,0.8204295515852897
7026,0.3958037770499142
7027,0.98753557545518
7028,0.5616301645718453
7029,0.4389870607656855
7030,0.3618854983135137
7031,0.975934807018135
7032,0.3648964651213704
7033,0.3476473323831213
7034,0.7733707380374111
7035,0.8287762651108467
7036,0.17711094453399157
7037,0.5369103219739176
7038,0.764285321124272
7039,0.4100322533660814
7040,0.5802297637075726
7041,0.3397907717134056
7042,0.21778704074270305
7043,0.9099444621809274
7044,0.6812796306918029
7045,0.5397697275517327
7046,0.28934551673179915
7047,0.9800383556033033
7048,0.3703564187076147
7049,0.33633427508991776
7050,0.9935921547855561
7051,0.30387791521782304
7052,0.40022825864370654
7053,0.485627013488874
7054,0.27403694996519085
7055,0.6273726176833698
7056,0.3372531029036709
7057,0.8133619387001066
7058,0.4282074921137306
7059,0.3134118517084183
7060,0.9070729415870368
7061,0.3322041701725768
7062,0.306979697315689
7063,0.38962279765087565
7064,0.22513537822370142
7065,0.22034073828802858
7066,0.3257021903493356
7067,0.5615727355269091
7068,0.39490360143820485
7069,0.9852735742611669
7070,0.26350268052712134
7071,0.20138299776563445
7072,0.6771360848084683
7073,0.39361359996997397
7074,0.2588924254092535
7075,0.6519691811796864
7076,0.38188539362825674
7077,0.3454053059379419
7078,0.34410031472353225
7079,0.5187746172695633
7080,0.31472726730520734
7081,0.8926547265008011
7082,0.4511475943756206
7083,0.3425631766709749
7084,0.20395063834067262
7085,0.22052429945598861
7086,0.8174289861277679
7087,0.43799471990924316
7088,0.42982960438680257
7089,0.30229520504160196
7090,0.5837079488184796
7091,0.334113103006761
7092,0.5936033599025621
7093,0.6851530027914652
7094,0.32126038930612283
7095,0.47346431397502037
7096,0.6994058749065563
7097,0.800681375456852
7098,0.6581824416867722
7099,0.40532734186804664
7100,0.27127965049074093
7101,0.40213983876272463
7102,0.33743077491792306
7103,0.2033963359167153
7104,0.8242713265745243
7105,0.7902967177387363
7106,0.362527762768146
7107,0.2732859887824147
7108,0.7360937070468353
7109,0.21023101418006182
7110,0.31264680575381687
7111,0.4602246159289037
7112,0.4445250955999838
7113,0.5798566905299951
7114,0.248801388568073
7115,0.31405448121491547
7116,0.2811594512910811
7117,0.42808401636720655
7118,0.37878662976381633
7119,0.7221542717968267
7120,0.4435658530696795
7121,0.21070486787862647
7122,0.8213746929817664
7123,0.1766698553061239
7124,0.8138075335986277
7125,0.49632489666386137
7126,0.4903131879743371
7127,0.4088648111201127
7128,0.2744468868745259
7129,0.47944366003912914
7130,0.30127406557946834
7131,0.3054655317956499
7132,0.9685518903352938
7133,0.2290164532720222
7134,0.5558130617686027
7135,0.5958811116875999
7136,0.42919607925402903
7137,0.3289782411817012
7138,0.7721695653127107
7139,0.7302909294491872
7140,0.9845290986651077
7141,0.3123733758763506
7142,0.5447342469412016
7143,0.9836709890577693
7144,0.24011972560005934
7145,0.5749188005130632
7146,0.28907562606784665
7147,0.27805904904433654
7148,0.3475728560029284
7149,0.7874703588473108
7150,0.8462227820334934
7151,0.9857275466797272
7152,0.31873695716219125
7153,0.4626412730323497
7154,0.198898216394656
7155,0.3358011475763863
7156,0.36788633811191723
7157,0.28556682263752314
7158,0.9822465407420607
7159,0.4204163964111589
7160,0.7347395183798952
7161,0.4302326493491227
7162,0.5661134812124002
7163,0.2742747915030562
7164,0.6627105821845618
7165,0.4221621097209217
7166,0.9782159710170366
7167,0.2093046902942675
7168,0.6437833736740666
7169,0.35050868257118245
7170,0.23643966561588942
7171,0.8306231092968737
7172,0.5109097310758345
7173,0.1357814935344131
7174,0.1361236847522992
7175,0.31170707427307287
7176,0.9831819001924652
7177,0.9700225209363124
7178,0.39413740266460157
7179,0.3944432064161091
7180,0.9729127745983147
7181,0.9532655457071237
7182,0.3225118855771972
7183,0.17269921765241797
7184,0.45602700680469205
7185,0.3712446119289613
7186,0.6622668857254311
7187,0.7446507982893994
7188,0.982105042254971
7189,0.8072231441540405
7190,0.4380895228321634
7191,0.3842938533122165
7192,0.3615196131278265
7193,0.6725700533303434
7194,0.40220677990418996
7195,0.32227730597617055
7196,0.4297779656203443
7197,0.42618874025058096
7198,0.31552824850616434
7199,0.21354180060442027
7200,0.38829445212616825
7201,0.31444469657843066
7202,0.7295648328143376
7203,0.36996798827394095
7204,0.8755405719454392
7205,0.5384662690202742
7206,0.992721044362111
7207,0.39428531874798745
7208,0.4822417144234327
7209,0.6178397731232744
7210,0.18932875572040403
7211,0.24900163548661677
7212,0.2393644354450726
7213,0.3350532218467068
7214,0.5335319244434952
7215,0.4198826324904699
7216,0.16746660541335434
7217,0.5829517062660263
7218,0.4715503220560652
7219,0.3291395641278046
7220,0.9175132357473299
7221,0.45729907854828644
7222,0.2120144434523557
7223,0.9198562003542212
7224,0.411558343834189
7225,0.8220532966721562
7226,0.483738624717467
7227,0.35827515237543983
7228,0.47239448188908584
7229,0.8492627583570758
7230,0.8516249468171522
7231,0.3145841958005475
7232,0.6966767104499425
7233,0.7950640117780955
7234,0.42871979098037477
7235,0.4056273983123664
7236,0.3446746794740475
7237,0.33615505251323874
7238,0.33263763478396624
7239,0.37708662554562483
7240,0.4319355495807725
7241,0.47786048264421854
7242,0.936884093835073
7243,0.35379271841967164
7244,0.3739403402588308
7245,0.6778919241000803
7246,0.33693342605628823
7247,0.633942832444676
7248,0.3328413556987857
7249,0.7594196925949158
7250,0.2510493759294186
7251,0.3319668310622784
7252,0.3560689647624213
7253,0.33097597208929624
7254,0.21357062314428815
7255,0.676607663349642
7256,0.5458611006617835
7257,0.44851462636145434
7258,0.35315491827541423
7259,0.1700207306107201
7260,0.303029505489888
7261,0.33341056283554904
7262,0.41715787145652616
7263,0.22743410093708083
7264,0.8087076941070959
7265,0.3725534740765697
7266,0.670693534951442
7267,0.5165578938851633
7268,0.9744186839716826
7269,0.34490880109333133
7270,0.31849841329636214
7271,0.8066701179978161
7272,0.9886893424277987
7273,0.3703462807871388
7274,0.39395919432667054
7275,0.399934329511754
7276,0.3192209630357831
7277,0.8101845163164227
7278,0.49616579554991336
7279,0.4346543069686022
7280,0.5978154126055042
7281,0.31135229250358293
7282,0.13397396311598697
7283,0.3610915906363494
7284,0.6085400608685086
7285,0.99015894321069
7286,0.38051377135747155
7287,0.9843629164885386
7288,0.7458295404816101
7289,0.3374644298090909
7290,0.3744112220820142
7291,0.28111868174948745
7292,0.6229451089443452
7293,0.36836096106842997
7294,0.8259904918646351
7295,0.46262263863692965
7296,0.40258249105537613
7297,0.9854385221210421
7298,0.20070519985132337
7299,0.9926312045954414
7300,0.35733389873785204
7301,0.22481176143647671
7302,0.28952138618996504
7303,0.250456754165534
7304,0.9833880832280685
7305,0.9480274230249706
7306,0.3648568868526352
7307,0.23200655779777768
7308,0.40635938854151915
7309,0.3843720855213138
7310,0.34051680241667526
7311,0.4112503331473011
7312,0.7178324604911853
7313,0.2843807114147652
7314,0.401341187891017
7315,0.1944922064854268
7316,0.9157937643969978
7317,0.9854936605826122
7318,0.3764903685154687
7319,0.7109664669077145
7320,0.8766552126853178
7321,0.40858218620592635
7322,0.8537764836280937
7323,0.4243344268672058
7324,0.3033953840457999
7325,0.34000382344297864
7326,0.9941076317807167
7327,0.46905735370124746
7328,0.2355945485621725
7329,0.24598651051629886
7330,0.7243811795383581
7331,0.42966254329976133
7332,0.6410453928102309
7333,0.7258038701490179
7334,0.5231673368266967
7335,0.4343088846867619
7336,0.7366102154027337
7337,0.8372466782783649
7338,0.36423924713818334
7339,0.36746949656622313
7340,0.552251850472571
7341,0.467382143548767
7342,0.38971882018788895
7343,0.21191235349456244
7344,0.30252924483634325
7345,0.20385715994849885
7346,0.38425489407765784
7347,0.2954530151942144
7348,0.37456864992324135
7349,0.34379031147247063
7350,0.8962288444183344
7351,0.331914145429255
7352,0.8795463203033566
7353,0.5934223872415421
7354,0.6360793487966481
7355,0.6622952347088618
7356,0.2248950531988336
7357,0.8330001191026204
7358,0.6506575277224717
7359,0.6151114350612445
7360,0.2938960293639975
7361,0.45957346973140606
7362,0.7837493378722507
7363,0.2864191767862709
7364,0.5813125304474046
7365,0.7242397474650483
7366,0.2732587478838168
7367,0.6694998888227512
7368,0.9611415994198818
7369,0.3702225489755017
7370,0.48803678284795726
7371,0.7473473951396752
7372,0.9804504739744639
7373,0.3151209578684019
7374,0.2626290474879853
7375,0.3041401287179415
7376,0.681188858664579
7377,0.9617405055797231
7378,0.17659883235493004
7379,0.31410862732499045
7380,0.9764971367652526
7381,0.48786442938968577
7382,0.5567721727382614
7383,0.7821723500311552
7384,0.6830908265754658
7385,0.3558010816880281
7386,0.2848918461590795
7387,0.6991075693094884
7388,0.9825699559875892
7389,0.9278835415754527
7390,0.7028802938949272
7391,0.48415219940304915
7392,0.6400434611409296
7393,0.8634782146323927
7394,0.30594573214760473
7395,0.2549083399490323
7396,0.31168600272731994
7397,0.9633749639179889
7398,0.34251815169491745
7399,0.8220002470991178
7400,0.42197147188342016
7401,0.29588331455036865
7402,0.3952835076545801
7403,0.3804042119796818
7404,0.3569222150158993
7405,0.31014726166358314
7406,0.24416812738413685
7407,0.6233154358418791
7408,0.4255566787410675
7409,0.3579661078437556
7410,0.2516715957267751
7411,0.16263782824210204
7412,0.6318854999543627
7413,0.6277520553025984
7414,0.391327510206591
7415,0.23832085677238493
7416,0.3915736441138116
7417,0.6868068706913685
7418,0.350886404124136
7419,0.36502972841697223
7420,0.7992460302801128
7421,0.3163903080083187
7422,0.2782379071357471
7423,0.47761227492365876
7424,0.8663336904751091
7425,0.3894569468452883
7426,0.45765583631314094
7427,0.9894390191396323
7428,0.561733758399744
7429,0.3300967432726691
7430,0.4176035498066636
7431,0.5483695396922241
7432,0.3022075114211479
7433,0.319260409957995
7434,0.45756259409618083
7435,0.36141600222365927
7436,0.9669683244581773
7437,0.9041899061903265
7438,0.32059944734197343
7439,0.3070496048227362
7440,0.572014375467403
7441,0.3272953895197724
7442,0.26514197398465156
7443,0.9845215909193162
7444,0.2730755754153658
7445,0.4036038675813912
7446,0.43888393913397433
7447,0.9848181730341705
7448,0.6542294240392135
7449,0.6421311476553933
7450,0.3566594529317048
7451,0.6006291744993809
7452,0.29797368143958447
7453,0.8166103869610776
7454,0.36904495238914636
7455,0.3044405822999864
7456,0.7113072185841633
7457,0.3156908124736421
7458,0.2577649775178248
7459,0.742198657571429
7460,0.43175947962081923
7461,0.4145483916468835
7462,0.994602348108849
7463,0.4620633437235362
7464,0.6171675086586359
7465,0.445800970555961
7466,0.881831597435609
7467,0.9823506338619448
7468,0.269819692727716
7469,0.5255766000813117
7470,0.9822621930036735
7471,0.25170127077827364
7472,0.7724518709449562
7473,0.9874892726371888
7474,0.97807174051484
7475,0.8824913148109309
7476,0.3690325116888476
7477,0.1571780728120422
7478,0.3672977019764439
7479,0.9489611326493383
7480,0.23811936294773917
7481,0.30683924418436465
7482,0.9825588406898337
7483,0.8760295121688244
7484,0.7820377259172506
7485,0.5228763894991367
7486,0.3418817248829518
7487,0.3823626162474501
7488,0.5501436682825634
7489,0.6367576380356672
7490,0.3721254915541765
7491,0.6918777588054805
7492,0.9631959752538127
7493,0.3811453008507755
7494,0.24189230032700476
7495,0.9909712577046688
7496,0.7221735750214525
7497,0.29400370421638994
7498,0.5573383348412444
7499,0.9019792270335639
7500,0.5390370565146992
7501,0.4319451718766688
7502,0.2658728934456305
7503,0.25127652376836684
7504,0.7565249716243915
7505,0.2626236047379135
7506,0.2593732688088731
7507,0.8359182344147367
7508,0.2771522010320593
7509,0.35545869248470835
7510,0.3601390140419849
7511,0.35161671035066316
7512,0.7898765596986659
7513,0.28620204086805845
7514,0.39093834761427204
7515,0.3972839270854973
7516,0.619922471911486
7517,0.3445939748903454
7518,0.4165135085627944
7519,0.5262018434770449
7520,0.37507606032417795
7521,0.36940094199349727
7522,0.3212300776829646
7523,0.45253530021754296
7524,0.3133323961561809
7525,0.7971878141157627
7526,0.7612620292623429
7527,0.8324276996647912
7528,0.624385740981291
7529,0.9584386364948231
7530,0.3775996461907569
7531,0.5051865031114319
7532,0.7245961852497411
7533,0.3174248210756661
7534,0.7412192961465189
7535,0.6012302772432596
7536,0.8679202821811942
7537,0.7670967363555649
7538,0.38606553698527046
7539,0.8436866184758292
7540,0.6527803936737099
7541,0.3896712592489045
7542,0.7433595632518866
7543,0.6161971241375832
7544,0.754132991176291
7545,0.4236730302478793
7546,0.7951612292441635
7547,0.350187618596711
7548,0.79951773475772
7549,0.9898185104366454
7550,0.6391757506719703
7551,0.2483079657810277
7552,0.4887734796118105
7553,0.4771356456508745
7554,0.7890473763404994
7555,0.7636123184159737
7556,0.759996977975068
7557,0.5933713687226099
7558,0.8287882669356462
7559,0.34775963229712475
7560,0.6574899376315352
7561,0.8044543619341743
7562,0.39266251506279204
7563,0.3960422432018669
7564,0.437160867872533
7565,0.1922752379299702
7566,0.29184658328288826
7567,0.4276416624594756
7568,0.4392302492323049
7569,0.3389751773197266
7570,0.28273463204918287
7571,0.5488367887059791
7572,0.8255253837773453
7573,0.6352075698226274
7574,0.3388326610287996
7575,0.3434369446515926
7576,0.5454571813914346
7577,0.5467126234470056
7578,0.35246393366653794
7579,0.9870303352155776
7580,0.4391163730078507
7581,0.5140150213379641
7582,0.4088610262042014
7583,0.709582168651202
7584,0.7905052721876434
7585,0.9735125499886857
7586,0.760165819821768
7587,0.5828592591315142
7588,0.40403735823697534
7589,0.9916084302465381
7590,0.921350760051824
7591,0.5519255563456171
7592,0.3625819592837587
7593,0.24475559062793315
7594,0.3585793193479767
7595,0.657755814562401
7596,0.28578072896549567
7597,0.3676559541009692
7598,0.4088395265990704
7599,0.23368418081754588
7600,0.378732287062319
7601,0.4808206007412009
7602,0.39160572640485086
7603,0.3259774053120524
7604,0.47829899171856105
7605,0.40320731113041186
7606,0.18861704291173015
7607,0.412872523853103
7608,0.34113281276435076
7609,0.8295104713225376
7610,0.2795571049333334
7611,0.29744512357853325
7612,0.22361417973111167
7613,0.2964813162391606
7614,0.29708114394877283
7615,0.3759171482527321
7616,0.7258870593096997
7617,0.3481618505810135
7618,0.32741739058808006
7619,0.48421099366456744
7620,0.1373617131399834
7621,0.8823921296194833
7622,0.3848556492485249
7623,0.6974787335851542
7624,0.42456488867703224
7625,0.3655934878776943
7626,0.3171332846968663
7627,0.9763022252328519
7628,0.1545892400985901
7629,0.21750901424364416
7630,0.3268681217641492
7631,0.279377611083515
7632,0.32757769870919873
7633,0.322799983927521
7634,0.3444216501716853
7635,0.33578601489383764
7636,0.4074966636055337
7637,0.36321477876626684
7638,0.7887047622798202
7639,0.7176449158907128
7640,0.2504146556117726
7641,0.34614293611218816
7642,0.4158491433766622
7643,0.5619173847659855
7644,0.4377149713542136
7645,0.3115314800233504
7646,0.4408362780894223
7647,0.7627771136532426
7648,0.3490026371649655
7649,0.8053939537798551
7650,0.4410038097660118
7651,0.6612155789939911
7652,0.3483562907557653
7653,0.29675603573871906
7654,0.3103353220536669
7655,0.8672175835485316
7656,0.38452157355990424
7657,0.9918856169201957
7658,0.9858359023463547
7659,0.4248387695100364
7660,0.6874368681404472
7661,0.49119813922819666
7662,0.33684124146262584
7663,0.33647081040258553
7664,0.4353700836979315
7665,0.2681109772312158
7666,0.4905180231976373
7667,0.4863565226960712
7668,0.6814455466578274
7669,0.2579349160574232
7670,0.4270499154436608
7671,0.2968900291056856
7672,0.40664663988482896
7673,0.2568701487992471
7674,0.4524087446729027
7675,0.597914740604955
7676,0.8794522351766673
7677,0.35897979351112774
7678,0.33402445361163524
7679,0.5785051732115083
7680,0.2775993874074603
7681,0.43048489676855783
7682,0.3314505977107203
7683,0.9752781578009733
7684,0.8960820272092335
7685,0.7574420452596408
7686,0.9658382392035224
7687,0.31660605786071805
7688,0.37501253679086133
7689,0.164344103166195
7690,0.7176182373206712
7691,0.5644715254651074
7692,0.6129763900844172
7693,0.44694700979333124
7694,0.9672314344505327
7695,0.7613192346899781
7696,0.9790746189329402
7697,0.8326294403181269
7698,0.6312311173313061
7699,0.7372796000468311
7700,0.21698895379767758
7701,0.3255151705208318
7702,0.9831257141135945
7703,0.34816861144088196
7704,0.31275834824094706
7705,0.2745572812816363
7706,0.8157850406330517
7707,0.459818735933327
7708,0.7675132294942124
7709,0.3832859641603662
7710,0.3267733251442393
7711,0.6854420530316448
7712,0.2822997956963952
7713,0.9882549859946868
7714,0.40534641237203406
7715,0.9804665590169072
7716,0.4951311670955485
7717,0.541653351692778
7718,0.9795122613169073
7719,0.38495442741576846
7720,0.43715298908270794
7721,0.3984161775842891
7722,0.8983900879630301
7723,0.954447994931924
7724,0.5371331318671939
7725,0.8450105896247606
7726,0.8458149842242814
7727,0.7632998082011982
7728,0.454842861832778
7729,0.8936078055321275
7730,0.7254772853185842
7731,0.49409113239714353
7732,0.9760675404372005
7733,0.4065709367154561
7734,0.7942970110257355
7735,0.990033917366255
7736,0.9864965264545169
7737,0.37055784092450506
7738,0.6056866080293337
7739,0.2940329996681419
7740,0.190591786882441
7741,0.6951269092677222
7742,0.26955327643626587
7743,0.9836903078843742
7744,0.47864360282186136
7745,0.8064172105617077
7746,0.9775005668219583
7747,0.8490831223604218
7748,0.3612763506940716
7749,0.9751550456120541
7750,0.595569769666456
7751,0.9812206939784289
7752,0.7403380585406543
7753,0.5861938266582156
7754,0.2344560911465864
7755,0.24436185696262497
7756,0.20600688264034317
7757,0.2860016622819347
7758,0.6091354204536321
7759,0.8747407194441463
7760,0.33495007009933186
7761,0.5649329589215704
7762,0.7378606956096077
7763,0.43445710633263357
7764,0.9709908549272426
7765,0.9847255488292471
7766,0.4695800362361098
7767,0.5545553222492027
7768,0.49581887853808004
7769,0.6623716618840391
7770,0.3771813484040467
7771,0.3205491087078929
7772,0.838487817927278
7773,0.4440295361965094
7774,0.15125840317794936
7775,0.980814251594809
7776,0.34490470868859724
7777,0.7317457949256826
7778,0.3266766588470422
7779,0.33407255941282576
7780,0.7859318037335086
7781,0.2852872895781353
7782,0.17930107339013412
7783,0.976723978911098
7784,0.3676092450735514
7785,0.33623719735506197
7786,0.30192306452035883
7787,0.8032472379492582
7788,0.8797670947966839
7789,0.19350770595863612
7790,0.4931953739213111
7791,0.51769345634214
7792,0.919925401143816
7793,0.38785259387082904
7794,0.34541458395475916
7795,0.9226135450280237
7796,0.514062992922145
7797,0.399302510750428
7798,0.8334341933932223
7799,0.4199779865030454
7800,0.36734085141564876
7801,0.2891387938856049
7802,0.280074378498322
7803,0.4570966067010252
7804,0.40914184093781747
7805,0.2403724800568598
7806,0.3583024143957647
7807,0.2167936370403768
7808,0.27208667928664987
7809,0.2295625875613731
7810,0.4250154438455926
7811,0.3315975482942118
7812,0.8656565219053436
7813,0.23683138518015256
7814,0.3764573650777625
7815,0.18194180348118613
7816,0.7716766898803146
7817,0.3539665410539232
7818,0.3178603163158345
7819,0.32592405071432135
7820,0.8340098470756375
7821,0.8170039762518331
7822,0.7553914933406649
7823,0.8920242165589433
7824,0.4419549208613468
7825,0.989378991280906
7826,0.7355977557042391
7827,0.364461423125368
7828,0.45851041162939804
7829,0.7727886226117382
7830,0.2060809467353511
7831,0.29124884981126736
7832,0.2826271419683597
7833,0.3256614585591121
7834,0.7999643102222712
7835,0.40589062091253664
7836,0.4055060322174303
7837,0.8287570765976326
7838,0.9930649476931901
7839,0.39318625441276794
7840,0.44130354030264846
7841,0.34186879136064163
7842,0.4636270106011604
7843,0.8639839382649963
7844,0.2620908670117111
7845,0.26945667765076753
7846,0.35296411920172666
7847,0.9768437403528579
7848,0.2500444702539144
7849,0.47785837190460917
7850,0.634213844245277
7851,0.3835457271051198
7852,0.557388630433219
7853,0.3733468148551397
7854,0.8055273616455697
7855,0.5606455393566786
7856,0.6807692246912631
7857,0.3902693867314534
7858,0.4391682875426277
7859,0.3414273111183128
7860,0.311490998653585
7861,0.8271780727441914
7862,0.7358915878291931
7863,0.37497162228193726
7864,0.8374515813949682
7865,0.3367511685760187
7866,0.8645024092580226
7867,0.7154904899336341
7868,0.3666060919538442
7869,0.34928807667211365
7870,0.9839809722232149
7871,0.9908300016424392
7872,0.27789430371479307
7873,0.3118106755471456
7874,0.7611868126997174
7875,0.32606431678012454
7876,0.9821307657576345
7877,0.978823125937907
7878,0.3599420829155407
7879,0.41893374655047455
7880,0.32661053592219264
7881,0.47430510580703805
7882,0.19010355258204528
7883,0.7289485119702618
7884,0.7889218758435709
7885,0.7706470911899561
7886,0.3631561170736093
7887,0.35388811126326564
7888,0.7579069066914058
7889,0.37971697271725285
7890,0.7451715504329713
7891,0.3557880380280914
7892,0.4703408245687146
7893,0.9922374077496983
7894,0.9873469165194223
7895,0.7558015552294133
7896,0.34798382218336815
7897,0.16525131731085846
7898,0.847516262431432
7899,0.3255477031824374
7900,0.4005029243541162
7901,0.6105679852701503
7902,0.7065670130659524
7903,0.4350055224884766
7904,0.986205055378297
7905,0.44732932046543544
7906,0.20427191590909216
7907,0.5145670776204455
7908,0.6379885925715663
7909,0.29611519277692155
7910,0.4397156570594504
7911,0.46398320171329094
7912,0.3684814103015035
7913,0.985084705663549
7914,0.28344416828205826
7915,0.6025224720131134
7916,0.4943076103909004
7917,0.25518705629689775
7918,0.3807981192646899
7919,0.9204201088783404
7920,0.40676360698951847
7921,0.34547666932794757
7922,0.46115531398828763
7923,0.2174422939447047
7924,0.4120295667093704
7925,0.29924743581419994
7926,0.6957768115582807
7927,0.45750761713272353
7928,0.9880582724067104
7929,0.8299720489216413
7930,0.27297828042298555
7931,0.318341597034302
7932,0.1650065716570829
7933,0.4557099095084832
7934,0.2576622301987368
7935,0.41056937960999534
7936,0.8217069344779716
7937,0.24077617027351084
7938,0.3390545059445753
7939,0.3271985811415304
7940,0.476595643921226
7941,0.7910734825993568
7942,0.2620154505932185
7943,0.6850694360299305
7944,0.332915719321036
7945,0.2599420640076861
7946,0.6343301015698083
7947,0.7683545333554276
7948,0.4292001130512183
7949,0.8140402611613136
7950,0.3770962337561036
7951,0.1988611790859566
7952,0.3731630302182627
7953,0.3567379359393944
7954,0.46162268054916455
7955,0.9295782905537904
7956,0.6581474495435169
7957,0.3652798574229077
7958,0.23588398622028992
7959,0.42507016678629994
7960,0.27561877972032206
7961,0.6548429243294617
7962,0.4166865752520412
7963,0.3878156954545396
7964,0.8503929239349094
7965,0.2575685747693981
7966,0.23100449222960978
7967,0.4482251462867442
7968,0.4388111606032625
7969,0.3961609010692659
7970,0.8177430956236891
7971,0.4518473892936178
7972,0.9837595342068444
7973,0.30668356918138917
7974,0.36927918140642757
7975,0.22641770517312862
7976,0.9779450008965759
7977,0.2506843072582373
7978,0.717347685699942
7979,0.5267132836034253
7980,0.43378497862160276
7981,0.2826840410643317
7982,0.9860149638203338
7983,0.1676680100083735
7984,0.7823548969171306
7985,0.2504787244070165
7986,0.3667538563872907
7987,0.9695124621633644
7988,0.27391119967888644
7989,0.27997563127224245
7990,0.9844652769001091
7991,0.37973694501792027
7992,0.21425528938605554
7993,0.22875929232901226
7994,0.3794371979358564
7995,0.36173110396420705
7996,0.21961872225493984
7997,0.2848282627577531
7998,0.3615737089430961
7999,0.39535808791387117
8000,0.8730588369031757
8001,0.5132752369468612
8002,0.422195482389163
8003,0.8443482253662817
8004,0.9907211502254649
8005,0.31231610356046213
8006,0.7586328274599664
8007,0.25577368708675796
8008,0.9740427781607677
8009,0.4843778321136303
8010,0.22562101837914647
8011,0.46508049922925926
8012,0.2085595924924007
8013,0.33397335777486675
8014,0.3676283587058817
8015,0.3012529671418648
8016,0.4233555271216446
8017,0.6068784618097331
8018,0.9679761791438546
8019,0.23546895730877576
8020,0.34662565554116176
8021,0.2608517142549764
8022,0.689848367297376
8023,0.5081030192089172
8024,0.282730244622006
8025,0.30900141790550717
8026,0.30062880965425254
8027,0.3304686619232565
8028,0.3317925698842082
8029,0.9879085805287275
8030,0.3072736720998456
8031,0.33144435850081383
8032,0.6890714081169672
8033,0.34507860639033544
8034,0.3700730726569293
8035,0.8914082447857578
8036,0.3350477276461665
8037,0.3496815115662254
8038,0.31634563193294524
8039,0.6546740793215642
8040,0.9857886420350916
8041,0.4545653125209523
8042,0.3678870585100825
8043,0.26433059224511596
8044,0.425069287230791
8045,0.9039052488459463
8046,0.7444369891535529
8047,0.28509668461170456
8048,0.37671523235191395
8049,0.45027372948856476
8050,0.3565153658656052
8051,0.7429080384233524
8052,0.229620727263816
8053,0.31626113647099247
8054,0.30041139534022665
8055,0.732431934140855
8056,0.22114253028245273
8057,0.4465482462110672
8058,0.5988338058908532
8059,0.3003640084892709
8060,0.33503974263783226
8061,0.28558740862278387
8062,0.3238094360568989
8063,0.9168232556946263
8064,0.34781266088778456
8065,0.7130331210289169
8066,0.2589739198258423
8067,0.9826288759485371
8068,0.4008077407871481
8069,0.18157721012829806
8070,0.41864398292761373
8071,0.2707112172371701
8072,0.9792950786859282
8073,0.6583509693918927
8074,0.42293637524546096
8075,0.18998051254472495
8076,0.3485319881530204
8077,0.44142208016846596
8078,0.5523880991380271
8079,0.3053308616985693
8080,0.27314158987087217
8081,0.5625891817305625
8082,0.7362481085926489
8083,0.3557995625344942
8084,0.14441569136920163
8085,0.27140910068312485
8086,0.38338200884618845
8087,0.9090111462315498
8088,0.9538855021239493
8089,0.22159699171477198
8090,0.45252643812453885
8091,0.3027686461476384
8092,0.3361568495996812
8093,0.28711173222316566
8094,0.9743286769912514
8095,0.629571687462824
8096,0.7559574477335111
8097,0.4312966115284129
8098,0.3515273318647811
8099,0.30136505389863494
8100,0.3732512183448846
8101,0.4498664676719579
8102,0.3903990169405684
8103,0.4154786144582242
8104,0.9906729388614369
8105,0.8590252968446147
8106,0.4423591523212198
8107,0.43876771397247744
8108,0.5908267424511431
8109,0.3813205855530624
8110,0.8913870542291688
8111,0.2515849791222854
8112,0.7807376055575066
8113,0.3645537770670891
8114,0.786683841068963
8115,0.394860313000928
8116,0.977782738877429
8117,0.49036420391893926
8118,0.3961470681153576
8119,0.33855545010260146
8120,0.7713562843459377
8121,0.4198862664968715
8122,0.4039790567028175
8123,0.4769350628429323
8124,0.35751293795611744
8125,0.8209620271808259
8126,0.6397055538796302
8127,0.5055972860391729
8128,0.8019980499711064
8129,0.5229007186988668
8130,0.25739063429085607
8131,0.26379121588930193
8132,0.1901887753632827
8133,0.2652448688703746
8134,0.33329274924530583
8135,0.2457464495989803
8136,0.2959956481558408
8137,0.39459141635812384
8138,0.5977533129770299
8139,0.6061151715718186
8140,0.40956198682595163
8141,0.4051607125117396
8142,0.2260573297966204
8143,0.46127960160939085
8144,0.3437591484676634
8145,0.3450916738844638
8146,0.6434047075222359
8147,0.2933807784929931
8148,0.9804628829397466
8149,0.4233272463145438
8150,0.8160721208562978
8151,0.40000886306342953
8152,0.2521940360263646
8153,0.3905449201254897
8154,0.6730788403910409
8155,0.2850261699381692
8156,0.8938741100591979
8157,0.9788154121015197
8158,0.3129852165043121
8159,0.2600890225168668
8160,0.6736550987519241
8161,0.3406258063273546
8162,0.40966201758370574
8163,0.6460940874286303
8164,0.24940023169671355
8165,0.21755700176708076
8166,0.979461120500982
8167,0.28481699278915223
8168,0.8214569405438235
8169,0.6974119919389293
8170,0.2468037727052544
8171,0.3013361945654491
8172,0.3527014905405317
8173,0.1949484794122162
8174,0.3866966599042026
8175,0.300617668500067
8176,0.6716052338549263
8177,0.33545694027313855
8178,0.36441785119715736
8179,0.4464180615747463
8180,0.7248657001141758
8181,0.2611702004322721
8182,0.5422709608445032
8183,0.3125347648664633
8184,0.9509352858822632
8185,0.39004497029244445
8186,0.25721192617533395
8187,0.2526080719758225
8188,0.26335726547210814
8189,0.35710631737092285
8190,0.4614618182595225
8191,0.5009527112351421
8192,0.7806406852479747
8193,0.36129660997958984
8194,0.500011303838241
8195,0.41464983660846655
8196,0.41447865949879925
8197,0.7399375684529901
8198,0.2619054677716145
8199,0.2720983386207563
8200,0.28696039528994
8201,0.38525538647146196
8202,0.8297479765277223
8203,0.15289956135464305
8204,0.3399576845984556
8205,0.4476708932923333
8206,0.9757929543356942
8207,0.268984633266388
8208,0.5999032860364044
8209,0.29154609527185105
8210,0.4546529593744134
8211,0.17408513692439584
8212,0.8801687482150287
8213,0.3203259523481834
8214,0.8134814296362821
8215,0.7692098316610008
8216,0.4301538546629472
8217,0.8547139222304436
8218,0.3908079503377614
8219,0.5992750861490997
8220,0.3271835044531916
8221,0.7513018082775921
8222,0.9793014315511048
8223,0.27454459639865714
8224,0.7965939728578078
8225,0.21977230726299807
8226,0.3257194712872342
8227,0.40346351820205784
8228,0.3076033560755424
8229,0.44691420095485906
8230,0.27648342744589127
8231,0.29482083615320154
8232,0.372285890810242
8233,0.6396808584905607
8234,0.4340379757297542
8235,0.492855996131876
8236,0.3186834314424717
8237,0.2799175817732025
8238,0.9839833463720263
8239,0.6450311259414041
8240,0.4157578612136872
8241,0.9774514038958344
8242,0.5637778461877125
8243,0.4876219138529056
8244,0.8684046583225444
8245,0.28167174488639624
8246,0.6026171342337868
8247,0.30926843028291295
8248,0.40264798391825696
8249,0.436620753754838
8250,0.6950723394391434
8251,0.8773723351923459
8252,0.26320335355679797
8253,0.5277290771849458
8254,0.9851929075079741
8255,0.2681257392448271
8256,0.7638693062077155
8257,0.5286394383954506
8258,0.6307354225930913
8259,0.9807154283143504
8260,0.9234648739093808
8261,0.9898727930723454
8262,0.32754366681465447
8263,0.3881243916307601
8264,0.42253539164451226
8265,0.3491010125380638
8266,0.4292985117495362
8267,0.44195501089046346
8268,0.3957333589982119
8269,0.3738257263950996
8270,0.2654451872888939
8271,0.3370223238410858
8272,0.9906232942637904
8273,0.25519486186426454
8274,0.17548171977842736
8275,0.3374410310735263
8276,0.9930509010287493
8277,0.7819395882361193
8278,0.9575874483238854
8279,0.3630876679748813
8280,0.28525503234013816
8281,0.7630634704956301
8282,0.7576290680721216
8283,0.3026674257505897
8284,0.5894275491839098
8285,0.9801968076860563
8286,0.9893775381529539
8287,0.4600155372200467
8288,0.25775180410008625
8289,0.3317690887967866
8290,0.2855785704591601
8291,0.2501198856846102
8292,0.22944313942617445
8293,0.24218674303052853
8294,0.4188360492064569
8295,0.8637520167883166
8296,0.7030004600180424
8297,0.2598078486215588
8298,0.9837456508659381
8299,0.41856318685944344
8300,0.29495994548099086
8301,0.8041293049345136
8302,0.2580692908576739
8303,0.4401800268359737
8304,0.9333740178338286
8305,0.2963068519245414
8306,0.3293288635875413
8307,0.47946056842316
8308,0.3297339522174145
8309,0.664550266763509
8310,0.3514589273394626
8311,0.4678714634320577
8312,0.18177898402401663
8313,0.2625870772539862
8314,0.2963916449288107
8315,0.46866342989770843
8316,0.9276730843624428
8317,0.3189599630233824
8318,0.2743451728377771
8319,0.22914683108069142
8320,0.3220616843850809
8321,0.4647773964512205
8322,0.4479822536923387
8323,0.2644710849733696
8324,0.4154171867043791
8325,0.7166838176372031
8326,0.277101413211488
8327,0.38632262159211495
8328,0.2995776642240833
8329,0.988722415428741
8330,0.31390570816408736
8331,0.40967320232913834
8332,0.15681341174453822
8333,0.4323024998552054
8334,0.3852051767534939
8335,0.3170329455486819
8336,0.3034023759577513
8337,0.3882902571607453
8338,0.43606480035058004
8339,0.8916811181540218
8340,0.3879175286975296
8341,0.9861620509752576
8342,0.8137086943528209
8343,0.2507445380715633
8344,0.4784844772549857
8345,0.9536296024926285
8346,0.506335969138155
8347,0.2104472496350211
8348,0.9841924704569465
8349,0.9853018517836254
8350,0.7335231789809076
8351,0.3695827435927794
8352,0.4241143750294277
8353,0.38337371512350826
8354,0.3497933973231709
8355,0.41019465665976695
8356,0.9808180711678293
8357,0.849867242058334
8358,0.6951408527643039
8359,0.27620806186318364
8360,0.4145205525969655
8361,0.3547719940950438
8362,0.4446856630325226
8363,0.290490827393964
8364,0.9773024471031669
8365,0.23531704054147157
8366,0.32771450789883455
8367,0.4637990966060544
8368,0.32486280937822376
8369,0.6053968506922996
8370,0.3674766976554153
8371,0.5124377485254255
8372,0.24855448374746647
8373,0.3825965467639778
8374,0.7491179702208958
8375,0.8379509483279153
8376,0.15354827999199183
8377,0.33887347191813555
8378,0.9863893690371066
8379,0.2826092295588662
8380,0.776715627420175
8381,0.32728412852884686
8382,0.7204856783583603
8383,0.41314766703055517
8384,0.3330472663124392
8385,0.3404807335707127
8386,0.7514651027732334
8387,0.2783475995825337
8388,0.3528052755897617
8389,0.9769271934820564
8390,0.3240265657356153
8391,0.9777986359781237
8392,0.8427954823333568
8393,0.3310249478030724
8394,0.2056112326338424
8395,0.24202322187071984
8396,0.3278186767628461
8397,0.2539687975027698
8398,0.34897258964997213
8399,0.3230673883191182
8400,0.38176013150331084
8401,0.7925501971938371
8402,0.32321809578621435
8403,0.3691951468629341
8404,0.27981192021369056
8405,0.41701248013629744
8406,0.2948846522727484
8407,0.8954275061653922
8408,0.31513760053659295
8409,0.29484074597908727
8410,0.2623004746007898
8411,0.2882375210332784
8412,0.24039771758233267
8413,0.7523516230041492
8414,0.3371664264763115
8415,0.8324402268456521
8416,0.221809580002991
8417,0.32254931616186056
8418,0.7866199925945464
8419,0.5590683577753732
8420,0.4290623955533182
8421,0.888332360916946
8422,0.979944386168399
8423,0.360291845355056
8424,0.28221868716460485
8425,0.6588409748183679
8426,0.4355397286098134
8427,0.42656442216922297
8428,0.8662061769524599
8429,0.8074032082901911
8430,0.4042326940075702
8431,0.6875255816715491
8432,0.27093347745082713
8433,0.3107029619037791
8434,0.46687914675434306
8435,0.38568109495331027
8436,0.2629999315490097
8437,0.44805356411416797
8438,0.9877737045414586
8439,0.607884634979671
8440,0.6159441194619525
8441,0.33691524125799455
8442,0.797300535129828
8443,0.36988454648239877
8444,0.8303347456024602
8445,0.9783899889600888
8446,0.3062117639675723
8447,0.39880403486986366
8448,0.34178202890667225
8449,0.3670770041493903
8450,0.4488351512008858
8451,0.5106243976909985
8452,0.20305661112672296
8453,0.9936860251613198
8454,0.2300425193334463
8455,0.30783668783037027
8456,0.47039903647757486
8457,0.31924375387020715
8458,0.4297267950166615
8459,0.7599867092182298
8460,0.5050709580241585
8461,0.5810439060728062
8462,0.3410219101770449
8463,0.3442931178575515
8464,0.5825622382970163
8465,0.28990653083402296
8466,0.5401826756905069
8467,0.30886394146335827
8468,0.8408450015006825
8469,0.4202862040890166
8470,0.9823647348259485
8471,0.3336765056646916
8472,0.30106683874934376
8473,0.3770797624095469
8474,0.450954101274892
8475,0.7773292120912614
8476,0.4597345069234767
8477,0.742333913983595
8478,0.7052999971196897
8479,0.9869590294245397
8480,0.3075912654282031
8481,0.6413618805811545
8482,0.34240600004888094
8483,0.9775848019756451
8484,0.379009507988698
8485,0.3963445083091723
8486,0.2537234879681588
8487,0.9900538200348006
8488,0.9880220621340056
8489,0.7660664511519895
8490,0.36977933793887247
8491,0.909204243451469
8492,0.9754513464424719
8493,0.818913528840582
8494,0.25739404002969457
8495,0.9895240946682361
8496,0.3253848549182079
8497,0.44852569427969763
8498,0.4348840922298588
8499,0.3996134863072352
8500,0.8172919157017658
8501,0.31270274184320485
8502,0.5281904863433735
8503,0.7590454799988671
8504,0.32120387216678253
8505,0.4328205806214388
8506,0.2801356978431935
8507,0.654766453917487
8508,0.4019253522966647
8509,0.8392654341636703
8510,0.28586459141812015
8511,0.7463253019809446
8512,0.3269810931795135
8513,0.8489729529614453
8514,0.5134759025846871
8515,0.5587800377043292
8516,0.3039561406103768
8517,0.39365795753283206
8518,0.3616511066812105
8519,0.4168153105483273
8520,0.3391844819728641
8521,0.43284205071278864
8522,0.6389851833181046
8523,0.7174985400740029
8524,0.9644118261613989
8525,0.8569073327201348
8526,0.3396181025158094
8527,0.16047754227057404
8528,0.2464070705211271
8529,0.45616863214630177
8530,0.27713016097810944
8531,0.38992030318902804
8532,0.7334335621194564
8533,0.7479941728029268
8534,0.994173453621116
8535,0.2331386951947072
8536,0.6583060846547368
8537,0.30210472197101285
8538,0.3866799975920203
8539,0.8297313215918383
8540,0.7995165671678611
8541,0.8114430384119916
8542,0.2771708529344279
8543,0.2775995182086147
8544,0.543642893712558
8545,0.2490796594998673
8546,0.9872383292069443
8547,0.35468366377349597
8548,0.36442329970649734
8549,0.34364238658128526
8550,0.3091882468398736
8551,0.5528570623689663
8552,0.7202001484366605
8553,0.29264167235968536
8554,0.3721921169707507
8555,0.7611359236202699
8556,0.39589293945993526
8557,0.37703434000560726
8558,0.6961065275036284
8559,0.9927522683091424
8560,0.9618582785503457
8561,0.27339787168715063
8562,0.24730753258970822
8563,0.975457872216939
8564,0.9141070595890485
8565,0.8047210713266932
8566,0.7461611247073755
8567,0.4862356821970162
8568,0.6045775782472023
8569,0.752299057896415
8570,0.8309911776543213
8571,0.950846848370981
8572,0.3415061079508028
8573,0.7403443471845332
8574,0.8861520514466739
8575,0.43083505518461146
8576,0.8982814121976415
8577,0.9863533999263255
8578,0.4996882208371217
8579,0.529558985243503
8580,0.22577751994606615
8581,0.6133807929472622
8582,0.5190184991500456
8583,0.8723947414968032
8584,0.32987754256712987
8585,0.8982368422118814
8586,0.8446802531933487
8587,0.35597654393564104
8588,0.7629069400980625
8589,0.3702667916604728
8590,0.16663685484640717
8591,0.43600430558730957
8592,0.5360607442941687
8593,0.7496492649058648
8594,0.34985473563222763
8595,0.3091519016298651
8596,0.783400812943349
8597,0.7747084573571466
8598,0.35899900506563853
8599,0.3156822303727781
8600,0.2577818109118542
8601,0.2781991264011377
8602,0.4183733728442613
8603,0.41579963284932675
8604,0.3970266908934401
8605,0.7776496350927972
8606,0.41209710371747044
8607,0.3501502621138924
8608,0.37701066541666517
8609,0.9157062415732604
8610,0.4024639598746838
8611,0.4695995278411554
8612,0.33596983162200067
8613,0.3211963688410362
8614,0.5626267867573808
8615,0.6423268188917117
8616,0.24405115195061172
8617,0.2722887528840917
8618,0.30198777819043854
8619,0.7229621773182452
8620,0.9686842364790377
8621,0.32188315744813323
8622,0.23123314444277104
8623,0.34206089856365424
8624,0.30175025586440485
8625,0.8847085744317746
8626,0.32873181626247655
8627,0.985927881585781
8628,0.4322844146369049
8629,0.8603893958711049
8630,0.3711759524486351
8631,0.4212946725709492
8632,0.5319231226285863
8633,0.2568308099967124
8634,0.45235928125732827
8635,0.8495255930516187
8636,0.36302701193268
8637,0.4634527438021745
8638,0.49503430817820077
8639,0.268937149557609
8640,0.31625562820012676
8641,0.9819653445046429
8642,0.5618701278969309
8643,0.375386144474625
8644,0.30194629356681746
8645,0.39146486616180987
8646,0.2786100188186106
8647,0.2411215186245938
8648,0.8606271825136922
8649,0.2889101092894162
8650,0.9871038727312151
8651,0.4311794286047193
8652,0.36078034831505246
8653,0.975427793071954
8654,0.3749262932378558
8655,0.38228446760787904
8656,0.42568286862459775
8657,0.269275414813557
8658,0.8016640553148326
8659,0.7334575307415228
8660,0.4179815699368818
8661,0.22782916652128998
8662,0.36483532003450514
8663,0.7320895135767479
8664,0.34646950335640075
8665,0.18621817888902098
8666,0.6958129107164709
8667,0.2349334242742825
8668,0.7185505390457763
8669,0.29863884082247383
8670,0.5075040021413763
8671,0.2607693980845473
8672,0.30060769778921004
8673,0.3303162038878716
8674,0.4166607746585555
8675,0.7037466308749678
8676,0.31890098892823493
8677,0.2412470812380335
8678,0.3722533888749635
8679,0.3897787718849913
8680,0.42148033245762473
8681,0.6412252195829626
8682,0.5318429171336372
8683,0.4732465593758327
8684,0.7944900449421884
8685,0.38336292981356535
8686,0.4252932756456413
8687,0.2747392587020977
8688,0.35107917073399
8689,0.9690992560983434
8690,0.251401407033486
8691,0.5300593599218127
8692,0.29386972168386066
8693,0.2945306431013652
8694,0.18257540416770632
8695,0.9757266898218986
8696,0.983670002637479
8697,0.9763290697869794
8698,0.3519012351781903
8699,0.2955777446364378
8700,0.6821593042031926
8701,0.3025757427036174
8702,0.31324632036229316
8703,0.33189533438716523
8704,0.6697219104148798
8705,0.30777125654161785
8706,0.6269223197409496
8707,0.2755779600807565
8708,0.9743494450635619
8709,0.9881952065902255
8710,0.5816541728525344
8711,0.29554882525260173
8712,0.6975270281694116
8713,0.9012023075577396
8714,0.23414619840040723
8715,0.4193681999843448
8716,0.769000226919541
8717,0.8472432920654087
8718,0.6276485468882087
8719,0.534261181552268
8720,0.3054396129575977
8721,0.9678000438788904
8722,0.3567314881273127
8723,0.8670564740267085
8724,0.2260568367503202
8725,0.9654703985790348
8726,0.9172296589977362
8727,0.6519975003252324
8728,0.3871424630989543
8729,0.38911681831831246
8730,0.8612471504816515
8731,0.7260386157914408
8732,0.8272247895570644
8733,0.9954456613731388
8734,0.25230770706001704
8735,0.6059634213118945
8736,0.20477979050788933
8737,0.9915207481251301
8738,0.3730796060452838
8739,0.3495815655003885
8740,0.9897660690668251
8741,0.9924179670878764
8742,0.28796464895443685
8743,0.5369797295241724
8744,0.6436037322152437
8745,0.48652847021067847
8746,0.27296275470746584
8747,0.40120497678462363
8748,0.43891392185657685
8749,0.4157420565025611
8750,0.3379929543960573
8751,0.9746875653874385
8752,0.6559453492552174
8753,0.39515721716909447
8754,0.3424747975534186
8755,0.9920071084489275
8756,0.2957070422156658
8757,0.46347275990304976
8758,0.39204030038405074
8759,0.8154177617305378
8760,0.3009144948427837
8761,0.4922044444634213
8762,0.3800614954475475
8763,0.2695614194261952
8764,0.7282742839332779
8765,0.6544031708301377
8766,0.3878807998522055
8767,0.986679271543313
8768,0.4420134139589988
8769,0.40823499499000826
8770,0.3054153901548568
8771,0.6336359257866884
8772,0.38583479913619967
8773,0.49040834829628605
8774,0.41260640066846277
8775,0.43125521793407096
8776,0.7493560058508633
8777,0.9741944926690157
8778,0.49041155129392205
8779,0.1840102914328202
8780,0.42826742165170373
8781,0.5751120460093744
8782,0.41227359647089323
8783,0.24969201912340602
8784,0.4170108736541396
8785,0.5687042230547052
8786,0.22989978041731768
8787,0.9917231300752859
8788,0.4642698491250382
8789,0.2384466798688613
8790,0.784515587123408
8791,0.38815583525764463
8792,0.47861980225714673
8793,0.2633284656833593
8794,0.5515460102053144
8795,0.3304192403928003
8796,0.3631646472048699
8797,0.7049722022275897
8798,0.5365401261033736
8799,0.21600581404358832
8800,0.8077950157199318
8801,0.3272063620099808
8802,0.21447870855606238
8803,0.4768465809016728
8804,0.4005556426862643
8805,0.22022538985876938
8806,0.3386539578171328
8807,0.7450779339661447
8808,0.3106572799069205
8809,0.9859139044846287
8810,0.3075741103674435
8811,0.3064183089456561
8812,0.5823319307675546
8813,0.3673203557141803
8814,0.38791701043471793
8815,0.819959293629666
8816,0.5009844570988558
8817,0.4657732377077912
8818,0.42954084006249804
8819,0.4215304050864402
8820,0.31709809613520323
8821,0.35234696529010867
8822,0.37319133218520895
8823,0.32684959194238616
8824,0.8041132977887052
8825,0.9738098392426876
8826,0.5636022485550951
8827,0.679427495414436
8828,0.9756426883170733
8829,0.40040799858119375
8830,0.36058989764856236
8831,0.4152366204631201
8832,0.791963143395679
8833,0.5132416718451804
8834,0.3110465079487663
8835,0.42190025366649464
8836,0.3875535368022196
8837,0.38779462294078015
8838,0.8578644356460721
8839,0.3069941115780106
8840,0.9926221830581083
8841,0.5897229819264515
8842,0.9898743181206574
8843,0.48007400255403543
8844,0.7275687781623854
8845,0.32609172434234124
8846,0.988135033437206
8847,0.3283715439544542
8848,0.4617383123832889
8849,0.1509558529698954
8850,0.45317057098602914
8851,0.9808363713389773
8852,0.8448041187463596
8853,0.4177985518900743
8854,0.3068717897646201
8855,0.17693631842410967
8856,0.6668967626525348
8857,0.16879930820040928
8858,0.35732361197650725
8859,0.7351867028604322
8860,0.9882328200252598
8861,0.5028761761524493
8862,0.15291794621119967
8863,0.6714909904933908
8864,0.6701698418303629
8865,0.23885701556947436
8866,0.6497269927918865
8867,0.4052750956473743
8868,0.4926429022989376
8869,0.4149060116575374
8870,0.40628158814036275
8871,0.8853319545943823
8872,0.20862832719682362
8873,0.9223183327428603
8874,0.36920719551915215
8875,0.5792621073531914
8876,0.3501735620843504
8877,0.33565772809191474
8878,0.7517629812247691
8879,0.3200407818932509
8880,0.8787067129197804
8881,0.3766976169569177
8882,0.3092966280353567
8883,0.36966861343557955
8884,0.5346809906362837
8885,0.6486253139163318
8886,0.26286658017037284
8887,0.29531434958854386
8888,0.3601989039391268
8889,0.6895756965110124
8890,0.156691414992649
8891,0.2815599248088304
8892,0.7244030769924102
8893,0.44346797912266384
8894,0.9839702348719145
8895,0.2675456322726585
8896,0.5436406515702303
8897,0.21728219918489833
8898,0.7662477558233287
8899,0.5157636193351519
8900,0.17959925855635683
8901,0.37767589877531316
8902,0.23318115979125306
8903,0.9915534037475224
8904,0.32668447368452225
8905,0.5331770765564706
8906,0.9751588197972066
8907,0.961627634470872
8908,0.7392735932304542
8909,0.2956819300634851
8910,0.7107542257670021
8911,0.21026511084228292
8912,0.9894965343089354
8913,0.21829758859880805
8914,0.4268380256935846
8915,0.3711091833239643
8916,0.22020971821181726
8917,0.8472218129858169
8918,0.9671046734061858
8919,0.6198505029510988
8920,0.9808749693329779
8921,0.742303881533637
8922,0.3090463796431048
8923,0.3320466705420325
8924,0.32069347695244876
8925,0.6006096729286559
8926,0.27174498418722604
8927,0.35931413753043634
8928,0.5509619917195381
8929,0.7453817664281773
8930,0.5466535690524732
8931,0.34007560393137143
8932,0.41177913769360647
8933,0.5465112419339401
8934,0.308176920531529
8935,0.990372857055463
8936,0.41202600798956857
8937,0.399973527726916
8938,0.9768796162928058
8939,0.4743100428939026
8940,0.429047568295292
8941,0.5254918040896268
8942,0.3992116406468217
8943,0.7260782315585953
8944,0.3521354299383015
8945,0.4845904300325006
8946,0.863211572764544
8947,0.2142684560747874
8948,0.7407524705860387
8949,0.4199376573543918
8950,0.5651031521772101
8951,0.7620360293728508
8952,0.32878438573335317
8953,0.40089113388295167
8954,0.5464783294799715
8955,0.6976595154397439
8956,0.3803876180955914
8957,0.2963475070307507
8958,0.7552540128498555
8959,0.243666370369833
8960,0.9850530418824481
8961,0.22727469530784192
8962,0.43105253794652726
8963,0.6626781556185564
8964,0.38620869631986093
8965,0.6844065119522819
8966,0.337790591504681
8967,0.8210188197906105
8968,0.6132788843414642
8969,0.3520824405286421
8970,0.9671677262001408
8971,0.2788593784307531
8972,0.872572283570569
8973,0.6074968530757303
8974,0.9831898127760448
8975,0.3956765046003443
8976,0.933246999212442
8977,0.3863182881210201
8978,0.8176761139628709
8979,0.4540563658047224
8980,0.3665711962130088
8981,0.775089070310407
8982,0.45603640443845245
8983,0.7504785051199799
8984,0.2978942072085481
8985,0.416527365055008
8986,0.2781599567368625
8987,0.2365350054012594
8988,0.7642080903554122
8989,0.7139210940345433
8990,0.9090501334086643
8991,0.4958230028844877
8992,0.7678372956918431
8993,0.31501258088792783
8994,0.4510173249006355
8995,0.40819362997782105
8996,0.786083920674687
8997,0.2346760521400027
8998,0.9855002709327263
8999,0.7803910787343058
9000,0.9809899005939842
9001,0.4313577243248948
9002,0.41906788589817434
9003,0.3670496577581335
9004,0.2551008457778344
9005,0.37871161600778214
9006,0.3551846637804023
9007,0.31958335906527824
9008,0.9920485588045889
9009,0.3395847976776235
9010,0.3808150667954825
9011,0.24401550098300137
9012,0.24751928118730332
9013,0.8356522418393442
9014,0.6204885772793322
9015,0.8486969437905714
9016,0.5966206845201121
9017,0.29321001888451254
9018,0.9836020000470275
9019,0.6406439065154919
9020,0.5095229031347928
9021,0.9825910674232345
9022,0.24212194424136535
9023,0.4858887659748827
9024,0.35465699214764085
9025,0.8281884432225544
9026,0.9931718585166481
9027,0.4161320408581921
9028,0.6482552474371028
9029,0.5464077498077935
9030,0.30202671524491487
9031,0.40960100067140387
9032,0.5497162401378844
9033,0.8948045349411374
9034,0.9876473568132991
9035,0.33918246302721744
9036,0.44414083309446656
9037,0.5070558886776935
9038,0.42049957282541556
9039,0.7453256691896933
9040,0.9764262942973332
9041,0.8587677251461128
9042,0.3252074933063331
9043,0.6876514127622331
9044,0.8313753283659417
9045,0.41040535580286186
9046,0.9856865275226414
9047,0.37127791688610695
9048,0.8522129898689883
9049,0.5336098731150477
9050,0.3896162379919089
9051,0.4785546816072118
9052,0.9913996192213994
9053,0.6816519983096399
9054,0.7300923914465876
9055,0.4981804815520887
9056,0.32589807623847333
9057,0.7149542059405388
9058,0.5075140405272495
9059,0.3594625258021955
9060,0.5257597833502998
9061,0.3586793669915912
9062,0.5704248326482768
9063,0.37134617555948624
9064,0.2195074714228553
9065,0.4032062674920267
9066,0.8974292698299391
9067,0.37533502323247925
9068,0.8098955316109301
9069,0.734118230703806
9070,0.5167520310487563
9071,0.7238858617796605
9072,0.19002937552649915
9073,0.34418697398108133
9074,0.30006382083481214
9075,0.3081604220065467
9076,0.19425088369397692
9077,0.8005724160394622
9078,0.3531831127573109
9079,0.38934826556798224
9080,0.36527535257959853
9081,0.7673387807250881
9082,0.9613172800246821
9083,0.9906544520520482
9084,0.453526346717527
9085,0.27493814059639343
9086,0.4783551261058414
9087,0.30680944633422264
9088,0.9879348872004319
9089,0.6648955007146286
9090,0.3359144342792376
9091,0.6820161635234667
9092,0.7824809697666486
9093,0.6926172685482734
9094,0.3092658339896414
9095,0.33897443242506864
9096,0.2358568649206803
9097,0.8316142842927468
9098,0.5862946972804317
9099,0.38360567557333436
9100,0.6595800961076679
9101,0.6219249958005224
9102,0.6385409464519167
9103,0.36968716006539276
9104,0.3710895238047995
9105,0.8262995013474456
9106,0.4429055529131276
9107,0.30240358727778
9108,0.6249663121158227
9109,0.9127944804481919
9110,0.3454311524924129
9111,0.3205782582288352
9112,0.7565975983466926
9113,0.4734062778342694
9114,0.9838968526913606
9115,0.9939568297890691
9116,0.2462152114216198
9117,0.8579787941146142
9118,0.8486906096326916
9119,0.3746272631489366
9120,0.541375260670305
9121,0.5146852495535106
9122,0.3787062988126437
9123,0.2792712194594851
9124,0.19522625821128226
9125,0.32854274363683067
9126,0.3792336739803476
9127,0.46808239132077123
9128,0.7374930742207362
9129,0.9894284064581802
9130,0.37280241455363455
9131,0.3108045568061615
9132,0.6947198105373059
9133,0.7369855616715666
9134,0.16350595645064206
9135,0.7159039383497999
9136,0.5522929570364284
9137,0.6133168709020572
9138,0.40239766000274035
9139,0.6641909738889081
9140,0.6827956420262407
9141,0.5681070699926374
9142,0.4790945065991712
9143,0.3261281036558738
9144,0.25479307450075694
9145,0.5421994276528691
9146,0.8195681628896858
9147,0.2993218096615032
9148,0.3261364792558359
9149,0.5619469253348545
9150,0.480419228221657
9151,0.373552319372215
9152,0.2640304140251878
9153,0.27729168606969656
9154,0.2166570484954068
9155,0.25496977860592046
9156,0.2737889146344358
9157,0.594339314107638
9158,0.9881537223226863
9159,0.4330589212779147
9160,0.38698072919012183
9161,0.35026967705010564
9162,0.5551657612114406
9163,0.3861318183904551
9164,0.36398010559295135
9165,0.215995064372263
9166,0.4113038052865081
9167,0.385958320193837
9168,0.2850203910573682
9169,0.3237187339224212
9170,0.3815280897333248
9171,0.4178794262075517
9172,0.2237739986975306
9173,0.7947803150916306
9174,0.44382549201578836
9175,0.3304456803291196
9176,0.31046286312966287
9177,0.5731444679714639
9178,0.3109744395162076
9179,0.38732313975031885
9180,0.4762959500346415
9181,0.876930741272099
9182,0.5229049161486394
9183,0.40471151022073404
9184,0.3888582939900507
9185,0.31457566513234303
9186,0.2874037755930864
9187,0.9264683075823742
9188,0.38803335847718295
9189,0.17542075155017173
9190,0.4535800273616182
9191,0.4653222606852508
9192,0.2907637519059863
9193,0.46242931090439515
9194,0.425924392002903
9195,0.24100484088043106
9196,0.21286735486714542
9197,0.2660915120019999
9198,0.2892535033467424
9199,0.46022468700562663
9200,0.36441841743690323
9201,0.3725217758416974
9202,0.6054401978788535
9203,0.32174358228997385
9204,0.3095645309742323
9205,0.2468398119949468
9206,0.44655126477921825
9207,0.7695917521208248
9208,0.43066554427033493
9209,0.8034508502839001
9210,0.6114728809254647
9211,0.7144494995290565
9212,0.8282870796563198
9213,0.3386833947563657
9214,0.5434899294712172
9215,0.6497425508144038
9216,0.9874493434916114
9217,0.6561865183162698
9218,0.17444259866382492
9219,0.5313283480985832
9220,0.309015148476362
9221,0.7775157369656424
9222,0.2943495123710333
9223,0.16716311412297602
9224,0.28835069791476364
9225,0.315954918498457
9226,0.4667840199693617
9227,0.859080618396152
9228,0.8124646007180403
9229,0.41945999132770906
9230,0.3268596586165989
9231,0.26203256197470326
9232,0.9929046709909676
9233,0.37596163744552646
9234,0.2744688985051045
9235,0.23297089870557638
9236,0.4118417058970725
9237,0.2216018068079047
9238,0.8695728968724341
9239,0.29250265003789533
9240,0.5957780881230089
9241,0.26889113999781955
9242,0.478573348932649
9243,0.38894407503301487
9244,0.38891326280137295
9245,0.5381050769747762
9246,0.7462874298332418
9247,0.985979268266984
9248,0.30578714552136627
9249,0.40604913359488287
9250,0.9649136122639351
9251,0.3252118162742994
9252,0.9750752452694079
9253,0.9055099820743209
9254,0.9882239814814928
9255,0.13180632213130275
9256,0.31095006413844856
9257,0.3440292878579385
9258,0.36028716502139524
9259,0.685344864508859
9260,0.6901208414343433
9261,0.8726401257212084
9262,0.43519732040820325
9263,0.3327340178533916
9264,0.7624110836941563
9265,0.45676215154050237
9266,0.3645519767716609
9267,0.2807484008626047
9268,0.5774938750244769
9269,0.2269936823060472
9270,0.4263644322272707
9271,0.3695119528782328
9272,0.9087331146132571
9273,0.55093865522276
9274,0.8800875892064044
9275,0.392073223918628
9276,0.32311985744709987
9277,0.4296248150950934
9278,0.24744568284913238
9279,0.18680073175601655
9280,0.9843915282548195
9281,0.2850677975292063
9282,0.7832622385976785
9283,0.979706205197453
9284,0.7795030530026036
9285,0.6264205610190525
9286,0.3545443354070507
9287,0.9710249387023563
9288,0.5395780132122326
9289,0.24804396102547302
9290,0.47400914662246385
9291,0.3109985738048473
9292,0.4416627061543518
9293,0.37655335105970195
9294,0.6858476270348799
9295,0.9878299445821003
9296,0.3163201875079746
9297,0.9870676030634645
9298,0.6628178809858191
9299,0.8382253727633115
9300,0.13663396871715558
9301,0.4078960701700016
9302,0.4268317666306287
9303,0.260384637359127
9304,0.6307214502966605
9305,0.26657549338116804
9306,0.3451963647504877
9307,0.352119356970622
9308,0.6079350692233157
9309,0.4219431798370142
9310,0.3052653190027632
9311,0.3880740733570953
9312,0.3158797486432109
9313,0.41288263789510216
9314,0.3842761650655767
9315,0.4607729763706989
9316,0.542911242718412
9317,0.36636291805173316
9318,0.892403029963214
9319,0.277367855202801
9320,0.3487099717782509
9321,0.42384490859870494
9322,0.39530057669930185
9323,0.9943013726258246
9324,0.41983297779161777
9325,0.9890830497443931
9326,0.25398102108005627
9327,0.3037411897270659
9328,0.4833051445000957
9329,0.4484191583439808
9330,0.7899693690862868
9331,0.7629252416351637
9332,0.648697597357292
9333,0.342794657895083
9334,0.6372727873329169
9335,0.25409401651537356
9336,0.349600374903391
9337,0.32440418211683797
9338,0.5782272334664363
9339,0.3996686408932314
9340,0.4070279011099487
9341,0.9018361889446238
9342,0.8295233426851386
9343,0.22863003623068334
9344,0.8265958122150048
9345,0.20414512103695384
9346,0.3846361485148638
9347,0.3478193701662007
9348,0.628575484505282
9349,0.42510923924585137
9350,0.9908081028060658
9351,0.4010959168053703
9352,0.30981063501450806
9353,0.8221506634271107
9354,0.7064578037821688
9355,0.21653269062137495
9356,0.43015081548954115
9357,0.5704372714383111
9358,0.3236839171198675
9359,0.9753212596734546
9360,0.3378625470894109
9361,0.2342239028281903
9362,0.48231109446350817
9363,0.5866579439131874
9364,0.30700030270936873
9365,0.9872295562868506
9366,0.4696353685517731
9367,0.5162849475410862
9368,0.9801213729275201
9369,0.25224729788626093
9370,0.9898827806856522
9371,0.40804372594909166
9372,0.7693544742449402
9373,0.2099135944672743
9374,0.4886579739584094
9375,0.20254084009078285
9376,0.2665323687910376
9377,0.5069799250624072
9378,0.37937924439978743
9379,0.3410774187767586
9380,0.815060178499088
9381,0.9706697438068131
9382,0.3554514308938442
9383,0.37162121106733814
9384,0.17396997728859176
9385,0.3769328323265687
9386,0.9898158512755346
9387,0.19845863485004442
9388,0.5043912625035205
9389,0.32835778569863483
9390,0.4125316938704118
9391,0.4967318496039307
9392,0.28166493041611373
9393,0.409749815016993
9394,0.5621752238949774
9395,0.9120223347605884
9396,0.8764648178165566
9397,0.8646730936128915
9398,0.4175340478148123
9399,0.9887349972760134
9400,0.35913386375726736
9401,0.2876161869899031
9402,0.4058701466152137
9403,0.3829533784675167
9404,0.9844486046492658
9405,0.8266668547926372
9406,0.8392281178046815
9407,0.42377328949768683
9408,0.2675781910105074
9409,0.28107715588259596
9410,0.33255779479159686
9411,0.5759050850403485
9412,0.26022310936290305
9413,0.4774403607824093
9414,0.96563073434766
9415,0.9854093232976866
9416,0.2498432817559576
9417,0.57958446109774
9418,0.2371273760500957
9419,0.49150512992060746
9420,0.25600533456715346
9421,0.24617022230778146
9422,0.7708154890873284
9423,0.5553407681173361
9424,0.4260844933171977
9425,0.44876783242986057
9426,0.7628236497267793
9427,0.3883709684387812
9428,0.8140461468534067
9429,0.345196978629341
9430,0.22372124995769305
9431,0.5426795835063672
9432,0.29037068298598157
9433,0.3812924992535145
9434,0.4400324367629863
9435,0.4263671251811325
9436,0.9916744728919303
9437,0.19307053185867284
9438,0.6983770675724004
9439,0.8744721706850892
9440,0.8158269005117338
9441,0.9916575778876859
9442,0.9182537475031662
9443,0.4009028647896964
9444,0.6321179174317928
9445,0.9914273564602896
9446,0.5299381059536359
9447,0.2680117669236027
9448,0.41147888709863545
9449,0.7260975423292628
9450,0.62766671304175
9451,0.591909644671292
9452,0.8191341180825646
9453,0.3714795658462382
9454,0.3522980095331321
9455,0.3871715624964911
9456,0.21548398843574618
9457,0.2717263222032908
9458,0.7413211290473949
9459,0.3899945446504125
9460,0.8133133500371601
9461,0.4836652711999909
9462,0.9943329625569262
9463,0.5778088267067425
9464,0.9382259979677091
9465,0.2526608098119353
9466,0.3631760038387052
9467,0.23657430292712456
9468,0.33941874674867206
9469,0.4611823023786398
9470,0.5348488200381767
9471,0.27585988605197276
9472,0.2553213448372019
9473,0.9930958472609684
9474,0.9850214413841469
9475,0.6308788366493198
9476,0.29052470628362526
9477,0.2161721629636879
9478,0.46959463570100796
9479,0.45792903535327867
9480,0.9719450629491184
9481,0.2469389532502396
9482,0.44050821746176744
9483,0.34454195339778015
9484,0.6729102029698298
9485,0.965523162339678
9486,0.5192317895100079
9487,0.8321574784357032
9488,0.3201601591172809
9489,0.41361180696202154
9490,0.2792845448127895
9491,0.8402398712540036
9492,0.2616475958228651
9493,0.6446721600500946
9494,0.3896852886425972
9495,0.9715803774047128
9496,0.5505845139733617
9497,0.8635396612575043
9498,0.7290293704008866
9499,0.315325853091311
9500,0.18942212833679373
9501,0.4537227841361952
9502,0.3251291181620227
9503,0.38785645983675376
9504,0.34090863890619355
9505,0.31153050233002844
9506,0.7069028892422315
9507,0.991580098086373
9508,0.3070793574044391
9509,0.3335205624845487
9510,0.5410584010097222
9511,0.4612739292847807
9512,0.3154735014521072
9513,0.9835784452021163
9514,0.534283762302881
9515,0.9795444254966057
9516,0.16478846360237892
9517,0.7752840697932575
9518,0.9912896291808226
9519,0.855183989257928
9520,0.4463589554032912
9521,0.37386873114609254
9522,0.36188308265708924
9523,0.37319179120757257
9524,0.32202881176266607
9525,0.8031911083309576
9526,0.27204741805809257
9527,0.32002582748116437
9528,0.8511242169456908
9529,0.3703819234820241
9530,0.2388085322768349
9531,0.5555362317524016
9532,0.3436128269723528
9533,0.4966296137647121
9534,0.27104970476255674
9535,0.6989495088908
9536,0.5552493614420806
9537,0.44902812009833415
9538,0.18404119921332185
9539,0.5748624683446871
9540,0.35403034650177134
9541,0.4186093042099619
9542,0.32838638403051756
9543,0.33244578025074967
9544,0.986281551778737
9545,0.3695417341960438
9546,0.2866911341553083
9547,0.576357298115374
9548,0.8221591432656601
9549,0.44866239122248464
9550,0.7940141270269744
9551,0.5739406554568253
9552,0.8290725680458138
9553,0.4948144488933967
9554,0.30756806626556304
9555,0.979224830430394
9556,0.9757376047577109
9557,0.3369823910648938
9558,0.45587920636876117
9559,0.4521052862124425
9560,0.19509851128449884
9561,0.7128372094711655
9562,0.7212808780800657
9563,0.31504063440760854
9564,0.8061724802137822
9565,0.6498169984922108
9566,0.20439678432926592
9567,0.46004644249453513
9568,0.3100280085542739
9569,0.9612586174294805
9570,0.4105720376260754
9571,0.35209534572461093
9572,0.9886727470493333
9573,0.9823325519362043
9574,0.9852891458257211
9575,0.44760081816337133
9576,0.2907739821926795
9577,0.31229212126967015
9578,0.3322091362403523
9579,0.976147158829034
9580,0.5171246390951467
9581,0.3966682116489818
9582,0.3552910450870536
9583,0.5584870378659139
9584,0.25283078091195293
9585,0.627900711585792
9586,0.9814817440418855
9587,0.6034234298055203
9588,0.4868857758325544
9589,0.3789666259685191
9590,0.9821616833492324
9591,0.6237957835359861
9592,0.5838684539554987
9593,0.3762302341605757
9594,0.17276903133865473
9595,0.20575370057285639
9596,0.689492648965803
9597,0.9896388622637804
9598,0.8033823505025974
9599,0.8226941711665602
9600,0.8813433216373296
9601,0.5043455225271917
9602,0.342877650128282
9603,0.9909728819471237
9604,0.2518458821413529
9605,0.3578889079208038
9606,0.2348869304798532
9607,0.6154109329412145
9608,0.3229156744318129
9609,0.17200099086046028
9610,0.2894330829313654
9611,0.7217628703125313
9612,0.3985317577614498
9613,0.3949091849712526
9614,0.4519785169272998
9615,0.5635334867989189
9616,0.3881966924307064
9617,0.5229472021910379
9618,0.8256051844519603
9619,0.8466975993027004
9620,0.2173363080199444
9621,0.20572542120443205
9622,0.9936063691593034
9623,0.31294667774041757
9624,0.22580944561310032
9625,0.6876665910926529
9626,0.8379650535264909
9627,0.6991802243805533
9628,0.8776139878332045
9629,0.23875038355402328
9630,0.6190077133836833
9631,0.3618428347375505
9632,0.9868463255673108
9633,0.44609491402873824
9634,0.388241359717443
9635,0.9899957146420283
9636,0.41053185114460067
9637,0.34567363331292056
9638,0.6329659681568821
9639,0.3630303076279539
9640,0.32339422033881093
9641,0.5389155478599701
9642,0.4329557511846491
9643,0.7609373216824602
9644,0.3202382072684615
9645,0.7510783141560116
9646,0.25212465462453904
9647,0.33160882528669433
9648,0.9814676792699596
9649,0.6252298464919871
9650,0.23678316867850396
9651,0.3300732526987949
9652,0.8358681228613049
9653,0.5612503643077833
9654,0.7176243914828224
9655,0.6244769508661976
9656,0.31088204559526783
9657,0.3269684592255425
9658,0.3838400315176785
9659,0.36340928369418724
9660,0.41328584313279004
9661,0.1888192125941455
9662,0.3404392026082988
9663,0.8112506870088672
9664,0.737782584317024
9665,0.3400876023679515
9666,0.3218941989045163
9667,0.475075894031304
9668,0.9488446128223051
9669,0.5504488891147465
9670,0.9761941983480691
9671,0.28052570981091884
9672,0.8358007964722427
9673,0.1912844204157246
9674,0.39510453649143273
9675,0.6643779712211207
9676,0.18627189432836583
9677,0.22370604043470932
9678,0.18536971246474457
9679,0.3291725094655745
9680,0.7868782825458125
9681,0.7857790189486213
9682,0.20336873136213687
9683,0.863067876722482
9684,0.3459696851557844
9685,0.7949913437421119
9686,0.4347288908634832
9687,0.29919731156333684
9688,0.6463132817757596
9689,0.9853924323067806
9690,0.5661114529849183
9691,0.6477419783843972
9692,0.3188278620991798
9693,0.6030361991172793
9694,0.3690829552777692
9695,0.39443693461296025
9696,0.2698965772059413
9697,0.8923358976940123
9698,0.9025799992473748
9699,0.9884913755796519
9700,0.27677614497075126
9701,0.708007978938029
9702,0.42095848358447735
9703,0.31682668979117745
9704,0.2919410630475734
9705,0.9833908535403775
9706,0.9051003042236311
9707,0.4054917886120114
9708,0.3554546639138139
9709,0.33898799782705236
9710,0.7860475959844888
9711,0.5118374573325586
9712,0.7540616983751319
9713,0.38804856574690827
9714,0.6677857540059242
9715,0.17810427526193987
9716,0.37743009939598643
9717,0.8622602624627699
9718,0.9095772242942991
9719,0.5059727125706669
9720,0.6191288697655503
9721,0.31879925129788084
9722,0.9438750427252763
9723,0.4376580783654485
9724,0.5653690973937453
9725,0.9822324466601539
9726,0.4598690917700451
9727,0.9922770207463718
9728,0.43063410138824
9729,0.7117191668154808
9730,0.5643615931752856
9731,0.745349807330468
9732,0.2954480530022623
9733,0.3968345591404494
9734,0.29103612097477294
9735,0.4937265759717701
9736,0.6210376194781173
9737,0.47562968811306156
9738,0.16810252510943818
9739,0.9902444985118007
9740,0.6664453845863881
9741,0.5069696195949182
9742,0.6932427671650718
9743,0.4795739062163478
9744,0.800941112341784
9745,0.7905503239669345
9746,0.24880208298711384
9747,0.8153128919106373
9748,0.26234915135611897
9749,0.8337843074341582
9750,0.35591756692357207
9751,0.5582902047615012
9752,0.4226688926528563
9753,0.29916109504867
9754,0.3634933169262856
9755,0.5690341708958383
9756,0.2377257627563271
9757,0.22985447117894797
9758,0.791276669314559
9759,0.5413040364259756
9760,0.9836535172494386
9761,0.8007378580917127
9762,0.2520919082638756
9763,0.9914535506661052
9764,0.8962906218142475
9765,0.20680398701403555
9766,0.6892646512592958
9767,0.4622448811018748
9768,0.9687212502718142
9769,0.4797964307767144
9770,0.46532573464685045
9771,0.9794021744999928
9772,0.7624574164717456
9773,0.3619655967222113
9774,0.38234090590095854
9775,0.9933086917866352
9776,0.9907348066106638
9777,0.30488719687411314
9778,0.4963428072214197
9779,0.3738120441415534
9780,0.37735081824630967
9781,0.33633358256625556
9782,0.5127422653702631
9783,0.3741680586394835
9784,0.2526978207093364
9785,0.3205391395119346
9786,0.6829418842020931
9787,0.24167212349614625
9788,0.6538796988686544
9789,0.27013172520449935
9790,0.294571600738993
9791,0.2987703106686658
9792,0.9678398153120802
9793,0.8326492582566765
9794,0.6777511891010007
9795,0.3019130215003003
9796,0.33525062225728985
9797,0.3167217793608447
9798,0.7176442341375087
9799,0.3721106998428752
9800,0.44127205762664395
9801,0.3743486955032943
9802,0.4264081697397038
9803,0.47400878584657546
9804,0.39290618461481924
9805,0.30578441288462044
9806,0.8560845055458166
9807,0.3756903891824126
9808,0.43508950379558675
9809,0.5104493568005458
9810,0.42451697775533553
9811,0.7978534648081308
9812,0.19814830690041166
9813,0.4776966157587572
9814,0.299093207677928
9815,0.3830977663462824
9816,0.23413431260683043
9817,0.9506744611870267
9818,0.1924147105982365
9819,0.9882674223975604
9820,0.28716425742623986
9821,0.7278170123442825
9822,0.991979475556503
9823,0.9921031350778184
9824,0.3114388264046199
9825,0.2841356999944614
9826,0.34945955940829593
9827,0.43862359881549956
9828,0.3186468331012327
9829,0.4340876755592038
9830,0.6030763743506784
9831,0.26474599755507633
9832,0.9835324146021092
9833,0.9720348925489724
9834,0.3222466891141622
9835,0.9918106109119078
9836,0.3875822236818662
9837,0.4198016408760513
9838,0.7856817894350973
9839,0.9827301160248754
9840,0.7178495568761886
9841,0.39418946042835895
9842,0.9861862947081713
9843,0.24076691650550736
9844,0.3459922137811536
9845,0.3204968668362244
9846,0.32372998313606316
9847,0.9757718757644473
9848,0.3724441167991982
9849,0.4524900982280167
9850,0.2587882162897768
9851,0.6667232596719943
9852,0.8185029596717855
9853,0.4218316332042354
9854,0.6629002439404861
9855,0.17984700388920596
9856,0.3279869394662958
9857,0.868145648378863
9858,0.2791680277361168
9859,0.2865866143721438
9860,0.42110644138921055
9861,0.9830148864197367
9862,0.23410476899612984
9863,0.36680263495841425
9864,0.6195426447544107
9865,0.6772249305806132
9866,0.37790285827540476
9867,0.33079784016773617
9868,0.3465780698235522
9869,0.3231500181373036
9870,0.21211983831089987
9871,0.23120740739919185
9872,0.316155963561235
9873,0.9841810366045393
9874,0.48684994103611406
9875,0.4535354948134068
9876,0.9750226435957342
9877,0.34754318650763155
9878,0.3368906725138322
9879,0.5419607853423809
9880,0.9727458927025661
9881,0.8874654994761737
9882,0.25551278021157053
9883,0.38810323724362655
9884,0.834093370566004
9885,0.38503832536586924
9886,0.7384783007142531
9887,0.41600002319492657
9888,0.30092548653454254
9889,0.5815627726596018
9890,0.3977276569850859
9891,0.23462303889524505
9892,0.3066315078318843
9893,0.679926961041935
9894,0.7241868560188645
9895,0.19549849881049886
9896,0.6082975786562802
9897,0.16967783440654177
9898,0.37234866669990574
9899,0.5176635884540396
9900,0.2941161345275791
9901,0.39712304100074086
9902,0.898189593324463
9903,0.4256982698924342
9904,0.30729449163446887
9905,0.36624825118781834
9906,0.7849170827152866
9907,0.6430965436366126
9908,0.7947810589375173
9909,0.9881798812086446
9910,0.3025623939355242
9911,0.9102230565210558
9912,0.39851470936521394
9913,0.3260002289494437
9914,0.2954184355101159
9915,0.3737688538912931
9916,0.3544296033377999
9917,0.47858448408951304
9918,0.6579789188119414
9919,0.6437047993937595
9920,0.849440488137513
9921,0.5055927614606506
9922,0.28778445422357235
9923,0.5881638303062944
9924,0.6978693251792115
9925,0.5125698771870892
9926,0.6954672383288204
9927,0.9683868895057695
9928,0.40784542835508325
9929,0.9855955282955305
9930,0.3150281045032772
9931,0.37338153108036304
9932,0.2396867767112099
9933,0.25676093982318654
9934,0.4290842799242339
9935,0.976858809504492
9936,0.8387030302261695
9937,0.43415637872541385
9938,0.2837150444290679
9939,0.41461910527834833
9940,0.42005933527760797
9941,0.5627281535444388
9942,0.21180549241762892
9943,0.28126531245413516
9944,0.3906924280979554
9945,0.23285258352995597
9946,0.5709260328755182
9947,0.37783378190067635
9948,0.3185896975422722
9949,0.39959522999799335
9950,0.24520875116679347
9951,0.6025880150514984
9952,0.9875240261532984
9953,0.7319208743506939
9954,0.45171844235771547
9955,0.18791140580054383
9956,0.1480008464772598
9957,0.9920401607101772
9958,0.9820175475422046
9959,0.9014866377895224
9960,0.32997205355112924
9961,0.9804273142747658
9962,0.32162304126267555
9963,0.3520337356665659
9964,0.9752337898744973
9965,0.943809430943843
9966,0.21975150881449662
9967,0.3457215870381621
9968,0.43581109364166914
9969,0.5546729425469833
9970,0.9377358848497319
9971,0.48831735508137275
9972,0.3004460986935091
9973,0.44033314287154024
9974,0.3708504119172846
9975,0.8457750980044164
9976,0.3218797632709711
9977,0.5216978959021948
9978,0.7479218583791147
9979,0.6992807195381313
9980,0.31940601705836874
9981,0.45159500969168287
9982,0.3219397603467011
9983,0.550604641263001
9984,0.3819389527563617
9985,0.3452254556704148
9986,0.20419465394083114
9987,0.8450478387405085
9988,0.5253354608761325
9989,0.7979616734760688
9990,0.9859936720372585
9991,0.7845836408436812
9992,0.6167970541493824
9993,0.22837719696705222
9994,0.790434132902576
9995,0.983372584908023
9996,0.9932991264691182
9997,0.5056828794508824
9998,0.3670621412345754
9999,0.34639373568731974
10000,0.345357958563242
10001,0.48981778635017653
10002,0.21448582613023887
10003,0.3718952270563677
10004,0.3330232977949128
10005,0.9873723176608268
10006,0.6122726567856115
10007,0.3034293975120129
10008,0.8721567386849531
10009,0.34870382337858946
10010,0.9871881810294183
10011,0.35934795516770046
10012,0.8298666950002641
10013,0.3225284683591543
10014,0.7432912804590652
10015,0.35135766350970393
10016,0.34290735812731865
10017,0.4994566789156693
10018,0.9194774371376858
10019,0.34641796932774427
10020,0.25470458140034336
10021,0.7471179148709026
10022,0.3657106801241146
10023,0.692815006079672
10024,0.2638440661605455
10025,0.9861790218176478
10026,0.7049847936851606
10027,0.3139705515615133
10028,0.8641683677577967
10029,0.623409436985897
10030,0.7435997582068457
10031,0.3361218179973213
10032,0.8628174456142137
10033,0.25393974443637624
10034,0.441295902730083
10035,0.2951422021915652
10036,0.5022654229008398
10037,0.6972712852922934
10038,0.810260231321889
10039,0.34686892563723176
10040,0.21466629333297854
10041,0.6389261809882318
10042,0.294866665074454
10043,0.6689501106990776
10044,0.7738675406614383
10045,0.4130688698329205
10046,0.28056739738411196
10047,0.9660870056321678
10048,0.32242515105357505
10049,0.6625196888983782
10050,0.20627117671780737
10051,0.3120997853796176
10052,0.2794835335170415
10053,0.8066393178173397
10054,0.9803273172644931
10055,0.21221522342623614
10056,0.3556799469008231
10057,0.5160352104371164
10058,0.3529807871911095
10059,0.5782062504716516
10060,0.816296360036281
10061,0.4172105920778622
10062,0.3751751458729529
10063,0.3034339018221003
10064,0.34950023509028993
10065,0.39651073726559277
10066,0.3201661498213994
10067,0.9775871872713477
10068,0.3939358052883294
10069,0.20576373019045174
10070,0.2468708643069269
10071,0.458173360342996
10072,0.4090890320240662
10073,0.2532284178256232
10074,0.7468003211424614
10075,0.4143954232571898
10076,0.33394938999221824
10077,0.3778427311723817
10078,0.38132786823420656
10079,0.5112479789651261
10080,0.6064539431090048
10081,0.39692007833490855
10082,0.3644803349184382
10083,0.7940612934126788
10084,0.6625282351151994
10085,0.6910202857344137
10086,0.865945072691896
10087,0.8216009566789574
10088,0.7240840576574601
10089,0.5646519608586389
10090,0.29783477822388466
10091,0.3057396379113768
10092,0.30250754531346374
10093,0.26979469092973857
10094,0.8525557463314817
10095,0.36750801881712775
10096,0.9817803036977005
10097,0.9885063295220123
10098,0.5945821107856848
10099,0.36103615085889595
10100,0.38168554466806587
10101,0.6909691303304837
10102,0.3378179550250198
10103,0.956717567836218
10104,0.9855602220587658
10105,0.9884620130283506
10106,0.2920222360308977
10107,0.2049415484332717
10108,0.9787425600501347
10109,0.9932602971789296
10110,0.30163930860716043
10111,0.4042787423018122
10112,0.4792264416842996
10113,0.3424430057128322
10114,0.6599524155398913
10115,0.27948488886686396
10116,0.37428032808807365
10117,0.3105055852623365
10118,0.46127342343475813
10119,0.7766771352373527
10120,0.8216192469761289
10121,0.2679729222582948
10122,0.7352226248819883
10123,0.2317814772317096
10124,0.6189542919108908
10125,0.3511724519349825
10126,0.9735959521204232
10127,0.23471408896014445
10128,0.7428952133073063
10129,0.9694871914938654
10130,0.567142249660388
10131,0.31944146321961686
10132,0.6701259410511778
10133,0.778541562792388
10134,0.8922169772142687
10135,0.5451656843150176
10136,0.21936830296675947
10137,0.391859709721616
10138,0.32342262667163263
10139,0.7417351509451152
10140,0.5433508130639235
10141,0.26041502773195785
10142,0.8664417718897973
10143,0.8392520618675853
10144,0.33091166089906365
10145,0.8424425375174729
10146,0.3233315474385319
10147,0.6627436982373243
10148,0.19311510564792478
10149,0.2776834860065743
10150,0.45992267600627873
10151,0.4979326772363786
10152,0.34974959494245367
10153,0.9549362432285858
10154,0.7648751380726859
10155,0.7075591772356722
10156,0.9312080337250889
10157,0.61679837422061
10158,0.5451226204928541
10159,0.3744124061411647
10160,0.32228590608760993
10161,0.49926134078959405
10162,0.7038554064290186
10163,0.38345768085916304
10164,0.40347088244692253
10165,0.469801933555057
10166,0.3142164569210243
10167,0.2775769953282725
10168,0.23909584970853093
10169,0.19764096239468845
10170,0.37935716446327394
10171,0.8687520695387502
10172,0.9741323855241378
10173,0.8602377931723826
10174,0.8186670639990062
10175,0.4894971401481707
10176,0.3779717180417209
10177,0.2816893302127653
10178,0.7119988379015498
10179,0.24561104166192438
10180,0.604515642594682
10181,0.3009673493380872
10182,0.41424600045357546
10183,0.45415163326575353
10184,0.3224289753091948
10185,0.45262875894942345
10186,0.32550581437283627
10187,0.8747728990302263
10188,0.2917257377320364
10189,0.31104915708153313
10190,0.3213550979658608
10191,0.3657215253677992
10192,0.2417174154914382
10193,0.5439720332201354
10194,0.35209573299399316
10195,0.9732212453740585
10196,0.3705900702729761
10197,0.44116114423428987
10198,0.8231385232280513
10199,0.5653121214253918
10200,0.24599564571574203
10201,0.269113976596867
10202,0.9855609903141751
10203,0.27428354357978096
10204,0.32284869502414093
10205,0.6051885126409753
10206,0.2362420599930188
10207,0.27757568009989697
10208,0.7944678734088959
10209,0.8710716187876835
10210,0.45082007661247553
10211,0.5502421741058325
10212,0.4765583413979477
10213,0.7771164477764211
10214,0.9834930996268106
10215,0.4243587548523576
10216,0.9792172051999029
10217,0.3523795510728318
10218,0.6296181524346004
10219,0.9835143942052913
10220,0.9688175050081265
10221,0.42055385324188405
10222,0.516444478589748
10223,0.3709898755310617
10224,0.7540352279067656
10225,0.34806028611254214
10226,0.9844185234285261
10227,0.39615109689163397
10228,0.2817748247456293
10229,0.9877852161070073
10230,0.4665632538583434
10231,0.98438566103801
10232,0.3500446320957683
10233,0.8197169100083755
10234,0.2614434254517631
10235,0.48296571824557233
10236,0.4541354305448269
10237,0.3088407195141339
10238,0.28930212829042246
10239,0.9629484589841892
10240,0.2113849806135164
10241,0.5107385515466681
10242,0.16583657205759972
10243,0.1520627849069377
10244,0.8194009096414413
10245,0.4068019402583656
10246,0.3017605299241794
10247,0.4821640777722945
10248,0.24027420328136698
10249,0.40425724592362383
10250,0.41205200099822487
10251,0.3429661487610677
10252,0.349570131571476
10253,0.2597252872743479
10254,0.7449377555209387
10255,0.32715207476380204
10256,0.3995434807405311
10257,0.3857065937258909
10258,0.39152056259380497
10259,0.40806860565590874
10260,0.961291625472
10261,0.300287664864052
10262,0.26465034361771594
10263,0.5223881707869529
10264,0.6717973213182529
10265,0.5166145049304642
10266,0.3520419226541548
10267,0.6671636095459719
10268,0.21325048805888808
10269,0.7920290533975392
10270,0.7449168273188598
10271,0.8163465696931835
10272,0.7132877560139985
10273,0.4195251171947235
10274,0.5459355731893195
10275,0.5715105706619048
10276,0.4182209087176186
10277,0.3419784141842691
10278,0.9515735896550376
10279,0.2689823862079943
10280,0.2911458385957086
10281,0.34366851072233634
10282,0.8298532908082649
10283,0.34013324356326935
10284,0.9194400497008051
10285,0.34462973903842037
10286,0.3227175069329165
10287,0.30840126653637207
10288,0.4447062623138695
10289,0.2687923056848907
10290,0.2594258848879353
10291,0.36731009256048097
10292,0.8110429795184448
10293,0.4523123386899394
10294,0.5733856584037422
10295,0.6772124920932774
10296,0.3213911671330936
10297,0.7872780274083833
10298,0.43148816485131664
10299,0.9811650261953756
10300,0.24155014147859616
10301,0.9190534112778231
10302,0.9016738904336576
10303,0.8323736107677565
10304,0.9917089969977896
10305,0.507652036310971
10306,0.9311129625329922
10307,0.9808840991447483
10308,0.981700418690858
10309,0.3626176911007325
10310,0.392867541370194
10311,0.733800931917292
10312,0.26700783086157037
10313,0.7311748237114687
10314,0.4840914401500783
10315,0.4616051639522445
10316,0.9795970820212806
10317,0.8205435309692515
10318,0.9788586421555538
10319,0.3888965667136686
10320,0.2323221120205715
10321,0.35063046391721486
10322,0.3229641737428768
10323,0.15924579135203035
10324,0.5252086113030131
10325,0.6639387890491821
10326,0.2906394981105878
10327,0.8771799713935129
10328,0.3959459919035449
10329,0.6331889850466437
10330,0.37239096799241006
10331,0.2382482180666411
10332,0.8689288186000643
10333,0.9760937656935305
10334,0.7878882172666253
10335,0.4113892308542086
10336,0.7601724130252617
10337,0.7624974906450299
10338,0.3701616608495277
10339,0.25120270108152154
10340,0.41083265240515887
10341,0.37080346786309704
10342,0.7520988169107838
10343,0.7334847111941099
10344,0.29242204061853183
10345,0.3316143149122097
10346,0.440958307982956
10347,0.4291350971776983
10348,0.6001757404468518
10349,0.9801835203363702
10350,0.21528965847316095
10351,0.5717790155319536
10352,0.3885464497215931
10353,0.3588748510327209
10354,0.3673272367719513
10355,0.32168645298169984
10356,0.8177720234257249
10357,0.8139519778349621
10358,0.8266820597894607
10359,0.7843009459015667
10360,0.4694734568677115
10361,0.41492142024837186
10362,0.2804250058324322
10363,0.5354771729462144
10364,0.724173480875862
10365,0.32614703205330337
10366,0.7909123161044751
10367,0.8315504003523444
10368,0.19439885930276674
10369,0.9908795001625011
10370,0.9859932622344577
10371,0.965563382491522
10372,0.970184041743897
10373,0.2992974827495842
10374,0.30546631758275167
10375,0.36765156836380947
10376,0.8218586498240754
10377,0.5538323148867333
10378,0.3227089251136187
10379,0.841890348931677
10380,0.8884333694672361
10381,0.30943261508092834
10382,0.4335262076801224
10383,0.9807090152105002
10384,0.3493065944215653
10385,0.587775665704173
10386,0.23404159394228988
10387,0.40874010251893333
10388,0.9961927716066372
10389,0.25826613921694913
10390,0.4207598442762628
10391,0.8070014827448213
10392,0.4970892434819648
10393,0.8979418799861021
10394,0.817368269597433
10395,0.7673194369236588
10396,0.6511433582852375
10397,0.5694217079073162
10398,0.3777668978790528
10399,0.40772341012054625
10400,0.21857660894225156
10401,0.28961783919584744
10402,0.37698114623279955
10403,0.6799587569128513
10404,0.23294041237828852
10405,0.27067450631629325
10406,0.24617875416142687
10407,0.991237455310628
10408,0.7814210661087899
10409,0.36334179403670175
10410,0.8493939264538414
10411,0.5019185632022816
10412,0.45579958760138184
10413,0.34783359227121957
10414,0.25470023339371584
10415,0.27555948885373105
10416,0.3253410549784926
10417,0.3735758168652444
10418,0.9736827615045377
10419,0.823234140599173
10420,0.6902514088804522
10421,0.8052564968619501
10422,0.3136841646225837
10423,0.6445132952593557
10424,0.7058668977486356
10425,0.22395370522085617
10426,0.32670944686776365
10427,0.2426388738276274
10428,0.3606712433737998
10429,0.31417783618229983
10430,0.4245410992829928
10431,0.41004059993306924
10432,0.773570010016123
10433,0.3616118779764931
10434,0.3315931266111979
10435,0.41580842188268663
10436,0.96380377070142
10437,0.5071102572597048
10438,0.2794471038327828
10439,0.254673033403467
10440,0.5548058290259349
10441,0.9803432351242036
10442,0.2169491223774807
10443,0.480000973869117
10444,0.7267562686796102
10445,0.9696699290621233
10446,0.3028072210851621
10447,0.7208365958880104
10448,0.28073436959740705
10449,0.3284622578800668
10450,0.5799659052524555
10451,0.4658530895950104
10452,0.9003165896556746
10453,0.3106015080282525
10454,0.3257694536679913
10455,0.32937425982827806
10456,0.40752062901739255
10457,0.3717295106955067
10458,0.9791105402348514
10459,0.4871114931532535
10460,0.4523281094026161
10461,0.3055726009386357
10462,0.2330348110239395
10463,0.8878569843234281
10464,0.5249020979845259
10465,0.740132080570483
10466,0.3224080275947136
10467,0.3699609917766583
10468,0.9881616973566204
10469,0.9699033682532635
10470,0.6995496218395325
10471,0.45233406800983583
10472,0.32260209840945636
10473,0.6149656731864299
10474,0.3158262864839989
10475,0.3697605716312627
10476,0.408591502046281
10477,0.8047626142244323
10478,0.8761067236260882
10479,0.9797075063616376
10480,0.434480502614478
10481,0.3327331351355291
10482,0.2949505071738752
10483,0.369820231598899
10484,0.14334237090170648
10485,0.23110042418813234
10486,0.350181594163055
10487,0.2615606352815628
10488,0.258680127076243
10489,0.5559059112097274
10490,0.47192378929791134
10491,0.350280519825801
10492,0.37920160877690257
10493,0.9887805738514261
10494,0.36854078278895525
10495,0.3125173747040625
10496,0.40023808053560955
10497,0.9839954587890051
10498,0.4627794864191217
10499,0.2632018568669171
10500,0.2944132814986407
10501,0.9897680149682615
10502,0.9806743669581692
10503,0.2568414713078226
10504,0.9094427479740899
10505,0.26948685045308357
10506,0.9543615660744585
10507,0.4932417079074143
10508,0.8290187078485245
10509,0.7729889254089327
10510,0.34112141289078046
10511,0.28994281546423706
10512,0.34076811992310163
10513,0.23542035287104734
10514,0.23643684705245616
10515,0.30430129433983444
10516,0.548856866195685
10517,0.9859283056710519
10518,0.3273176366304167
10519,0.8120512908826857
10520,0.24620121107817533
10521,0.9873884336192216
10522,0.4640988892873589
10523,0.2393152237817658
10524,0.9922561463043285
10525,0.423255021686396
10526,0.34324245622615107
10527,0.5494803357875816
10528,0.2959304673035445
10529,0.9179584782309314
10530,0.3710529282442736
10531,0.32546492261829046
10532,0.2128321272595837
10533,0.5982518110731785
10534,0.3806432278958056
10535,0.8720489532120997
10536,0.5300285785743409
10537,0.5743185572599432
10538,0.29798890681707096
10539,0.7353627302726333
10540,0.3119586465341148
10541,0.6227417327979742
10542,0.167546441388415
10543,0.7877997709512633
10544,0.4066118064533417
10545,0.1683017624464971
10546,0.6642838940618194
10547,0.21156878658275394
10548,0.6897192543827568
10549,0.9528867417069722
10550,0.6026931084941305
10551,0.6675079282219145
10552,0.8004830110096532
10553,0.530173464242962
10554,0.26437462289640407
10555,0.22996207536437385
10556,0.4418535433517955
10557,0.9490149503721983
10558,0.7599859449453044
10559,0.13541677829572707
10560,0.5362142745417888
10561,0.38437158836320906
10562,0.3682214613251863
10563,0.7916885861244611
10564,0.27224025802216445
10565,0.7920487650496322
10566,0.5634377714421716
10567,0.5830453965676394
10568,0.4059495775511853
10569,0.8900117740619146
10570,0.7949614751045965
10571,0.39596084880278976
10572,0.9882185677991346
10573,0.3097730824639358
10574,0.38328060825949534
10575,0.96326581248883
10576,0.5647022145428053
10577,0.3199452238021983
10578,0.333501099409528
10579,0.15442019142577598
10580,0.36099596340449114
10581,0.398680326920716
10582,0.6138871308076543
10583,0.47636646183135123
10584,0.356854178145645
10585,0.2890513736248374
10586,0.19273155651753043
10587,0.5346376909380725
10588,0.22773883836317627
10589,0.9138207192339517
10590,0.3213590637827633
10591,0.25302759468243
10592,0.7890993321773314
10593,0.42742364367770175
10594,0.6105645459721916
10595,0.9934410972148733
10596,0.9874800619780031
10597,0.6393197928675829
10598,0.36690269592313274
10599,0.25410593947655136
10600,0.8122588628650816
10601,0.1042376768544811
10602,0.8706041811050935
10603,0.5333210469021119
10604,0.5662585924309037
10605,0.33175908624162437
10606,0.3666982354788484
10607,0.5035297874420384
10608,0.46690174489816993
10609,0.36270995602984124
10610,0.3043164723295465
10611,0.497482258307286
10612,0.4279663095490333
10613,0.3839719949764565
10614,0.5203243528694963
10615,0.9861124116009554
10616,0.5959113930186288
10617,0.23220551978346998
10618,0.3508294795616164
10619,0.8392015232237222
10620,0.39431820791191147
10621,0.34460598424547456
10622,0.786406572235293
10623,0.3866666834597605
10624,0.2828210904589778
10625,0.2908866988683211
10626,0.7219271127371607
10627,0.8087245172654614
10628,0.15333147697845462
10629,0.8917883882800139
10630,0.35931936498073525
10631,0.5573539796274669
10632,0.720107119727305
10633,0.9903358571685679
10634,0.8483597318464247
10635,0.5153844459264655
10636,0.9150549539545105
10637,0.31628064838106806
10638,0.197167125710461
10639,0.36186626260675253
10640,0.45245027038574825
10641,0.3547341506600206
10642,0.43447577410379856
10643,0.5373228080300243
10644,0.3670340526853656
10645,0.2919145395097948
10646,0.24617036261993444
10647,0.3807588392153953
10648,0.7848968976269652
10649,0.40981010219848496
10650,0.6857840934219754
10651,0.20798234098444274
10652,0.409187771302234
10653,0.2933041234775904
10654,0.7243538554761118
10655,0.9877168047867567
10656,0.3123831506639868
10657,0.4393294251825306
10658,0.7859936851304143
10659,0.4825069953151575
10660,0.7616675668629995
10661,0.5595390408556978
10662,0.622110597590513
10663,0.23622351203820957
10664,0.18324954601180307
10665,0.26610547454524963
10666,0.7388999386739845
10667,0.7695501738845382
10668,0.6816923102163027
10669,0.4405811224624192
10670,0.2909821286494115
10671,0.8775966781958193
10672,0.9066278127663117
10673,0.5543456020916747
10674,0.30406221610087525
10675,0.9288274874437605
10676,0.8469638422262213
10677,0.621110126004242
10678,0.7497150624018702
10679,0.3792510755859332
10680,0.2594774985263968
10681,0.25817687609340306
10682,0.31237974995481826
10683,0.9343197778141237
10684,0.14722130165184275
10685,0.6669258206836123
10686,0.7673726768218575
10687,0.6343993397367221
10688,0.8859627021244775
10689,0.2590968092067531
10690,0.49157406301777795
10691,0.35488468632019665
10692,0.42250358871797256
10693,0.991067357881771
10694,0.33284765760653956
10695,0.9764920969461092
10696,0.40873459777456717
10697,0.4925171111813823
10698,0.472265524657925
10699,0.9877012431278991
10700,0.7814802879980124
10701,0.298538392787717
10702,0.3625049752025008
10703,0.23800591550533534
10704,0.9719168258710706
10705,0.2652984876379221
10706,0.260255609643827
10707,0.7572888151323167
10708,0.8060232861091533
10709,0.34324090639242205
10710,0.9666019736941932
10711,0.5975178194576287
10712,0.8253330486337855
10713,0.9895049932866721
10714,0.31816492106529004
10715,0.27467780141118076
10716,0.43341348296180815
10717,0.2424555170953781
10718,0.7169214137304207
10719,0.31010841438571535
10720,0.3976462953783079
10721,0.37024301881182486
10722,0.2487424163365803
10723,0.2558439493719187
10724,0.9795217311055706
10725,0.29149411820538074
10726,0.9648951679225383
10727,0.38455430295453313
10728,0.9873418363321864
10729,0.9830104984722866
10730,0.9784755265705491
10731,0.4183120597354995
10732,0.32084662627074184
10733,0.5236725700046213
10734,0.7777486363939353
10735,0.4549766741186387
10736,0.36153827181158094
10737,0.2511147994260478
10738,0.24958743674869563
10739,0.4734103354560325
10740,0.30243636521419137
10741,0.3904489902522652
10742,0.6775108221817913
10743,0.2609584399595223
10744,0.26870341775622647
10745,0.7686972916861763
10746,0.42667788490778774
10747,0.356833859700814
10748,0.350791493562601
10749,0.34250090376471465
10750,0.31611566652790196
10751,0.7376610688127281
10752,0.7811547181770838
10753,0.2824384066774103
10754,0.16994360349039878
10755,0.3519762174438608
10756,0.730696562577398
10757,0.2728520626493032
10758,0.7530123918203242
10759,0.4262656300212461
10760,0.9552510970262
10761,0.3604323700052624
10762,0.3965286485671064
10763,0.9271881844349571
10764,0.5332324819084762
10765,0.4867516817140689
10766,0.9747854246147569
10767,0.6272487316786859
10768,0.5805890874568186
10769,0.7892626341656956
10770,0.6665693512652229
10771,0.23549501661289265
10772,0.7746135347142735
10773,0.29842547343198367
10774,0.7561732802596581
10775,0.575452090230008
10776,0.3181163587143575
10777,0.1247759247782867
10778,0.3766510913657261
10779,0.8200036290002399
10780,0.22829075425952236
10781,0.3016487769026712
10782,0.6061893034788176
10783,0.8083008557695864
10784,0.4162664873072574
10785,0.4173242189922066
10786,0.23645390343633954
10787,0.19451489803092875
10788,0.8425147586579702
10789,0.2867952872543108
10790,0.5514364297304675
10791,0.22968843312688908
10792,0.8001097709047787
10793,0.9023782822089235
10794,0.42742710838006515
10795,0.42956091476823555
10796,0.26473695865247093
10797,0.930671615448671
10798,0.7840313151069245
10799,0.24236497426275455
10800,0.4695451899487973
10801,0.39720688511501406
10802,0.21344257552342777
10803,0.34738352571783315
10804,0.19842364118567196
10805,0.5425792313958465
10806,0.43211809540229795
10807,0.30757520216393724
10808,0.9831037031071891
10809,0.8273888411593054
10810,0.2792556488862392
10811,0.8166796870576283
10812,0.769786787963485
10813,0.9521132919099586
10814,0.6331308924819294
10815,0.8280784433372641
10816,0.4959426348280633
10817,0.27526897838090547
10818,0.35139032244063484
10819,0.33904038566598205
10820,0.5411742203193666
10821,0.7624133438551091
10822,0.9818790454511038
10823,0.5037558874464647
10824,0.4482265104413789
10825,0.44421572663958053
10826,0.3295597053837595
10827,0.40969390717553966
10828,0.3714510143640302
10829,0.973741027368218
10830,0.29709857840253284
10831,0.3175212647684693
10832,0.8366499746166617
10833,0.4077109351730451
10834,0.3613279579618736
10835,0.2943114409527137
10836,0.42797764549969725
10837,0.38177866569169433
10838,0.30078712119143747
10839,0.2979490935065674
10840,0.785854114643536
10841,0.27744264248870115
10842,0.7353237985414378
10843,0.7275125034533235
10844,0.9872063572253041
10845,0.28701219970111713
10846,0.9922554172576116
10847,0.4029172488061876
10848,0.36550408438061693
10849,0.39917566401494603
10850,0.2499635430430165
10851,0.38412760439603855
10852,0.5456723900446554
10853,0.44242274422569156
10854,0.3332270461542525
10855,0.5395470888855498
10856,0.4623933007744368
10857,0.9837297562256783
10858,0.8485544962204916
10859,0.17640301593707056
10860,0.9560426026010383
10861,0.4691914106219322
10862,0.3470533990803752
10863,0.6852373351076925
10864,0.8222576960795318
10865,0.8106770390946498
10866,0.6031383028133523
10867,0.2305405418178135
10868,0.8413566124963949
10869,0.5883356724068372
10870,0.8540494035916005
10871,0.45377206117661395
10872,0.842184625295406
10873,0.4003352544996408
10874,0.8022056012655598
10875,0.9905160372105745
10876,0.3796896005483448
10877,0.5124750082793906
10878,0.4228358920421186
10879,0.49766550156158856
10880,0.2988003303562532
10881,0.33407122848141324
10882,0.7020070351358461
10883,0.445939532664597
10884,0.26763040374295083
10885,0.37136708290746123
10886,0.43081992972554367
10887,0.3384210290546335
10888,0.8196895148134915
10889,0.9768724126141007
10890,0.4549948746008343
10891,0.33368122564741026
10892,0.7605072185282065
10893,0.7173035633681812
10894,0.6297826970544209
10895,0.3849996591486769
10896,0.42879513644563083
10897,0.301226686630428
10898,0.30138008876627015
10899,0.8682804891549211
10900,0.7751335933506381
10901,0.32102990275451815
10902,0.8679971156888371
10903,0.719674192610374
10904,0.9855914595399343
10905,0.8429970517745948
10906,0.5985492656034682
10907,0.8945984540779246
10908,0.5549882566224253
10909,0.2882846103061912
10910,0.7258351377168965
10911,0.9837936845304207
10912,0.46195905296898276
10913,0.46746482887173585
10914,0.41314886457096045
10915,0.17869401738085428
10916,0.4381322418650593
10917,0.32362066051005767
10918,0.7008318804745124
10919,0.634617906964989
10920,0.743491946424611
10921,0.7972996904937396
10922,0.31138912660828744
10923,0.3591285077100853
10924,0.5970549736714053
10925,0.3487813463015668
10926,0.3757061932080115
10927,0.3062260365055412
10928,0.8512892056403786
10929,0.46766879891024427
10930,0.7173662022641889
10931,0.32302341944326607
10932,0.599676447246826
10933,0.5282597713601891
10934,0.3182419415763556
10935,0.4069808121291046
10936,0.26605702032616074
10937,0.26309506301985447
10938,0.22164269092897446
10939,0.2602106872038041
10940,0.6269892811826738
10941,0.21897760716446835
10942,0.7473757413870887
10943,0.873770252283244
10944,0.3742641254006872
10945,0.5118572449019991
10946,0.9637762110636248
10947,0.6189110987577097
10948,0.9081015776507861
10949,0.2628465487426218
10950,0.8785055434873007
10951,0.3047783993679209
10952,0.25888965291621135
10953,0.6134013639696626
10954,0.9585397922519803
10955,0.839499033903398
10956,0.4374108691916504
10957,0.3613235187373403
10958,0.2909816434009891
10959,0.20742225045418786
10960,0.5180383787261003
10961,0.24795789437072172
10962,0.24641714308631285
10963,0.2848249343306821
10964,0.3820147589236082
10965,0.8709808196983067
10966,0.4631271008829052
10967,0.3983519106904048
10968,0.4239706967840234
10969,0.21992017289659663
10970,0.9915735328259516
10971,0.43200865311285025
10972,0.9474745036355026
10973,0.1740782136935906
10974,0.8095524547058447
10975,0.8035776772272117
10976,0.8090823608694159
10977,0.769012703626354
10978,0.24059770581324763
10979,0.8620573694537814
10980,0.5048844965143092
10981,0.337842169854474
10982,0.4265609572463935
10983,0.37859397298108777
10984,0.4937633886301136
10985,0.9898403841098699
10986,0.4710141312625885
10987,0.7665265440538167
10988,0.33564103997797384
10989,0.19487979712046208
10990,0.9862969988005545
10991,0.35986922338950383
10992,0.27084444993730333
10993,0.43960843302046076
10994,0.34085185876516
10995,0.33855591690501785
10996,0.38139639932996405
10997,0.7954326857566314
10998,0.2858471867403355
10999,0.2187053612953906
11000,0.5572473414586026
11001,0.6667792425038525
11002,0.3565373299099629
11003,0.9891139672433967
11004,0.5336036878673955
11005,0.6734026865072372
11006,0.3423394607754303
11007,0.3638785199430304
11008,0.23201565525607137
11009,0.3324458299150197
11010,0.9612464836698017
11011,0.9877401380084164
11012,0.46337514922054984
11013,0.7959439569294826
11014,0.3485172033870745
11015,0.9792586474135414
11016,0.8151881520184808
11017,0.29955601666270537
11018,0.623428406237225
11019,0.6238895277755936
11020,0.3199743052735108
11021,0.32614605210400627
11022,0.447404274674765
11023,0.6404819531456194
11024,0.6795589681546564
11025,0.32985996031241754
11026,0.859680002562174
11027,0.5069213633488708
11028,0.2210618304062068
11029,0.28094682301865087
11030,0.5622153112767714
11031,0.2614128624819184
11032,0.8009994085746505
11033,0.3380063395888203
11034,0.783911842114512
11035,0.3753176259453198
11036,0.7775696255137635
11037,0.2072223939562512
11038,0.30511053410711464
11039,0.42467476289912587
11040,0.3661405783946229
11041,0.9701944357951693
11042,0.7198239781296748
11043,0.284296539980046
11044,0.8931889678612326
11045,0.40343933036383534
11046,0.25706828388647
11047,0.4426555101094371
11048,0.5665947200537041
11049,0.7532978333244316
11050,0.4665267385938722
11051,0.28875101272111797
11052,0.6159529675757552
11053,0.3784552822374303
11054,0.88280188397026
11055,0.420178483248211
11056,0.6129076546923118
11057,0.3718274567154041
11058,0.6450911858967234
11059,0.2793165846297814
11060,0.49001487493170526
11061,0.37576400017716316
11062,0.6272893557326167
11063,0.23583016226265852
11064,0.3324471600438997
11065,0.35658688592433085
11066,0.24940700891808543
11067,0.3385855353530725
11068,0.40955841867312287
11069,0.42223370565458807
11070,0.9641305172635072
11071,0.3249778507012338
11072,0.6169309105749919
11073,0.8498116778634991
11074,0.36796380528816597
11075,0.6752506689582924
11076,0.15163597052026034
11077,0.26841261763121915
11078,0.3121752426906718
11079,0.3434649690171332
11080,0.989747170878441
11081,0.7631999826584126
11082,0.4543683736160493
11083,0.3504090389087714
11084,0.34896789852737214
11085,0.9937883955949047
11086,0.3752726077540587
11087,0.2791309624652358
11088,0.5269065414979995
11089,0.46438731034286174
11090,0.2978038023786537
11091,0.406586458901004
11092,0.39589394682472884
11093,0.9906605513246689
11094,0.5685841514542507
11095,0.7458018722900466
11096,0.423999104381251
11097,0.9775713333796426
11098,0.9898490683945036
11099,0.22334299669124566
11100,0.22294232554434806
11101,0.39923137615986903
11102,0.7400903494844684
11103,0.3265563605505434
11104,0.9619454456241467
11105,0.3528062407137696
11106,0.6251083202346748
11107,0.3347056661303414
11108,0.3289871673288477
11109,0.43971570326947307
11110,0.31923407984180296
11111,0.41961815068619396
11112,0.9411308527994753
11113,0.9783145733860041
11114,0.6942743680899257
11115,0.6092092028134954
11116,0.5970650947729401
11117,0.9718648622997107
11118,0.5668745866357735
11119,0.5631338849558759
11120,0.510261193428522
11121,0.7175096048165062
11122,0.2495892222657068
11123,0.6173230003126631
11124,0.37437288399602486
11125,0.28171136928659457
11126,0.5980624956752021
11127,0.2558273518381254
11128,0.3144012632175987
11129,0.5418955873633612
11130,0.26002385281845813
11131,0.3936358657483674
11132,0.9940048799838692
11133,0.35983475105694296
11134,0.858458187290231
11135,0.3505115982896404
11136,0.4000674992122142
11137,0.3396383431848899
11138,0.2491770089176386
11139,0.36017115342557415
11140,0.18128405481791054
11141,0.21340191761564706
11142,0.5774926387522901
11143,0.9792774488927686
11144,0.4053368526277076
11145,0.56871209698199
11146,0.3706333108568613
11147,0.5262621779097272
11148,0.494979447260302
11149,0.7588329975664744
11150,0.33207445641151623
11151,0.9065617199595075
11152,0.15361092603965296
11153,0.27286356294006264
11154,0.8949229992561665
11155,0.2234690846868829
11156,0.4245161210033721
11157,0.5459269130976337
11158,0.3606452041269812
11159,0.8620338534537083
11160,0.4523662990990278
11161,0.355856877348694
11162,0.8564253539959553
11163,0.4603231055191735
11164,0.6551312781468492
11165,0.41639019124062676
11166,0.389855943499696
11167,0.7168190252230755
11168,0.20858491142392577
11169,0.7525109585057255
11170,0.32899911621463807
11171,0.7754902960029515
11172,0.31344909504623053
11173,0.2556986758833232
11174,0.22673254578459068
11175,0.6248329184828723
11176,0.2659260781665875
11177,0.6633440275815038
11178,0.2102361217018633
11179,0.6834506354611867
11180,0.9513357499181856
11181,0.5419726714299687
11182,0.24514459059858273
11183,0.32690580325410096
11184,0.6119999897193164
11185,0.19559742801750454
11186,0.8118386948287554
11187,0.36179438434038613
11188,0.43544228235632343
11189,0.5544421998870676
11190,0.638976730458421
11191,0.8509110317385725
11192,0.4023051810352124
11193,0.2955581381253395
11194,0.31260542507309147
11195,0.6717476676589882
11196,0.9861850018939152
11197,0.3366093846383767
11198,0.39221392027945406
11199,0.2923846909548386
11200,0.8194178975989557
11201,0.37266149619996697
11202,0.5634085882957609
11203,0.14288495358725556
11204,0.7987851528003652
11205,0.2588925577247318
11206,0.993008874715076
11207,0.43967253714898963
11208,0.2954968033289028
11209,0.47365122981402763
11210,0.3657822943383903
11211,0.45017858997671595
11212,0.3729945015516901
11213,0.34480980965185465
11214,0.4905488713286056
11215,0.2721709902567663
11216,0.9867556994811714
11217,0.3420464869550065
11218,0.36873350900857693
11219,0.3052653573283089
11220,0.40095655829332466
11221,0.45238662985145994
11222,0.3496933913397228
11223,0.3067862718722613
11224,0.4016911701408012
11225,0.2519078330465465
11226,0.9586459207019928
11227,0.32545234213274327
11228,0.4626727170756294
11229,0.39653952117290026
11230,0.9908578348443988
11231,0.3940246916850767
11232,0.36796976812829746
11233,0.8236657166429409
11234,0.14288494355749426
11235,0.2658122506775277
11236,0.9753937411064035
11237,0.9855497511508584
11238,0.26237499040875256
11239,0.3098880971052681
11240,0.28855984294237147
11241,0.7863660766726436
11242,0.9879072035031756
11243,0.38166577577974803
11244,0.8812137157602481
11245,0.6552367637431112
11246,0.3351460123777217
11247,0.22353263609613191
11248,0.3553908054957009
11249,0.6609560885828663
11250,0.4804340915125155
11251,0.33893699248136705
11252,0.24957759899283716
11253,0.30021986617028895
11254,0.778259206458284
11255,0.4101804055568251
11256,0.39773493032228946
11257,0.8948822281102514
11258,0.3328020295315926
11259,0.2461078364288881
11260,0.4263255241730418
11261,0.7128898353057104
11262,0.2942993646959707
11263,0.22797085718979984
11264,0.9783979671095254
11265,0.20422406000555557
11266,0.28959087756624047
11267,0.3302777062504791
11268,0.5254149068470262
11269,0.608408077348046
11270,0.9850163470137581
11271,0.6221255350656605
11272,0.9790806157820863
11273,0.7845239917689141
11274,0.37676152449903627
11275,0.9765977269892282
11276,0.31012962184941645
11277,0.9545198255355505
11278,0.18715927603163707
11279,0.3221506379036904
11280,0.32752307287319754
11281,0.19706605443089117
11282,0.7399192361172607
11283,0.6696797543944856
11284,0.28473293223940777
11285,0.2708775347776935
11286,0.5752497964465806
11287,0.41057142841049515
11288,0.5565540318033511
11289,0.25039455570609065
11290,0.5882452469641787
11291,0.3550440318588898
11292,0.6431884232702415
11293,0.3966906287898398
11294,0.42867411878049916
11295,0.2189937448900265
11296,0.33933887256962353
11297,0.38844859357470074
11298,0.6339769671841146
11299,0.6298059874208206
11300,0.4012002732646955
11301,0.9124504154629023
11302,0.8199515128558961
11303,0.5378934809486351
11304,0.7951170925160301
11305,0.8429109915911724
11306,0.3227678043649806
11307,0.41991455805642647
11308,0.6056652785580432
11309,0.22860924412518752
11310,0.33081689441630735
11311,0.43788578046553006
11312,0.43300144704006416
11313,0.7107991390181498
11314,0.3817358753523451
11315,0.4355590780845577
11316,0.9519301946829835
11317,0.5100038038155553
11318,0.658334056270742
11319,0.44947470127087014
11320,0.24682232081169175
11321,0.9902413953535758
11322,0.181506118096821
11323,0.7297419265183619
11324,0.9926635457931688
11325,0.2828493209492563
11326,0.40388533975753216
11327,0.9906925508713513
11328,0.312439012265292
11329,0.3327711919837063
11330,0.5049933334520939
11331,0.2788451497685238
11332,0.9906597793812673
11333,0.26096550691074216
11334,0.25368754224219026
11335,0.5604379795140204
11336,0.6079362979282832
11337,0.38283722380017654
11338,0.4969331106242213
11339,0.8534560827160774
11340,0.7108291813591463
11341,0.32709586560366155
11342,0.6504086708418073
11343,0.7628152720448066
11344,0.23364495584374456
11345,0.2937258273614022
11346,0.4851642267472349
11347,0.9784259450844573
11348,0.8658336005953606
11349,0.3467305932791762
11350,0.37229285477722734
11351,0.7972836893402717
11352,0.8950251050267878
11353,0.27438584539559213
11354,0.34545579239751123
11355,0.6785727797631586
11356,0.419817437612257
11357,0.9796556773426138
11358,0.3381490783007973
11359,0.35662873831146646
11360,0.32314880596270024
11361,0.8161427563479189
11362,0.4535687882322411
11363,0.601962151272473
11364,0.3708431960925245
11365,0.4196069460096089
11366,0.8884476110875972
11367,0.7277142056095591
11368,0.5043843287603088
11369,0.31399396316358286
11370,0.4385198525382205
11371,0.9810363056455548
11372,0.6788458582444302
11373,0.9663442025011911
11374,0.912310531186676
11375,0.4198494485372828
11376,0.9869209971416092
11377,0.19979767602547666
11378,0.378616844405435
11379,0.82597676578126
11380,0.2131119168645125
11381,0.27789528232458516
11382,0.5710314836167271
