index,voted
0,0.5342431088984098
1,0.5599042555972967
2,0.508408051558296
3,0.505557955930844
4,0.543139840859111
5,0.501369855337003
6,0.5610650615603981
7,0.524868607510136
8,0.5101839847290508
9,0.5118817089108636
10,0.5046990835589829
11,0.5414422736639413
12,0.501564388530111
13,0.5090048129488153
14,0.5073452254265383
15,0.5749244855602534
16,0.5540446631626761
17,0.5122818703944961
18,0.5016990868768396
19,0.5089989701205745
20,0.5093922276203898
21,0.5041916148247791
22,0.5048651605608916
23,0.50278989267594
24,0.5373299610643816
25,0.5114550349526478
26,0.5750249034396007
27,0.5055195888993322
28,0.5122860122879289
29,0.5029674023124688
30,0.5021770592689099
31,0.5470877318231857
32,0.5120374959600569
33,0.505615782983253
34,0.5077149261936356
35,0.5224465543984808
36,0.510011743209696
37,0.49705990122163113
38,0.5089122051853407
39,0.4998159620141925
40,0.509721238895822
41,0.5670269868593951
42,0.5554224231717546
43,0.5309940562493896
44,0.5735806267281702
45,0.5089760430020702
46,0.5382369707355144
47,0.5737673800393439
48,0.49491271866644093
49,0.5625525756352945
50,0.5039740797799006
51,0.5658200754843788
52,0.5161095539588407
53,0.5604437085970502
54,0.5774216165009063
55,0.5138864561138379
56,0.5144453464621059
57,0.5238532148891569
58,0.546475594150347
59,0.5136689553844282
60,0.5656545960787327
61,0.5105983092214614
62,0.5114306840521734
63,0.5051748971271843
64,0.5102535762888047
65,0.5430671077204214
66,0.5036623083154419
67,0.4935215334732381
68,0.5015587205186876
69,0.5121704723987401
70,0.5076221750296852
71,0.4987479768957309
72,0.5097822916096547
73,0.5483872717476215
74,0.5636052823947401
75,0.5141923954311592
76,0.5284614155741767
77,0.5107576928942331
78,0.5145592644043323
79,0.5092081348461706
80,0.5758877734093155
81,0.5138134497568438
82,0.5041136240998694
83,0.5091165595742926
84,0.5478942494491047
85,0.5118396263805393
86,0.5495429401978036
87,0.50667708057471
88,0.5054024039345388
89,0.5329055129141765
90,0.5760439611739467
91,0.504239366481723
92,0.5078890937325014
93,0.5089757508260169
94,0.5126559816931902
95,0.5585867257441163
96,0.5017145825332088
97,0.5627351211395382
98,0.5097890044115293
99,0.5094778355501228
100,0.49917073351656427
101,0.5127912715226963
102,0.545112843044611
103,0.49755824409019006
104,0.49920706399335996
105,0.5135352817614884
106,0.5087395296244621
107,0.5109385701048053
108,0.5434617348569468
109,0.5037940206649707
110,0.5203297496807417
111,0.5047438462425802
112,0.5584134983850229
113,0.5558651256299614
114,0.5593203859482118
115,0.5758867911694837
116,0.5090974936205628
117,0.505571240620033
118,0.513402311965409
119,0.5091103406774498
120,0.4993107212877707
121,0.5463494087946278
122,0.5761344042722749
123,0.5107476784540288
124,0.5118918664644946
125,0.5137936886254884
126,0.5762759475285811
127,0.5515259630267358
128,0.5780892849705107
129,0.5004679278281801
130,0.501134040190323
131,0.49577158107539654
132,0.5062772170788316
133,0.5445339613969244
134,0.5753307331587842
135,0.5671082825703535
136,0.509959236641653
137,0.5455511182209449
138,0.5123172554093633
139,0.5763654506091755
140,0.5025424097094902
141,0.5588641928004883
142,0.5083412836317811
143,0.5104065537247338
144,0.5076889224014547
145,0.4916420691743534
146,0.5532871278405955
147,0.5119934777914343
148,0.5017501468273602
149,0.5062205849176326
150,0.5009355912254341
151,0.5086665271323835
152,0.540698988753239
153,0.5033888075104671
154,0.533716318110302
155,0.5037669965539351
156,0.5583316886285664
157,0.49919729671640317
158,0.5778303926243793
159,0.5075111237313872
160,0.5515796964137459
161,0.511784091861503
162,0.5032809457219561
163,0.5046709389635078
164,0.5278320285902799
165,0.5064918761804363
166,0.49863936900189554
167,0.5471548741962983
168,0.5090863802469174
169,0.5731748171417921
170,0.5787912170791546
171,0.503015179968324
172,0.4973809473066268
173,0.5506340938835415
174,0.547778894517926
175,0.5409546363728154
176,0.5553653683846898
177,0.49597493519160823
178,0.5092103306307902
179,0.5741276476735342
180,0.5766021488103881
181,0.5088962847831496
182,0.5683066606438415
183,0.5030484467659853
184,0.507996746590403
185,0.5070107427149503
186,0.5125184171652415
187,0.5378458549549114
188,0.5443481575727291
189,0.5183596208833867
190,0.5227268987399679
191,0.5244916523509893
192,0.5428033462030277
193,0.49867222409515793
194,0.5063020810432172
195,0.509078001966952
196,0.5069979218891146
197,0.5068635544633789
198,0.5104378998991167
199,0.5027961189464043
200,0.5150418870384097
201,0.5077868639830613
202,0.5024660582637733
203,0.5024264090938724
204,0.5746974089225239
205,0.5130542673674875
206,0.5070843111109494
207,0.5110571455324668
208,0.5110239384684129
209,0.5478229899711519
210,0.5741377335091089
211,0.5065825463508
212,0.5102274622920286
213,0.5761493445931276
214,0.5074441175218354
215,0.511838072743249
216,0.5431659359303352
217,0.4984804127061896
218,0.5068058177982968
219,0.5078017086094544
220,0.4907246598419794
221,0.503596635983228
222,0.5554205983228053
223,0.5106878782207012
224,0.509414693478087
225,0.50013588831883
226,0.5140009564424801
227,0.5764787075464998
228,0.5043951486649577
229,0.5092002580976206
230,0.503038837284179
231,0.5130876338159349
232,0.5094773097417501
233,0.5523346675507095
234,0.5745191193042964
235,0.5425492084786969
236,0.5759693908846193
237,0.5540233593793921
238,0.5515736647008426
239,0.5097865413018527
240,0.5340090565790306
241,0.5084004564719752
242,0.5097288882026352
243,0.5347195032789188
244,0.5059943139562809
245,0.5025001402489429
246,0.5071817859494137
247,0.5236176389294422
248,0.5020422819930265
249,0.5479229288902325
250,0.5548996625099779
251,0.5101016959194804
252,0.5011430940273304
253,0.5252327705717007
254,0.5102023070998953
255,0.5134033252815351
256,0.5096542154041208
257,0.5062928022534762
258,0.557327135263707
259,0.50203707111553
260,0.5725129856110878
261,0.5090532185143666
262,0.510144170208225
263,0.5266296931797904
264,0.5023180269328611
265,0.5040905486550559
266,0.556671798330243
267,0.5612051337079204
268,0.5132704248824632
269,0.5547626463821285
270,0.5038672819464982
271,0.5021253396629387
272,0.5046196427916456
273,0.5101154841234754
274,0.5121260285828918
275,0.5050609083201908
276,0.5750929073347877
277,0.575962530797407
278,0.49909028221521573
279,0.5085607417200738
280,0.5224368684953119
281,0.553606073014608
282,0.538024195854307
283,0.5190148334759921
284,0.5081573073927244
285,0.5011882602007734
286,0.5086098066191387
287,0.4979676134968414
288,0.5063756548871531
289,0.5553076611102721
290,0.5071762876249629
291,0.5395429972482473
292,0.5125491459112124
293,0.5151777202537176
294,0.5010362361347909
295,0.5017102586624097
296,0.5068858764074745
297,0.5089072219048925
298,0.5054187125316868
299,0.5571836233153036
300,0.5563517340019059
301,0.5470128601110401
302,0.5434479065832927
303,0.5071280580255759
304,0.574803602775765
305,0.5559751700969673
306,0.4933500599407385
307,0.5044250309331706
308,0.5030151364498978
309,0.5363917853362266
310,0.5004281399655357
311,0.5421754908417971
312,0.5192901624513806
313,0.5489302216779444
314,0.5028479924297213
315,0.5758964416167264
316,0.49631633102581585
317,0.4982915086935988
318,0.4976219196351327
319,0.5088463820645934
320,0.501563966988244
321,0.5055901498403913
322,0.5319680330307677
323,0.5076008540083701
324,0.5115784947108704
325,0.5049619119701119
326,0.5020064477545167
327,0.49977595950640746
328,0.5099045568481283
329,0.5650164317400067
330,0.5762438982910911
331,0.5033742141699495
332,0.4965944403260315
333,0.5329243609096216
334,0.5767267552070268
335,0.5501972432240697
336,0.5072384875282078
337,0.529661540874148
338,0.5090298528488083
339,0.5631517603409124
340,0.5624913461797576
341,0.509808636812807
342,0.5487527097310826
343,0.515751315827676
344,0.5172785417114133
345,0.5174797079969337
346,0.507387350434787
347,0.5576291899147321
348,0.5157869404749036
349,0.5083354403106972
350,0.5758238395395264
351,0.5742006605848013
352,0.5088344795753332
353,0.501066842781942
354,0.5576484039573564
355,0.5030115989419617
356,0.5331840566981906
357,0.5059937100600924
358,0.5787298078263259
359,0.5050627213259751
360,0.5538589956617124
361,0.5482213490425621
362,0.5317194649264645
363,0.5399698368513542
364,0.5124947648872439
365,0.5459157538434415
366,0.5085030674623164
367,0.5269883676866486
368,0.5089649473603987
369,0.5103050885884152
370,0.5133185545000872
371,0.5294534127055922
372,0.5025477877294909
373,0.537899558520756
374,0.5048841878892943
375,0.5610771399541001
376,0.5072511198135911
377,0.5098269121329827
378,0.5029551561263399
379,0.5081046825457407
380,0.517475093116273
381,0.5430622225219256
382,0.5275603756725566
383,0.5101307033201956
384,0.5058741646780328
385,0.509415936763391
386,0.5110664954857751
387,0.5115469773145438
388,0.5397866257140925
389,0.5063040194678949
390,0.5242934779707488
391,0.5367464307656389
392,0.5077795231288844
393,0.5113455749715448
394,0.5052426944914354
395,0.5258968986237231
396,0.4972906876238371
397,0.5043995797682318
398,0.5433759777485605
399,0.5096167481378515
400,0.5091199838485887
401,0.5594465277615586
402,0.5121071097490655
403,0.5784056335736321
404,0.503098669775391
405,0.5099708605828719
406,0.5100555052641853
407,0.5089805644942081
408,0.49953929501096295
409,0.5039888847113896
410,0.5063549593707068
411,0.5065080861456772
412,0.5058252292547389
413,0.5184477800428997
414,0.5088221175984099
415,0.4978527481480191
416,0.5088280789597921
417,0.5653859078146446
418,0.574577628620984
419,0.5089992489202995
420,0.522274067367873
421,0.5027872330370051
422,0.5100352017349457
423,0.5111979318334081
424,0.5050607072671913
425,0.5047851735428184
426,0.5181358449030491
427,0.5069172534208053
428,0.5072243059303254
429,0.5069812828069907
430,0.5085194539310957
431,0.511302269623954
432,0.5025116722934093
433,0.5035608712739834
434,0.496094300162817
435,0.5093784012759237
436,0.5195402273573749
437,0.5173732709717789
438,0.506984750833571
439,0.5749062960140869
440,0.5050744727341938
441,0.513937004564426
442,0.5116253187038301
443,0.5108938290318525
444,0.5041991943788062
445,0.49627797995607126
446,0.5085724817594877
447,0.5087532093810556
448,0.5117842008529749
449,0.5354443488154826
450,0.5054453284938256
451,0.5036362778755301
452,0.5060703561431982
453,0.5076123101438538
454,0.49980769054858243
455,0.5052016866389777
456,0.5079587338115119
457,0.538623959072765
458,0.5179153477474907
459,0.575779405491692
460,0.5075541780959838
461,0.5088352372054671
462,0.5747840422677939
463,0.5233171031797368
464,0.5093747842534156
465,0.508576281759759
466,0.5136347722953002
467,0.5631925074481257
468,0.5042764502528289
469,0.52557808054513
470,0.5544984258769312
471,0.540448529767328
472,0.5203177972464518
473,0.5072705870961289
474,0.5060112442741862
475,0.5239140124175964
476,0.5050150939526686
477,0.5563402124448161
478,0.5580359330134996
479,0.5782496223222208
480,0.5117049306012023
481,0.5291307931315499
482,0.5047244603059888
483,0.5029388980130983
484,0.5741178820817958
485,0.5764942675971657
486,0.5108697747086421
487,0.5088918391782677
488,0.5080560183085948
489,0.4970236358027604
490,0.5183704599017961
491,0.5095587582533811
492,0.49812736945562
493,0.5104695807146855
494,0.5593308143503023
495,0.5025098241884346
496,0.5018888940093803
497,0.5467957733297567
498,0.5092214395360033
499,0.48902212907147
500,0.5108029597007924
501,0.5576493753787822
502,0.501667244123577
503,0.5117151643154505
504,0.5057381757620497
505,0.5050176880717933
506,0.5031260171578075
507,0.5040220670579424
508,0.49998525015162765
509,0.5255973123363843
510,0.5057589394306187
511,0.5451446800103512
512,0.5040723311852165
513,0.5067411081178246
514,0.5549474905624352
515,0.5108421182606412
516,0.49537636703675036
517,0.5075763519354892
518,0.5071367146270167
519,0.5477784949970355
520,0.5048494517316732
521,0.5019053245461311
522,0.562526668282167
523,0.5045388531097867
524,0.511748786657699
525,0.5586277861502047
526,0.5749348463897401
527,0.5557774146138772
528,0.5742530410290835
529,0.5591232631142988
530,0.5741765341484766
531,0.5071561347760336
532,0.5080280837974316
533,0.5033890518184286
534,0.5052336037171032
535,0.5077965695132303
536,0.4993723542382889
537,0.5055883240517169
538,0.506131742233438
539,0.5040846738104618
540,0.5056463830171992
541,0.5023275116421961
542,0.5725438475111833
543,0.5106258813974407
544,0.5043427448530124
545,0.5145856835558231
546,0.5748130121986075
547,0.5003073721678197
548,0.5606971239846512
549,0.5319659426296286
550,0.5061616177601155
551,0.5073132234769918
552,0.5005379509699347
553,0.549610885415833
554,0.5116062858633011
555,0.5070633578886987
556,0.5081891602422549
557,0.5558613640221907
558,0.5063388008816136
559,0.5384500402176124
560,0.5357235801373965
561,0.5127703433443389
562,0.5047553924389161
563,0.5767128767621597
564,0.5044004829031459
565,0.5658970496581104
566,0.5144750731308562
567,0.4979109990531134
568,0.5758838643669127
569,0.5109098381819753
570,0.5067669472680325
571,0.5598444875997056
572,0.49360979941918615
573,0.5534628157586635
574,0.5082505722453202
575,0.5587779795213466
576,0.4986576833471945
577,0.5051168524365397
578,0.540882387088033
579,0.5606348512315298
580,0.5044406667842328
581,0.5533888851368258
582,0.5387305612178298
583,0.5107087503147267
584,0.5458378583795018
585,0.541128142071289
586,0.5137716994864656
587,0.5023693973196109
588,0.529437872226868
589,0.5031748715124083
590,0.5485481090714237
591,0.5111438946723077
592,0.5062028554344846
593,0.5097272344379221
594,0.5131573463208521
595,0.5098242566903817
596,0.49937797069155243
597,0.5059992342173574
598,0.5267442765771337
599,0.5160507745111904
600,0.4999283705773275
601,0.5136099090150783
602,0.5631081746675206
603,0.5358087854783974
604,0.5011334877081757
605,0.5076561760576408
606,0.506536718303469
607,0.5114732842427618
608,0.5493338583905966
609,0.518063497474179
610,0.5061854361463438
611,0.5144316022115177
612,0.5037519496574645
613,0.509270040459634
614,0.507749509266843
615,0.5039640926145199
616,0.49584048010961196
617,0.5058797952135345
618,0.5003254125130698
619,0.542242595104149
620,0.5077573663068916
621,0.5072090973688274
622,0.5038313470186963
623,0.5105413046745816
624,0.510959825678697
625,0.5046807498950563
626,0.5104218988354758
627,0.5494036439286359
628,0.5755907971159415
629,0.5749000047397317
630,0.559605714997104
631,0.5075223686079295
632,0.553140277478912
633,0.5031458765547253
634,0.5041638471815587
635,0.5626974939807871
636,0.5075024572123338
637,0.5143851133357532
638,0.5130981855444819
639,0.5445155012845189
640,0.5463242323224913
641,0.5128360801701854
642,0.504694921736393
643,0.5013340530414151
644,0.5144871715482366
645,0.5103059522553525
646,0.556540528972282
647,0.5236199859369957
648,0.49663045516541315
649,0.5127458391670309
650,0.576317425241764
651,0.5039488333971732
652,0.5552566853649772
653,0.5057890109738982
654,0.5178255567417919
655,0.5100154933206771
656,0.5041957370020628
657,0.5083083550084188
658,0.5724571137916976
659,0.5415152165796605
660,0.5001670449106075
661,0.5560720258592684
662,0.49886191565394267
663,0.5491243481951831
664,0.5503286411491274
665,0.5023458740960997
666,0.5181776514825082
667,0.498571169572103
668,0.5531158525505715
669,0.5087641868418333
670,0.5093787834965419
671,0.5004577464849767
672,0.5740154961320132
673,0.5752303023595853
674,0.5072507068949337
675,0.5080795573551699
676,0.5727832924231474
677,0.5090970754054686
678,0.5550362528733452
679,0.5087315864978665
680,0.510538062455798
681,0.57636524177606
682,0.5726938237227321
683,0.5225420907487384
684,0.5009205182148407
685,0.536766704567047
686,0.5107925047043264
687,0.5219274578618459
688,0.5005838413848477
689,0.5127791755141402
690,0.5157231675652127
691,0.5218261738970051
692,0.573909151929557
693,0.5091431163269465
694,0.5042501519862427
695,0.5002767927001978
696,0.577438775481457
697,0.513063600606029
698,0.5110023315252087
699,0.5044017754646923
700,0.5019297244530353
701,0.49867046670845294
702,0.5070676710910039
703,0.5041755016392939
704,0.576194806935727
705,0.5744964589154532
706,0.5305164351274626
707,0.5741036036580653
708,0.530655724410283
709,0.508073103438863
710,0.5597940333880133
711,0.505503497126065
712,0.5058073098432354
713,0.5114369771437083
714,0.574361707236942
715,0.5661057916644199
716,0.4992116225316429
717,0.5419324186233929
718,0.5089957900008751
719,0.5085656042605697
720,0.5431623871420102
721,0.5741856521775159
722,0.5045745762877887
723,0.5742973991544044
724,0.5087616105803696
725,0.5048343168112627
726,0.536655900417937
727,0.5759342246540619
728,0.5094526666186577
729,0.5038065781262517
730,0.5542467071900227
731,0.5406604945641972
732,0.5763113756527671
733,0.5137051882718874
734,0.5113054197562915
735,0.5651429291308795
736,0.5766789371876913
737,0.5475674956372188
738,0.5524166926929983
739,0.5114737620991876
740,0.49639339699344287
741,0.5672752363447682
742,0.5773817617110274
743,0.544707068270603
744,0.5625822306663406
745,0.49853331022169434
746,0.5065360414787806
747,0.5056132330558681
748,0.5043277584913338
749,0.4957989264235711
750,0.5024577334581697
751,0.5400322917508971
752,0.5020706263665499
753,0.5511988417276772
754,0.509480166114721
755,0.5444035903872761
756,0.5544037129978934
757,0.5030563744697919
758,0.550932474439382
759,0.49794707277502315
760,0.5029056864595547
761,0.5561452473491002
762,0.5110919705520767
763,0.5055367332346159
764,0.5284063261072817
765,0.5176469756847069
766,0.5769968739362227
767,0.49601579431979087
768,0.5615068164047076
769,0.5654442369633867
770,0.5095995292484828
771,0.5352498194914106
772,0.5722145053960748
773,0.5445594407383574
774,0.5055363862184676
775,0.5050499111579574
776,0.5061032296790928
777,0.5046984997400791
778,0.5050055693270499
779,0.5224874461770211
780,0.5598971821085377
781,0.538918142463251
782,0.502301834350046
783,0.5116171647971166
784,0.5620348386214784
785,0.5009377315085285
786,0.5059109722342658
787,0.506770851945331
788,0.5119061938334357
789,0.5169621829502276
790,0.5050329218497818
791,0.5075085647445294
792,0.5024283581456652
793,0.5146416388457054
794,0.5510649332284461
795,0.5123570060033036
796,0.5035238826456836
797,0.522781040753245
798,0.5041814565292696
799,0.5058005117324041
800,0.5684349756674678
801,0.5300108476833263
802,0.5408201585394992
803,0.5587737475400965
804,0.5034750257841833
805,0.5053430166732337
806,0.506224957059488
807,0.5107032156045674
808,0.512940534791388
809,0.4922395780939096
810,0.5459179504598409
811,0.513955709110719
812,0.5119275126110762
813,0.5091471097375525
814,0.5745572127154895
815,0.5152717225331825
816,0.5035881527646414
817,0.5462091692708664
818,0.5012238964957383
819,0.5566088627924065
820,0.5044934853081081
821,0.5775596445496679
822,0.4970044171084016
823,0.5080386281072317
824,0.5764320133861094
825,0.5004893543850802
826,0.5016924404175598
827,0.5334531405444657
828,0.5426903609550584
829,0.5195669284972272
830,0.5159900087048637
831,0.5065022542480964
832,0.5465592627097137
833,0.5099313282799292
834,0.5114121556905634
835,0.567163881374877
836,0.5096777164947408
837,0.5087134657272608
838,0.5117001452760146
839,0.5064762733589192
840,0.49770805858004363
841,0.5022526448371798
842,0.5658078423144303
843,0.5442981159468012
844,0.4993368128136174
845,0.5049229990526588
846,0.5068552952210296
847,0.5199824006222734
848,0.5471647471621164
849,0.5003179474486529
850,0.5228319672004524
851,0.5069667882714051
852,0.5391572616828394
853,0.5149381076303934
854,0.5028809254336357
855,0.5745432930344864
856,0.5194502018703493
857,0.5029594372557362
858,0.4963586757302456
859,0.509081060948688
860,0.5564520217761354
861,0.4964040729039421
862,0.508803950880231
863,0.5088135871318563
864,0.5033463709317709
865,0.5531057038778748
866,0.5048053950416205
867,0.5069424281829161
868,0.5098672531960209
869,0.5058072706880601
870,0.5079988176132053
871,0.5075212298926108
872,0.5117697042340592
873,0.5412876222257521
874,0.5054352285821238
875,0.5035780479170386
876,0.5044840348404684
877,0.5086672363548491
878,0.5118127428552893
879,0.5103575146439253
880,0.5341261504123487
881,0.5002114647906755
882,0.5479953883796114
883,0.5789423557865843
884,0.5046005107456996
885,0.5058289471546996
886,0.5047438057612492
887,0.5348671498506998
888,0.5069419112106627
889,0.5137909765228111
890,0.5353500842850322
891,0.5205545717545544
892,0.5065006326999876
893,0.5109453457435605
894,0.4969845933261723
895,0.5044936804891293
896,0.5107332337369436
897,0.5744950460681018
898,0.57515922356337
899,0.5512063545298462
900,0.5567726412149726
901,0.5092798095060874
902,0.49902624536098883
903,0.5155068621946545
904,0.5046115003645628
905,0.4988491152580071
906,0.5038783988754254
907,0.5090572377736573
908,0.5044818732823136
909,0.5521442533236304
910,0.5031692939701797
911,0.506476451190282
912,0.5007744361777728
913,0.5092026330689696
914,0.49952134815491567
915,0.5061540593740445
916,0.5493761233100363
917,0.5361692297816695
918,0.5046736152547886
919,0.5064544788256599
920,0.5060463808425297
921,0.5059739720298524
922,0.5036847619218249
923,0.5745050476181758
924,0.5046746811748233
925,0.5019912152771792
926,0.5385352015086201
927,0.5069414284167688
928,0.5749718099070642
929,0.5066127789212223
930,0.4991470318288657
931,0.5082392641828992
932,0.5393214118810306
933,0.5754019044648851
934,0.5055426163563181
935,0.5036153088438194
936,0.5023037516276478
937,0.5577448427265737
938,0.5631287120473487
939,0.5119081754813086
940,0.5175457953812312
941,0.50362738266038
942,0.5074604737220967
943,0.5122217080307716
944,0.5070888048822083
945,0.5743467324890905
946,0.5105759526247646
947,0.5452724296943857
948,0.5071866979800178
949,0.5020872973414624
950,0.5058031583530032
951,0.511983825764198
952,0.5048124199818339
953,0.5092654412634314
954,0.5174956678436358
955,0.5069404005653428
956,0.5099790601508858
957,0.5065597973699518
958,0.5529014681036947
959,0.5113957730668257
960,0.5074188850742513
961,0.501199273740845
962,0.5069087850806022
963,0.5123638468194625
964,0.5039371709743377
965,0.572902545793984
966,0.5176958468704849
967,0.5055734992019885
968,0.5575389859597124
969,0.5080534803674219
970,0.5141713424292083
971,0.5101654617732255
972,0.5123204581934181
973,0.5093176959290404
974,0.498706815326404
975,0.5112432855848865
976,0.5099472112458664
977,0.5763287039474164
978,0.5044149833941549
979,0.5013437174932585
980,0.5726387121237778
981,0.5015795522229204
982,0.5763043968023955
983,0.4981767707783583
984,0.5155328746594673
985,0.5763213805283484
986,0.5412411899064313
987,0.5305329625480367
988,0.5001205982531174
989,0.501454873998499
990,0.49634244087374624
991,0.5128092751058427
992,0.5467897442705424
993,0.5048000904908707
994,0.5129686555749013
995,0.5040187291507455
996,0.5101025942091788
997,0.5051111242637722
998,0.5156219171507304
999,0.5054198231528509
1000,0.502584930680687
1001,0.5126447648066356
1002,0.5039614234386771
1003,0.5106876670676185
1004,0.5610754526066506
1005,0.5128592094736741
1006,0.5124413158705203
1007,0.5129763058080151
1008,0.5087006513044612
1009,0.5025924330399811
1010,0.49846133916268165
1011,0.5002289670363423
1012,0.5131279415184953
1013,0.5074217070783238
1014,0.5662336763590574
1015,0.5170791030059712
1016,0.5756365223378619
1017,0.5093990949481809
1018,0.5045897736510364
1019,0.5048388134212354
1020,0.5253501151940825
1021,0.5502816224023561
1022,0.5067225797776963
1023,0.495969815412103
1024,0.5095326536159916
1025,0.5103912391267288
1026,0.5025436718305137
1027,0.5101738687420841
1028,0.5050914473982893
1029,0.49903437606503837
1030,0.550082898884227
1031,0.5728370178096036
1032,0.560465002219169
1033,0.5119447808065514
1034,0.5076679761524482
1035,0.5306578509509883
1036,0.5063771483878923
1037,0.5034798058386197
1038,0.5106880631049606
1039,0.574058119103998
1040,0.5066696591287932
1041,0.5098051512425178
1042,0.5112285501138603
1043,0.5100553112483286
1044,0.5754284298923736
1045,0.4985081669616973
1046,0.5132911749905452
1047,0.5272003971385986
1048,0.5033174129090318
1049,0.5049460505150704
1050,0.5577310658221265
1051,0.5401636404940544
1052,0.5107239098243269
1053,0.5000164993181095
1054,0.532174717463319
1055,0.5074788518707164
1056,0.5573453275225947
1057,0.5296430844170672
1058,0.4994027081366844
1059,0.5107825933757555
1060,0.5117924674812276
1061,0.5071641977471792
1062,0.5082359770786329
1063,0.497199356136411
1064,0.5042923015998341
1065,0.5065289798552286
1066,0.5538344386414551
1067,0.5077502494405188
1068,0.4987172639242513
1069,0.5086942427339591
1070,0.5078112870413636
1071,0.557386976640511
1072,0.5053372146448509
1073,0.5116589186361326
1074,0.5535278748253978
1075,0.5072997907156316
1076,0.5160028816940565
1077,0.5760719786577172
1078,0.510239813023666
1079,0.5476388780236776
1080,0.5765146241908553
1081,0.5045402955934662
1082,0.5083028731705856
1083,0.5772230784317636
1084,0.5100787995043655
1085,0.49776389025450923
1086,0.5120153076606293
1087,0.5265854214615188
1088,0.5260757640010548
1089,0.5595093539319933
1090,0.5049968110647001
1091,0.5081969826045174
1092,0.5176631379493393
1093,0.5040547658968793
1094,0.5050472001711593
1095,0.508232117046506
1096,0.5550946654195658
1097,0.5766038043540003
1098,0.5755346121217522
1099,0.5235341752314125
1100,0.504830841757412
1101,0.5064723194277331
1102,0.5058227064327872
1103,0.5760338425540981
1104,0.5083383060308214
1105,0.5119255253634005
1106,0.5111611611871194
1107,0.5136804954938422
1108,0.5186501036868103
1109,0.5062745020753613
1110,0.5019714749388693
1111,0.5103671982469886
1112,0.5093936985068168
1113,0.4969516400680968
1114,0.5764218530213687
1115,0.5428024600185225
1116,0.562477101582334
1117,0.508690715130089
1118,0.5100213795017898
1119,0.5141484069576424
1120,0.5138454102703305
1121,0.513601793053263
1122,0.5076576610473149
1123,0.5539403141689473
1124,0.5426720820959461
1125,0.5192419291901591
1126,0.5343943042905415
1127,0.5674242270060867
1128,0.49701904456478385
1129,0.5025817763377399
1130,0.5070341648052648
1131,0.5168348922953969
1132,0.5040100899532828
1133,0.5212123963359554
1134,0.5087945184245056
1135,0.5553884178516212
1136,0.5059914036560197
1137,0.5096813126659523
1138,0.5230666309128826
1139,0.5089159594950087
1140,0.5559583655960052
1141,0.5600282269836105
1142,0.5102684374794741
1143,0.5042720610541394
1144,0.5099885021609837
1145,0.5026693382010352
1146,0.5080261054015096
1147,0.49692005549335827
1148,0.5037267691142959
1149,0.5616187353654487
1150,0.4953529432362671
1151,0.5465515395962041
1152,0.5077120663624344
1153,0.554995105056818
1154,0.499180665400662
1155,0.5098761371567624
1156,0.5052880646668501
1157,0.502479170380969
1158,0.504185605141542
1159,0.4949296432715051
1160,0.5747716842169772
1161,0.5072434165240147
1162,0.5035207917628283
1163,0.505628443999685
1164,0.5134712493939032
1165,0.5134677757705374
1166,0.5221086389265623
1167,0.5095282730179016
1168,0.5078464756949159
1169,0.5730520487931827
1170,0.4997874642372768
1171,0.5148802680011131
1172,0.48396591577436876
1173,0.5764568194034272
1174,0.513821479886361
1175,0.5036234616993256
1176,0.5469825862311388
1177,0.5559969681828354
1178,0.492714040433219
1179,0.5473823262220865
1180,0.5043631614418822
1181,0.5646633503625683
1182,0.5090201783418895
1183,0.5127439233381728
1184,0.5052372192194552
1185,0.5066857236164396
1186,0.5014618335980296
1187,0.5758437760902226
1188,0.5552983220894495
1189,0.5350610396643871
1190,0.5081744186957231
1191,0.5089506417024221
1192,0.5567824965370425
1193,0.5045914296608727
1194,0.49848588093422436
1195,0.5411488618428983
1196,0.4933389823180326
1197,0.5104366989389332
1198,0.5151999230037128
1199,0.5042391550845111
1200,0.507265374067856
1201,0.5739954867442771
1202,0.5110739595183431
1203,0.5136339978008622
1204,0.5088751117027949
1205,0.5127789502794899
1206,0.5565887452486389
1207,0.5512306223902789
1208,0.51580740964195
1209,0.5767109876029133
1210,0.5096500174090053
1211,0.5092292635899849
1212,0.5536534864815937
1213,0.5134435989379578
1214,0.5221388225158592
1215,0.5095837030325873
1216,0.4993999988998852
1217,0.5071388971547441
1218,0.5099788874422839
1219,0.5389628754286179
1220,0.5504526425647789
1221,0.5756519898380654
1222,0.5013746025577489
1223,0.5139367947578748
1224,0.5180796560103992
1225,0.5233568344749492
1226,0.5052340714464463
1227,0.5043163126272577
1228,0.5119777804627691
1229,0.5071600917815471
1230,0.5017963899790818
1231,0.5144210794373304
1232,0.5048911114880359
1233,0.543849942438022
1234,0.5118218475492187
1235,0.5067255089448205
1236,0.514009317972125
1237,0.5068818846143537
1238,0.5509636489507462
1239,0.5027346210599146
1240,0.5058973206310048
1241,0.5026422481011462
1242,0.517937232279899
1243,0.5046053462313541
1244,0.5135668177044372
1245,0.5108609196109455
1246,0.5748603389021462
1247,0.5044229949510579
1248,0.5013863792340517
1249,0.5500680411555566
1250,0.5228938555032718
1251,0.5619717661931108
1252,0.5019190184909555
1253,0.5431003343693075
1254,0.501905756426893
1255,0.5545767082203857
1256,0.5463281580774485
1257,0.5746185423592147
1258,0.5071692389024837
1259,0.5095841143744314
1260,0.553418465974453
1261,0.5741860322972823
1262,0.519903201760483
1263,0.5136886025994332
1264,0.5413216943280548
1265,0.4984392292059521
1266,0.556887361903948
1267,0.5007242581969789
1268,0.5763455126868361
1269,0.5094294072580644
1270,0.506510878536144
1271,0.5061453440606308
1272,0.5093206474123959
1273,0.575236429857136
1274,0.5748455241091184
1275,0.5477530481980137
1276,0.499059979590609
1277,0.5626012023798638
1278,0.5062073716886213
1279,0.556487414648842
1280,0.5751713204564849
1281,0.5152550516667559
1282,0.5019023539517192
1283,0.5017490802582462
1284,0.5115126849491817
1285,0.5054580924237689
1286,0.5128201429679841
1287,0.5283366746184013
1288,0.5601212825891848
1289,0.5080384360541276
1290,0.5531762940759859
1291,0.4972666154691658
1292,0.5049584189088219
1293,0.505231130284999
1294,0.5109184508402502
1295,0.5622620970880658
1296,0.5014348290083082
1297,0.507184323389529
1298,0.5015146504333092
1299,0.5076365711754963
1300,0.5550456740530392
1301,0.5581176418859367
1302,0.517693292153814
1303,0.50768600800422
1304,0.5014396103395462
1305,0.5557487908142857
1306,0.5737384768117025
1307,0.5028628295844415
1308,0.5062071258807196
1309,0.5071102465581908
1310,0.511805183420384
1311,0.546335343686289
1312,0.5372574368080993
1313,0.5789304328981164
1314,0.5391119597807844
1315,0.5088136940865887
1316,0.5220294257498185
1317,0.5233820675953216
1318,0.5053665980264026
1319,0.5458486313035038
1320,0.5053387438325916
1321,0.5660414167069386
1322,0.5660035898262957
1323,0.5018124505796933
1324,0.5042588850943973
1325,0.5113022068720022
1326,0.5742999345677392
1327,0.5089052446646213
1328,0.5032055952987105
1329,0.5596189565133595
1330,0.5110682363492913
1331,0.5129573792993516
1332,0.495645759489404
1333,0.49877575170589084
1334,0.5129189140707001
1335,0.534672450894492
1336,0.5253815836298964
1337,0.5004671218140307
1338,0.49912598346957304
1339,0.5616282854451478
1340,0.5452319066026194
1341,0.5499217866569406
1342,0.5315848073859211
1343,0.5129168752032598
1344,0.5000524912816191
1345,0.5089177884564878
1346,0.5613349302173088
1347,0.5062913090682709
1348,0.5635417603244142
1349,0.5501611185654288
1350,0.5607385036639074
1351,0.5122305688806732
1352,0.5057629345528996
1353,0.5473922184984208
1354,0.5769991942636222
1355,0.5001931891519263
1356,0.5086830021575088
1357,0.5579381592634934
1358,0.5549748472410247
1359,0.5494133397938813
1360,0.5537063656050076
1361,0.5095085913774635
1362,0.5396617776765379
1363,0.5079048524125596
1364,0.5117154735965472
1365,0.5094296175537839
1366,0.5163034667424049
1367,0.5050658370495041
1368,0.5014629451979131
1369,0.5599047046837693
1370,0.5594492799680465
1371,0.5109168397728314
1372,0.5063844264373376
1373,0.5099209423347232
1374,0.5003882725088651
1375,0.5053001417561906
1376,0.5151818644873797
1377,0.5587451545334841
1378,0.5032385551958323
1379,0.517186500876192
1380,0.5767596559554441
1381,0.4975214962874207
1382,0.5063631096198621
1383,0.5359980094032266
1384,0.4976775054252713
1385,0.5071630661939457
1386,0.5055756504284294
1387,0.5036751052022647
1388,0.4991192359730696
1389,0.5441158218280184
1390,0.5217891194634152
1391,0.5583225766867669
1392,0.5128246047918101
1393,0.5578976786704049
1394,0.4988426129184375
1395,0.5066086512265321
1396,0.5240860526293984
1397,0.5240621805247436
1398,0.4977625926211695
1399,0.5438977421774105
1400,0.5117746987736769
1401,0.506348805711609
1402,0.5605388907429795
1403,0.5080351007885864
1404,0.5096773164128665
1405,0.5094571868312213
1406,0.513132504809954
1407,0.5479579169864506
1408,0.5131458070458257
1409,0.5001003768627778
1410,0.5210008887468764
1411,0.5020210508117473
1412,0.5222468633695101
1413,0.5073759818224446
1414,0.507553383034383
1415,0.5127364052774728
1416,0.5008235628669456
1417,0.5098244210223349
1418,0.5742752074988962
1419,0.5362915246117317
1420,0.5067596110045443
1421,0.5067008400507971
1422,0.5109297363422224
1423,0.5530994144573078
1424,0.5685161909679366
1425,0.561923900556788
1426,0.5069480270647311
1427,0.5218472487635943
1428,0.5035622159876185
1429,0.49966236271442704
1430,0.5109797675271656
1431,0.5127267276642861
1432,0.5523440630275891
1433,0.51016336095159
1434,0.5079681761144074
1435,0.5006694562181128
1436,0.5466008163719946
1437,0.5082620735391419
1438,0.5098614402231718
1439,0.5098418197081496
1440,0.5109345551123855
1441,0.5366164071650967
1442,0.4977241559667956
1443,0.5576558633995039
1444,0.5181065417488241
1445,0.5296765380882251
1446,0.49895733211123044
1447,0.5634523551071681
1448,0.5126359043387261
1449,0.5458442544093067
1450,0.5145388701148332
1451,0.5423054909674858
1452,0.5465852708290708
1453,0.538211590035072
1454,0.5040706748928792
1455,0.547941345141001
1456,0.5258744479668681
1457,0.5059561962761794
1458,0.5114888229274007
1459,0.5076011879922829
1460,0.5125022960463061
1461,0.509183064239424
1462,0.5346277234073087
1463,0.5038974188957517
1464,0.5067762521351148
1465,0.5094176217214309
1466,0.5036119264672744
1467,0.514484834424999
1468,0.5729402409672666
1469,0.5466214111027133
1470,0.5053063424362745
1471,0.5754109185891374
1472,0.5073186991720889
1473,0.5747171109178859
1474,0.5750104650446102
1475,0.5125068070646878
1476,0.5128684354571074
1477,0.5065267884830006
1478,0.5514952054787405
1479,0.5132604267602321
1480,0.507421621897242
1481,0.5455223583597096
1482,0.5637198794954124
1483,0.512019190490739
1484,0.5333871055988879
1485,0.5075930226797913
1486,0.5120212751488036
1487,0.5204182139903808
1488,0.5056108855971878
1489,0.49508437955494206
1490,0.4986659229413696
1491,0.5578600087832186
1492,0.5058947391314998
1493,0.5790468716703825
1494,0.5062103711303543
1495,0.5146252150754773
1496,0.5162072976429323
1497,0.5075806446556184
1498,0.5085695227729509
1499,0.5297422658834778
1500,0.5736448270007952
1501,0.5077209692264356
1502,0.5147829375155473
1503,0.5123978414971861
1504,0.5100952127771123
1505,0.5104929520610115
1506,0.5521832779841732
1507,0.5776404959148354
1508,0.5040739462066578
1509,0.5022157699108121
1510,0.5078667529274329
1511,0.5474621958660447
1512,0.5752379114266151
1513,0.5121265180752149
1514,0.5010834095937626
1515,0.5143052422132932
1516,0.5108809840873733
1517,0.5775073461693411
1518,0.5387907338773327
1519,0.5075481521615687
1520,0.5205294891232068
1521,0.558581430741141
1522,0.533262635214811
1523,0.5401911867930548
1524,0.5021145489381404
1525,0.513758694749634
1526,0.5044950444716717
1527,0.5121984014643689
1528,0.5407273612300442
1529,0.5028063502085554
1530,0.509350142090195
1531,0.5072062351371847
1532,0.5466810472132152
1533,0.5342744615586752
1534,0.5233681852694536
1535,0.523314448194087
1536,0.49311772857366043
1537,0.4991551232367608
1538,0.5553936640249513
1539,0.554420065558636
1540,0.5089520176570179
1541,0.5098979296863861
1542,0.50664421761866
1543,0.4990315624704785
1544,0.5139470583340595
1545,0.5140286161903389
1546,0.4986815831516407
1547,0.5068572063661263
1548,0.5097210049430698
1549,0.573380051537909
1550,0.5120357947559084
1551,0.5060023088921362
1552,0.5038796793923997
1553,0.5171194681449327
1554,0.5048654040341383
1555,0.5306740270288046
1556,0.5044229243077296
1557,0.5518035349538342
1558,0.573595100933484
1559,0.49046701821341376
1560,0.5009573188653047
1561,0.5180364611170392
1562,0.5508901768396571
1563,0.5712685953812431
1564,0.5096814012223956
1565,0.5084623068764337
1566,0.5746927077354644
1567,0.5572511664088852
1568,0.5379357522924352
1569,0.5689824748113519
1570,0.5038488325937207
1571,0.49558041755225724
1572,0.5395157925707064
1573,0.5097677986578638
1574,0.5091688883421425
1575,0.5083177833230748
1576,0.512904870111032
1577,0.5565542829447725
1578,0.5087219321875952
1579,0.5766523281397277
1580,0.511492403263884
1581,0.5070754937777826
1582,0.49142080320326254
1583,0.5103216745621534
1584,0.5386363423190298
1585,0.5092464804475234
1586,0.529493267029133
1587,0.4978868785526259
1588,0.5075826602690355
1589,0.5666998761187533
1590,0.5016614477961845
1591,0.4982577456749199
1592,0.5751460376822711
1593,0.504168972625406
1594,0.5073761050036362
1595,0.5449964703976923
1596,0.5629515762076966
1597,0.4943309968217947
1598,0.5070906803168252
1599,0.5739464080427484
1600,0.5051993368374891
1601,0.506639917844923
1602,0.5458499096496503
1603,0.49652032126824736
1604,0.5065353655044996
1605,0.5643292764692104
1606,0.5116168894814327
1607,0.4971557166346599
1608,0.5012944547134903
1609,0.5753947946374445
1610,0.5053435768695578
1611,0.5163335130020965
1612,0.5313971347182813
1613,0.5126754287854286
1614,0.5038099260506559
1615,0.5042684243163519
1616,0.5494102334433417
1617,0.5078060505773884
1618,0.5005202116912457
1619,0.526807203022963
1620,0.5100682349501706
1621,0.5050856301933635
1622,0.5090267847676024
1623,0.5423281389467555
1624,0.5087506643836159
1625,0.5071896879909663
1626,0.5046014005331316
1627,0.5747666071208769
1628,0.5080327747578619
1629,0.5639821741889132
1630,0.5143106712498304
1631,0.5701926202293632
1632,0.5110334387300437
1633,0.5094042971511108
1634,0.5106143992186137
1635,0.5428890525225787
1636,0.5738280755296119
1637,0.5168479704853807
1638,0.5078605890640696
1639,0.5069959952551237
1640,0.5496608659397396
1641,0.5393127380729037
1642,0.544437516919808
1643,0.5073018458355916
1644,0.5752114565648134
1645,0.5110495833887139
1646,0.5009200747723042
1647,0.5121948717399891
1648,0.5008384462738489
1649,0.49804307920563984
1650,0.5061588392037356
1651,0.506963592411311
1652,0.5050538764748054
1653,0.5003221619325464
1654,0.5631096612876462
1655,0.557121680862196
1656,0.5763997868268439
1657,0.5015594304138077
1658,0.5020004016881785
1659,0.5433685262120299
1660,0.5513578660565687
1661,0.5021135769485248
1662,0.517140151479213
1663,0.49384306859601773
1664,0.5063939486248621
1665,0.5006836932863878
1666,0.5047809871635586
1667,0.577325461520021
1668,0.5034416262792141
1669,0.5517989641001466
1670,0.5119218432682674
1671,0.5004872062608108
1672,0.5478883497699335
1673,0.5454824077495322
1674,0.5764673708643329
1675,0.5081837681858402
1676,0.5131383474546006
1677,0.5064632317738808
1678,0.5754478785299693
1679,0.5098765703344889
1680,0.5091043111046414
1681,0.5240730151417605
1682,0.500088350727371
1683,0.5092401011044492
1684,0.5109274656634103
1685,0.5760307219057783
1686,0.5399501091122434
1687,0.5059204788583098
1688,0.5108312323422844
1689,0.5026083600195376
1690,0.5025605063369972
1691,0.5091787880422882
1692,0.5308160048381307
1693,0.5743789864582365
1694,0.5106342919112467
1695,0.5115531141173726
1696,0.5010437956320206
1697,0.5020237362794806
1698,0.5585098830362065
1699,0.5009831457293947
1700,0.508592120399395
1701,0.5026493019768912
1702,0.5129833123670656
1703,0.49888586755929337
1704,0.49196390696988657
1705,0.4972371555615921
1706,0.5767652762320584
1707,0.5095698880243459
1708,0.5006443441156798
1709,0.5059037944401841
1710,0.5756762106603809
1711,0.5012466520209129
1712,0.5346902447207219
1713,0.5050765283678047
1714,0.49895582486648
1715,0.5038892750602134
1716,0.5174504698582447
1717,0.5336245537502308
1718,0.4920254205972633
1719,0.5033700184739441
1720,0.5756286314549887
1721,0.5135114137988606
1722,0.5059169613657909
1723,0.5023976320304738
1724,0.5740082519535038
1725,0.506800355020628
1726,0.5005953142417803
1727,0.49858849143551726
1728,0.5187239080519626
1729,0.5118234052331845
1730,0.49788625422364746
1731,0.5754918638478679
1732,0.5599197328519059
1733,0.5052560933063018
1734,0.5558357127175572
1735,0.5763781755401401
1736,0.5124581172237079
1737,0.4951398013591863
1738,0.5578065363567599
1739,0.5005222387694821
1740,0.5579012433700045
1741,0.5039602858335154
1742,0.514335113861085
1743,0.4943166182719939
1744,0.5098684152882372
1745,0.49842106038984524
1746,0.5056366440699672
1747,0.4997688748440301
1748,0.5085353749508772
1749,0.5075811546769192
1750,0.5048335541095286
1751,0.5362757365013294
1752,0.5111950992554232
1753,0.5618010736752292
1754,0.49836592151329195
1755,0.5066709376729431
1756,0.5012215059184129
1757,0.5721133503138414
1758,0.5053142353245843
1759,0.5057544715727096
1760,0.5207573711968214
1761,0.512224558673616
1762,0.5061901640766361
1763,0.5178269849448198
1764,0.5538098906422149
1765,0.5072933501846602
1766,0.505333557234474
1767,0.5614310133881577
1768,0.5237771428369299
1769,0.5158881602042314
1770,0.5764493188593434
1771,0.5023672188561894
1772,0.501633136929449
1773,0.5123689255637572
1774,0.49631859449121757
1775,0.5078449435199006
1776,0.531895855402024
1777,0.5066734054196679
1778,0.5764446163280482
1779,0.5070643787288942
1780,0.5124009685639239
1781,0.5101938309762961
1782,0.506510721547508
1783,0.5370832557674852
1784,0.5014094740809029
1785,0.5068467562347351
1786,0.5466409099046036
1787,0.503155303347813
1788,0.5187332842992797
1789,0.5467924817554322
1790,0.5061242146954543
1791,0.5142695023039734
1792,0.5051273635971084
1793,0.49971807063095697
1794,0.5594739168350151
1795,0.5102127076253987
1796,0.5474699517001496
1797,0.507814412586288
1798,0.5753570871894089
1799,0.5104070111463531
1800,0.5537305679479907
1801,0.5063517579906651
1802,0.5747686240187153
1803,0.5194195402519424
1804,0.5751893111911732
1805,0.501510306594283
1806,0.5084254044598864
1807,0.5062842444052165
1808,0.49854752208669795
1809,0.5776545314743134
1810,0.5213737944949326
1811,0.49788962226825484
1812,0.5060193430511308
1813,0.5010436655621796
1814,0.5215992461272775
1815,0.5208760704226042
1816,0.5067332363810283
1817,0.5091245787209683
1818,0.5100833768417965
1819,0.5045784654910772
1820,0.5099781805156292
1821,0.5045902282824464
1822,0.5125394619431083
1823,0.56059956373929
1824,0.5055524076055606
1825,0.5241737603465829
1826,0.5140341519326862
1827,0.5107663362953224
1828,0.5599288404856624
1829,0.503131167285667
1830,0.4966429889443609
1831,0.5119912422918468
1832,0.5065924460575154
1833,0.5002924446202496
1834,0.5097902742015236
1835,0.5085387356062838
1836,0.5040401259995987
1837,0.507049507900291
1838,0.5020894004810158
1839,0.495824552913011
1840,0.5556740615717992
1841,0.5474041483671125
1842,0.5525410651314353
1843,0.5738235599064472
1844,0.5512765183010822
1845,0.5182407645465811
1846,0.5107463670138953
1847,0.5771103108389948
1848,0.49754745461309646
1849,0.5423254174262091
1850,0.5033802017540037
1851,0.5024605912076197
1852,0.5493065846166373
1853,0.5133129775222691
1854,0.5426982145624313
1855,0.5770149470469903
1856,0.499318493882124
1857,0.537327778501064
1858,0.513674163764022
1859,0.5077163691624114
1860,0.5063604621746612
1861,0.5536217930752181
1862,0.5133161358450652
1863,0.5056591374845355
1864,0.5160821346483119
1865,0.5094730469300955
1866,0.5333081570263696
1867,0.5145481395477767
1868,0.5112296821611783
1869,0.4951016710720502
1870,0.5131722912379002
1871,0.5529494136600159
1872,0.5007555284159921
1873,0.4998282197626854
1874,0.551935897502465
1875,0.5603602409382602
1876,0.49860957087051605
1877,0.5152398871081174
1878,0.5058588995880973
1879,0.5483239846179413
1880,0.5596064301871455
1881,0.5138845779772601
1882,0.5762801762422891
1883,0.5501305353704147
1884,0.5270257116010609
1885,0.50450243079546
1886,0.5036728565203816
1887,0.5042323517972548
1888,0.49649098687045035
1889,0.508194125161608
1890,0.5009915419511379
1891,0.5272276837065668
1892,0.5499197518866757
1893,0.5099219656373533
1894,0.5109413852448363
1895,0.5072103962879946
1896,0.5086021958297425
1897,0.5009976307431757
1898,0.5056096759219646
1899,0.5107706500349639
1900,0.49921570451626474
1901,0.5119342436622077
1902,0.5739898993244136
1903,0.5605520807074702
1904,0.4903102457288605
1905,0.5031029640358988
1906,0.5099981362900983
1907,0.5488076178639739
1908,0.5403294136234134
1909,0.5066662145463182
1910,0.5064514561798972
1911,0.5484871129497351
1912,0.4962035410832092
1913,0.5139486968017225
1914,0.5776556599169553
1915,0.5050006697355539
1916,0.5139461652442785
1917,0.5101640898506352
1918,0.5053828758782115
1919,0.5045728165873786
1920,0.5096169949809313
1921,0.5747356264759815
1922,0.5763192792587803
1923,0.49527673074995376
1924,0.5070796375119471
1925,0.5356483703679751
1926,0.5033652113036928
1927,0.5057914041792239
1928,0.5762788981494473
1929,0.5077708939694336
1930,0.5759484147047509
1931,0.5031504226362383
1932,0.5094090507224631
1933,0.4973263004423194
1934,0.574406917901312
1935,0.5574431809022085
1936,0.5031640416741852
1937,0.5567140177316492
1938,0.5087819492994898
1939,0.5524315491538914
1940,0.5114704058825482
1941,0.5758232531740392
1942,0.5028938478637542
1943,0.5051974697047372
1944,0.5046049061903323
1945,0.5169384489142723
1946,0.5051461014491404
1947,0.5053718951760008
1948,0.5605924426976655
1949,0.5087336106461002
1950,0.5125544332740415
1951,0.5177664861908096
1952,0.5040678134703869
1953,0.5121551800695323
1954,0.5069217333781781
1955,0.5090782477259002
1956,0.5113779761047721
1957,0.5170985191208216
1958,0.5081831849482324
1959,0.5046200294779681
1960,0.5468486134039682
1961,0.503442086373342
1962,0.5384039964916711
1963,0.5557892093915213
1964,0.5467873324153938
1965,0.5773070623768273
1966,0.5091129925799224
1967,0.5768788219645992
1968,0.5457136645781988
1969,0.5008527893857296
1970,0.5083908745057123
1971,0.5068468427376337
1972,0.5086711445543951
1973,0.5125449867478615
1974,0.5098556784261514
1975,0.5474199352669314
1976,0.507623940890447
1977,0.5474229357881748
1978,0.5617366912647985
1979,0.5056485716874001
1980,0.5051082725447169
1981,0.5553036149288982
1982,0.527921502136987
1983,0.4985115637175292
1984,0.5088318843556687
1985,0.50917384542049
1986,0.5047505987927893
1987,0.577381162897234
1988,0.4998846090586107
1989,0.516096560890916
1990,0.4972999134450786
1991,0.5016083441421855
1992,0.5077016933854359
1993,0.5006205088334326
1994,0.5312923599603177
1995,0.507154351852909
1996,0.5751919551872213
1997,0.5115794352408266
1998,0.5745746672665523
1999,0.5504173276536252
2000,0.5058265751105928
2001,0.5758090404294846
2002,0.5118532893720389
2003,0.5238843097526795
2004,0.5068021355301032
2005,0.5122521707882992
2006,0.5068819664199941
2007,0.5040421058670146
2008,0.5017997165903416
2009,0.5095894026400559
2010,0.553356675308873
2011,0.506852506712616
2012,0.5041995865268728
2013,0.4984677038420657
2014,0.5098385792573364
2015,0.5077431563263751
2016,0.5128657443840481
2017,0.5139001729185649
2018,0.5110056439792324
2019,0.5058359867046334
2020,0.5075141350782661
2021,0.5106021089734327
2022,0.509799791924789
2023,0.5086649953046558
2024,0.5134988204687045
2025,0.5091015825747951
2026,0.5518253095062273
2027,0.5357565912711242
2028,0.5296501195440205
2029,0.5147203444194539
2030,0.5102219234100948
2031,0.5080594911792283
2032,0.5056236445400758
2033,0.5736155601173588
2034,0.5129120184586179
2035,0.5399406099818452
2036,0.5511027242503325
2037,0.5106573170673041
2038,0.5759477198087422
2039,0.5060415278543078
2040,0.5145637097967528
2041,0.521169459936514
2042,0.49426451709782837
2043,0.5097560573637446
2044,0.5065955724914141
2045,0.5069798698018211
2046,0.5758946415251474
2047,0.5615964564978989
2048,0.5192010956402168
2049,0.5077413604873408
2050,0.5190430449666693
2051,0.5748253520778417
2052,0.5737163835631287
2053,0.50658233782028
2054,0.4941412408735307
2055,0.505854582848881
2056,0.5056815210623261
2057,0.544362867147105
2058,0.5006833760841684
2059,0.512412214224749
2060,0.5120174583665252
2061,0.5073674243054906
2062,0.5017012767906319
2063,0.4968387109115613
2064,0.5739445632763633
2065,0.550372423146658
2066,0.5004450884325824
2067,0.4906862108805855
2068,0.5026704847700232
2069,0.5126322054153444
2070,0.5073749919255267
2071,0.5076601957159151
2072,0.5458397646139523
2073,0.5068927182851716
2074,0.5069088801128696
2075,0.576923691792036
2076,0.5273669253597442
2077,0.5147817959827123
2078,0.5133621710528014
2079,0.5729643308013302
2080,0.5740856013885343
2081,0.5041003365338145
2082,0.5565033360863164
2083,0.5094692736660691
2084,0.5062166182735385
2085,0.5162202996438043
2086,0.573383468024218
2087,0.5740691331340249
2088,0.5526375545637763
2089,0.5224325163361248
2090,0.5084288418067205
2091,0.5770575758927952
2092,0.5081937668652334
2093,0.5059147521779742
2094,0.5091290805653432
2095,0.5365975253940977
2096,0.5070456343347136
2097,0.5528793417190359
2098,0.5062689719659121
2099,0.5778578233177234
2100,0.548224100435391
2101,0.5149640717081099
2102,0.5004603773274523
2103,0.4986768837063112
2104,0.5365071501105756
2105,0.5086906877697808
2106,0.5125674640033732
2107,0.501203088550173
2108,0.575690359249178
2109,0.4977932488177929
2110,0.5083550274072688
2111,0.5077237098449713
2112,0.5152516707635436
2113,0.5448103666802115
2114,0.5756833523550906
2115,0.5584478820114579
2116,0.499215728414228
2117,0.5130016816440482
2118,0.5104635958064481
2119,0.5105500766402
2120,0.5399123535304857
2121,0.5186629054071004
2122,0.5197979209032807
2123,0.5745366816540363
2124,0.49611099603161196
2125,0.5461381722333345
2126,0.49816332002722
2127,0.5193788636409349
2128,0.5196637534819526
2129,0.5064448159300411
2130,0.5146563602658316
2131,0.5418601006457888
2132,0.505017280452082
2133,0.5076074694978353
2134,0.574578529271825
2135,0.4964894379595669
2136,0.5042777144312623
2137,0.5042371098915737
2138,0.516163300046957
2139,0.5735618042575504
2140,0.5738434934364761
2141,0.5061820605476608
2142,0.5577680980028239
2143,0.4894802390746884
2144,0.5750253338175049
2145,0.5033857710173332
2146,0.5726091694367975
2147,0.49946279424818824
2148,0.5733959810752006
2149,0.5042532927248293
2150,0.5010295762807302
2151,0.5503525647633827
2152,0.5174046916590445
2153,0.5335081076842505
2154,0.5040988215758261
2155,0.5581916589834088
2156,0.5011717259446578
2157,0.49847423149138287
2158,0.5081340976317481
2159,0.5035376936119225
2160,0.5109437595191294
2161,0.5024061608273307
2162,0.5583471336303789
2163,0.5003626463364744
2164,0.5012313121197887
2165,0.4966936312282081
2166,0.513484205508844
2167,0.5104022846670841
2168,0.49922320643813983
2169,0.5588136939137981
2170,0.5022593245527937
2171,0.5079300569172223
2172,0.4902352351167791
2173,0.5275501020419191
2174,0.5136415606819354
2175,0.5521511127837007
2176,0.5551608840147224
2177,0.5055386480210385
2178,0.5033126500336917
2179,0.5082048841131985
2180,0.5016661217108572
2181,0.5086738669460535
2182,0.5074494102586831
2183,0.49772290138034314
2184,0.5399770265914654
2185,0.5420733762250627
2186,0.5541677136056594
2187,0.5158289969662584
2188,0.5032656905737479
2189,0.5653477951781415
2190,0.5078863832071318
2191,0.4998044116738662
2192,0.5001342194423145
2193,0.5164096595783116
2194,0.502478224538184
2195,0.5012565424756099
2196,0.5523527062290694
2197,0.504934882580604
2198,0.504204027071933
2199,0.5037517042244536
2200,0.5065827087140116
2201,0.5476863496932083
2202,0.5072634052959242
2203,0.5078645580825208
2204,0.5782308903443472
2205,0.5249779591912025
2206,0.5136610289937042
2207,0.506591967361399
2208,0.5055303722596869
2209,0.50985617406688
2210,0.5370869373246124
2211,0.4982457715400418
2212,0.5079249627706942
2213,0.5205806204211669
2214,0.5074035648204732
2215,0.5508781594880314
2216,0.5127354517012135
2217,0.5096086047171969
2218,0.5085449992439874
2219,0.5037912322000471
2220,0.5092474380414067
2221,0.5089658158494338
2222,0.4971599805999851
2223,0.5296079377990509
2224,0.5407578317158092
2225,0.5074052551797671
2226,0.5333319725355219
2227,0.5033460188340445
2228,0.5035431788263657
2229,0.5623581530053443
2230,0.5156539434479938
2231,0.5142902480598064
2232,0.5183847765684011
2233,0.5043565079494341
2234,0.5106252755708318
2235,0.5043346526613001
2236,0.5602392676752532
2237,0.5080015387588485
2238,0.555907903839702
2239,0.5053013718333714
2240,0.5142085314079476
2241,0.5373476666136686
2242,0.5097854279337849
2243,0.5042772059325793
2244,0.5076255709764479
2245,0.5122219072675387
2246,0.5525950954791331
2247,0.5054573513130348
2248,0.5235616396236388
2249,0.5745677952841959
2250,0.573878716021551
2251,0.5039794242827785
2252,0.51698296766027
2253,0.54345072964591
2254,0.49944474102992387
2255,0.5050213274735118
2256,0.5763597510435946
2257,0.5051645776804113
2258,0.5063462175284672
2259,0.5007111018268584
2260,0.5729718293662671
2261,0.501763330020866
2262,0.5021933597410925
2263,0.5064606525758463
2264,0.5242543909571241
2265,0.5740982308450915
2266,0.5095629794338131
2267,0.5015677644453873
2268,0.5101213554113884
2269,0.5040464712136439
2270,0.5056505994968891
2271,0.49885758255583573
2272,0.5138262811223536
2273,0.5038170759351075
2274,0.5490683908618774
2275,0.5734903838593299
2276,0.5751298706781418
2277,0.5035759954847728
2278,0.5064769859833067
2279,0.5067800221663536
2280,0.5065542566927456
2281,0.5771250772569188
2282,0.5126201348622068
2283,0.5078943921982093
2284,0.5266313586745726
2285,0.49819746484289784
2286,0.5101785098594723
2287,0.5059000381815961
2288,0.5056773903419567
2289,0.5018166523088509
2290,0.5105190551406884
2291,0.5272951013668613
2292,0.5070156391730584
2293,0.5059334547821557
2294,0.5475615511204768
2295,0.5140879453517221
2296,0.5177600749713466
2297,0.5023025519168017
2298,0.5083213830865934
2299,0.5231155086072177
2300,0.5110734380428826
2301,0.575179897283902
2302,0.5618806908231264
2303,0.5124746552836421
2304,0.5076482439791165
2305,0.534351680186497
2306,0.5773783695107837
2307,0.5347248235545551
2308,0.5302646095945422
2309,0.5076492824926907
2310,0.5447070844393893
2311,0.5021972675604509
2312,0.5046993696208845
2313,0.5130911189838363
2314,0.5051286132165627
2315,0.5775609107813116
2316,0.5592855317605373
2317,0.5180640908077717
2318,0.5046092953874158
2319,0.5055809123503278
2320,0.5084648142258957
2321,0.5546314411379962
2322,0.5763596071408699
2323,0.49763495212583253
2324,0.5479498631482975
2325,0.50698100860695
2326,0.5090787807689543
2327,0.5508749083931872
2328,0.5132791807113779
2329,0.5081449607270534
2330,0.5074302688772598
2331,0.5781336141864806
2332,0.5370090939877479
2333,0.507595910990821
2334,0.5041381975572227
2335,0.5126238999796484
2336,0.5119561301808323
2337,0.5060573497793412
2338,0.5087073541429075
2339,0.5070863067812069
2340,0.516802001902418
2341,0.5253211983235148
2342,0.5031226494222903
2343,0.5760755357669649
2344,0.507025216790208
2345,0.5093428832605077
2346,0.5020765691255558
2347,0.4943580485713422
2348,0.5103064595054265
2349,0.5255395957721782
2350,0.5173644343813625
2351,0.5090168104808228
2352,0.5007740397171008
2353,0.5399522161084582
2354,0.5782487663112909
2355,0.5067252000147096
2356,0.5480077541446113
2357,0.5081354914590672
2358,0.5241667893776072
2359,0.5367219855580647
2360,0.5105066926360496
2361,0.5063444383666604
2362,0.5404762818743157
2363,0.502586340240307
2364,0.5117979069650452
2365,0.5061107057890606
2366,0.49949148216464057
2367,0.49469914073198007
2368,0.5012267692734008
2369,0.5080942518804763
2370,0.5059164311180733
2371,0.5309382339712404
2372,0.5080232094813736
2373,0.5050542022274688
2374,0.5084320066064194
2375,0.5084367977975981
2376,0.507185176838139
2377,0.507082669615441
2378,0.5147313026370608
2379,0.5078146099698093
2380,0.50295955136668
2381,0.5373409175094477
2382,0.5526447438945202
2383,0.5744052696986357
2384,0.5718559454970588
2385,0.5148465858675271
2386,0.5640716606817124
2387,0.5041828422005437
2388,0.5065283968888595
2389,0.4992061206250665
2390,0.5012851803343803
2391,0.5434162323961671
2392,0.49908606477996575
2393,0.5066463124363816
2394,0.5124983642131102
2395,0.5074988019244434
2396,0.546737963916106
2397,0.5144188508863075
2398,0.5240910427013858
2399,0.5738237251622492
2400,0.537212173751905
2401,0.5145399413946297
2402,0.5117016148173161
2403,0.5046462313215668
2404,0.5400630809139055
2405,0.5126462644984806
2406,0.506138332512385
2407,0.574155702303537
2408,0.504242184479548
2409,0.520396064181737
2410,0.5046187486461297
2411,0.5085369031786989
2412,0.5180904266591138
2413,0.5076970765957709
2414,0.5083469615562476
2415,0.49659616343653407
2416,0.4989063130187527
2417,0.5740309293378968
2418,0.49824265187245975
2419,0.556168578502914
2420,0.5762503889131902
2421,0.5305439025076899
2422,0.5518437220894133
2423,0.5760910841223739
2424,0.5037529618126741
2425,0.5360495733716426
2426,0.4978665125292826
2427,0.5063699437603713
2428,0.5104574791754313
2429,0.5759382787284568
2430,0.5199102820602071
2431,0.5092278398891641
2432,0.5751197994558379
2433,0.5032859287763809
2434,0.4995763630006166
2435,0.5083416754516763
2436,0.5143659527018065
2437,0.5031241137990632
2438,0.548242092290332
2439,0.539484602842033
2440,0.5038102137083207
2441,0.5463448895343801
2442,0.5040493055181899
2443,0.519358113224937
2444,0.5551216717719921
2445,0.5087936586974817
2446,0.5754759461590735
2447,0.4995205829307292
2448,0.5736687596687197
2449,0.5100330137411825
2450,0.5017871073570552
2451,0.5132578734772827
2452,0.5530978824165056
2453,0.5143522373341328
2454,0.5322211632121614
2455,0.5308881977689213
2456,0.5070723394720528
2457,0.5098490623755559
2458,0.5580127823554832
2459,0.5572706725461842
2460,0.5764134849263596
2461,0.5311552777920163
2462,0.5732697012784199
2463,0.5702880726731874
2464,0.5457987176153831
2465,0.5044897073812487
2466,0.5173983867953864
2467,0.5099599135014803
2468,0.49988208297784936
2469,0.5090072112257549
2470,0.5040622632536846
2471,0.5039571560177701
2472,0.5093492350435621
2473,0.5054535660684422
2474,0.5071329200774735
2475,0.5030436440803574
2476,0.49879904200720365
2477,0.5056631012668061
2478,0.5054862011336583
2479,0.5026304613352002
2480,0.5024910771160713
2481,0.5009547783287844
2482,0.5766902989313594
2483,0.5048978195962349
2484,0.5127449590878983
2485,0.5072443991158082
2486,0.501148998026849
2487,0.5082300126181623
2488,0.5055854727163249
2489,0.5156897057554033
2490,0.4996865955422232
2491,0.5079977507313265
2492,0.5750935053861631
2493,0.5578773092638761
2494,0.513615854796599
2495,0.5072781844354005
2496,0.5475715116358646
2497,0.5762268351938193
2498,0.5042556081336522
2499,0.5386767195372617
2500,0.5049998299416809
2501,0.5046186422103609
2502,0.5128632604369143
2503,0.5456256996362276
2504,0.5424848805569407
2505,0.5130981423498128
2506,0.5070389356653238
2507,0.5137247912053089
2508,0.5027622964111049
2509,0.4970784340600778
2510,0.4990560445372373
2511,0.5585753561938976
2512,0.5089359296527578
2513,0.5088576742067479
2514,0.5358193982454403
2515,0.5148889383516144
2516,0.5102007616846788
2517,0.5030244889068891
2518,0.5749680443531048
2519,0.5745367398189032
2520,0.5003563435459294
2521,0.5095697648389119
2522,0.5128459895529592
2523,0.5072661469124247
2524,0.5192542151530095
2525,0.5366244409390473
2526,0.49331045726517353
2527,0.5176798313004243
2528,0.5722584127568509
2529,0.5468083519377192
2530,0.512668836482963
2531,0.541658349955408
2532,0.505397129620806
2533,0.4957400742540867
2534,0.5150872907011964
2535,0.49803474672828385
2536,0.4949677252216017
2537,0.518002486337947
2538,0.507850572696413
2539,0.5067140222546763
2540,0.5162083601988178
2541,0.507734115309916
2542,0.5081843968707
2543,0.5528195461219546
2544,0.5060391139590894
2545,0.5098121628082222
2546,0.5076232708393476
2547,0.5731702106404463
2548,0.511504470635068
2549,0.5061266000278473
2550,0.5063338577307533
2551,0.5038909375260596
2552,0.5066036913721728
2553,0.5474079276336794
2554,0.5106312202296748
2555,0.5015749290907149
2556,0.5732800425377522
2557,0.49472308258733844
2558,0.5005552891250066
2559,0.5496369030994899
2560,0.508859613029341
2561,0.5603182934356206
2562,0.5073186907806874
2563,0.5027710184607528
2564,0.5632157721306039
2565,0.4995013492640949
2566,0.5028964443661512
2567,0.5089745236441229
2568,0.5095830581832137
2569,0.5192605013129847
2570,0.5025126458708195
2571,0.5034937431036397
2572,0.5759444578145952
2573,0.5614375919895527
2574,0.5115940102156866
2575,0.5096537920107844
2576,0.49963665919770317
2577,0.5544313757069119
2578,0.5086093290411702
2579,0.5735501690834811
2580,0.5728683968535372
2581,0.5115519341080842
2582,0.5082654129459211
2583,0.5169324040312161
2584,0.5023728805965256
2585,0.5034350134306773
2586,0.508133894366247
2587,0.5685201792506658
2588,0.49796480185262443
2589,0.5036494807746394
2590,0.5516898140213318
2591,0.513807769012389
2592,0.5601428494368246
2593,0.5240298886337681
2594,0.5163201359906591
2595,0.5066584488463823
2596,0.5067167163267035
2597,0.5704105696933672
2598,0.5112406283736723
2599,0.5446866239090948
2600,0.506723158933961
2601,0.5022633074654694
2602,0.5029765034250797
2603,0.5015101816584167
2604,0.5021977401011085
2605,0.509685737222306
2606,0.5601740688952884
2607,0.5031014670563819
2608,0.5503557931850473
2609,0.5663946881379711
2610,0.49571838115259226
2611,0.5321253984540641
2612,0.5184269776550251
2613,0.5589801848491479
2614,0.5763743949885488
2615,0.5756907813268354
2616,0.5028073155519228
2617,0.5542400001598454
2618,0.5249295482800737
2619,0.5597873615606541
2620,0.5013000083873738
2621,0.5515750626097334
2622,0.5013899630141381
2623,0.5039125069960417
2624,0.5065249181144649
2625,0.5030971541924749
2626,0.5311610375358882
2627,0.5157088523315984
2628,0.5087284696631768
2629,0.5415241021539484
2630,0.5035445997676282
2631,0.5347691107664807
2632,0.5018828809204912
2633,0.5051981741630078
2634,0.5750192166131929
2635,0.5085162578011452
2636,0.5034910535011891
2637,0.501620631482955
2638,0.5071777618944303
2639,0.5142570721157831
2640,0.5086526126491289
2641,0.5587246056002164
2642,0.49851645418630786
2643,0.4980366786596938
2644,0.5032858264097021
2645,0.5046957597220028
2646,0.5050520816054362
2647,0.5068845543344165
2648,0.5080086542834994
2649,0.5115036373834299
2650,0.5077435500042496
2651,0.5028316349678369
2652,0.5053086278801037
2653,0.5043811652542465
2654,0.5132254191622964
2655,0.575659539247124
2656,0.5612598381857297
2657,0.5745999369181589
2658,0.5631845976737048
2659,0.5769170738580697
2660,0.5233134463671141
2661,0.5072382345837365
2662,0.5002417180756158
2663,0.5122800215619828
2664,0.5047981872181553
2665,0.5469700590948043
2666,0.5090878868739275
2667,0.5083356393357356
2668,0.5060684292696729
2669,0.5072498289226797
2670,0.507443125382927
2671,0.5142415919580667
2672,0.514881096965477
2673,0.5128288128627717
2674,0.5054525882213108
2675,0.5171087757397529
2676,0.5269621835705176
2677,0.5075755802225648
2678,0.5270986149770317
2679,0.5005213206703524
2680,0.5568017391160095
2681,0.5742960349521464
2682,0.5075182189224675
2683,0.5140868183325874
2684,0.5024049134262654
2685,0.5411155731882635
2686,0.5099221115653676
2687,0.5569039266270893
2688,0.5071143904809535
2689,0.5030805239229534
2690,0.5147352374804055
2691,0.5050174382813419
2692,0.5140471101023146
2693,0.5510443436597597
2694,0.5594318916557277
2695,0.5119949665667464
2696,0.5425949885578584
2697,0.5749253348455003
2698,0.49764026171670117
2699,0.565140762353535
2700,0.507987374198714
2701,0.5563091827629273
2702,0.5142176361924036
2703,0.5240812500819734
2704,0.502569387833537
2705,0.5108276326181942
2706,0.5083996303193061
2707,0.5043991684669249
2708,0.5190988386976053
2709,0.5441696710770343
2710,0.5196010882494944
2711,0.5614715456828627
2712,0.49548564386569116
2713,0.5069612004289012
2714,0.5057903782717682
2715,0.5061284643536512
2716,0.5483084109909495
2717,0.5037569838259969
2718,0.5179625712593983
2719,0.5033229931222032
2720,0.5755161248414026
2721,0.577778491487419
2722,0.5090622983228714
2723,0.5001194699110559
2724,0.5764276863363387
2725,0.5085402072360087
2726,0.5575890452935008
2727,0.5748636946393043
2728,0.5135139562494255
2729,0.5097250549351309
2730,0.5398084515699045
2731,0.5187747548812893
2732,0.5124116571738306
2733,0.5053126760729091
2734,0.5487273802654657
2735,0.49788535940706
2736,0.4978450974641783
2737,0.5066932460307285
2738,0.5084418888515202
2739,0.5317737896543963
2740,0.5762436592450291
2741,0.5071624391932434
2742,0.5091125956879468
2743,0.5013894619700392
2744,0.5774424392737911
2745,0.508943983023333
2746,0.552771422283359
2747,0.5087720744106135
2748,0.49713581903854304
2749,0.5044579540926207
2750,0.5045640179851071
2751,0.5099802013531836
2752,0.5774412541860339
2753,0.5581712456404
2754,0.509785935263615
2755,0.5066295976695603
2756,0.5103321210717521
2757,0.5467812161868755
2758,0.5029879277303699
2759,0.521605565735281
2760,0.5758592942909667
2761,0.5078231161880464
2762,0.5057266434420051
2763,0.4998157971576888
2764,0.5502607140431459
2765,0.5142110749610731
2766,0.5596136312735371
2767,0.5040246169546968
2768,0.5128525123972512
2769,0.5447924186946986
2770,0.5221671745185937
2771,0.5637477195833657
2772,0.5126398112957421
2773,0.5209924868954636
2774,0.5109626820943224
2775,0.5268082907572476
2776,0.49849210380199427
2777,0.5069284983879252
2778,0.5206607938629001
2779,0.5054440548484999
2780,0.5082329277985518
2781,0.5589243652517794
2782,0.5029618629888075
2783,0.5426689893069627
2784,0.5644477006014632
2785,0.550082454211842
2786,0.5018157326683733
2787,0.5058286980300407
2788,0.5102044539741776
2789,0.5065780740122616
2790,0.5061106560257596
2791,0.5042330596945699
2792,0.509965621361856
2793,0.5025265808045032
2794,0.509359493926495
2795,0.5067437754794277
2796,0.5762623812211564
2797,0.506463732451186
2798,0.5486602119801173
2799,0.5095816804208275
2800,0.5026369117071405
2801,0.5593000036367777
2802,0.5535362472103725
2803,0.5451960510238969
2804,0.5046600841614524
2805,0.5352124236781699
2806,0.5411344299586549
2807,0.5234652098306498
2808,0.5038843282636591
2809,0.4989389360287223
2810,0.49454277986232775
2811,0.5131416471132303
2812,0.5748845707610668
2813,0.5035944568196982
2814,0.5050357216463952
2815,0.5140511838222821
2816,0.557523780055446
2817,0.50688353129728
2818,0.5752015089434589
2819,0.5099052074437649
2820,0.5064875327063194
2821,0.5048869968872134
2822,0.5195471838445842
2823,0.5762391325987979
2824,0.5025951939542557
2825,0.5684695837654012
2826,0.5051188560195765
2827,0.5780072244656084
2828,0.5039191272368396
2829,0.5561107127494858
2830,0.5091861724160665
2831,0.5113084357789355
2832,0.5039718930293483
2833,0.5288137127447196
2834,0.5759350345722919
2835,0.5082842971035335
2836,0.4985398838462451
2837,0.4990849878950226
2838,0.4972949014372369
2839,0.5556904718721326
2840,0.5144462390746543
2841,0.5068429958910377
2842,0.5347965825646606
2843,0.5081734381716927
2844,0.5042129966760814
2845,0.5745326889597756
2846,0.5192393899214284
2847,0.5465364565529552
2848,0.506272394413948
2849,0.508821303551402
2850,0.5460482199099568
2851,0.5751968518536924
2852,0.514939616941889
2853,0.5113057935604474
2854,0.5102543919131518
2855,0.5048848641321889
2856,0.5488518107521765
2857,0.5767720676551582
2858,0.5157847413899974
2859,0.543202578719962
2860,0.5746306869094109
2861,0.5434853175454903
2862,0.508949103126438
2863,0.5141813181323204
2864,0.5769733395207364
2865,0.5086023585496738
2866,0.49920564586950106
2867,0.49211343014991227
2868,0.5446790346292038
2869,0.5472488694565291
2870,0.5456202767520002
2871,0.5024038641321807
2872,0.506700695131009
2873,0.5483158265763732
2874,0.5110358242664021
2875,0.5502438997316569
2876,0.530375834084611
2877,0.5150379898656906
2878,0.5053363395115839
2879,0.5075865759579968
2880,0.5119917410603054
2881,0.574171644849305
2882,0.5067316076884019
2883,0.4991807561098934
2884,0.5046069204156988
2885,0.5725860555307274
2886,0.5095240518389414
2887,0.49907583571812764
2888,0.5433531515061668
2889,0.5081205978908117
2890,0.5098040933121324
2891,0.5520398509401065
2892,0.5117077306573374
2893,0.5038626034980054
2894,0.5593768500186088
2895,0.5004157734011603
2896,0.5738127575346361
2897,0.5058569237764698
2898,0.5066383724757068
2899,0.5471993409230496
2900,0.534822457858249
2901,0.5746709924494018
2902,0.5098303696149672
2903,0.5049391386681663
2904,0.5081785414679121
2905,0.5031055672558968
2906,0.5421444493872148
2907,0.504160512289208
2908,0.5748528955995518
2909,0.50474751008941
2910,0.5037095651536643
2911,0.5127209146558315
2912,0.5047964133685796
2913,0.5078298443978707
2914,0.5009387900881734
2915,0.5253342667105123
2916,0.514221126355506
2917,0.5375206426613742
2918,0.5068286924840137
2919,0.5026769692559863
2920,0.5121407914552183
2921,0.5443523241987578
2922,0.531773175039618
2923,0.5013023129260925
2924,0.5063648322450234
2925,0.5140967395260899
2926,0.5502295531340856
2927,0.5567566989821763
2928,0.5236695201281089
2929,0.4996262937598963
2930,0.5120288675442439
2931,0.57520609946099
2932,0.554575245725034
2933,0.5267195043763195
2934,0.5355060972045802
2935,0.5123968633684509
2936,0.5139865693373282
2937,0.5747718355045617
2938,0.5124429491172219
2939,0.5000996045091346
2940,0.5078912555289086
2941,0.518011416670944
2942,0.5044838630127926
2943,0.5116172480882845
2944,0.5648508180641625
2945,0.4970621496376024
2946,0.5214688693189546
2947,0.5048210239543245
2948,0.574870379402168
2949,0.5597526028385804
2950,0.5470531657562521
2951,0.5020194593372463
2952,0.5038319439705619
2953,0.49999993859462866
2954,0.505846427345563
2955,0.5731005325929279
2956,0.5754414505437138
2957,0.5076685395645195
2958,0.5432138202803732
2959,0.507202885532104
2960,0.5028910316793852
2961,0.5072527529557982
2962,0.4959549973930544
2963,0.522177856403861
2964,0.5192436903628768
2965,0.5012043317852096
2966,0.5765172467507815
2967,0.5004440032558402
2968,0.5171711284298763
2969,0.5755227910490365
2970,0.5099926828593415
2971,0.5749057089493642
2972,0.5016351677887987
2973,0.5017969721137471
2974,0.5073089333180139
2975,0.5271831820661345
2976,0.5463503924987549
2977,0.5040247725905191
2978,0.50928852639384
2979,0.49766302713597355
2980,0.5045533047241739
2981,0.5093161158943117
2982,0.575628525437126
2983,0.5059315939785647
2984,0.5592052656229425
2985,0.5577292107769287
2986,0.500023343069774
2987,0.5114215172079425
2988,0.5052574851388973
2989,0.5215755894421941
2990,0.5013894708096226
2991,0.5737831130077164
2992,0.5023115726382735
2993,0.5070833094343047
2994,0.5207433982070104
2995,0.5163145044791472
2996,0.5092635115943511
2997,0.500229060643305
2998,0.5027575665491756
2999,0.5216373075226929
3000,0.5087614041235109
3001,0.5410313018342133
3002,0.513101454769078
3003,0.5315035105639818
3004,0.5124952059563578
3005,0.5105273586623739
3006,0.5092782129692146
3007,0.5102852872069933
3008,0.5047389573354668
3009,0.5591378667157325
3010,0.5134766503432489
3011,0.5171001951006224
3012,0.5516322262797058
3013,0.5116565935917379
3014,0.5319034913036167
3015,0.5770162135591438
3016,0.50607044205142
3017,0.500664818482949
3018,0.5105502867208715
3019,0.5765686179619037
3020,0.5059421719032502
3021,0.50734527003528
3022,0.5015597560040841
3023,0.5057503348037649
3024,0.49847195414049705
3025,0.5051270894835101
3026,0.5065938443070924
3027,0.5082057321114475
3028,0.5609691227373547
3029,0.4947871050051923
3030,0.5208597752355301
3031,0.5427093524521851
3032,0.5665576257197804
3033,0.5072625510591746
3034,0.5018283553770354
3035,0.5148981105599453
3036,0.5525560022981355
3037,0.507365264757325
3038,0.49904186895387614
3039,0.5030876788477717
3040,0.5197435574691845
3041,0.5097150956842169
3042,0.5462120254040678
3043,0.5042396531706688
3044,0.5054133898268777
3045,0.5745087367709919
3046,0.5065599480819691
3047,0.5032654130849282
3048,0.5541891753221826
3049,0.5134454921902485
3050,0.5066074878629685
3051,0.510389652215062
3052,0.49633994302053763
3053,0.506015069938813
3054,0.5711782604507407
3055,0.503979098747818
3056,0.5035511133021099
3057,0.5094732375343665
3058,0.5047975868916064
3059,0.505836240334909
3060,0.4907115560052793
3061,0.5597948476678095
3062,0.5552894223062782
3063,0.5006163636691017
3064,0.5723456289838575
3065,0.5160238305642391
3066,0.5006212649108763
3067,0.5162815793060502
3068,0.5532213195928815
3069,0.5231279765586226
3070,0.5033423394356632
3071,0.5222947657109624
3072,0.5130336701885757
3073,0.5745800894945283
3074,0.5211324001718949
3075,0.5156737475579956
3076,0.507824701091199
3077,0.49983139654579894
3078,0.5092241450843107
3079,0.5184998562589711
3080,0.5064901694226849
3081,0.5013724045458398
3082,0.5385910488625298
3083,0.575450931463602
3084,0.4974819356566861
3085,0.5075334954142359
3086,0.50392591019968
3087,0.5454912896862978
3088,0.5690740694125078
3089,0.5352282270532907
3090,0.5754721806130648
3091,0.5749637776933374
3092,0.5059330961370189
3093,0.5074652981012686
3094,0.5031575259342307
3095,0.503198652330073
3096,0.5725502128070569
3097,0.574747789556034
3098,0.505723882638339
3099,0.5043659151022534
3100,0.5517754956233488
3101,0.5221715235454325
3102,0.5068431632726085
3103,0.5521607685837276
3104,0.5023503539081571
3105,0.5032288543243607
3106,0.5448372650062806
3107,0.5065358511649093
3108,0.5010938521796131
3109,0.5184203014616005
3110,0.5593089273821089
3111,0.5015142899285561
3112,0.4954013719441528
3113,0.49356216755913923
3114,0.5072662571358353
3115,0.523707742672999
3116,0.5728074102085404
3117,0.5048977902729109
3118,0.5720319406977346
3119,0.5610532650466764
3120,0.519884849170676
3121,0.5549127112904854
3122,0.5770383074262202
3123,0.49776433623781857
3124,0.5080384135593459
3125,0.49801083352315134
3126,0.5143378443051305
3127,0.5047387015278619
3128,0.5018412138183601
3129,0.5049558441346912
3130,0.49996635733678707
3131,0.5173426575581559
3132,0.49124488391930027
3133,0.4995109182274031
3134,0.499989190094485
3135,0.5110976241963724
3136,0.4920778185701782
3137,0.5059547764581754
3138,0.5706271013522273
3139,0.5043873688568973
3140,0.5185812212120262
3141,0.500558684064934
3142,0.5118538820392177
3143,0.5031354065879069
3144,0.5068273081484045
3145,0.5166286385694177
3146,0.5214966701243292
3147,0.529383254671929
3148,0.5027316081357226
3149,0.5097042111045244
3150,0.5186801708461758
3151,0.5073098760611472
3152,0.5258896522789333
3153,0.5769721258857252
3154,0.5088724138338503
3155,0.5004235607922927
3156,0.4999996783876716
3157,0.5292898895231952
3158,0.5015968917638077
3159,0.5049715076411352
3160,0.5113483679789876
3161,0.5075843584252725
3162,0.5049665563882679
3163,0.5450139956798918
3164,0.5039525258634795
3165,0.5063264453075788
3166,0.5023487656084077
3167,0.510865795947196
3168,0.5013199378272248
3169,0.5055307147439991
3170,0.503880860946144
3171,0.5033874673514187
3172,0.5476739316184807
3173,0.5085800953026691
3174,0.5573859751083787
3175,0.5462709241628115
3176,0.5123787194171141
3177,0.5515201298955468
3178,0.5143923529839126
3179,0.4963573765868655
3180,0.5126069990904789
3181,0.5411339387198446
3182,0.49938589198038047
3183,0.5095629980008317
3184,0.5075368185841336
3185,0.5119772014502979
3186,0.4982542783255583
3187,0.5081002137868609
3188,0.5051129847482025
3189,0.502697784777369
3190,0.5323782103966527
3191,0.5088670470350579
3192,0.5751283842800796
3193,0.5550666858280241
3194,0.5497070746194839
3195,0.5444306970867656
3196,0.5044800742063027
3197,0.509501656629527
3198,0.5170875330372046
3199,0.546425165489549
3200,0.5087314400563001
3201,0.5031483577590863
3202,0.5052646400204367
3203,0.5105401187372884
3204,0.5108630814131041
3205,0.5196608334834932
3206,0.5443351594019253
3207,0.5055665130677636
3208,0.5030786290695486
3209,0.5745037022714576
3210,0.5089407335263783
3211,0.5070397252632706
3212,0.5183695609378748
3213,0.5012008140329431
3214,0.534666232848714
3215,0.4976192340791772
3216,0.5559289847404213
3217,0.5386679913693065
3218,0.508123519783354
3219,0.5487448203746106
3220,0.5080606370641002
3221,0.5200713360399415
3222,0.5322995675597362
3223,0.5054841786504347
3224,0.5193245721186925
3225,0.5161245122421534
3226,0.5021400699303186
3227,0.517593441091282
3228,0.499509545581739
3229,0.5586518048181679
3230,0.5082743503426905
3231,0.5081741193056862
3232,0.5077834094741079
3233,0.4977441916197826
3234,0.5763639737704933
3235,0.5203593151784438
3236,0.5754778383835156
3237,0.5386718023803829
3238,0.5031096829248531
3239,0.5151726310900544
3240,0.5574760826070364
3241,0.5055755578735537
3242,0.5090967767013915
3243,0.5126756026878785
3244,0.5081925709224406
3245,0.5050053029013437
3246,0.5761874864551959
3247,0.5073232611372898
3248,0.5115234642058581
3249,0.5062242317188109
3250,0.5532167676809131
3251,0.5117339496815162
3252,0.5753742426140808
3253,0.49628000795721977
3254,0.5106227853941125
3255,0.5012845540885666
3256,0.5052207197143688
3257,0.507437328269723
3258,0.49802309458028643
3259,0.5098552007942394
3260,0.512740968493723
3261,0.5406860648851506
3262,0.5071987870366366
3263,0.5152779259944623
3264,0.5101440316064118
3265,0.5078318778728563
3266,0.5739628438325469
3267,0.5401029831276363
3268,0.5113835788073273
3269,0.5759381285170757
3270,0.5009981609582574
3271,0.5092883651769007
3272,0.5121943368139887
3273,0.5049984795188653
3274,0.51173531694186
3275,0.4935756098186985
3276,0.5015590002758962
3277,0.5430035354937319
3278,0.5438832826411312
3279,0.574767432077891
3280,0.5142079836123188
3281,0.5054656579781265
3282,0.5181278686945197
3283,0.506851717260447
3284,0.518356135391162
3285,0.5056929538646644
3286,0.5071179073194421
3287,0.5177881231538071
3288,0.560731722596939
3289,0.5066646239488943
3290,0.5293076630897153
3291,0.5132671008619604
3292,0.4990184646796808
3293,0.5771881370018017
3294,0.5015500322184134
3295,0.5506129795333987
3296,0.5003388097342578
3297,0.5088829237250909
3298,0.576129121680508
3299,0.5199764003062741
3300,0.50922361787462
3301,0.5143602280382242
3302,0.5077620965495664
3303,0.5144568830561809
3304,0.5061826848883841
3305,0.5571951668270273
3306,0.5145102883183942
3307,0.5041750889691148
3308,0.5107346953182423
3309,0.4990020470747879
3310,0.5114063182491435
3311,0.5091231319486478
3312,0.5052470680479562
3313,0.5068625574022936
3314,0.5638812977764636
3315,0.5041805601666878
3316,0.4944543602447463
3317,0.5530974068947758
3318,0.5554817120745419
3319,0.5058140957033452
3320,0.5144236339153485
3321,0.507569196394375
3322,0.5614221513771136
3323,0.5060702528664942
3324,0.5115213355215557
3325,0.5525269658215826
3326,0.5090126163919985
3327,0.5121444998409427
3328,0.5377819816984728
3329,0.5563086437253864
3330,0.5145593286533713
3331,0.5109854482307091
3332,0.5061589243945787
3333,0.5002668583121286
3334,0.5759853792206538
3335,0.4996634032986503
3336,0.5757798782253826
3337,0.5567491829083389
3338,0.501378289743128
3339,0.511940112094203
3340,0.5757853199006837
3341,0.5008806349063302
3342,0.576287806596742
3343,0.502186550928589
3344,0.5155829904978754
3345,0.49885129595237726
3346,0.5026649163065192
3347,0.5102862565709976
3348,0.5638233609965747
3349,0.5122108357230755
3350,0.515052489281295
3351,0.5282679404893211
3352,0.5760738899056506
3353,0.5077115390335207
3354,0.500493547202218
3355,0.5022783662963077
3356,0.5770313147825114
3357,0.4928171125047916
3358,0.5050841304941073
3359,0.5208831583137113
3360,0.512755745175451
3361,0.5022144059179723
3362,0.5047631537786842
3363,0.525454953262088
3364,0.5591779616505723
3365,0.5079599260186556
3366,0.5335404850060871
3367,0.5007018516775985
3368,0.5768978273426759
3369,0.509443825665047
3370,0.5068923529309824
3371,0.5130052783572512
3372,0.5051116009991918
3373,0.5097228906401308
3374,0.5440255230763257
3375,0.5722959751222103
3376,0.5143286451679266
3377,0.5205418447021632
3378,0.5110302851867294
3379,0.57615508806968
3380,0.5058797133287661
3381,0.5090540036779854
3382,0.5769536271010914
3383,0.5170178032057884
3384,0.5448327311197185
3385,0.5064601517575534
3386,0.49846939927215206
3387,0.5554796604563826
3388,0.49825286843875755
3389,0.5630943464810797
3390,0.4958190136255975
3391,0.5151548074423817
3392,0.5152088437150883
3393,0.5055172011287913
3394,0.5043232225274883
3395,0.5489024418010032
3396,0.5489443948313883
3397,0.504081122213095
3398,0.5111853346568004
3399,0.5061388528124676
3400,0.5036961483325573
3401,0.5076036706404212
3402,0.5194384460363402
3403,0.500471230099016
3404,0.4983488149906087
3405,0.5045870382122921
3406,0.5728562029287291
3407,0.5013184369687976
3408,0.5564393496910546
3409,0.5077894917085611
3410,0.5002673174450301
3411,0.5039241089303017
3412,0.5052211894523666
3413,0.5044432200065009
3414,0.5085450398362323
3415,0.5718314576120829
3416,0.5096238925676803
3417,0.5747806680766202
3418,0.5756852151921635
3419,0.5113519918911339
3420,0.5042351932739959
3421,0.51584441828527
3422,0.5055635702469592
3423,0.5129055569827534
3424,0.5074862794180102
3425,0.5204113725572315
3426,0.5067230693283329
3427,0.5273444423996474
3428,0.5092566692065101
3429,0.508601138886099
3430,0.5399490400182742
3431,0.5015348531887146
3432,0.50214750506629
3433,0.4922938128001728
3434,0.5106515107238373
3435,0.5107633236608285
3436,0.5769045564405205
3437,0.5024663907182969
3438,0.5043388046271693
3439,0.5061339619963394
3440,0.5251046954252347
3441,0.5550089674522931
3442,0.5531409298698161
3443,0.502055702834599
3444,0.5066996669690852
3445,0.5731814362928233
3446,0.5207928846286928
3447,0.5082432363523326
3448,0.505065913248121
3449,0.507504122026641
3450,0.4998330826529301
3451,0.509101403955584
3452,0.5009209659567567
3453,0.5092361709970268
3454,0.5730903784398171
3455,0.5637623864379755
3456,0.5095558407079364
3457,0.5514908526262714
3458,0.5776771712458946
3459,0.5760074471556097
3460,0.521299035098467
3461,0.5066405752260816
3462,0.5238439121611475
3463,0.509338997917393
3464,0.5084086927709717
3465,0.5652276707736263
3466,0.5076524281538692
3467,0.5007618863542203
3468,0.5090750185706836
3469,0.527676103519972
3470,0.5047755315063571
3471,0.5147062567904139
3472,0.5382486504257533
3473,0.49768377999345753
3474,0.5027382958945376
3475,0.5091182788600346
3476,0.5055615482269904
3477,0.5098482058380707
3478,0.5080461398900031
3479,0.525623790460277
3480,0.50572542434394
3481,0.554333050234755
3482,0.5035647193268069
3483,0.57384597657418
3484,0.5775270798497135
3485,0.5012134046661153
3486,0.5075985591185722
3487,0.529261337920116
3488,0.5081100264660986
3489,0.5771259825222639
3490,0.5747785647539064
3491,0.5071750671563312
3492,0.5038029510251566
3493,0.5748057059344035
3494,0.5054424165141881
3495,0.5581972195879555
3496,0.5503994639077784
3497,0.5192189113225292
3498,0.5124304221325461
3499,0.5431683335357148
3500,0.4981776734025216
3501,0.5122936198012723
3502,0.5176892006756162
3503,0.4988128711770422
3504,0.5076281568223706
3505,0.5033473555822106
3506,0.48937152305947773
3507,0.5760084247338301
3508,0.5031872951819971
3509,0.5261060638434187
3510,0.5003662599598355
3511,0.495770501363136
3512,0.5152620390928273
3513,0.5048194106532677
3514,0.5097679857975812
3515,0.5616328410796679
3516,0.5071969601640942
3517,0.4998188321905894
3518,0.549406531497739
3519,0.4971512417537862
3520,0.5184381208011811
3521,0.5029063902903841
3522,0.5049073871056182
3523,0.5661218822640347
3524,0.5754944243493932
3525,0.5099703347120996
3526,0.5086908630000001
3527,0.5564583315663233
3528,0.5067069930770898
3529,0.5300306218957156
3530,0.4982023105194663
3531,0.5733314786115089
3532,0.504594542514284
3533,0.5400978995224859
3534,0.5733824328091729
3535,0.5020089923124421
3536,0.5129941211781179
3537,0.5730545950671819
3538,0.5135339313751578
3539,0.5602678232421423
3540,0.5149995793406982
3541,0.502941235409322
3542,0.5096126114424994
3543,0.5537450696456191
3544,0.5103335028459883
3545,0.5759331541854316
3546,0.4959794824535947
3547,0.5143981237880559
3548,0.5073410908071926
3549,0.5747241397704239
3550,0.507249351391018
3551,0.5759528696770914
3552,0.5075841289014456
3553,0.5245615875284464
3554,0.5036044554528456
3555,0.5178056053041279
3556,0.5003615645173187
3557,0.5601418402203555
3558,0.5082457954486869
3559,0.5017144973058707
3560,0.5052691052170561
3561,0.504324430921339
3562,0.5093306130613015
3563,0.5058956886754474
3564,0.5459363293717514
3565,0.501122063866081
3566,0.5006467350567895
3567,0.5016435244628159
3568,0.5350243540568855
3569,0.5069044273795876
3570,0.507382781476552
3571,0.5023214632608921
3572,0.5748395269715829
3573,0.5643328314242778
3574,0.5056664014868247
3575,0.5554724761250834
3576,0.5101215094658056
3577,0.5089246064391085
3578,0.5753393627692157
3579,0.557149219325229
3580,0.5021528691248921
3581,0.5251375363452292
3582,0.5548702030116835
3583,0.5035824825011614
3584,0.5515215996059446
3585,0.5037471295739037
3586,0.5458973361325753
3587,0.5763891299693942
3588,0.5063516742193046
3589,0.504213985856285
3590,0.5101715078073981
3591,0.5081479794240763
3592,0.5084717396886203
3593,0.5103158596093059
3594,0.5504660936202774
3595,0.5762944306199297
3596,0.5188444107431122
3597,0.517185725871434
3598,0.5067977427814235
3599,0.5076715722033309
3600,0.5047262816105668
3601,0.508733957148106
3602,0.5760143448794264
3603,0.5559335164909236
3604,0.5414037020865392
3605,0.5420675656957479
3606,0.5081678895347993
3607,0.5509192577183548
3608,0.5107213594366341
3609,0.5065078745458929
3610,0.5063696229328437
3611,0.5092492890985417
3612,0.49904511396372214
3613,0.5769423773307103
3614,0.5039027085841629
3615,0.575166724061876
3616,0.5585397802850243
3617,0.5112159092859117
3618,0.5581543988242011
3619,0.5304706379752012
3620,0.5109991739041726
3621,0.5136588795126585
3622,0.5043825539860993
3623,0.5162438869542963
3624,0.5270363282856962
3625,0.5759793377530009
3626,0.540433016404505
3627,0.5256073587519816
3628,0.5128823136402235
3629,0.5053516792202983
3630,0.5130450823311368
3631,0.507244470871067
3632,0.5038774306737779
3633,0.5096607771328507
3634,0.5041980719982525
3635,0.5013912423753575
3636,0.5043835917763779
3637,0.5578343843180029
3638,0.563379159474755
3639,0.499978697811017
3640,0.5632224172998808
3641,0.5399403632955109
3642,0.5203901720834316
3643,0.5022159072106493
3644,0.5606930663838202
3645,0.5107737970899073
3646,0.5004156060317287
3647,0.5061162588346044
3648,0.5076521045982288
3649,0.5053714847357167
3650,0.5005868866127021
3651,0.5033608998734742
3652,0.5079289763990638
3653,0.5584896363491556
3654,0.5102193709332018
3655,0.4954559664268401
3656,0.5121717637493344
3657,0.5036678364790381
3658,0.5573428753508607
3659,0.503317167461185
3660,0.5768495920941601
3661,0.5122242498226562
3662,0.5059383575187529
3663,0.5005383682027276
3664,0.5114048059982083
3665,0.5019675610616863
3666,0.5302335238640361
3667,0.5046325111839061
3668,0.5207013540097567
3669,0.5094109106453465
3670,0.5053942455482964
3671,0.4976026571635696
3672,0.5486297381927795
3673,0.5176720599425402
3674,0.5350708420996071
3675,0.5102882545809011
3676,0.5115989221910937
3677,0.49677270298817083
3678,0.5041990199292278
3679,0.506040240927179
3680,0.5531640852176472
3681,0.5009172615285709
3682,0.5214061396566411
3683,0.522453507683968
3684,0.503064719537146
3685,0.5084728483435018
3686,0.5010338380528905
3687,0.5127878479784631
3688,0.5359057152483278
3689,0.5759393328704313
3690,0.5077907027528292
3691,0.5050193536858828
3692,0.5736077333199403
3693,0.5590603065435054
3694,0.4979835839892861
3695,0.49410902718124133
3696,0.5135248903614047
3697,0.4951438189845351
3698,0.5162288208930498
3699,0.5236068615628198
3700,0.5143286285720966
3701,0.5401778298585517
3702,0.5021995214901839
3703,0.5456792488576894
3704,0.5483832159777805
3705,0.5000612382255408
3706,0.55274508407938
3707,0.5047633974364496
3708,0.5366228299107131
3709,0.5193427656019391
3710,0.5479296696889455
3711,0.5066404661578926
3712,0.5018101539201172
3713,0.5744549042945514
3714,0.5464931076178707
3715,0.5004893477216913
3716,0.5060481401824711
3717,0.5750099640987815
3718,0.5083659759549233
3719,0.5109876370450077
3720,0.5051359115240761
3721,0.5382227639671786
3722,0.5780096777373541
3723,0.5016164783923153
3724,0.5092458575558899
3725,0.48992617601018357
3726,0.500865787878128
3727,0.5327692348000197
3728,0.509962220709819
3729,0.5139725884999844
3730,0.5066838532854772
3731,0.5121731569224806
3732,0.5632092462459216
3733,0.5170648567827006
3734,0.5194122367821024
3735,0.5081747985166427
3736,0.5097070780855456
3737,0.5065062717125766
3738,0.5364815873990204
3739,0.5080114634423429
3740,0.5061932535751427
3741,0.5136349367837347
3742,0.5569338890924587
3743,0.5122658214950148
3744,0.509201013878947
3745,0.5072485296333178
3746,0.5570915991032481
3747,0.508988282547076
3748,0.5038748886466808
3749,0.5062478147382127
3750,0.5782708014213291
3751,0.5372750293357209
3752,0.5032067143416054
3753,0.5009879425775525
3754,0.5442586301347259
3755,0.5004214912559343
3756,0.5550370816064218
3757,0.5040776122920915
3758,0.503394536180527
3759,0.5760120281764123
3760,0.5098839059322618
3761,0.5000680003313767
3762,0.5353812403706784
3763,0.5209220881701689
3764,0.5460672277522238
3765,0.500716288979253
3766,0.5155222910265431
3767,0.5049945018259123
3768,0.5751001648724029
3769,0.575945620314483
3770,0.5521135564068784
3771,0.5755250605050188
3772,0.5778665290899332
3773,0.565788081045244
3774,0.5199925074675817
3775,0.5108316666159938
3776,0.5120527668383178
3777,0.5077224342336338
3778,0.5751780263159705
3779,0.5457836520407293
3780,0.5621388373387575
3781,0.4996630239335965
3782,0.5042095026919703
3783,0.518097268373379
3784,0.5520940132251745
3785,0.5756611514761333
3786,0.5092961096656504
3787,0.5281748121143086
3788,0.5768694828544628
3789,0.49750681849344086
3790,0.509302742562501
3791,0.5750112341215011
3792,0.5443207319743386
3793,0.5105039864150195
3794,0.49675581437926336
3795,0.4998174763198042
3796,0.540377881278969
3797,0.5129793055193042
3798,0.517646636417175
3799,0.5131222818820751
3800,0.5165583021865241
3801,0.5123391568300173
3802,0.5059114907094265
3803,0.56350838680098
3804,0.5400485020883705
3805,0.5764406389731529
3806,0.5513936936528936
3807,0.5105538943839509
3808,0.5767354104593093
3809,0.49824060905742684
3810,0.5053013686455661
3811,0.5746731766304938
3812,0.5393264224214358
3813,0.5069997725699535
3814,0.5714404462851204
3815,0.5112842186144343
3816,0.5448823351157867
3817,0.5190420276755826
3818,0.5085460271343236
3819,0.5434061606163251
3820,0.5083558124481385
3821,0.5762143864273214
3822,0.5062166322059529
3823,0.5083649601202476
3824,0.5051920566532073
3825,0.5068261755138102
3826,0.5109962711977121
3827,0.5243431253497695
3828,0.5040389119660387
3829,0.5119089978896872
3830,0.49448621628186845
3831,0.5150289743074191
3832,0.4938569872726663
3833,0.506722838708131
3834,0.5005007343196936
3835,0.5110410676366051
3836,0.5157379334194866
3837,0.5240110126583036
3838,0.5062881004634815
3839,0.5032364805164443
3840,0.5160310958624055
3841,0.5420239769672094
3842,0.5752910392116366
3843,0.5167672696143718
3844,0.5084217715897617
3845,0.5185288400145789
3846,0.5636379011500583
3847,0.5115094324088381
3848,0.5609995588671881
3849,0.506429298143975
3850,0.504308310819422
3851,0.5120949183567227
3852,0.5079965489626329
3853,0.506508277236947
3854,0.5481917432922264
3855,0.5096587438746037
3856,0.5129799621291216
3857,0.5297207643376501
3858,0.5027021480179581
3859,0.5109959103552792
3860,0.5181721574619491
3861,0.5075686502730429
3862,0.5202613692798957
3863,0.5326160624054165
3864,0.5564632315673461
3865,0.5649253449575313
3866,0.4924881204340235
3867,0.49953096418580445
3868,0.5008682102371924
3869,0.502862330791717
3870,0.558893380826238
3871,0.5733379675802004
3872,0.49899344979624977
3873,0.5064269364825211
3874,0.5563049279773983
3875,0.49769463846001794
3876,0.5529054956047994
3877,0.5120272951180438
3878,0.5140829377203875
3879,0.5098909106611842
3880,0.5091689834621991
3881,0.508732983853012
3882,0.49917363138986726
3883,0.5051720164903228
3884,0.5760502829363703
3885,0.5037320035464707
3886,0.49413883422186733
3887,0.5104810395018915
3888,0.5142416335824678
3889,0.5149599269485229
3890,0.5041551364909509
3891,0.5071743716509816
3892,0.5761510685795667
3893,0.5027062906315024
3894,0.5023488353410198
3895,0.5061373276941805
3896,0.5095211323633818
3897,0.5558259344949833
3898,0.5043204149670739
3899,0.5051330654780636
3900,0.5051752370922584
3901,0.5187496766680619
3902,0.5074783503106556
3903,0.5111318505274526
3904,0.5419084396773459
3905,0.5386290822727725
3906,0.49571911303467414
3907,0.5031536058800324
3908,0.527574263948011
3909,0.4954283665739077
3910,0.4956800219817097
3911,0.5055611892693056
3912,0.49923709014796375
3913,0.4941972971903117
3914,0.504819064457396
3915,0.5753197874161833
3916,0.5484421734667824
3917,0.5095581902635788
3918,0.530852655688458
3919,0.5123043640461169
3920,0.508979625286279
3921,0.5042452527075547
3922,0.5750889962377692
3923,0.5064972006747227
3924,0.5552514796565574
3925,0.5459492073501853
3926,0.5023708106910665
3927,0.5767644280857893
3928,0.564599359925083
3929,0.5551257529991463
3930,0.5078482969074365
3931,0.515919066344515
3932,0.5143043390821976
3933,0.5071954895867437
3934,0.5774585915201146
3935,0.5101835526287095
3936,0.5127972154776934
3937,0.5098275046177686
3938,0.5040727078066738
3939,0.5099337845209482
3940,0.5067848823747053
3941,0.5120070750262579
3942,0.5037038155058132
3943,0.5074583042582015
3944,0.5073661465577392
3945,0.5036000276128179
3946,0.5030035354335284
3947,0.512436098232045
3948,0.5019544260596857
3949,0.5125149014538102
3950,0.5089561099802404
3951,0.4958703531236082
3952,0.5036087893325837
3953,0.5146680805239621
3954,0.50644431799109
3955,0.5023781482133194
3956,0.49785779175700184
3957,0.506401590587648
3958,0.575028363000609
3959,0.5101573129350286
3960,0.506414341304692
3961,0.5117728904345404
3962,0.5102566154295357
3963,0.5159996410416684
3964,0.5011141165161083
3965,0.5449148439212279
3966,0.5016216530590377
3967,0.5014222185583443
3968,0.538683630953894
3969,0.5123999431149058
3970,0.5027648617409584
3971,0.5765199557533718
3972,0.502985048865534
3973,0.5054461817228326
3974,0.5480724918521527
3975,0.5032918341491315
3976,0.5112132993076743
3977,0.507923665325293
3978,0.5491865284826883
3979,0.49988263482970846
3980,0.5757120744752797
3981,0.5067428995679988
3982,0.506977450817643
3983,0.5093963372772727
3984,0.5019396681543733
3985,0.5755958773429901
3986,0.5091160439532636
3987,0.5518735745944229
3988,0.5339207721591618
3989,0.5116136009959811
3990,0.5539919459295
3991,0.5767600179017103
3992,0.5018267529393721
3993,0.505269815756457
3994,0.5119065755650644
3995,0.511359911819633
3996,0.4997001806957191
3997,0.5035743630894067
3998,0.5051939734534473
3999,0.5491461775822385
4000,0.5427597307078439
4001,0.5115024638253123
4002,0.5163287122738053
4003,0.5017749333927768
4004,0.5086013810947432
4005,0.5116434942905864
4006,0.4995187076163059
4007,0.5098549376191013
4008,0.5269402266256925
4009,0.5060637274558304
4010,0.5647436296788872
4011,0.5140659310501751
4012,0.500669338720201
4013,0.5759432056506334
4014,0.519902127688676
4015,0.5482416419648869
4016,0.5323750414711923
4017,0.508074442522585
4018,0.5770290375406526
4019,0.5072754814099413
4020,0.5743782175075929
4021,0.5062787609363486
4022,0.5742617448426379
4023,0.5108341702848286
4024,0.5093560345392112
4025,0.5075284288668851
4026,0.507236103255998
4027,0.4993820617352529
4028,0.5147136059518379
4029,0.4982508600791623
4030,0.5040276825785626
4031,0.5262288323133258
4032,0.5217522510134126
4033,0.5142792060428825
4034,0.5584632391698336
4035,0.5147799421712789
4036,0.5543805223177984
4037,0.5252188564545239
4038,0.5519856889729446
4039,0.5661014666104376
4040,0.5236787385309973
4041,0.5606363637873726
4042,0.5271748578434284
4043,0.5766670269679581
4044,0.5344471021092709
4045,0.5361042579022538
4046,0.5480985442634175
4047,0.5108308092338086
4048,0.50491648052462
4049,0.5139266250985515
4050,0.5056762879617355
4051,0.5082846943010211
4052,0.5745335277786829
4053,0.5767983483592009
4054,0.5755256459651374
4055,0.5748481015052493
4056,0.5121344622400739
4057,0.5047330684167629
4058,0.5117906085744949
4059,0.49905899092073025
4060,0.5756840140552986
4061,0.5082011030370426
4062,0.5012622385449457
4063,0.5028658363270894
4064,0.5131134572963206
4065,0.500527926342255
4066,0.5717442165542854
4067,0.5189608771753216
4068,0.5068840110552312
4069,0.511057747991537
4070,0.5154039790930655
4071,0.5073604188569287
4072,0.510831171038227
4073,0.5089977418355476
4074,0.4995833086809006
4075,0.5061044736577108
4076,0.5012918614939138
4077,0.5129137863429025
4078,0.5375420015467545
4079,0.5129640868093166
4080,0.5604335207668799
4081,0.5297704660869845
4082,0.5165600943670403
4083,0.5155276019260601
4084,0.5743420893421811
4085,0.5047731551684546
4086,0.5098874844892383
4087,0.5047619805206389
4088,0.5158970221223838
4089,0.505265029892542
4090,0.5097886219619111
4091,0.508435552664346
4092,0.513761163448817
4093,0.5573761850016109
4094,0.506479690615566
4095,0.4979278477339225
4096,0.4992015496828164
4097,0.5005975320219214
4098,0.5154657871023721
4099,0.57641651325875
4100,0.5017012921992227
4101,0.49692028185942205
4102,0.5067416230367023
4103,0.5129210139822263
4104,0.57506531502671
4105,0.5062822362380206
4106,0.5766628016112295
4107,0.5304811164920391
4108,0.5771225258684696
4109,0.506126417437452
4110,0.5067937538069346
4111,0.5064391337285428
4112,0.5753518883959485
4113,0.5058438238991843
4114,0.5059944183923636
4115,0.5507297575679072
4116,0.5754964235457227
4117,0.49289713078457487
4118,0.508451956362953
4119,0.5192799793377003
4120,0.5513784388838376
4121,0.5744215275401576
4122,0.504554731429194
4123,0.5175047128194638
4124,0.5063191764944612
4125,0.5051801219763687
4126,0.5037047952868274
4127,0.509858528133788
4128,0.5733847880061891
4129,0.5079988818614348
4130,0.5116262063157487
4131,0.528177542052191
4132,0.5010265160889482
4133,0.5041967716579914
4134,0.5012525598673908
4135,0.5018918133542609
4136,0.5578070613548848
4137,0.5129494742143953
4138,0.509999801621819
4139,0.5590702334034044
4140,0.5070073910198805
4141,0.5095181934910294
4142,0.5568105353444999
4143,0.5092600619565237
4144,0.51666157874284
4145,0.5495416534069528
4146,0.5088968929864178
4147,0.5146390524310661
4148,0.5191326720398897
4149,0.5291540585142642
4150,0.5068407314096803
4151,0.5101525966080882
4152,0.5142295306533724
4153,0.4911081477142698
4154,0.5146139328951328
4155,0.5085336881026518
4156,0.5074457830267136
4157,0.5638339830040138
4158,0.5743723505387873
4159,0.5071413254273774
4160,0.5041059046509153
4161,0.5032664628165974
4162,0.4995538841748818
4163,0.49867452364260284
4164,0.5456316262526165
4165,0.5072333660808658
4166,0.5046786581525088
4167,0.5075251992620391
4168,0.534186325228411
4169,0.5054100479427267
4170,0.5086571684486145
4171,0.5143463810903119
4172,0.5024101603037681
4173,0.5376223959603177
4174,0.5060728084835102
4175,0.5020003047276066
4176,0.5588839614051817
4177,0.5162877951838175
4178,0.5750652458299014
4179,0.5772628920045202
4180,0.5024001131217156
4181,0.5026066850661407
4182,0.4985640792842191
4183,0.5595873717152162
4184,0.49912780725076533
4185,0.5120927945795622
4186,0.5083934103593195
4187,0.5076964234788525
4188,0.5557391564519011
4189,0.51210056565414
4190,0.5043689314425749
4191,0.566149122370293
4192,0.5039515570302716
4193,0.5077640886535524
4194,0.5114522145308955
4195,0.5095231243706148
4196,0.5075599524849528
4197,0.5634037473331657
4198,0.550441306380074
4199,0.5464451904321184
4200,0.5582260037944506
4201,0.5522362060254333
4202,0.5305597652998233
4203,0.5205470470472705
4204,0.5071001087429157
4205,0.5117430666668821
4206,0.506180499693597
4207,0.5546005039699057
4208,0.5080586129960847
4209,0.508236123383821
4210,0.5076307292628619
4211,0.5073237947266395
4212,0.5059657207157257
4213,0.5730341330928941
4214,0.5466346670245711
4215,0.5103077918934672
4216,0.5214019821489766
4217,0.5545124039983045
4218,0.5325522814705036
4219,0.5094589690094088
4220,0.5115077446090633
4221,0.5040173550700651
4222,0.5015148031253044
4223,0.5051517056917196
4224,0.51234344070129
4225,0.5035235083153639
4226,0.5217803277720118
4227,0.5172016811679931
4228,0.5017908527809911
4229,0.5604742836918948
4230,0.5133129063963016
4231,0.5035270037903393
4232,0.5147988829675618
4233,0.5102699870624237
4234,0.5492148728856701
4235,0.497793451387742
4236,0.513611590271611
4237,0.5026051829644613
4238,0.5528006314471077
4239,0.5060011218225995
4240,0.5110062060466809
4241,0.5053947058908961
4242,0.5127116389263782
4243,0.5253207979613554
4244,0.5104455325160453
4245,0.5149834844793214
4246,0.4997729854850807
4247,0.5424791598770743
4248,0.511387041469226
4249,0.5007090212192165
4250,0.5365766552231309
4251,0.5074293337901606
4252,0.5160086239193497
4253,0.5099008835660976
4254,0.5058188618904732
4255,0.5046124323919373
4256,0.5092187201715533
4257,0.5208365803240254
4258,0.4986998195388836
4259,0.49000637395717245
4260,0.5092396094068805
4261,0.5082259147286399
4262,0.5089122641920426
4263,0.5041229990970553
4264,0.5035601530751247
4265,0.49542104941784254
4266,0.5005213656214689
4267,0.5764703703252103
4268,0.5767824508299435
4269,0.510701957510899
4270,0.49985439293180234
4271,0.5068901017474772
4272,0.508171860151208
4273,0.5159524396758118
4274,0.5154306614302355
4275,0.509786071652812
4276,0.5009936633750673
4277,0.543778690691322
4278,0.520675995696699
4279,0.5054930783701471
4280,0.5108293371905281
4281,0.508288404652228
4282,0.506294888607157
4283,0.5051163602389561
4284,0.5757118559248641
4285,0.5188019616324551
4286,0.5532148748615723
4287,0.5107687093350947
4288,0.5425809988335122
4289,0.5736265809158333
4290,0.5080350572254626
4291,0.5016211649853689
4292,0.5071843867889616
4293,0.5100828651618037
4294,0.507904033779559
4295,0.5060496443204677
4296,0.4929397111108416
4297,0.5018591017202784
4298,0.5160626196239323
4299,0.5647801116774472
4300,0.5107632987980959
4301,0.5483851428898374
4302,0.5421562864213761
4303,0.5572265324599157
4304,0.5088605946559819
4305,0.5742600267731166
4306,0.5051188460458031
4307,0.5084663066425805
4308,0.5058765019079631
4309,0.5100828978282439
4310,0.5075280504707267
4311,0.5088567423075284
4312,0.563030842915051
4313,0.5509604555812507
4314,0.5036292513843649
4315,0.5749511165398431
4316,0.5770449391703355
4317,0.5103335359978118
4318,0.5740201345209351
4319,0.5419100533856693
4320,0.5078103614169571
4321,0.5759211714489609
4322,0.5080184163170804
4323,0.574619900397494
4324,0.5747792102636085
4325,0.49814313264132415
4326,0.5090697938975841
4327,0.5119792624838703
4328,0.5741581916486351
4329,0.543072909020704
4330,0.5335371787184054
4331,0.5089188476621598
4332,0.5591989804319346
4333,0.5755598065559904
4334,0.5094569466226747
4335,0.5562142684887023
4336,0.5086799729754317
4337,0.5059008713330226
4338,0.5588941659413557
4339,0.522676776475707
4340,0.5579063365716663
4341,0.5083562998412309
4342,0.49777434221506106
4343,0.4974977029923467
4344,0.5081054664215274
4345,0.5084814039404512
4346,0.5107420852706862
4347,0.5067315447054305
4348,0.5065772948501872
4349,0.5745774016405747
4350,0.509513937003947
4351,0.56211338045192
4352,0.5065867367543339
4353,0.5500705556842543
4354,0.5050079050466784
4355,0.5766896793063154
4356,0.5112961110344687
4357,0.5119282790591685
4358,0.5741858371303123
4359,0.5177072906524806
4360,0.5720130250849127
4361,0.5355771277526182
4362,0.5081615419334758
4363,0.5095360834695676
4364,0.5429190192580103
4365,0.5031095783219471
4366,0.5056342935986056
4367,0.5129679364340423
4368,0.5761021769803749
4369,0.5109455161111707
4370,0.57421198383268
4371,0.5462347868570396
4372,0.5249872577968308
4373,0.5295445205297598
4374,0.501074599213887
4375,0.5061461907118765
4376,0.5026907258633815
4377,0.5621357013550852
4378,0.5041318580453138
4379,0.5495307729749586
4380,0.5622433401712572
4381,0.5054674924029895
4382,0.5520504745904266
4383,0.5154086335685315
4384,0.4967742078554499
4385,0.5034997033124273
4386,0.5140035053484647
4387,0.524843107059423
4388,0.5520880623529247
4389,0.5128762128781232
4390,0.5097985982966212
4391,0.542769202919188
4392,0.5124498881073176
4393,0.561659867015865
4394,0.5552094400591707
4395,0.5088611032845141
4396,0.5011409562878462
4397,0.5049504398726617
4398,0.5609908433953856
4399,0.5751481708362116
4400,0.5099290120243933
4401,0.5215965308490649
4402,0.5153830241269606
4403,0.4981958326122492
4404,0.5048894596837573
4405,0.5013937670901191
4406,0.5133615935517567
4407,0.5616654051447869
4408,0.5056083294362563
4409,0.5030320933059711
4410,0.5226033915657078
4411,0.5583107028061276
4412,0.5041117998770321
4413,0.4982224222749356
4414,0.5390887599866946
4415,0.5490754511247526
4416,0.5376320071288108
4417,0.5061879113260704
4418,0.5096327034465706
4419,0.5220135840317293
4420,0.5040261322465147
4421,0.5486467152615344
4422,0.575033166580859
4423,0.545561220672165
4424,0.4993489846214653
4425,0.5015293470745195
4426,0.5006998739663611
4427,0.5488088493400711
4428,0.5359109751636637
4429,0.5068579020928522
4430,0.5402028478160691
4431,0.5040737070651085
4432,0.5109642871469093
4433,0.5103036910658225
4434,0.5104594717733897
4435,0.5769539747062741
4436,0.5707030872685808
4437,0.5726956614857256
4438,0.5127427476137375
4439,0.5076877535809524
4440,0.513965472580676
4441,0.562447227738734
4442,0.5488992242737222
4443,0.512078856133483
4444,0.5105206522070038
4445,0.5066078240081362
4446,0.518794937753928
4447,0.5087139134530252
4448,0.5108545354319636
4449,0.5084835843794475
4450,0.5065818989540014
4451,0.5547519120117529
4452,0.5002525574206671
4453,0.49990340684788437
4454,0.5226387951448352
4455,0.5586578691315552
4456,0.5742870696646634
4457,0.513841522867425
4458,0.49781605230464776
4459,0.504707707950873
4460,0.5373441138389929
4461,0.5085548434675218
4462,0.5037760575007814
4463,0.5030604866927615
4464,0.4952354362411556
4465,0.525706238663975
4466,0.4995146406792556
4467,0.5059241562881118
4468,0.573404715308558
4469,0.577171821292968
4470,0.5413163305664916
4471,0.5043390635541517
4472,0.5639229370918539
4473,0.5419007925986182
4474,0.5069799869898763
4475,0.5451905735466676
4476,0.49718372280910517
4477,0.5062464536675393
4478,0.505460456464434
4479,0.5034241502370859
4480,0.517118136202808
4481,0.5009919897673822
4482,0.5341413369035375
4483,0.4981359373908116
4484,0.5749938375057522
4485,0.5594817334985773
4486,0.5615204172488921
4487,0.5541476944475252
4488,0.5050931021523977
4489,0.5057436391673178
4490,0.5054189328759686
4491,0.504314797130215
4492,0.56452433890768
4493,0.5456473901483563
4494,0.5013169951944872
4495,0.5083363128947208
4496,0.5200871167771195
4497,0.5102648188662248
4498,0.5052755039847795
4499,0.5285284174419224
4500,0.5146511722689755
4501,0.5523199150212647
4502,0.5042384572983791
4503,0.5094775318166789
4504,0.520431136669588
4505,0.5088757318074715
4506,0.5750790820799241
4507,0.5077305760962234
4508,0.5679011066534756
4509,0.5201812968471442
4510,0.5587848802509118
4511,0.5426803772083766
4512,0.49381498302647137
4513,0.5038429121399935
4514,0.5087039643927799
4515,0.5546810473500341
4516,0.5572563512803481
4517,0.505580734898511
4518,0.5031274366409483
4519,0.5092716222438409
4520,0.4997317671964843
4521,0.5111745309008966
4522,0.5556185129114136
4523,0.5075485309246313
4524,0.5024248146264813
4525,0.5058448185816736
4526,0.5154409608834957
4527,0.5105546711635418
4528,0.5183497218727137
4529,0.5064701640320317
4530,0.558913916105225
4531,0.5112865045650958
4532,0.5367616082873611
4533,0.5068329139588623
4534,0.5029234337904448
4535,0.5083265068631792
4536,0.5209876192584824
4537,0.5510565035058355
4538,0.5550259301072368
4539,0.5775378926277034
4540,0.5091648066839036
4541,0.5034977851646185
4542,0.524820425951477
4543,0.5099746740449365
4544,0.5042563003448106
4545,0.5114706084535118
4546,0.5145305451813085
4547,0.5149935921797542
4548,0.5738048931997115
4549,0.538770802613604
4550,0.5098700262902721
4551,0.4989625362343636
4552,0.5473289391106251
4553,0.5156640084894665
4554,0.505958256698187
4555,0.5043103284409076
4556,0.5077938870993604
4557,0.5012829200132702
4558,0.496311241938695
4559,0.5393250240955821
4560,0.5567062475220409
4561,0.5077661200140401
4562,0.49789184128581915
4563,0.5029169988930291
4564,0.5027650394778717
4565,0.5136289192515857
4566,0.5070783250367632
4567,0.5099469536527209
4568,0.5065548009874119
4569,0.5645668860470621
4570,0.49613030768337757
4571,0.5540183379621613
4572,0.5038768402386844
4573,0.5532851445438784
4574,0.5064192024805385
4575,0.49830655158209336
4576,0.5126092699120239
4577,0.5126486879072972
4578,0.5100736302466373
4579,0.5023466042229703
4580,0.5042633180590436
4581,0.5237729455360731
4582,0.5469661303614718
4583,0.5422712038945172
4584,0.5076460673689951
4585,0.5065210271531632
4586,0.50933863493893
4587,0.5092384249739649
4588,0.49959401188324193
4589,0.5081404280136965
4590,0.5012107334361876
4591,0.5040304633951004
4592,0.505909872225676
4593,0.5046734722718983
4594,0.5114042861894221
4595,0.5017836738186324
4596,0.5160979589224687
4597,0.5050925830282609
4598,0.5733401380356282
4599,0.513413612008213
4600,0.5562094603897485
4601,0.5083632177639511
4602,0.5033198937584882
4603,0.5078687148016111
4604,0.5576857691854895
4605,0.5078321706541348
4606,0.5127097386352487
4607,0.5757806546993836
4608,0.56093406917169
4609,0.5228671366472895
4610,0.523065544180929
4611,0.510902599696287
4612,0.5053206866674774
4613,0.5017068478190396
4614,0.5162349114225723
4615,0.5322360002022954
4616,0.5023286764892365
4617,0.5090226696352219
4618,0.5501025350743679
4619,0.551487103099088
4620,0.5044849449069603
4621,0.5026391227753593
4622,0.5147949647487462
4623,0.5092530977319902
4624,0.5074720305198891
4625,0.5084219381056444
4626,0.5102175971283852
4627,0.5046640346768879
4628,0.5027802010200306
4629,0.5070985332664978
4630,0.5033122467273343
4631,0.5051334950255995
4632,0.5660793317312313
4633,0.49763828334775306
4634,0.5009254478185567
4635,0.5072506181991346
4636,0.5102999693620435
4637,0.5370505077533203
4638,0.556898733936838
4639,0.4990684698627459
4640,0.5042653324004437
4641,0.505730079933765
4642,0.5326442687426357
4643,0.5019076071961618
4644,0.508227476546774
4645,0.505786810391212
4646,0.5068417545757784
4647,0.5748534612598403
4648,0.5743644633670313
4649,0.5027336524547539
4650,0.5098458244919559
4651,0.5405951509712275
4652,0.5056562432588614
4653,0.5005663375756991
4654,0.5050138773710089
4655,0.5143166900668975
4656,0.5077326414624848
4657,0.49728295321964044
4658,0.5498005815984627
4659,0.5051734298866281
4660,0.5625443604234487
4661,0.5113507748963793
4662,0.5538626990053577
4663,0.5735747184718893
4664,0.5032581787586184
4665,0.5140609654753243
4666,0.5125684692561516
4667,0.5237457399293718
4668,0.5065156002353148
4669,0.5356992491067838
4670,0.5078562331372984
4671,0.5142571639800976
4672,0.49788830268561557
4673,0.5508802538707875
4674,0.5062845844918525
4675,0.5747356484971058
4676,0.5152490988912253
4677,0.5308533206347065
4678,0.509036793001697
4679,0.501340364365974
4680,0.4987520037709451
4681,0.5249243412152307
4682,0.5687675801004533
4683,0.5008505703228768
4684,0.5637413394829699
4685,0.5165583765988881
4686,0.5033626157831964
4687,0.5046047961203824
4688,0.5080940810694903
4689,0.5040930509692159
4690,0.5138678866595284
4691,0.5072745596983055
4692,0.5061059880896147
4693,0.5397741209569187
4694,0.5028246433696079
4695,0.5340541394209113
4696,0.5544390593745995
4697,0.4956241282763664
4698,0.576955939234951
4699,0.5112795346473721
4700,0.576921435139522
4701,0.5253604370608733
4702,0.5136310297425349
4703,0.5598571317647973
4704,0.5051279288166368
4705,0.548251932943547
4706,0.4984023431446756
4707,0.5073963534221612
4708,0.5325975173343769
4709,0.5126974816746994
4710,0.5201969124368534
4711,0.5176101733907638
4712,0.5582154353506873
4713,0.5761967949611866
4714,0.5120123419223684
4715,0.5026969583561667
4716,0.5145210514728668
4717,0.5401458570263199
4718,0.5096621267290379
4719,0.556661758571471
4720,0.5135812925060231
4721,0.5016100253610417
4722,0.5052790603539683
4723,0.5011089414811358
4724,0.5059748842414497
4725,0.5317102334496163
4726,0.5072016759832962
4727,0.5060320562325603
4728,0.5241369249157457
4729,0.572365079868421
4730,0.5355566297167023
4731,0.500112980096296
4732,0.4963477757113515
4733,0.5076855262444251
4734,0.5256191722088284
4735,0.5162232547408281
4736,0.4969278868467244
4737,0.5596759405685312
4738,0.5439494611614711
4739,0.521676193641603
4740,0.502907519281807
4741,0.5161920570037132
4742,0.4974717855200623
4743,0.50387840230093
4744,0.492738070798357
4745,0.521689602492035
4746,0.5016980058653749
4747,0.5154167006120522
4748,0.554044154885542
4749,0.5740964141824747
4750,0.5728364172480055
4751,0.5724570707347378
4752,0.5736710496689663
4753,0.5012002963091472
4754,0.538670553650116
4755,0.506336716490293
4756,0.5044975671337466
4757,0.5474369689346739
4758,0.505088965401534
4759,0.574228583831914
4760,0.5064650672121555
4761,0.5761242275169546
4762,0.5030197959602377
4763,0.5764514528717887
4764,0.5066464120139131
4765,0.5075929179215698
4766,0.517218806081974
4767,0.5201541145666833
4768,0.5060645820924492
4769,0.49777387003150037
4770,0.5112725548763597
4771,0.5002266225072791
4772,0.5516915112496699
4773,0.509810928478782
4774,0.5604009046055212
4775,0.537708291651638
4776,0.5078351055064317
4777,0.5114712535708982
4778,0.5604945850691989
4779,0.5076696365796974
4780,0.5113485013520312
4781,0.5108298595330149
4782,0.5134116388234845
4783,0.5106409387879208
4784,0.5540914512397812
4785,0.5730442831784539
4786,0.5133425081054614
4787,0.5740567059306352
4788,0.5083314851908007
4789,0.5182780534331893
4790,0.5019820760166652
4791,0.5099663849615956
4792,0.5013128820766904
4793,0.5361170167997763
4794,0.5054155759915258
4795,0.5738609764413173
4796,0.5077111120517183
4797,0.5181470698903348
4798,0.5012554329195226
4799,0.5000131371352274
4800,0.5324904884860724
4801,0.5050030190442116
4802,0.5088437579675141
4803,0.524245830407323
4804,0.5120662417600672
4805,0.5131733736541992
4806,0.5023582166500783
4807,0.563356035777317
4808,0.4971577270731974
4809,0.5047123342213738
4810,0.5766177339522539
4811,0.573915748692237
4812,0.5123173717364753
4813,0.507146588617851
4814,0.5490704920475378
4815,0.502240423084572
4816,0.5265567930489724
4817,0.548551841449535
4818,0.5477764608322881
4819,0.5056439399980661
4820,0.5445564356901424
4821,0.5038135662928627
4822,0.5464702984395424
4823,0.5129662373124094
4824,0.5776671486090657
4825,0.5454691799392584
4826,0.5008344409671608
4827,0.5395564094688348
4828,0.5046733945651789
4829,0.5443365689998093
4830,0.5431119964186625
4831,0.5130812775280053
4832,0.4983277528595082
4833,0.5744704657381379
4834,0.5072506102003425
4835,0.5080993099805153
4836,0.5053510337726808
4837,0.5721615217430822
4838,0.5157341695998268
4839,0.5131182858129832
4840,0.5184920600438886
4841,0.5652468397632098
4842,0.5231595343028349
4843,0.508348376630445
4844,0.5105337997932767
4845,0.5068292157743797
4846,0.50935683504561
4847,0.5094449222122539
4848,0.5125223365843457
4849,0.5470692370131763
4850,0.505431560712528
4851,0.5055745301993034
4852,0.515606531844781
4853,0.4966423669920727
4854,0.5020575178492245
4855,0.5024581771618694
4856,0.5023028915650145
4857,0.5215380993922304
4858,0.5545248882414883
4859,0.5124461964722377
4860,0.4967377206875588
4861,0.5335687867588906
4862,0.506192526293136
4863,0.5033084836190064
4864,0.5038872024922229
4865,0.5094352459209646
4866,0.5495302233902278
4867,0.5116916330486366
4868,0.5130124077112506
4869,0.5355024141574527
4870,0.506212818769603
4871,0.514147210327005
4872,0.5761175771505334
4873,0.5034827466250726
4874,0.5094853916289039
4875,0.5039387150412579
4876,0.5148041032744719
4877,0.50432342157931
4878,0.5008161977218899
4879,0.5044821388178832
4880,0.5032381450449936
4881,0.5117476446184793
4882,0.5767429995760264
4883,0.5526430647628827
4884,0.5743248519680717
4885,0.5117733265758859
4886,0.5080589487350848
4887,0.5486233529364215
4888,0.5043245628871194
4889,0.5015025041539243
4890,0.5121727993232186
4891,0.4999548658162402
4892,0.5118718811832137
4893,0.553738369704029
4894,0.49364207671927085
4895,0.5186457850152724
4896,0.5443313411352393
4897,0.5030057389685579
4898,0.508477212116131
4899,0.5077779117895607
4900,0.5021108614613317
4901,0.5495531433861169
4902,0.5061278469938078
4903,0.5016208938706852
4904,0.502244312362987
4905,0.5102149647390897
4906,0.5088285364551679
4907,0.5633040383437307
4908,0.5151980998428518
4909,0.5071515392221692
4910,0.5365883490113404
4911,0.5559158130327503
4912,0.5545486557915535
4913,0.5604939923977399
4914,0.5103019073616063
4915,0.5519297925953733
4916,0.575603121229636
4917,0.5125361045992123
4918,0.5764499137418062
4919,0.5722009745297331
4920,0.5076080219878536
4921,0.5176249872628593
4922,0.5471862344102612
4923,0.5740097814870508
4924,0.5022631967392307
4925,0.49635785027395884
4926,0.5493408267679624
4927,0.562891985657118
4928,0.5125706142519063
4929,0.573652939647427
4930,0.4997267669415998
4931,0.5033849556527359
4932,0.5055231700525067
4933,0.5249721707638184
4934,0.5539010977439528
4935,0.5030242604286784
4936,0.5763958250925634
4937,0.5091179694410888
4938,0.5129353684072966
4939,0.5042945708818481
4940,0.5109980783463095
4941,0.4988034889434198
4942,0.5104879271862384
4943,0.506198747677055
4944,0.503098721802749
4945,0.5122993140705305
4946,0.5382841923292871
4947,0.5044268953240783
4948,0.5150558135502292
4949,0.5088605652474143
4950,0.5136809377466675
4951,0.504941659459306
4952,0.5033452449711631
4953,0.49978366781524836
4954,0.5111837798675597
4955,0.5042063699190353
4956,0.5417468265501562
4957,0.5094316445779589
4958,0.5072812295572164
4959,0.500208766554113
4960,0.4983170948527715
4961,0.5378704737270463
4962,0.5132700210164155
4963,0.5050096907408517
4964,0.5048514850982354
4965,0.5066511443555413
4966,0.5512897827923637
4967,0.5020915021542292
4968,0.5066184452136573
4969,0.511795232503534
4970,0.5001393617158894
4971,0.5551500697120892
4972,0.5083525487534672
4973,0.5767691077177879
4974,0.5144578410111473
4975,0.4948336753727185
4976,0.5040767372837337
4977,0.511406401777544
4978,0.5140636811255396
4979,0.5131583789804693
4980,0.5094776822717187
4981,0.5183814153956505
4982,0.5028208760957814
4983,0.5567174278382749
4984,0.5263851750236136
4985,0.5268703392749386
4986,0.5536837556933626
4987,0.5157378082297025
4988,0.5420086490927268
4989,0.5251702149420551
4990,0.5482725795030026
4991,0.4920161280545057
4992,0.49446801478566144
4993,0.5046305099213955
4994,0.5117189648260743
4995,0.5182615731532522
4996,0.547146643546105
4997,0.5755542808796851
4998,0.544195695491222
4999,0.5099282327374762
5000,0.5653412206836292
5001,0.5611570759054822
5002,0.5213418038579616
5003,0.5080790497561072
5004,0.5751806978882057
5005,0.5083701729114734
5006,0.5012292144759323
5007,0.5029176185045217
5008,0.5049683634996428
5009,0.5438311672325623
5010,0.5036093467140084
5011,0.5120897202155105
5012,0.5026609473137782
5013,0.5750399945313038
5014,0.5098876618264254
5015,0.5097523312586257
5016,0.512142177919016
5017,0.5013027571186994
5018,0.4934038688984987
5019,0.4978797916448557
5020,0.5063112671882499
5021,0.5634257942604589
5022,0.5051188087624899
5023,0.5183658872919797
5024,0.5759418811360626
5025,0.5032356299029236
5026,0.5115894124643974
5027,0.5082689978151524
5028,0.5084125404672506
5029,0.5079139662103651
5030,0.5032557469927221
5031,0.5042012412716136
5032,0.5765553415143441
5033,0.5532799792868848
5034,0.5079201887040701
5035,0.5094467541914772
5036,0.5124067681407889
5037,0.5023504233539986
5038,0.5081400767873046
5039,0.5163692296833325
5040,0.547414371044616
5041,0.5119690415723848
5042,0.5009977899413138
5043,0.502732622601839
5044,0.5070020045013643
5045,0.5043814983397978
5046,0.5068582014007615
5047,0.5073260240359052
5048,0.5000103870009629
5049,0.5277390602340235
5050,0.5035009373647013
5051,0.5137670082229784
5052,0.5775774759554422
5053,0.5082956033925087
5054,0.5723366466009027
5055,0.5223905521084633
5056,0.5118544485075934
5057,0.5104199780083768
5058,0.5064192884923946
5059,0.5048636150743994
5060,0.5397096060159075
5061,0.4916725890069565
5062,0.5382870787239797
5063,0.5070460713480898
5064,0.5747271114502426
5065,0.5084879008128206
5066,0.509421468682397
5067,0.5089682505821873
5068,0.5033417788461995
5069,0.5144570369668096
5070,0.4967974068592508
5071,0.5467925061158451
5072,0.5106532810240886
5073,0.577151440992511
5074,0.5081191176763472
5075,0.5024723291489785
5076,0.5013642947956829
5077,0.5058086661914356
5078,0.5053459918557303
5079,0.50732386794687
5080,0.5312132792445793
5081,0.5769030477747321
5082,0.5123096107732049
5083,0.5076642799323585
5084,0.5119593873730753
5085,0.5295011857538847
5086,0.5767935219609781
5087,0.549111539576466
5088,0.513280305926039
5089,0.5010137719347325
5090,0.5117014437220961
5091,0.5537893093827753
5092,0.5048105426393845
5093,0.49692648410076234
5094,0.5063558682390908
5095,0.5124948626727728
5096,0.5065988123398776
5097,0.5105298844052414
5098,0.5328471334341217
5099,0.5006630354838228
5100,0.5725951052591545
5101,0.5183818801478469
5102,0.5059455891218446
5103,0.5032768558193644
5104,0.5073623767491715
5105,0.5359919194004901
5106,0.5591961769219764
5107,0.577411494384536
5108,0.5158122131577966
5109,0.5080134229634381
5110,0.5482582239763164
5111,0.5034764910864555
5112,0.5057438123425051
5113,0.5054900943125498
5114,0.5742783416472709
5115,0.5399913739714195
5116,0.500026447972085
5117,0.5539362264942902
5118,0.5480063992299808
5119,0.5281659544961324
5120,0.5065460360048448
5121,0.5098104783903751
5122,0.509155469165342
5123,0.49544827502317373
5124,0.5609496992246461
5125,0.512280994993945
5126,0.5025263982323445
5127,0.510077811208765
5128,0.5059286765178349
5129,0.5013839350929572
5130,0.5011086080778147
5131,0.501566932824059
5132,0.5021743199617057
5133,0.5306930128346042
5134,0.5047532870269102
5135,0.534270703191914
5136,0.5111144837171234
5137,0.5128464168252957
5138,0.5035637173501183
5139,0.5435271130289259
5140,0.5113845617328089
5141,0.5602311555833953
5142,0.5034641789975908
5143,0.5083432108319067
5144,0.5393331939711264
5145,0.5548080140645406
5146,0.5738469162201947
5147,0.5181849542301087
5148,0.5148842723404272
5149,0.5731519846651245
5150,0.504043045639224
5151,0.5548160892116583
5152,0.5119307030010671
5153,0.5070477575626828
5154,0.5155640876085577
5155,0.5100369883506883
5156,0.5020628020870647
5157,0.5023567896874336
5158,0.5077467730817173
5159,0.5011680743736446
5160,0.5086790965340585
5161,0.500612402036189
5162,0.502933989430632
5163,0.5588184029757468
5164,0.5085764178500275
5165,0.560524177965724
5166,0.4946854932943108
5167,0.5096513018743198
5168,0.5600407539811271
5169,0.5111467923209316
5170,0.5134372393200339
5171,0.5096205449290528
5172,0.5021466006535525
5173,0.5727822208252706
5174,0.5038391148241876
5175,0.5168748290576984
5176,0.5050276652584019
5177,0.5266209790207135
5178,0.5036240101722453
5179,0.5064242532610372
5180,0.5570544231041509
5181,0.5131179074670607
5182,0.5512420122587232
5183,0.5117606009768823
5184,0.5424233387528464
5185,0.5050730577280003
5186,0.541645969935948
5187,0.5669692890158264
5188,0.5134635341166747
5189,0.5426590960556215
5190,0.5206632624946765
5191,0.4993760000933277
5192,0.5093588897466332
5193,0.5146311377531747
5194,0.5521308735727761
5195,0.539607338495625
5196,0.5520266008583481
5197,0.5101508881348102
5198,0.5051719750379267
5199,0.5161134480563335
5200,0.5540787450814769
5201,0.5441893137606568
5202,0.5721715215194223
5203,0.5619469613847381
5204,0.5084448674787282
5205,0.5304221198573122
5206,0.5087517833961357
5207,0.5515986885833495
5208,0.5036393914601823
5209,0.5588285765959121
5210,0.5025086093342535
5211,0.5073130467721796
5212,0.5399301962314931
5213,0.5290927164258111
5214,0.5433146680731815
5215,0.497537752016701
5216,0.5510835190722886
5217,0.512385408060738
5218,0.5097422462474949
5219,0.5492267283381969
5220,0.5485735933292368
5221,0.5046636507505647
5222,0.5110833350557311
5223,0.5036154744616379
5224,0.5078014041715639
5225,0.5750686219600911
5226,0.5045783778522979
5227,0.5487314207992565
5228,0.5065463527173626
5229,0.4989739482986869
5230,0.520744420767651
5231,0.5380257056355504
5232,0.49968382612970913
5233,0.5003966198148803
5234,0.5048311157012321
5235,0.5079582487858967
5236,0.5155237785373397
5237,0.5753448279334955
5238,0.5121248255027955
5239,0.5747100308089227
5240,0.5108886866694591
5241,0.554880476156302
5242,0.5620879138047883
5243,0.5102614059128777
5244,0.5071212664963002
5245,0.5585941195999033
5246,0.5215584966774355
5247,0.5077730133678624
5248,0.5045934380095876
5249,0.5011341439709408
5250,0.5032126406192767
5251,0.5216207623420908
5252,0.562156947691827
5253,0.5024209906214958
5254,0.5050574292052751
5255,0.494721058543709
5256,0.5568174937905576
5257,0.5485677246185015
5258,0.57299040498191
5259,0.4950833663207526
5260,0.5210001655955006
5261,0.5067661489844704
5262,0.5041599044778795
5263,0.5175544187866002
5264,0.5745660421430802
5265,0.5507342552509906
5266,0.5072338155914222
5267,0.5776905964812207
5268,0.5101115278404618
5269,0.5023036774523124
5270,0.5099988222661863
5271,0.5114532607801326
5272,0.5095487293277341
5273,0.5042367174606947
5274,0.5081112319325125
5275,0.5122824262186196
5276,0.5016763959292646
5277,0.5021515217381066
5278,0.4972505798726784
5279,0.4988439685229775
5280,0.5072297633977769
5281,0.5741511009002558
5282,0.5660562171073049
5283,0.5069290928514605
5284,0.5606383298396679
5285,0.5761732599081484
5286,0.4977824934884867
5287,0.5033816466470842
5288,0.5078524100281752
5289,0.5101954146214798
5290,0.5112187614601041
5291,0.5337293553067137
5292,0.5014945089415666
5293,0.5121237786016921
5294,0.5069210961897374
5295,0.5050220419404818
5296,0.4986993877125762
5297,0.5055259207602388
5298,0.5025101095421725
5299,0.4983962579942495
5300,0.513377128603006
5301,0.5101046749177952
5302,0.49684629894906057
5303,0.5484092968756963
5304,0.4989730018722707
5305,0.5154180688682238
5306,0.545639630980997
5307,0.5324846117162301
5308,0.4987421083739426
5309,0.5102630407832474
5310,0.5391199269452661
5311,0.5026602671205381
5312,0.5736638636341977
5313,0.5011975918409197
5314,0.49768591361442016
5315,0.512408409056498
5316,0.5443108860017265
5317,0.507517094695056
5318,0.5082766504583729
5319,0.5136354814414166
5320,0.573581888247064
5321,0.5111812498282561
5322,0.5020840719869472
5323,0.5454868873815006
5324,0.574865208178653
5325,0.5022709044214664
5326,0.5037702418221044
5327,0.504600626737354
5328,0.5025591387090402
5329,0.5117468448552132
5330,0.5375744861091543
5331,0.5100072704196555
5332,0.5651918054875054
5333,0.507283123883792
5334,0.5342922881220221
5335,0.508447695721514
5336,0.5122754857633379
5337,0.49690010353810504
5338,0.5032165074130606
5339,0.5047978086857348
5340,0.5089698151370975
5341,0.5633924008998001
5342,0.508396890632517
5343,0.5762032038453136
5344,0.5174505854208347
5345,0.5044050042397246
5346,0.4945865642414704
5347,0.5731713523031625
5348,0.5454145539587016
5349,0.5111873475611455
5350,0.5051399137638194
5351,0.5046857987141222
5352,0.5663381638782389
5353,0.5066753647714382
5354,0.5496125127535467
5355,0.5096397277524234
5356,0.5021832330319984
5357,0.5343605637041113
5358,0.5100539025904064
5359,0.5148749342645074
5360,0.5010891145356742
5361,0.5019956832898272
5362,0.5775831127784635
5363,0.5669637166924335
5364,0.5600255216485475
5365,0.5044028001017578
5366,0.5470985815833402
5367,0.5441250685908801
5368,0.49625357137147463
5369,0.57533583869706
5370,0.5493552034237117
5371,0.5128462999769227
5372,0.5538700304132129
5373,0.5364038328751398
5374,0.5511648664562588
5375,0.5764105137010543
5376,0.49666841118439126
5377,0.5145575606892963
5378,0.5066608410636384
5379,0.5036283751619849
5380,0.5091094571252248
5381,0.4979142392304016
5382,0.5028859250153627
5383,0.5188744994689054
5384,0.5108780440681252
5385,0.5012294703955383
5386,0.5120507347676004
5387,0.5000698948813348
5388,0.5000944231739284
5389,0.5567963785261725
5390,0.5216210227742565
5391,0.5018959693062907
5392,0.5738520804350835
5393,0.49617884098517556
5394,0.5068747489919704
5395,0.5515201218641428
5396,0.5764764311669995
5397,0.5044057266278212
5398,0.5769911796236301
5399,0.505182274654092
5400,0.5113044759288738
5401,0.5386228364202893
5402,0.5203432710519942
5403,0.5153455480188338
5404,0.4992984665916923
5405,0.5178173123286685
5406,0.5079147831820011
5407,0.5041722083597724
5408,0.5063847961790636
5409,0.5126893174401621
5410,0.5112833080277501
5411,0.5769868370138154
5412,0.5010942680230227
5413,0.5025439534138438
5414,0.5577455682877686
5415,0.513547851605741
5416,0.5764122242615696
5417,0.5045421276433916
5418,0.5752029414935491
5419,0.5749140892551526
5420,0.5765922652746758
5421,0.5495633661159242
5422,0.5423860591617651
5423,0.5073228076035893
5424,0.5109652942726175
5425,0.5588436126001829
5426,0.5101278973005985
5427,0.5209899098937653
5428,0.5751687662156494
5429,0.5179358364290857
5430,0.49851550139967576
5431,0.5604860483730472
5432,0.5081452748474473
5433,0.5039530382526036
5434,0.5068375127776055
5435,0.5193975559247651
5436,0.5747098812236748
5437,0.5441735004029922
5438,0.5067066863139724
5439,0.503781406355951
5440,0.5373164317801924
5441,0.5062269217885567
5442,0.5085471990258295
5443,0.5081857322767246
5444,0.5074174910215448
5445,0.49573369460310446
5446,0.5560952565469663
5447,0.5150354715181262
5448,0.5039264785119412
5449,0.5032498972617513
5450,0.5032625319433057
5451,0.5049895611449317
5452,0.5394044552558962
5453,0.5094161024124133
5454,0.5130628844179126
5455,0.5098882507597727
5456,0.5653528925683474
5457,0.5074882377220176
5458,0.573753540940672
5459,0.5107756469456264
5460,0.5060419763136055
5461,0.49964579787067215
5462,0.5748718754214167
5463,0.5499800373133019
5464,0.49864475077694603
5465,0.5172597497909998
5466,0.5040980333785134
5467,0.5092239480870774
5468,0.5308151942121387
5469,0.5750082596141151
5470,0.5035762739493808
5471,0.5027168495157237
5472,0.5343041777207773
5473,0.5149632580787822
5474,0.5365018867370972
5475,0.5076323826535161
5476,0.4984260813939121
5477,0.5630033405048067
5478,0.5138497411366699
5479,0.509273281584647
5480,0.5065292795334035
5481,0.5227170022405342
5482,0.5076824005776465
5483,0.4975278056304548
5484,0.5110996095997625
5485,0.5042537610151849
5486,0.5071334032626879
5487,0.5110857800399207
5488,0.5079122508775017
5489,0.5715178546694009
5490,0.5022898386394509
5491,0.5045388526074158
5492,0.5140230528978367
5493,0.5079044280186756
5494,0.5777619614602723
5495,0.5104735260571448
5496,0.5469663609852315
5497,0.5200645181219502
5498,0.505835316003969
5499,0.504524203838761
5500,0.504278708241985
5501,0.50640608586378
5502,0.5045407065807685
5503,0.5529581056411579
5504,0.5463804444006719
5505,0.503662480331164
5506,0.5085503099354464
5507,0.5098721801740631
5508,0.5101581250306647
5509,0.5760645705434528
5510,0.5367750176148742
5511,0.50378824125759
5512,0.5177707624181688
5513,0.5213788754231926
5514,0.513237380595691
5515,0.5007694838680669
5516,0.5250584800281545
5517,0.5261355419813193
5518,0.5223625409059864
5519,0.5001183272012902
5520,0.5033441867674362
5521,0.5120988304809002
5522,0.5004786088538664
5523,0.517218913264849
5524,0.5040432469063778
5525,0.5741836859901286
5526,0.504015444738567
5527,0.4987646409869072
5528,0.5740181366074849
5529,0.5732181569946719
5530,0.5152031563743064
5531,0.5115712570678348
5532,0.5098429002096573
5533,0.49169896180708106
5534,0.5284825598791266
5535,0.5194677179185578
5536,0.5425747731701365
5537,0.5045230367481444
5538,0.5111141134487532
5539,0.5137918912041461
5540,0.5107456156427531
5541,0.507826200963416
5542,0.505007078295422
5543,0.5412281207842545
5544,0.5052794894141064
5545,0.542263299483501
5546,0.5764522650185603
5547,0.5045270392550325
5548,0.5017017357194679
5549,0.5041374432563164
5550,0.5087484867146445
5551,0.5282747055479057
5552,0.5286954887383642
5553,0.513462094773806
5554,0.4908757554513992
5555,0.5080495027703441
5556,0.564671259666739
5557,0.544864018772584
5558,0.5095425698119523
5559,0.5619529859317638
5560,0.5079564517587154
5561,0.5757859818199913
5562,0.5197358557746538
5563,0.5035471231380729
5564,0.562441423748832
5565,0.5737517742472843
5566,0.49933732988311896
5567,0.49693885496188517
5568,0.5092353103546485
5569,0.5149237886207852
5570,0.5030671206770253
5571,0.5079976420898312
5572,0.55105112275993
5573,0.5488063062528481
5574,0.5475219992083785
5575,0.5332994800409365
5576,0.5054771181915062
5577,0.5539949978483991
5578,0.5193318398320411
5579,0.5188693449103694
5580,0.5047859450892205
5581,0.5103415128967332
5582,0.5043340343976022
5583,0.5574500327275398
5584,0.5120319113281205
5585,0.5038996373286717
5586,0.5057958853820397
5587,0.4992957297342637
5588,0.5079704417814636
5589,0.5242220229035011
5590,0.561709501524301
5591,0.5036533312678895
5592,0.49746094222769854
5593,0.49752620800071184
5594,0.554492082579341
5595,0.5044769112126495
5596,0.5109303494742748
5597,0.5666166604194183
5598,0.5058260225525577
5599,0.5080592974700558
5600,0.5044724905871968
5601,0.49869120294691727
5602,0.5763552846360194
5603,0.4985397589781382
5604,0.49904399336857264
5605,0.534245083160878
5606,0.5737280213244932
5607,0.5120260567409648
5608,0.5050166998043384
5609,0.506356467324639
5610,0.5197934060463343
5611,0.5325716848753341
5612,0.5755035908384925
5613,0.5048162370622328
5614,0.5215219862631473
5615,0.5108998321122489
5616,0.5143225651803329
5617,0.5094038333047813
5618,0.5555065821540185
5619,0.5016320503714233
5620,0.5119943255624806
5621,0.5113499908235916
5622,0.5586941673502759
5623,0.5399251844193957
5624,0.573957009385294
5625,0.5063015623750051
5626,0.5365668110055908
5627,0.5409539751054468
5628,0.4967269381721365
5629,0.5247311489356108
5630,0.5114834160433995
5631,0.575093164838941
5632,0.5077850593997354
5633,0.5086410837978119
5634,0.5760266272512069
5635,0.5439255417574977
5636,0.509154408354201
5637,0.5723799029162475
5638,0.5031412284457124
5639,0.555328023593563
5640,0.574236725310983
5641,0.49960249037339843
5642,0.5051497846062148
5643,0.505194435464071
5644,0.5078929467231482
5645,0.5095420773125767
5646,0.5539084060161992
5647,0.512247456194837
5648,0.5062929069690232
5649,0.575803025761883
5650,0.5538903667450832
5651,0.5400533658331874
5652,0.5146106063944331
5653,0.5777006172757971
5654,0.504549051263673
5655,0.5204035108325074
5656,0.5181004504387405
5657,0.5122709287175526
5658,0.5751779186801474
5659,0.5050021788137032
5660,0.5576532823209694
5661,0.5045047704683655
5662,0.50776549811077
5663,0.5548402795549501
5664,0.5019545235233018
5665,0.49925892114992754
5666,0.5502213205207297
5667,0.5023428152199416
5668,0.536598773187745
5669,0.5750969873093411
5670,0.5140303205062686
5671,0.5240840814740205
5672,0.5026141194409359
5673,0.5440579640002502
5674,0.5073777997601607
5675,0.508704495557598
5676,0.5078337082485735
5677,0.5056928582092765
5678,0.5743346860941039
5679,0.5026588255563034
5680,0.5393627853708103
5681,0.49254703839720243
5682,0.5023207530169458
5683,0.49954937700386365
5684,0.5271265018132096
5685,0.553297824887093
5686,0.57427889161037
5687,0.5131457240331188
5688,0.4992513170650279
5689,0.5110535523397485
5690,0.5032535058439471
5691,0.5060719067785397
5692,0.5020296643988675
5693,0.508410051615595
5694,0.5039913037689722
5695,0.509957362227787
5696,0.5372519712694243
5697,0.5122242482451711
5698,0.4993867380672833
5699,0.4979896838352005
5700,0.5140446096561551
5701,0.5476765345727833
5702,0.507342449777857
5703,0.5756049679569777
5704,0.5295218153722452
5705,0.5062603774260699
5706,0.5204242716832467
5707,0.5040758448453123
5708,0.5099414918073727
5709,0.5139570001689943
5710,0.511184269644072
5711,0.5108792711038144
5712,0.5464309882444939
5713,0.508524721572047
5714,0.5000673466150086
5715,0.563107975526739
5716,0.505737995672719
5717,0.5436214327040017
5718,0.5045030974732736
5719,0.54750568470721
5720,0.5780715466784793
5721,0.509166648951269
5722,0.5128846597570571
5723,0.5089430731643961
5724,0.5494482464070175
5725,0.503079349882118
5726,0.5483049122907262
5727,0.5540086030867448
5728,0.5078503152373638
5729,0.5086032228144397
5730,0.49904249723624927
5731,0.5104866861983423
5732,0.5052563523202329
5733,0.49521208820374674
5734,0.5061474722397573
5735,0.5077665249124416
5736,0.5052215862893881
5737,0.5026989750251623
5738,0.49153889109939836
5739,0.5495798586192767
5740,0.5739651304265181
5741,0.5469202497169825
5742,0.5113663813563557
5743,0.5000031640886825
5744,0.5242696534815037
5745,0.5007257191268095
5746,0.5397149004509039
5747,0.5224093087603593
5748,0.5092897281764924
5749,0.5762537225534755
5750,0.5075449727276035
5751,0.5764770906707323
5752,0.507633249761553
5753,0.5306093527811044
5754,0.5055474180829191
5755,0.5267980576134405
5756,0.5454406553131894
5757,0.5159363185964938
5758,0.49952954431855723
5759,0.5085748584444356
5760,0.5031835573019725
5761,0.5163688563267241
5762,0.5455066275532109
5763,0.5175513794627238
5764,0.508888516489586
5765,0.5227439304769049
5766,0.5177755426612419
5767,0.5478808027724006
5768,0.5667625749649425
5769,0.5190540876583571
5770,0.508683246249774
5771,0.5477701990992186
5772,0.512085822213723
5773,0.5707459342709864
5774,0.5013325166267298
5775,0.5104742771405726
5776,0.5069325877969078
5777,0.5579624952868165
5778,0.5484974344381573
5779,0.5005302582392185
5780,0.5595487092469092
5781,0.5761539866901679
5782,0.5079529896301028
5783,0.5067659520379875
5784,0.5018187991485534
5785,0.5068121751631532
5786,0.5742287952878778
5787,0.5119148760635076
5788,0.5590314490350685
5789,0.5154660345415891
5790,0.5166132712911885
5791,0.5411213006348726
5792,0.5056827751746266
5793,0.5535206386523744
5794,0.5746974133280369
5795,0.5250651208366517
5796,0.5094006090698981
5797,0.5048336327347003
5798,0.5364745310324787
5799,0.5419495431722892
5800,0.5631317460678056
5801,0.5748200301621947
5802,0.505677872984132
5803,0.5041418528360201
5804,0.5006604537111823
5805,0.5111019374255404
5806,0.5090780844805606
5807,0.5044095748031877
5808,0.5104324235144583
5809,0.5409712998634909
5810,0.5060826074893556
5811,0.5657207326954372
5812,0.505663471355389
5813,0.5689493880435998
5814,0.5029448172702823
5815,0.5137192774521726
5816,0.5421592762394237
5817,0.49894000905202984
5818,0.5098538653012987
5819,0.5573284390092577
5820,0.5425924814681752
5821,0.5127971686499249
5822,0.5112188764221328
5823,0.5477582321803459
5824,0.5015161924275154
5825,0.5046851765126079
5826,0.5037021718236
5827,0.5057938833326762
5828,0.5549568114431626
5829,0.5189169437486929
5830,0.5153627529970362
5831,0.5125286841875254
5832,0.5236406089586719
5833,0.5420681408825861
5834,0.5122051087601679
5835,0.5193251823693233
5836,0.5068749604347769
5837,0.5630107484203692
5838,0.5103263597329013
5839,0.5048720826756832
5840,0.5589171071007484
5841,0.5246474417751839
5842,0.510817804135127
5843,0.5114646683627669
5844,0.5214869556268472
5845,0.5749414191380243
5846,0.5061259681578931
5847,0.49844324254603584
5848,0.5573040062037264
5849,0.576268666570756
5850,0.5089909371668995
5851,0.5756928001786957
5852,0.5745121188994832
5853,0.4921635153235289
5854,0.5067274199719396
5855,0.5485728083796036
5856,0.502888209201686
5857,0.5097236389143361
5858,0.5622241292155714
5859,0.49700295842799774
5860,0.5095280091811402
5861,0.5064306513556017
5862,0.5070751803070467
5863,0.5062308899278481
5864,0.5073183118467965
5865,0.5412027424334653
5866,0.5102083960986273
5867,0.4985723637800386
5868,0.49718641759247056
5869,0.5109478639836917
5870,0.5106750498058419
5871,0.5070468429756008
5872,0.5191866557141064
5873,0.560066950127031
5874,0.5053915709129828
5875,0.4985975270157069
5876,0.5087744899446278
5877,0.5080622118922354
5878,0.5143164515685296
5879,0.5430448664728653
5880,0.505308356170721
5881,0.5060889373104596
5882,0.5146639695572086
5883,0.5052472692386335
5884,0.5529914344618148
5885,0.5042333695810931
5886,0.5429706440283435
5887,0.553873095090783
5888,0.5641301713650572
5889,0.4989671040718508
5890,0.5145278953203325
5891,0.5096966696607164
5892,0.5367674506097428
5893,0.5133727968155698
5894,0.505527586572338
5895,0.506612893024661
5896,0.5036120908755444
5897,0.5766135366271898
5898,0.5063829012223557
5899,0.5346645959220504
5900,0.5120370671753621
5901,0.5107565584610213
5902,0.5159731433835738
5903,0.571974680396748
5904,0.5058401562446858
5905,0.5086287513637214
5906,0.5052944846238047
5907,0.5412772026790759
5908,0.4959698663051208
5909,0.5324299055629588
5910,0.5738771090113466
5911,0.5053653540554613
5912,0.5746258409391115
5913,0.508681382916942
5914,0.5069107216722973
5915,0.524943222422399
5916,0.5083915707493754
5917,0.5157154509985509
5918,0.537003898662227
5919,0.5036891366005788
5920,0.5107750031006285
5921,0.5040723168445868
5922,0.5549087564747963
5923,0.5282340993326455
5924,0.5112723907468197
5925,0.49825471635302476
5926,0.4993948699977907
5927,0.5385084839278209
5928,0.5052490545995487
5929,0.5038217095114877
5930,0.5057301259872851
5931,0.517957537829768
5932,0.5048618973368195
5933,0.5010751400541776
5934,0.5513918133432604
5935,0.5589970063759115
5936,0.5121430374070408
5937,0.509223687614309
5938,0.5513008410647458
5939,0.5564904575478291
5940,0.5095574314642951
5941,0.5385692930708907
5942,0.5021170763509301
5943,0.5667839170846112
5944,0.5367428146409842
5945,0.5052685893346697
5946,0.5068358942705118
5947,0.5120286764217115
5948,0.5773640269707754
5949,0.5127046005931465
5950,0.5764200899254566
5951,0.5082113206983617
5952,0.5015053805694412
5953,0.5165531068697639
5954,0.5376365417635891
5955,0.5359628489962427
5956,0.5739529823145217
5957,0.5758884154308616
5958,0.5029452132256179
5959,0.5755389542320957
5960,0.4989592883359797
5961,0.5090971143115146
5962,0.5213408997402572
5963,0.5030389843067321
5964,0.5190432795527486
5965,0.5072278424921934
5966,0.5105428949042154
5967,0.5051780307083695
5968,0.5743497503918424
5969,0.5085116419225828
5970,0.4983182949525859
5971,0.5081808609788492
5972,0.5267549667296924
5973,0.5464394412183755
5974,0.5045970121093191
5975,0.5526735549583406
5976,0.5041662107800278
5977,0.5117114656219348
5978,0.5094212589950643
5979,0.5106557121909442
5980,0.49950513459150436
5981,0.5204189435631894
5982,0.5189843641821861
5983,0.5118410116913917
5984,0.5067890718837932
5985,0.5507189392211805
5986,0.5398999341026406
5987,0.5070557016792975
5988,0.49797280839495595
5989,0.5308968863690983
5990,0.522871912457148
5991,0.5127122445420333
5992,0.5313278851671133
5993,0.5028947245522869
5994,0.5637702849580948
5995,0.5725135446765586
5996,0.5728092216747529
5997,0.555566990670735
5998,0.5337667719951408
5999,0.5096744584014359
6000,0.5112649929695643
6001,0.505920658989634
6002,0.5012402878127264
6003,0.5084407114318181
6004,0.5022068694524
6005,0.5743343953454558
6006,0.5049651039209386
6007,0.5087213913449758
6008,0.5225774386475353
6009,0.5758217244694451
6010,0.49816557806866446
6011,0.5625348823221377
6012,0.5535862801594252
6013,0.5092945555020385
6014,0.5030432571183109
6015,0.5106711978843061
6016,0.5060140363470254
6017,0.5074801805536104
6018,0.5741379811129692
6019,0.5034958724332008
6020,0.5778163087435583
6021,0.5605923398300778
6022,0.504870352863677
6023,0.5024642461094145
6024,0.5074024576776416
6025,0.5015028359070811
6026,0.5136678269792831
6027,0.577132156206041
6028,0.5094351002416183
6029,0.5764875963492299
6030,0.5620213054165569
6031,0.514784919942866
6032,0.5516157545679108
6033,0.5093289987418597
6034,0.49401833189420247
6035,0.5037664451046465
6036,0.5785987320278778
6037,0.5279183823328732
6038,0.5439105849573609
6039,0.5578954174894009
6040,0.5557600185704221
6041,0.5737177105002497
6042,0.49872167965864916
6043,0.51160634317333
6044,0.5498284589237086
6045,0.5116078251120131
6046,0.49781568563659345
6047,0.5083834610661498
6048,0.507296596869046
6049,0.5007550952581925
6050,0.5741018772466683
6051,0.538498185669948
6052,0.5581898156386483
6053,0.5728848365703434
6054,0.5020209198560525
6055,0.536320393564028
6056,0.49857528542052293
6057,0.5089649711039067
6058,0.5673098901244666
6059,0.5648479599645553
6060,0.5189317340150644
6061,0.5398401725703779
6062,0.5028976499939062
6063,0.5085347115321164
6064,0.5374400986627721
6065,0.5075268419881269
6066,0.509608267273644
6067,0.5152821913249326
6068,0.575807320827618
6069,0.5012623816382709
6070,0.5756332231716631
6071,0.49296301271652443
6072,0.5511177215249161
6073,0.55825507032998
6074,0.5404355404760267
6075,0.5004236298012381
6076,0.5042382678091611
6077,0.5455821481707301
6078,0.5200315788835874
6079,0.5073561951278639
6080,0.5090414978239111
6081,0.5041904693106521
6082,0.547332488585544
6083,0.5074355081097821
6084,0.5076547965787116
6085,0.5078528546057092
6086,0.5527807983605216
6087,0.5752938269684444
6088,0.5105098684257806
6089,0.5615784720593338
6090,0.5060518232143221
6091,0.5146027627287499
6092,0.5458368262823141
6093,0.503093507691086
6094,0.5113131811249821
6095,0.5764536403527092
6096,0.5173199883792169
6097,0.5659058500972646
6098,0.5074778856814726
6099,0.4997050602949813
6100,0.5698206712102756
6101,0.5054209864234261
6102,0.5105546494886996
6103,0.5389889155037291
6104,0.5100845677388846
6105,0.5499609868292586
6106,0.5012612770183563
6107,0.5041022258445599
6108,0.5125192680078311
6109,0.5035801370560506
6110,0.575544988454504
6111,0.5129994629423003
6112,0.5050500879775162
6113,0.5066391499201222
6114,0.5736035079989026
6115,0.5581061571045558
6116,0.574731856922142
6117,0.5014757567069722
6118,0.5575327549421947
6119,0.5104266430105169
6120,0.5033131028389777
6121,0.5575269164004213
6122,0.4965740183168882
6123,0.5497815271355538
6124,0.5067609335512526
6125,0.5005904915217992
6126,0.49614691362939517
6127,0.5096128613370642
6128,0.5014402148291948
6129,0.5270134077892497
6130,0.5045165372063605
6131,0.5734763936976492
6132,0.5113617019283438
6133,0.5054719613136718
6134,0.5603667624271449
6135,0.49743985304163907
6136,0.513161907971387
6137,0.5226397165317671
6138,0.5033105575668526
6139,0.5040244731573423
6140,0.507845633749612
6141,0.5072134644482885
6142,0.5773441101603826
6143,0.5061153436984027
6144,0.506445115075932
6145,0.5175637835662359
6146,0.5033433489882164
6147,0.5075973910007111
6148,0.503621519370275
6149,0.502703938310383
6150,0.5017317979661613
6151,0.554940271135799
6152,0.5037785422107186
6153,0.5466421132565783
6154,0.5040518263706568
6155,0.5060933176799394
6156,0.5123197869211943
6157,0.5593044498366835
6158,0.5747611781833455
6159,0.5138564163567709
6160,0.5468689199065353
6161,0.5058622623528161
6162,0.5075000146399885
6163,0.5023833223448285
6164,0.5250468414557408
6165,0.5074056208261214
6166,0.507218494945069
6167,0.5131313969255381
6168,0.5096880159717353
6169,0.5066134618192328
6170,0.512808047147798
6171,0.5050135249704216
6172,0.5401543194867929
6173,0.49978627993069885
6174,0.564469865198081
6175,0.561878782360581
6176,0.495311952954988
6177,0.5105758522929952
6178,0.5072746973414557
6179,0.5233952873589975
6180,0.5077494819627757
6181,0.5511346853327921
6182,0.5743433772570843
6183,0.507473889511354
6184,0.5268486074514893
6185,0.5142862349754823
6186,0.5128686334478089
6187,0.4986695422560447
6188,0.49927083413507467
6189,0.5179491596528758
6190,0.5111208966715197
6191,0.5439514990153212
6192,0.5566376501848481
6193,0.5094343940587364
6194,0.5064198918713951
6195,0.5097404606617998
6196,0.5059816321511907
6197,0.5130549721226096
6198,0.5548227827818083
6199,0.5433941097967941
6200,0.5768681054229872
6201,0.5098555833317244
6202,0.5746025708903578
6203,0.5741667342628458
6204,0.5042792794572151
6205,0.5212843619111709
6206,0.5230829711473758
6207,0.5760695287632608
6208,0.5479945312135877
6209,0.5592713009897508
6210,0.5286646900833254
6211,0.5039628508826598
6212,0.5149275343185895
6213,0.5088441339763086
6214,0.5060545473592872
6215,0.5070288870223807
6216,0.5089783581054934
6217,0.49953658131909207
6218,0.4940792006095955
6219,0.5172098026035576
6220,0.5009653016707342
6221,0.5119200173895211
6222,0.4971831784673884
6223,0.5537562175239447
6224,0.5074996713621418
6225,0.5470833042695014
6226,0.5472717322702119
6227,0.49252507469039086
6228,0.5746407867272679
6229,0.5020326540105688
6230,0.5074412073938347
6231,0.5048494433562001
6232,0.5091832273286302
6233,0.5018959180162514
6234,0.5439906498443795
6235,0.5067768297161932
6236,0.5085824005340538
6237,0.5598093436974314
6238,0.5037309188977899
6239,0.502386973599333
6240,0.5148462367618414
6241,0.5595820624522115
6242,0.5059484249794602
6243,0.5079423270354164
6244,0.5441930370082276
6245,0.5037296285674253
6246,0.513652504385462
6247,0.5130587112595669
6248,0.5089248659195911
6249,0.5006033017332074
6250,0.5779179010171648
6251,0.5076975975059712
6252,0.5058675094484304
6253,0.5058214698565237
6254,0.5761064800577619
6255,0.5078470556609209
6256,0.539647903752308
6257,0.5166719924739489
6258,0.5070582018002484
6259,0.5508919314091933
6260,0.5355705162234358
6261,0.573660653220364
6262,0.5113227830309293
6263,0.5398282235297742
6264,0.5016404919716334
6265,0.5051383163909876
6266,0.4960961347976004
6267,0.5078453334931394
6268,0.5057818634327457
6269,0.5042606784323236
6270,0.5114017661846879
6271,0.5411085336847326
6272,0.5166761440758176
6273,0.5113785409796636
6274,0.5088328019533236
6275,0.5649251238984822
6276,0.5047354519521363
6277,0.5755185556543103
6278,0.5272807956789427
6279,0.5101720536963246
6280,0.5102867618948269
6281,0.5053397493582983
6282,0.5192430843261923
6283,0.5373712267557863
6284,0.509069434402107
6285,0.5022473854806156
6286,0.5064153672897584
6287,0.507317708013602
6288,0.49785847580146114
6289,0.5083162247206698
6290,0.5743449698586115
6291,0.5514558146672968
6292,0.5556517032520241
6293,0.5033588714616447
6294,0.5090788535310172
6295,0.5135524293998669
6296,0.5746132458975206
6297,0.49895135511768335
6298,0.5468773242360022
6299,0.5123714825890425
6300,0.507264458285729
6301,0.5590346666693338
6302,0.5030100346908537
6303,0.5035908112861127
6304,0.5055436164067983
6305,0.5116711537786264
6306,0.5075157546496751
6307,0.5089907559769699
6308,0.512983618863558
6309,0.5017689501226817
6310,0.5531825735819688
6311,0.5744215813921316
6312,0.5237750584788513
6313,0.5575171449395198
6314,0.4989020764994825
6315,0.501299901624944
6316,0.5606791250144261
6317,0.5532356893096266
6318,0.5321793309845506
6319,0.5098768984451625
6320,0.5108112290868312
6321,0.49993391911594093
6322,0.5059524710290564
6323,0.5032938353915123
6324,0.5154787108240213
6325,0.5088539330504412
6326,0.5140305231107342
6327,0.5163177042411099
6328,0.4993004944510188
6329,0.5073646338792595
6330,0.5134473808536706
6331,0.5007579950527439
6332,0.5625148419966104
6333,0.5508071322357845
6334,0.5271788542534034
6335,0.5771622111350115
6336,0.5039973920412448
6337,0.4990361883674619
6338,0.503129953657134
6339,0.5109903630410957
6340,0.5364766594605228
6341,0.506602996987533
6342,0.5120172405859936
6343,0.5037610599211669
6344,0.5755764902603883
6345,0.5750955142710662
6346,0.5144640950354076
6347,0.5006099480539866
6348,0.48780389942466396
6349,0.5553734618235827
6350,0.5155236331967182
6351,0.5349747040581885
6352,0.5740066703611757
6353,0.5341126408601912
6354,0.5385753037628451
6355,0.5178664697048966
6356,0.5080805430026543
6357,0.5039752327500155
6358,0.5116518596716335
6359,0.5053645002160204
6360,0.5111951268608295
6361,0.5049957358933833
6362,0.5575062789443856
6363,0.5157578002645166
6364,0.5040256869734177
6365,0.5024836204553421
6366,0.5060470868574697
6367,0.5072275975129817
6368,0.5054711693395252
6369,0.5023767434061339
6370,0.4981879645387254
6371,0.5621124412733193
6372,0.5076687920742218
6373,0.5055427506165456
6374,0.49972499834861245
6375,0.5448521741927241
6376,0.5081630617112781
6377,0.504936499818581
6378,0.5608193001875268
6379,0.5773001924678725
6380,0.5111356027930543
6381,0.5028820131559425
6382,0.5747011079783255
6383,0.5127656353275992
6384,0.5094580233436837
6385,0.5011824985518432
6386,0.5077084845256925
6387,0.5455333624733799
6388,0.5110701717624075
6389,0.5303218332349902
6390,0.5072230122591295
6391,0.5096611011702781
6392,0.5123237956426705
6393,0.510486187332333
6394,0.5019463763124438
6395,0.5100087155453168
6396,0.5024885062252223
6397,0.5086687771654621
6398,0.5660460421618148
6399,0.5488498566571698
6400,0.5436634153295856
6401,0.5020051454709923
6402,0.5739641717765944
6403,0.5451353310344683
6404,0.56243861532224
6405,0.5149984711013011
6406,0.49279616533057063
6407,0.5136234467090661
6408,0.5051586668305673
6409,0.563068852454139
6410,0.5016627762892916
6411,0.5103932075237478
6412,0.5055470006072224
6413,0.5120691648330838
6414,0.5063045216244214
6415,0.5766903012000748
6416,0.5743168551143852
6417,0.5080460738313901
6418,0.5054222686158474
6419,0.5071918435354685
6420,0.5062111693268775
6421,0.5082999658393644
6422,0.5067551928305345
6423,0.49930561587007094
6424,0.5166006825280998
6425,0.5070200816670652
6426,0.5014481166649453
6427,0.4931854152471321
6428,0.5734780102674336
6429,0.57254711023576
6430,0.5130991835689828
6431,0.5024624962653957
6432,0.5759957144213042
6433,0.5062177891045238
6434,0.5507778813037777
6435,0.4983888224949848
6436,0.5049838420092064
6437,0.5132841791598076
6438,0.5056973327145536
6439,0.559417325548466
6440,0.504973602894248
6441,0.4953557446042422
6442,0.5762680755067209
6443,0.5009699016379592
6444,0.5499836976662273
6445,0.5421743332069626
6446,0.5063911333025688
6447,0.5035576237081879
6448,0.5525477448327
6449,0.5544629354519466
6450,0.5162014421676328
6451,0.5090977911765681
6452,0.5768458971425225
6453,0.5106153836931491
6454,0.5047844997746815
6455,0.511000943910734
6456,0.5029341047633714
6457,0.5738860131728679
6458,0.5141488157382301
6459,0.5195554719580032
6460,0.5127409532161695
6461,0.522812520036677
6462,0.5695185956594235
6463,0.5062640199082646
6464,0.5095687716299412
6465,0.5758691085438947
6466,0.5099427496386257
6467,0.5017940107000326
6468,0.5030995262898446
6469,0.5049052119421624
6470,0.5019903658167555
6471,0.560647845384628
6472,0.5114161329591124
6473,0.5104561342674351
6474,0.4989349979052529
6475,0.5118168414446234
6476,0.5769807563037972
6477,0.5334751935563274
6478,0.5416068588223921
6479,0.51145923360108
6480,0.5087608655245993
6481,0.540009108694737
6482,0.5788294194499572
6483,0.5745640790138363
6484,0.5050159420099544
6485,0.5646852145431591
6486,0.5080514930746862
6487,0.5748176683945926
6488,0.5122054203211377
6489,0.504796534806251
6490,0.5104742893209133
6491,0.5574581691043733
6492,0.5767840013485337
6493,0.5188516163365802
6494,0.5449625390837902
6495,0.5526094367332991
6496,0.5289078129952964
6497,0.5040617248753891
6498,0.5737707164715784
6499,0.5040542530532455
6500,0.5023516993527462
6501,0.5756874999182706
6502,0.5097298181482963
6503,0.5099997799987457
6504,0.49903873313177904
6505,0.575596032476775
6506,0.5741505270333556
6507,0.5320113386171909
6508,0.5061062556117772
6509,0.508797913972882
6510,0.5231475273118678
6511,0.5093406695960556
6512,0.511129019506282
6513,0.5191989615832395
6514,0.49992024377564354
6515,0.5058456040698984
6516,0.5718774212765344
6517,0.5366831257576891
6518,0.5082586787593446
6519,0.5175299591181497
6520,0.5070892829587226
6521,0.5240842172856859
6522,0.5024985170577541
6523,0.5101170648340327
6524,0.53146762869505
6525,0.5057933954299957
6526,0.544881536297304
6527,0.5024310045001452
6528,0.5151218158667765
6529,0.5139500850333328
6530,0.5490016128463123
6531,0.5108848166693533
6532,0.5005690433001749
6533,0.4995719930590243
6534,0.4999746627892803
6535,0.5080979325799799
6536,0.5043784058113029
6537,0.559600881411436
6538,0.5057252215530532
6539,0.542825765672417
6540,0.576156359638573
6541,0.5070172524083394
6542,0.5507496125959509
6543,0.5107805015613889
6544,0.5076780109537475
6545,0.4967299417980666
6546,0.5071332149812967
6547,0.5120021867585881
6548,0.5026755650104864
6549,0.5014612642560021
6550,0.5054802946932121
6551,0.5052431843422925
6552,0.5451738562365488
6553,0.5286909681646135
6554,0.5181006673937717
6555,0.5464271850524907
6556,0.5111878018426175
6557,0.5771739123029742
6558,0.5311712960807681
6559,0.5011647450465624
6560,0.5070818364969215
6561,0.50632235386129
6562,0.5758528442986025
6563,0.5073775354260097
6564,0.5079574799246249
6565,0.505131530119542
6566,0.509721490005878
6567,0.5771561531230459
6568,0.5110695284611939
6569,0.5739437361870985
6570,0.49386889838585984
6571,0.5545826630663582
6572,0.5435162088909066
6573,0.5645979071744863
6574,0.5069371195441682
6575,0.5033020370736109
6576,0.506491867083
6577,0.5286327605409182
6578,0.5328095071410855
6579,0.5067899172331938
6580,0.5070588100366574
6581,0.575995271669515
6582,0.5434128970558892
6583,0.5720944970236267
6584,0.5108920146092736
6585,0.5292136892048505
6586,0.5097576625953935
6587,0.5622799441829255
6588,0.5742243037955814
6589,0.5076636552777469
6590,0.4981653195637289
6591,0.5123985946978971
6592,0.5773944982070804
6593,0.5058096019425922
6594,0.5174537125955692
6595,0.5737734245029231
6596,0.49779281093381067
6597,0.5159699348944686
6598,0.5085534574731337
6599,0.5751328553575268
6600,0.5772090256099396
6601,0.5084322693794014
6602,0.5103681455023849
6603,0.5028325122816285
6604,0.5569034812813679
6605,0.5051168781949438
6606,0.5088915952815264
6607,0.5563813018417991
6608,0.5362767762111357
6609,0.5039296533046487
6610,0.4926562087555217
6611,0.5016251670130091
6612,0.5589928112181312
6613,0.5134369827968842
6614,0.505898754576346
6615,0.5070989499525168
6616,0.5063998229566828
6617,0.5373276624145259
6618,0.5060871560519248
6619,0.5758503321264892
6620,0.507838767758124
6621,0.5095819524643561
6622,0.5377672903524873
6623,0.5749219723936235
6624,0.5408143170872842
6625,0.5200115301574718
6626,0.5320498714827289
6627,0.5089423633965282
6628,0.5009023795414494
6629,0.5646888154659426
6630,0.5772548177906254
6631,0.530265430976953
6632,0.5072139073472944
6633,0.5114771484118106
6634,0.5045880965144234
6635,0.5067329615478422
6636,0.5485962607937771
6637,0.5045041671899831
6638,0.505949596281339
6639,0.5583094941078466
6640,0.49397932254567767
6641,0.5073830248529838
6642,0.5518248233574838
6643,0.532614251498547
6644,0.5111371872696667
6645,0.5095755622494857
6646,0.5048328899732737
6647,0.5113651987929506
6648,0.5757742495720124
6649,0.5090557662970595
6650,0.5075453458217059
6651,0.5104116052705348
6652,0.5032759515032599
6653,0.5028366439391945
6654,0.5474569893534651
6655,0.5178122584610425
6656,0.554943226266937
6657,0.5118400308275325
6658,0.5070627545235098
6659,0.49502270045008734
6660,0.5588865653961888
6661,0.49634667959269896
6662,0.5498232945921162
6663,0.49639778288173
6664,0.546316564548825
6665,0.5112745758697467
6666,0.5009366097281192
6667,0.5106959448471933
6668,0.5779154476058934
6669,0.49625294746526594
6670,0.503247703390506
6671,0.5016651452559511
6672,0.510079962670639
6673,0.50609042756313
6674,0.5758938906175884
6675,0.500563704527033
6676,0.5174520497069274
6677,0.5790391557858221
6678,0.5059419957378439
6679,0.5073711853994052
6680,0.49951736171932704
6681,0.5085402290322389
6682,0.515823072460996
6683,0.5642684443725761
6684,0.5124225437860233
6685,0.5048607329581772
6686,0.5178966550056956
6687,0.5519724270194527
6688,0.5026586291048664
6689,0.5037151891481937
6690,0.5030672229807425
6691,0.5040065795163589
6692,0.5169576915424323
6693,0.5068689885366805
6694,0.5064842551884035
6695,0.503296429800717
6696,0.5532965700091523
6697,0.5746588632764288
6698,0.5005410325276983
6699,0.5065690118715104
6700,0.5729695251408444
6701,0.5116440693594138
6702,0.5192751119036785
6703,0.5149285241391757
6704,0.50861322842007
6705,0.576020700330852
6706,0.5426089713663207
6707,0.5091366628058167
6708,0.5094488152836628
6709,0.5754766922699563
6710,0.5123015643223563
6711,0.5275214524685296
6712,0.5021888638566752
6713,0.5076038717354661
6714,0.5018022146892693
6715,0.5001612166434127
6716,0.5412168530690488
6717,0.5000396314488507
6718,0.5033373429607865
6719,0.5319170168977466
6720,0.5388113346239706
6721,0.5768390088155646
6722,0.5034058843980048
6723,0.5429931510905824
6724,0.5073409535643804
6725,0.5056391205179737
6726,0.5499190927459137
6727,0.5555887559175228
6728,0.503562409278566
6729,0.5025594013003202
6730,0.5758601788949183
6731,0.5094211737037203
6732,0.5128689614197229
6733,0.5054033048326609
6734,0.5037566354901714
6735,0.5037865410821479
6736,0.49989944654227364
6737,0.5094464008690874
6738,0.5765043379786334
6739,0.5531710720608941
6740,0.5016918536785928
6741,0.5046505075454678
6742,0.5070851155819392
6743,0.5076315482541983
6744,0.5046614793556037
6745,0.5149825587748214
6746,0.5497441026655872
6747,0.537406964128732
6748,0.5034289057422578
6749,0.5102957902109536
6750,0.5182173833831043
6751,0.5007290589601905
6752,0.49983590316362064
6753,0.5762247030895133
6754,0.5120292524181093
6755,0.5763678797602079
6756,0.5064533781411338
6757,0.5561653532184686
6758,0.5108171170762072
6759,0.5156067700608538
6760,0.547291037829793
6761,0.5071039867143938
6762,0.5079807511861852
6763,0.560873915942659
6764,0.507330884996274
6765,0.5491036538884446
6766,0.5758300435445838
6767,0.5544919643523902
6768,0.5005856974864857
6769,0.5120870996451904
6770,0.5471403969372717
6771,0.5387361825288169
6772,0.5177241005489142
6773,0.5743392953333426
6774,0.5070046557806642
6775,0.5084002050485944
6776,0.5057313253967398
6777,0.5016801989132139
6778,0.500593406553842
6779,0.5759251524622319
6780,0.5440344591467506
6781,0.5094908351723156
6782,0.5019887386215193
6783,0.5759246521302683
6784,0.5762340728998916
6785,0.5045657108744052
6786,0.5031387426059234
6787,0.5743087553474283
6788,0.5066108497244981
6789,0.5082530385959086
6790,0.5353574181055097
6791,0.5358180214138547
6792,0.5086320633433574
6793,0.5759511474994737
6794,0.506556800832124
6795,0.549951045957482
6796,0.5755662423727761
6797,0.5084859931754504
6798,0.5562561825230508
6799,0.5038599983401655
6800,0.5571982558403565
6801,0.5051688113664454
6802,0.5169990755291471
6803,0.5453103998764176
6804,0.5095820363447714
6805,0.5043925397319168
6806,0.575252869505765
6807,0.5376898411383565
6808,0.5012474750520566
6809,0.5259830457373712
6810,0.5027124268894831
6811,0.5773389142995434
6812,0.5045569669418113
6813,0.546929394733372
6814,0.5744787255802745
6815,0.5045686940003434
6816,0.5270539771097205
6817,0.5245634878876485
6818,0.5444603638370842
6819,0.5619217841809669
6820,0.5126684424928691
6821,0.5092714013014815
6822,0.4956613462880273
6823,0.5168157983512579
6824,0.5440381653053334
6825,0.5064853369051657
6826,0.5733697585679443
6827,0.5093707547849301
6828,0.5484709971000318
6829,0.557225451713634
6830,0.5002321245630453
6831,0.5461695211267916
6832,0.5059396426800021
6833,0.508876016994944
6834,0.5100953996450128
6835,0.5776797517606787
6836,0.5050958192780423
6837,0.5571158701491652
6838,0.5102903395972143
6839,0.5756265921444572
6840,0.5035453625351294
6841,0.5563316694494439
6842,0.5602932559126609
6843,0.5056868243130966
6844,0.5045285359100439
6845,0.5001287115067349
6846,0.5019384172027712
6847,0.4934854224731686
6848,0.4973331479897429
6849,0.49857651366723893
6850,0.5051005882623747
6851,0.5084832174953807
6852,0.5263928832305969
6853,0.5347324593177375
6854,0.5524630495937088
6855,0.5191377538547137
6856,0.5103134405854355
6857,0.50836454544237
6858,0.5092216154016114
6859,0.5747610034365855
6860,0.5096142182487506
6861,0.5167574336455402
6862,0.500616886403881
6863,0.5168769994665181
6864,0.5111083897630717
6865,0.5180580345274093
6866,0.5348182237977102
6867,0.5132062498481105
6868,0.493633113217158
6869,0.5080636093498024
6870,0.5403550567480923
6871,0.5122502927551523
6872,0.5133469842479406
6873,0.5055026639540454
6874,0.5027034880746044
6875,0.5072465653938543
6876,0.5061154540445688
6877,0.5061457966413063
6878,0.5615804852340829
6879,0.5015258441231685
6880,0.5014387160363234
6881,0.5618354675921248
6882,0.5084204410527869
6883,0.5093074425363286
6884,0.5224578532782315
6885,0.528223368497702
6886,0.5079466754728243
6887,0.5063251500470515
6888,0.5031401196691857
6889,0.5733128682201643
6890,0.5072500745229668
6891,0.5720252014533199
6892,0.5055678411738622
6893,0.5156975918797218
6894,0.5352399423454267
6895,0.5525660633818525
6896,0.5072862890046321
6897,0.5467535510659506
6898,0.5738573645319589
6899,0.5359362607660842
6900,0.5089867420415691
6901,0.5692449707947145
6902,0.4983092350177984
6903,0.5151061043807943
6904,0.5047503976115515
6905,0.5775771315636253
6906,0.5170289188045556
6907,0.5728734985319055
6908,0.5139669746845366
6909,0.5077962659856086
6910,0.5368387102166056
6911,0.5047497484934481
6912,0.5579966610490198
6913,0.503613069084997
6914,0.5028091762748031
6915,0.5744934124620775
6916,0.5535216222815409
6917,0.5017249244033422
6918,0.5762673397795615
6919,0.5126732990018135
6920,0.5036447498594885
6921,0.5005558785784799
6922,0.5575937919276603
6923,0.5517276130543235
6924,0.5024903053219492
6925,0.506563383639152
6926,0.5061670785199837
6927,0.5743939455716289
6928,0.5156831272335767
6929,0.49934204727682646
6930,0.5039668396900377
6931,0.5102198617912742
6932,0.5141054342428565
6933,0.5185848225926709
6934,0.5525277173883002
6935,0.5388188053366355
6936,0.5159677628853807
6937,0.54411982196695
6938,0.511870718276386
6939,0.5086038011392635
6940,0.5104893647929982
6941,0.5430576279608416
6942,0.5049646230115661
6943,0.5130040044606483
6944,0.5469930549265747
6945,0.5179075552605519
6946,0.5536986408004112
6947,0.5162415214973926
6948,0.5051911902858598
6949,0.5522782291389187
6950,0.5117487392233835
6951,0.5069763454423206
6952,0.5056517707802444
6953,0.5253791488744645
6954,0.5751215335430959
6955,0.503871188960541
6956,0.518483283505992
6957,0.5078085234315342
6958,0.5572239215286856
6959,0.49904149240377416
6960,0.5121960276195957
6961,0.5383485552954261
6962,0.5071965153219051
6963,0.502591393236484
6964,0.49749403740295
6965,0.515825048115572
6966,0.5261153216742874
6967,0.5026139582561275
6968,0.5520145064440651
6969,0.574499229481412
6970,0.5759559095399165
6971,0.5130712402404307
6972,0.505079917293142
6973,0.5107504427443796
6974,0.5335564197784075
6975,0.5217650027697822
6976,0.5247269690470721
6977,0.49993686169883633
6978,0.5051043991425077
6979,0.5103852274034076
6980,0.5377692132803272
6981,0.5150132361910628
6982,0.5129754019557935
6983,0.5042188968928129
6984,0.5164781655628506
6985,0.5108231279195187
6986,0.5033843294340781
6987,0.5138595354032119
6988,0.5042978336063356
6989,0.5171153897801084
6990,0.49631435440941685
6991,0.5005243956710204
6992,0.561988245671371
6993,0.5088805796240092
6994,0.5757340300936115
6995,0.5078725143510371
6996,0.508362040899955
6997,0.5088096661759854
6998,0.5072273207563204
6999,0.5167603521546612
7000,0.5103601746517519
7001,0.5128499317596577
7002,0.5067097863989292
7003,0.5046690175544292
7004,0.5519531314560632
7005,0.493161560958732
7006,0.5142854102637545
7007,0.504524054500334
7008,0.5565943368305732
7009,0.5100253322934551
7010,0.505041260801408
7011,0.5509424814949123
7012,0.5132480647267
7013,0.5408026340186253
7014,0.5228855434484321
7015,0.5206884227419515
7016,0.49607310931779575
7017,0.5528549698065165
7018,0.4984603508851158
7019,0.5120444141811555
7020,0.5631164482562326
7021,0.5760317224644468
7022,0.5065741362355944
7023,0.5029430899379465
7024,0.5124935587938527
7025,0.5561310468341758
7026,0.5046785155366291
7027,0.5777995011978139
7028,0.5228028070124303
7029,0.512291498292315
7030,0.5065114401575936
7031,0.5780834165505188
7032,0.5131766105356388
7033,0.5081985202153901
7034,0.5162729386946927
7035,0.546922185522869
7036,0.5080515651058131
7037,0.511691949153919
7038,0.5438182056587708
7039,0.49852062240986156
7040,0.5234801586279307
7041,0.5080822404867548
7042,0.514332387640439
7043,0.5642083629435732
7044,0.5276444251059412
7045,0.5036879361038127
7046,0.5099656758889959
7047,0.5745423334839237
7048,0.4985186899318348
7049,0.5239678513140253
7050,0.5720860412299201
7051,0.5005623724863639
7052,0.5016665040477151
7053,0.511902582768854
7054,0.4982246764379965
7055,0.5391653040315523
7056,0.5117805723458797
7057,0.5513325755884828
7058,0.5078906071466247
7059,0.510232905193355
7060,0.5644840052776218
7061,0.5041669945098213
7062,0.4993945531927166
7063,0.5036749994744663
7064,0.504711401055497
7065,0.5172796882664888
7066,0.507112846973868
7067,0.51266211298073
7068,0.510182089702751
7069,0.5771142067820298
7070,0.5052810400956037
7071,0.5018097970975427
7072,0.547487871911416
7073,0.4964554001235643
7074,0.5066505270442332
7075,0.526191371402895
7076,0.5029245608623147
7077,0.5054007713990558
7078,0.5130610391438784
7079,0.508914488027209
7080,0.504887998495765
7081,0.5612031989010892
7082,0.5037445494431007
7083,0.5029705203412522
7084,0.5059893429476939
7085,0.5054051726827866
7086,0.543996900705264
7087,0.5093273447790918
7088,0.5037978851249146
7089,0.5063387596232505
7090,0.5139649452148307
7091,0.5087173679445111
7092,0.5235222662052904
7093,0.5281622398306155
7094,0.5038092111134759
7095,0.5080682143121246
7096,0.525573003654366
7097,0.5525192071172071
7098,0.535400270559279
7099,0.5066693455849625
7100,0.5108202563500217
7101,0.5164238452804617
7102,0.510302200523159
7103,0.5078592554311536
7104,0.5631596226685456
7105,0.5555666997436138
7106,0.5070083767472138
7107,0.5074252662501245
7108,0.5435777982964272
7109,0.5031838038225839
7110,0.5102391125285941
7111,0.5170018688706004
7112,0.5063028559044319
7113,0.5279187622600219
7114,0.503796598268116
7115,0.5100074551398128
7116,0.5108869551757378
7117,0.5055023990832153
7118,0.5083237909961748
7119,0.5410803862131173
7120,0.5079612894338343
7121,0.5026154432046831
7122,0.5456325691627738
7123,0.5058752300799684
7124,0.5596762066534591
7125,0.5031086489145017
7126,0.49242604018943514
7127,0.5040739935550846
7128,0.5143965683418019
7129,0.5064336511494821
7130,0.5019108347894001
7131,0.5114592831582958
7132,0.5732763573895011
7133,0.5111004501433452
7134,0.5204912946467816
7135,0.5252783803786583
7136,0.5010272008397746
7137,0.5018639141666379
7138,0.5316026694526521
7139,0.5318307974561154
7140,0.5765466550903462
7141,0.5146064537978294
7142,0.5231580816820681
7143,0.5744100708882443
7144,0.5048727201061749
7145,0.504852659206223
7146,0.5060678751222202
7147,0.50514508229498
7148,0.499574757376712
7149,0.5448430829799646
7150,0.5479820932526409
7151,0.5749826774265493
7152,0.5096196180428396
7153,0.5072669421695104
7154,0.5112394078176714
7155,0.49519650276021443
7156,0.49727699539834874
7157,0.5011694662852941
7158,0.5765302597999624
7159,0.5051800129583355
7160,0.5445950695659283
7161,0.5161627307849426
7162,0.5027901388585375
7163,0.5064119188992346
7164,0.5413354608239531
7165,0.5002221312170935
7166,0.5764616346502847
7167,0.5027800552771245
7168,0.5207112787760488
7169,0.5145492101455349
7170,0.5120999025317835
7171,0.5536560214241538
7172,0.5081208614106405
7173,0.5095516558307309
7174,0.5082457734964502
7175,0.5106772178663935
7176,0.5773721899775525
7177,0.5768953060987204
7178,0.5038029927165271
7179,0.4934313877600605
7180,0.5748076620241331
7181,0.5746206307761648
7182,0.5093191809348366
7183,0.5120586380257476
7184,0.5075942056123695
7185,0.5086059201542448
7186,0.5391378802703108
7187,0.549817437251213
7188,0.5748205913478243
7189,0.5498811739130038
7190,0.5072008665405645
7191,0.504706094490294
7192,0.5018748349523132
7193,0.5343488073923877
7194,0.4992837732307012
7195,0.5103163893041015
7196,0.5114059860259589
7197,0.5049080006522142
7198,0.5119971784391949
7199,0.5077357097217541
7200,0.5169227177167447
7201,0.5036539266673894
7202,0.5498919898282173
7203,0.4989223058206318
7204,0.5418596380185562
7205,0.512577919704675
7206,0.5746187458521377
7207,0.5014640172954129
7208,0.5204897820268864
7209,0.5236022165640054
7210,0.5111720437310883
7211,0.5119431519377593
7212,0.5133863819600808
7213,0.5004591982897021
7214,0.5020623517165244
7215,0.499204290962255
7216,0.5104256999735138
7217,0.5125564081606817
7218,0.5006706132948675
7219,0.5104301694716392
7220,0.5632889347303651
7221,0.5004771735366967
7222,0.5107022322863332
7223,0.5599775332737001
7224,0.5002965193177584
7225,0.5558670366197926
7226,0.5176229982417748
7227,0.5164439763351565
7228,0.5161430665459047
7229,0.5558180317152985
7230,0.549260480771139
7231,0.5056709271970361
7232,0.5408387292855459
7233,0.544183555600189
7234,0.5060428557115968
7235,0.5004624348902786
7236,0.4945021071935434
7237,0.5043241284360732
7238,0.5027593244535211
7239,0.5041575385148468
7240,0.5058962271388021
7241,0.5006274608286763
7242,0.5709618848506784
7243,0.5077731158093156
7244,0.5049739770604998
7245,0.5379778868333812
7246,0.5134344215033995
7247,0.5441980232947705
7248,0.5044729837031598
7249,0.5419076866935049
7250,0.5018625782352019
7251,0.5092779807317476
7252,0.5163394025568095
7253,0.5095471235418069
7254,0.5045928031110033
7255,0.5392383351582287
7256,0.5073475658572469
7257,0.5060544757860184
7258,0.5172564530158946
7259,0.5107855752540934
7260,0.5087537978988681
7261,0.5004072120329255
7262,0.5021631086553762
7263,0.5109128907022614
7264,0.5369318907806963
7265,0.5074620087647396
7266,0.54498783451331
7267,0.496595168696196
7268,0.5770198756659483
7269,0.5048109067246492
7270,0.504591254517306
7271,0.5511348008583288
7272,0.5738265377897238
7273,0.4945983629493133
7274,0.5064759675999446
7275,0.49951243403156254
7276,0.5055540083993153
7277,0.5534042333138471
7278,0.5032327888205015
7279,0.5125999601731146
7280,0.507623273552317
7281,0.5090697502275802
7282,0.5110468380930845
7283,0.5056768657556765
7284,0.5277513449894065
7285,0.5753064596401347
7286,0.5105625385186704
7287,0.5721448045488806
7288,0.5440845756965049
7289,0.5047090735589257
7290,0.5054020960293507
7291,0.5082480649954731
7292,0.5325316695853693
7293,0.513936483641291
7294,0.5313460705406527
7295,0.5118130366828637
7296,0.4990446331506111
7297,0.5739365627061022
7298,0.5105465889612265
7299,0.5780298044939648
7300,0.505956204930224
7301,0.49992674965026057
7302,0.5106457020446932
7303,0.5068877164501697
7304,0.5765979399661382
7305,0.5737929794761106
7306,0.5081868616452133
7307,0.5109099782075988
7308,0.5075929211300964
7309,0.501700035171985
7310,0.5062564830477647
7311,0.4996102112898809
7312,0.5459866804535085
7313,0.5074800653001212
7314,0.5142337342438701
7315,0.5119225240903714
7316,0.5667895357017625
7317,0.5732140619152498
7318,0.5078668067325074
7319,0.5307392266165346
7320,0.5691077149944607
7321,0.5088734327555984
7322,0.5615459254586002
7323,0.49773351966720497
7324,0.5043936415333558
7325,0.5082113231721235
7326,0.5766072318321835
7327,0.5096695352237207
7328,0.514500745762902
7329,0.506845487407624
7330,0.5433795976439557
7331,0.5043110426081332
7332,0.5369385439658664
7333,0.5452829795961741
7334,0.5168391002335087
7335,0.5136170091374992
7336,0.5539713619220541
7337,0.5475813643232581
7338,0.5117429241528878
7339,0.5000788528150549
7340,0.5111783712838774
7341,0.5059238484976376
7342,0.5143529938591682
7343,0.5017500448274019
7344,0.5042663892283733
7345,0.5103303345499471
7346,0.5048009973262679
7347,0.5040139894122422
7348,0.5114446866695015
7349,0.5023725996307703
7350,0.5553865724038313
7351,0.5168489906714349
7352,0.5640629132800422
7353,0.5370560406882374
7354,0.5228026364347134
7355,0.523484125899624
7356,0.5078474616133213
7357,0.5595534514973577
7358,0.5396600515830006
7359,0.5209093012277379
7360,0.4997041136603158
7361,0.5043119097279172
7362,0.5543753248013424
7363,0.5065399922485045
7364,0.5280581720900841
7365,0.549727903214182
7366,0.5081267734831237
7367,0.5352205173638291
7368,0.576167006272394
7369,0.5149535610745077
7370,0.5072870926917358
7371,0.544621212592842
7372,0.5739641430019292
7373,0.5129764524011468
7374,0.5086489073433029
7375,0.4947126907643231
7376,0.5382816998210656
7377,0.5681226268637236
7378,0.509509307067999
7379,0.5078368662379795
7380,0.5779543397510255
7381,0.5202797250184403
7382,0.5218538825637501
7383,0.5529115243236722
7384,0.5124003104109535
7385,0.5073016277723065
7386,0.5018581759082918
7387,0.5383158691677552
7388,0.5741142822819686
7389,0.5649214019467629
7390,0.5373877130858108
7391,0.5086402913778639
7392,0.5190192114528667
7393,0.5629564224521999
7394,0.509484994036105
7395,0.5093821667894172
7396,0.5092141398042593
7397,0.5744585317712739
7398,0.5019231327030447
7399,0.5583624837059996
7400,0.5048630939173968
7401,0.5096908382684031
7402,0.5115844147114232
7403,0.5004133461169764
7404,0.5032756062748232
7405,0.5090817242266507
7406,0.5120828873462064
7407,0.5134205407506981
7408,0.5109143113747072
7409,0.5161208297184425
7410,0.507000740547263
7411,0.5045397248891178
7412,0.5360995576334775
7413,0.507378875895724
7414,0.5005736328385296
7415,0.5056807827626556
7416,0.5068970580627168
7417,0.5464729657927047
7418,0.5096968092976443
7419,0.5136158625174254
7420,0.5494851620275589
7421,0.5106702360745892
7422,0.5077013810295609
7423,0.5164311648266153
7424,0.5659513966600991
7425,0.5053588086620577
7426,0.5000840589937074
7427,0.5758422465045188
7428,0.5295506158473562
7429,0.497803348254683
7430,0.5032501291974961
7431,0.5102626600898542
7432,0.5015460484918697
7433,0.5184522285505306
7434,0.5082086952133641
7435,0.4988107192010061
7436,0.57725040529759
7437,0.5536068446279827
7438,0.5019439986820022
7439,0.49782132346904684
7440,0.5161688871545299
7441,0.5085250097813128
7442,0.507289095548711
7443,0.5782017577872474
7444,0.5036032310884626
7445,0.49829845699608977
7446,0.5010924541941808
7447,0.5735006746441094
7448,0.527293126477901
7449,0.5294477325554743
7450,0.5059317516783544
7451,0.5041699002260515
7452,0.5026336316555085
7453,0.5555680272645511
7454,0.5074434789541747
7455,0.5087245657084345
7456,0.5466037235688902
7457,0.5066918432619256
7458,0.5030203583218354
7459,0.5490377701443714
7460,0.5086264517875477
7461,0.5101499815691759
7462,0.5766392693565272
7463,0.5018603347417718
7464,0.5314735948663489
7465,0.5143730471068366
7466,0.5650170967459904
7467,0.577098386930026
7468,0.5046142099893474
7469,0.5171217588540881
7470,0.5728027504037472
7471,0.5075059357705161
7472,0.5441645533425128
7473,0.573677735596869
7474,0.5748837821087981
7475,0.5524530612743401
7476,0.5118468693730671
7477,0.5084940792938397
7478,0.49909709871031915
7479,0.5757558182164949
7480,0.5106414498226461
7481,0.5060359447511714
7482,0.5719514407601872
7483,0.5596383429804478
7484,0.5571901144732553
7485,0.5029165230594297
7486,0.501561885427521
7487,0.5090061986632877
7488,0.48720293807489223
7489,0.5377614062702529
7490,0.5053849068586311
7491,0.5270679968259718
7492,0.5731981350877301
7493,0.5078217541647699
7494,0.4966260732598645
7495,0.5747410169984849
7496,0.5482064088524007
7497,0.5048231998626113
7498,0.5173353041936339
7499,0.5539051671357083
7500,0.509061143382714
7501,0.5082208251401436
7502,0.5053278293951545
7503,0.506730040402535
7504,0.5472425808132458
7505,0.5049236533587536
7506,0.510481953255595
7507,0.5529709133408437
7508,0.5134923291325683
7509,0.5010804698464815
7510,0.5115382708679523
7511,0.4998706875138749
7512,0.5479394205554302
7513,0.5090554242990293
7514,0.49727259143685215
7515,0.5188276704715046
7516,0.5294705361188887
7517,0.5105693617772494
7518,0.5109794967022198
7519,0.5113972913372968
7520,0.49944042891407125
7521,0.5023628070478218
7522,0.50524767730916
7523,0.5066340120468465
7524,0.5061563755648218
7525,0.5451435198550912
7526,0.5517088557048935
7527,0.5601998737073259
7528,0.5234263291606268
7529,0.572262347679287
7530,0.497707578855369
7531,0.5105792434958533
7532,0.5536741611286017
7533,0.5029401290166361
7534,0.540129191632422
7535,0.5206646921767099
7536,0.5536438308715592
7537,0.5514634889352339
7538,0.5093291345386562
7539,0.5589988596940354
7540,0.5309452398225145
7541,0.5180401394526916
7542,0.547780440950764
7543,0.5445333629427754
7544,0.5488786455304158
7545,0.5012587360920125
7546,0.5591434237920933
7547,0.4995986163541533
7548,0.5458585407263068
7549,0.5736906515506854
7550,0.5253606230411914
7551,0.5076840971440668
7552,0.49820513736880945
7553,0.5099509757192673
7554,0.5553970012800462
7555,0.5493493008426579
7556,0.5562791714726465
7557,0.5218855581373605
7558,0.5553028506944309
7559,0.5101804543985909
7560,0.5324376050886483
7561,0.5441098621733808
7562,0.5075834202387385
7563,0.5008450369504381
7564,0.505354126043952
7565,0.5027382925069587
7566,0.4988135097116378
7567,0.5139355795509443
7568,0.5061866404138391
7569,0.4994850374741903
7570,0.5064573186063035
7571,0.4998370615943575
7572,0.5506493097963903
7573,0.520533522192608
7574,0.5031870732493339
7575,0.5074146302826013
7576,0.5081756306895473
7577,0.5294479353870257
7578,0.5082780580099411
7579,0.5772502297626563
7580,0.5106093742952589
7581,0.5142756345918762
7582,0.5051920909371208
7583,0.5405778590793858
7584,0.5528966864279862
7585,0.5765701729385216
7586,0.5569139077716063
7587,0.531213353241921
7588,0.5056675627678255
7589,0.5742246349546707
7590,0.5627716087046266
7591,0.5111864886808277
7592,0.5134716558346395
7593,0.5105747308270908
7594,0.5102818836569091
7595,0.5119626397502075
7596,0.5058120974313411
7597,0.4952526167635329
7598,0.5017941408186792
7599,0.5109818514338953
7600,0.5034422993082426
7601,0.49666136826367646
7602,0.5066017962757252
7603,0.5051874621356601
7604,0.5039664941907155
7605,0.5058807047866579
7606,0.5041072281086929
7607,0.5057886057464108
7608,0.5062490343732884
7609,0.5372888026016802
7610,0.5025558554349026
7611,0.5068431746209997
7612,0.5121531352408583
7613,0.507535562998812
7614,0.5006732238982066
7615,0.49546189085432274
7616,0.5454530061639193
7617,0.5137714534648997
7618,0.5124201732898696
7619,0.5066335655462968
7620,0.5051104608600955
7621,0.5647932110590885
7622,0.5108533274989796
7623,0.5437107527829866
7624,0.5094448872077931
7625,0.5138782091677001
7626,0.5056308581362927
7627,0.5727502037998589
7628,0.508734277522747
7629,0.5076057496203801
7630,0.514949469490889
7631,0.5127214098311084
7632,0.5131622478768509
7633,0.505235354276827
7634,0.5044235772432076
7635,0.5018204285096027
7636,0.5098160223045196
7637,0.5065620499478664
7638,0.5548815556594207
7639,0.5378083404505271
7640,0.5069800243377754
7641,0.5095992068759585
7642,0.5167741347728243
7643,0.5093991195002244
7644,0.5081016919635297
7645,0.49718115776597505
7646,0.49950371388377846
7647,0.5544826475323683
7648,0.516945878735142
7649,0.5513093748793237
7650,0.5037882339689886
7651,0.5486281372434652
7652,0.4986193011700575
7653,0.5034361022697778
7654,0.5073344908493345
7655,0.5536341660323537
7656,0.49626579563804074
7657,0.5742989870006976
7658,0.5727310582753093
7659,0.49533927760850727
7660,0.542794869524201
7661,0.5154765894871882
7662,0.5153234818645348
7663,0.5106749117816329
7664,0.5106764630639206
7665,0.5087403262143234
7666,0.5035751423978282
7667,0.5122896349033346
7668,0.5248745139594571
7669,0.5073823298017223
7670,0.5017090498247228
7671,0.5156692147957253
7672,0.5049881245657567
7673,0.505754870445237
7674,0.5106119384217381
7675,0.5332602370360034
7676,0.5488364650459555
7677,0.495660492297641
7678,0.4979284821247713
7679,0.5093059703720332
7680,0.5090299915632984
7681,0.5084168262300082
7682,0.5042705786083912
7683,0.5744759164932504
7684,0.5611423806805109
7685,0.5399094449655979
7686,0.5745472946782884
7687,0.5098207413637343
7688,0.5039911755736096
7689,0.5110395741955518
7690,0.5456366913164423
7691,0.5184237694665029
7692,0.5177704925116896
7693,0.5062266809255477
7694,0.5770947239158338
7695,0.5514699056793795
7696,0.5759835880004652
7697,0.5579918526488616
7698,0.5333656397923845
7699,0.5532317487860507
7700,0.5105580159686582
7701,0.5057356031845013
7702,0.5763242018047771
7703,0.4955082981838153
7704,0.5085846055507317
7705,0.5053785994722465
7706,0.5547171227987893
7707,0.5106323761474245
7708,0.5444695777465062
7709,0.48905780975857444
7710,0.5058059134141811
7711,0.5140780156145809
7712,0.5008555175016419
7713,0.5760459314852053
7714,0.49612763822385836
7715,0.5738357612350523
7716,0.5078396624990472
7717,0.5172290430062121
7718,0.5749655499604884
7719,0.5080204983190346
7720,0.5024428637689167
7721,0.5075082239898356
7722,0.5608377820138083
7723,0.573572276695926
7724,0.5089573074334772
7725,0.558855909058776
7726,0.5568643868482949
7727,0.5433222231618765
7728,0.5080618270630617
7729,0.5453988921606618
7730,0.5410295849080152
7731,0.5078861965746553
7732,0.5752610630771031
7733,0.4926644624025668
7734,0.5505470916801782
7735,0.5752670763102572
7736,0.5735140529455244
7737,0.4986790864524225
7738,0.5321447915659416
7739,0.5076181278417902
7740,0.507637132149169
7741,0.54032923651425
7742,0.5077359739489817
7743,0.5766672999560893
7744,0.5086125859808271
7745,0.5498572544521945
7746,0.5731090978151593
7747,0.5491617659495412
7748,0.5149590999379557
7749,0.5752168030547627
7750,0.535917237555721
7751,0.5764287051142987
7752,0.5455090154077888
7753,0.4983200495289769
7754,0.5064061854439437
7755,0.5065061125196935
7756,0.5106018772286907
7757,0.5129131798828617
7758,0.5443557527613264
7759,0.5477929610607198
7760,0.5146027264850779
7761,0.5188003111550168
7762,0.5436754096663474
7763,0.5028824821358957
7764,0.5761226507477251
7765,0.5759901931906508
7766,0.5061855537390506
7767,0.5144064147704654
7768,0.5048373930652006
7769,0.5248284738264983
7770,0.5045897404430919
7771,0.4952230380916556
7772,0.5574906290534647
7773,0.515018611939156
7774,0.5083023189067329
7775,0.5741918149227255
7776,0.5008836458397812
7777,0.5345678142158543
7778,0.5086600210064172
7779,0.5126717169299964
7780,0.5534837783186415
7781,0.5037362589692159
7782,0.5210981352579338
7783,0.5749323969302786
7784,0.5144368220392607
7785,0.5130355468269813
7786,0.5118760645604326
7787,0.5460020169558726
7788,0.5555598121151722
7789,0.5020834209878084
7790,0.5127666672478922
7791,0.5104612300343458
7792,0.563718055158985
7793,0.5042204829914823
7794,0.5021529726731203
7795,0.5443061474452393
7796,0.5078162724967745
7797,0.5011258227863116
7798,0.5607523680554054
7799,0.5085368122562617
7800,0.4982568055658009
7801,0.49996498820899327
7802,0.5071904211647431
7803,0.5121303489560258
7804,0.5172849671639337
7805,0.5073238512901386
7806,0.5094195998270976
7807,0.5099851492791954
7808,0.5088111817662043
7809,0.5079508027387573
7810,0.5033217805843913
7811,0.5006384417520319
7812,0.5582197091099802
7813,0.5131694359303182
7814,0.5029918204053047
7815,0.5036838359982688
7816,0.5484756121189847
7817,0.5030223859354477
7818,0.5022220348857604
7819,0.500129972754988
7820,0.5580498270786047
7821,0.5545875991858155
7822,0.5552868868122496
7823,0.5587472113917731
7824,0.5064972177653271
7825,0.5756489569507983
7826,0.55033415347839
7827,0.5097730977052779
7828,0.5102306660996574
7829,0.5481156790344284
7830,0.5074014976737486
7831,0.510115454285136
7832,0.5091682016549874
7833,0.5140512363788008
7834,0.5388349225145637
7835,0.5109069312601782
7836,0.5134466375868425
7837,0.5590403568160714
7838,0.574154939877177
7839,0.5023099047013624
7840,0.4921976095392097
7841,0.49812399440594657
7842,0.4980439941587964
7843,0.5394692588283425
7844,0.5074925510353464
7845,0.5142931238565791
7846,0.5120086621899925
7847,0.574187068532581
7848,0.5055648898233284
7849,0.5031415587041167
7850,0.5119254171889738
7851,0.5058774409183016
7852,0.527627016639709
7853,0.5052813010892911
7854,0.5553713147124436
7855,0.5018989238476528
7856,0.5227764404242928
7857,0.5026789997945275
7858,0.5027962098337686
7859,0.5114091285588683
7860,0.5095916640973265
7861,0.5561073991188765
7862,0.5400432096631282
7863,0.50632777673712
7864,0.5532551415418823
7865,0.4994644833197866
7866,0.5512929029068518
7867,0.5504265045196229
7868,0.5001205339692887
7869,0.5064221766753552
7870,0.5744472785863195
7871,0.5754108168288146
7872,0.4977919694876605
7873,0.5095718219687659
7874,0.5559969015742332
7875,0.5138824210909565
7876,0.5747518144797347
7877,0.5754342692182517
7878,0.5092067854901782
7879,0.5011433994041065
7880,0.507575736703748
7881,0.5092969359295472
7882,0.5060393401672308
7883,0.5337784433699202
7884,0.5505436703409351
7885,0.5450072084342912
7886,0.505818464591482
7887,0.49833717725925314
7888,0.5388356903137914
7889,0.4980405554968495
7890,0.5353171833068303
7891,0.5091150250498275
7892,0.5127823712670245
7893,0.5783191987453128
7894,0.5766405190309449
7895,0.5525350731571851
7896,0.5056572123247742
7897,0.5020181298073152
7898,0.5585198528325463
7899,0.5065175729540771
7900,0.5049071933141507
7901,0.5466400670947155
7902,0.5501496964112091
7903,0.5005296817671165
7904,0.5749499324590845
7905,0.5139471887000221
7906,0.5070046703788642
7907,0.5065053092293323
7908,0.5224923291417334
7909,0.49819946181496244
7910,0.49929136411302744
7911,0.5000142778640904
7912,0.5089269846082606
7913,0.5742484257729517
7914,0.5179697576613804
7915,0.5081344863852234
7916,0.5055362865514699
7917,0.5088233963540303
7918,0.5026548230183834
7919,0.5613890280177649
7920,0.5172814394064157
7921,0.5028554668103241
7922,0.5055957885252595
7923,0.5106767019134176
7924,0.5232291246014222
7925,0.4987017123540123
7926,0.5438317308958046
7927,0.5068416951163639
7928,0.5764953778486486
7929,0.551075768919939
7930,0.5011311931970855
7931,0.5059867872486619
7932,0.5088521060827917
7933,0.5113646470836799
7934,0.49885559212964875
7935,0.5018315923123763
7936,0.5490227533801245
7937,0.5082343516883312
7938,0.5116950123698479
7939,0.5047724499239284
7940,0.5026621623964364
7941,0.5547179049979443
7942,0.49930629829115947
7943,0.5469345542309507
7944,0.5101453047834851
7945,0.5078903111547833
7946,0.5093053211673625
7947,0.5553315952737321
7948,0.4999627809115983
7949,0.5540049861908986
7950,0.5175490508561053
7951,0.5086893731231088
7952,0.4972479517180921
7953,0.5069026927565139
7954,0.5063636157713638
7955,0.5633527864668005
7956,0.5264501504171173
7957,0.513320363135858
7958,0.5039628767711701
7959,0.504274604008929
7960,0.5100463389212624
7961,0.5330232225124435
7962,0.5050780201386977
7963,0.4980171527431546
7964,0.558195375356739
7965,0.5045397777493622
7966,0.5047003437577859
7967,0.5031332707949544
7968,0.5099674246539049
7969,0.4959312121636351
7970,0.5468986385233107
7971,0.5057335127603879
7972,0.5748989521348974
7973,0.5023346938177601
7974,0.5190235248155711
7975,0.5025319111749295
7976,0.5728495556884672
7977,0.5040483976921155
7978,0.5307091480914802
7979,0.5116244592344806
7980,0.5040345319098016
7981,0.5094485961406412
7982,0.5740082480984886
7983,0.5071071897616573
7984,0.5298242494396828
7985,0.4988065813827998
7986,0.5001602351097133
7987,0.5767579610505266
7988,0.5014307159729721
7989,0.5089206245356714
7990,0.5736037531564602
7991,0.5127200118124638
7992,0.5047602351401573
7993,0.5135912818865259
7994,0.5090042564397697
7995,0.5086832043321527
7996,0.5114345491856578
7997,0.5048818687243082
7998,0.5105549796483926
7999,0.5073644156421694
8000,0.5606768731942856
8001,0.5004580543275
8002,0.5023135377829286
8003,0.5592093181724129
8004,0.5775423792365284
8005,0.5149416098678911
8006,0.5496242784927239
8007,0.5079406630708454
8008,0.5765396300984794
8009,0.5069591771079878
8010,0.5052454995546038
8011,0.5120563250334804
8012,0.5087278249459002
8013,0.5062110996959333
8014,0.5090202155364948
8015,0.5074689997564558
8016,0.5014560072472641
8017,0.5387726612988948
8018,0.5764296591776434
8019,0.5117410926891682
8020,0.5061567786617075
8021,0.5080477218298393
8022,0.5405166389837548
8023,0.5051102544015291
8024,0.50295150600053
8025,0.5073914785355065
8026,0.5126114638101504
8027,0.5042857476055074
8028,0.5137054485550056
8029,0.5751463966869566
8030,0.507712217114209
8031,0.510150578045961
8032,0.5275017093867298
8033,0.5037451904274164
8034,0.5078164013787887
8035,0.5548747304666104
8036,0.5046300326855327
8037,0.499566416613424
8038,0.5081941175404038
8039,0.5216754232373039
8040,0.5761015911678093
8041,0.5101527018721045
8042,0.5025222271891938
8043,0.5068804634424594
8044,0.504039161641968
8045,0.5686928296255752
8046,0.5468224532082646
8047,0.5191612104883543
8048,0.5129403903251591
8049,0.5083573529447312
8050,0.5065776849990509
8051,0.5417101374737601
8052,0.508382102669249
8053,0.4990944215570534
8054,0.49947015549469975
8055,0.5560418977499403
8056,0.5053692516807151
8057,0.5038988255989183
8058,0.5274294282799545
8059,0.5111402558329453
8060,0.4983854876905024
8061,0.5092832154938862
8062,0.5060889982544233
8063,0.5582595814385415
8064,0.5116117368073715
8065,0.5501384875099
8066,0.5096249172895662
8067,0.5773387246165006
8068,0.5067716980548718
8069,0.5056464134362342
8070,0.49549559893907935
8071,0.5002883390614281
8072,0.5747567784594806
8073,0.5481779858564665
8074,0.5047963354322772
8075,0.5063696101709402
8076,0.5026811723687956
8077,0.5147748157194727
8078,0.5147503546840915
8079,0.5096065174429644
8080,0.5003197571433214
8081,0.5198118067276801
8082,0.5461809470761497
8083,0.5024494718398548
8084,0.5101449120364541
8085,0.49791723954986156
8086,0.5064420442020003
8087,0.5539189717916461
8088,0.5744226780212742
8089,0.5124969758892025
8090,0.5233751165417051
8091,0.5195267915375256
8092,0.5095748457076001
8093,0.5054198402193263
8094,0.5737183387710858
8095,0.523288527540272
8096,0.5453102803265284
8097,0.5070940785367081
8098,0.5066958958198445
8099,0.5095029481868844
8100,0.5017470141611119
8101,0.5106516666235107
8102,0.49999051375374637
8103,0.5100013514535031
8104,0.5751775078857206
8105,0.5585315005459939
8106,0.506348373162402
8107,0.5059852014588287
8108,0.5110503865383174
8109,0.5022788902975034
8110,0.5609760817934666
8111,0.5045309643380135
8112,0.5580762063292566
8113,0.5021361385763414
8114,0.5525724656210134
8115,0.4994172968782108
8116,0.5757159104540811
8117,0.5109106798635027
8118,0.5031493201452361
8119,0.5077947662008855
8120,0.550936277270661
8121,0.49839942126768416
8122,0.508182371921191
8123,0.509751568645492
8124,0.5055913526679467
8125,0.5527002404939168
8126,0.5307836404546171
8127,0.5028666234466277
8128,0.5542415809612093
8129,0.5192393603352404
8130,0.5024431683134056
8131,0.5009926882506168
8132,0.5087533155885884
8133,0.5018854275717547
8134,0.5040692021847135
8135,0.5120225751255942
8136,0.5128715362637764
8137,0.5014440985306853
8138,0.5066610119842506
8139,0.5185254094535463
8140,0.518462585439633
8141,0.5076987388601701
8142,0.5065911656569081
8143,0.5055281378996755
8144,0.5168996511437274
8145,0.4997908588837916
8146,0.5157111457881781
8147,0.5103372486923932
8148,0.5758044893495788
8149,0.5123607778281708
8150,0.5611298788079948
8151,0.49615876677600823
8152,0.5054822315377203
8153,0.5087900784806638
8154,0.5468791554010217
8155,0.49693430062427824
8156,0.5596868338441225
8157,0.5751493308794471
8158,0.5072384433085698
8159,0.5023723729077779
8160,0.5257858893490925
8161,0.503292109858861
8162,0.49355300917385625
8163,0.5411984699510135
8164,0.5040182993161543
8165,0.5081776117192458
8166,0.5738900127598674
8167,0.5013489628105283
8168,0.5530077512929183
8169,0.543970177729811
8170,0.5027047057066392
8171,0.5067500045019688
8172,0.5031956052982306
8173,0.5050402008170619
8174,0.5103759653112226
8175,0.5082875122066514
8176,0.5281906019484861
8177,0.5075906013327844
8178,0.5116107453610444
8179,0.49948779955907413
8180,0.5490512296901879
8181,0.5076897780093691
8182,0.5141843878501335
8183,0.4993157848856688
8184,0.5750751242643883
8185,0.500752069578966
8186,0.5055318753220129
8187,0.5120254671567009
8188,0.5028645798275906
8189,0.5055659087092892
8190,0.5077272114357733
8191,0.5118699533703472
8192,0.5430586923052437
8193,0.497474268931718
8194,0.5107431913733166
8195,0.5058652944860769
8196,0.5025027454322403
8197,0.5583884951866047
8198,0.5124312297361818
8199,0.5092038274944508
8200,0.5010794162688894
8201,0.5056667188552719
8202,0.5519193987476034
8203,0.5089619046574934
8204,0.503569743519117
8205,0.5029927103895846
8206,0.5762053757092307
8207,0.4971184942694923
8208,0.5322279573727253
8209,0.5114266437675766
8210,0.5019339178975071
8211,0.49937436861439893
8212,0.5566730443885874
8213,0.5016073929927765
8214,0.5433739650404437
8215,0.5505861860325489
8216,0.5103676887342499
8217,0.561681551367785
8218,0.510371760084974
8219,0.5236364444888111
8220,0.5109819687931972
8221,0.5268946526845139
8222,0.5729308582623431
8223,0.5116729003426949
8224,0.540360070083711
8225,0.5112777736377128
8226,0.4992623139206125
8227,0.5195023340600301
8228,0.502660183046366
8229,0.5121351887245726
8230,0.5092771278852896
8231,0.5057254329845933
8232,0.5055349635781852
8233,0.5345128045866487
8234,0.5038110262213102
8235,0.5140430835725499
8236,0.510056459539378
8237,0.5157035606096805
8238,0.5749318028904957
8239,0.5371503263055168
8240,0.49941825970857134
8241,0.573279148068701
8242,0.5218210712280065
8243,0.501830254982942
8244,0.5564291313697908
8245,0.5064060284940568
8246,0.5187672480197056
8247,0.5129211400798269
8248,0.5071349785172715
8249,0.5019704510597982
8250,0.5331379751549816
8251,0.5646037344281193
8252,0.5124821856920074
8253,0.5181335200598218
8254,0.5728697230903282
8255,0.5155014202282888
8256,0.5465526181206348
8257,0.5080819917568975
8258,0.5158296704876946
8259,0.5749410817594967
8260,0.5724503976390183
8261,0.5760922296022801
8262,0.5138433411165904
8263,0.5044289745463708
8264,0.4996537884221274
8265,0.5030479581270929
8266,0.5128697857424057
8267,0.5053485196631329
8268,0.5059825381811578
8269,0.511592105928731
8270,0.5121188412863196
8271,0.5137042025316386
8272,0.5764673598235917
8273,0.5025540062760099
8274,0.5068548780574238
8275,0.5034269317055463
8276,0.5742784109305779
8277,0.5443427291823646
8278,0.5745138647489421
8279,0.4958517812750579
8280,0.5165386793764396
8281,0.5471010563414207
8282,0.5518923103353256
8283,0.5095136710952131
8284,0.5116337345169721
8285,0.5772314333735156
8286,0.5752202237812851
8287,0.49974963383134074
8288,0.5050964321567921
8289,0.5081733466330811
8290,0.5145668215044576
8291,0.5099125294718087
8292,0.503993004539516
8293,0.5035977533713963
8294,0.5155958407080103
8295,0.5573285684386645
8296,0.537048401490713
8297,0.5042661500290152
8298,0.5748126640169637
8299,0.5048624760292026
8300,0.5093042142993376
8301,0.5466917036530429
8302,0.5118412255059307
8303,0.5182788124206332
8304,0.5720353299458496
8305,0.49847853712010964
8306,0.5066321833381607
8307,0.5171496825289895
8308,0.510255731596648
8309,0.5347053630402399
8310,0.49977603922459934
8311,0.5070130912213642
8312,0.5021540511217012
8313,0.509025089636805
8314,0.5075695750139411
8315,0.5042935446300822
8316,0.5646039637086591
8317,0.5102863069600936
8318,0.5068956366108561
8319,0.5129182585293162
8320,0.4940944373839632
8321,0.49676204329715284
8322,0.4974327174826064
8323,0.502766303703871
8324,0.4962372114471417
8325,0.5540305961553997
8326,0.507911530314646
8327,0.5045572088756098
8328,0.5076384724922733
8329,0.5744217587542131
8330,0.5011469345623809
8331,0.5004860346643353
8332,0.5130206218566572
8333,0.5180960164419572
8334,0.5006569257002127
8335,0.5039432700099344
8336,0.5028769378600834
8337,0.5118561236972439
8338,0.5088966334259813
8339,0.5581694112735436
8340,0.507087647255728
8341,0.575043932796423
8342,0.5397713465960066
8343,0.5099294840851933
8344,0.5155819685671951
8345,0.5740222711827445
8346,0.5191477052138002
8347,0.5065986183634996
8348,0.5746470700804456
8349,0.5750554474735431
8350,0.5476636423902973
8351,0.5032625325227253
8352,0.5064952584763639
8353,0.5086020555840542
8354,0.5103018550496389
8355,0.5018384153059526
8356,0.5762887951404181
8357,0.5607732343141028
8358,0.5488766158520464
8359,0.5052755676013322
8360,0.500713686225991
8361,0.5043761787461725
8362,0.5056550027528305
8363,0.5106255470373162
8364,0.5757212186996596
8365,0.5059500724806584
8366,0.5120578826571973
8367,0.49626006894460767
8368,0.5146002239291129
8369,0.5183673648260201
8370,0.5009807299933157
8371,0.5061311525268084
8372,0.5052401647862028
8373,0.5079753843203765
8374,0.5456391733904358
8375,0.555632056737382
8376,0.5087365813677377
8377,0.5073014129328445
8378,0.5772042329246831
8379,0.5129064051089687
8380,0.5454674533485127
8381,0.5013682967992407
8382,0.5536009523113753
8383,0.5066247843757651
8384,0.5133516567077632
8385,0.5088484546557591
8386,0.5485296193271307
8387,0.505610987097315
8388,0.5068211250810994
8389,0.5731953570351045
8390,0.4980492981288207
8391,0.5733109416497733
8392,0.5615167606123386
8393,0.49444408061989287
8394,0.5021673269727803
8395,0.5036615656360168
8396,0.5046860829617154
8397,0.5072340623713325
8398,0.5059288828829646
8399,0.49578256890673705
8400,0.5048781602434725
8401,0.5574501751835024
8402,0.5128586256284996
8403,0.5049170106027393
8404,0.5075680693312359
8405,0.5114695416877892
8406,0.5025743956551396
8407,0.5519893093379081
8408,0.5055834702346245
8409,0.5167354811344226
8410,0.5097616323978849
8411,0.5032866670776619
8412,0.5014401854447395
8413,0.5406439726575981
8414,0.511861363975679
8415,0.5534051504311887
8416,0.5006295150791901
8417,0.5141377626498665
8418,0.5578715245304423
8419,0.520183974273779
8420,0.5065846050683309
8421,0.5716206099476437
8422,0.5740583874054943
8423,0.5002158568274343
8424,0.5116802932107877
8425,0.5311863373440732
8426,0.4972838045177527
8427,0.5004326671873058
8428,0.5614568548431847
8429,0.5541346937041312
8430,0.5034611293638968
8431,0.538155696823166
8432,0.512928858395823
8433,0.49905921494662114
8434,0.5076897718514723
8435,0.5067752933855925
8436,0.5102263484701663
8437,0.49396922776618357
8438,0.5769625120710454
8439,0.5278491193540819
8440,0.5383436930989197
8441,0.5024654505851134
8442,0.5514785856754397
8443,0.5012578104882364
8444,0.5562912988370529
8445,0.5762981747516929
8446,0.5089840192325962
8447,0.511204210902713
8448,0.5099831048688721
8449,0.505280155250786
8450,0.5033708086182709
8451,0.517747440694621
8452,0.5069894937033265
8453,0.5777923360524123
8454,0.5117425819545702
8455,0.49640295912913374
8456,0.5111710168318013
8457,0.5131304313560063
8458,0.5054675637805773
8459,0.543902810028593
8460,0.5022527572039381
8461,0.5253146695168804
8462,0.5089770976464598
8463,0.4970390515717546
8464,0.5118347296357226
8465,0.5157077291582212
8466,0.5220296601689958
8467,0.5076139939693046
8468,0.5425100635481078
8469,0.5047746843210169
8470,0.5751194283732904
8471,0.49878411600703876
8472,0.5070572129430182
8473,0.5145426775476293
8474,0.5004673859519544
8475,0.551317723265996
8476,0.5064629993882627
8477,0.5413316290403283
8478,0.5465007711738337
8479,0.5729368251550935
8480,0.5086427761428933
8481,0.5357558956301889
8482,0.5071734751773456
8483,0.5768685306236923
8484,0.5130551160949857
8485,0.5004814101555174
8486,0.5022452480772707
8487,0.57645061491712
8488,0.5749853975122627
8489,0.5522255348419667
8490,0.5051778387900523
8491,0.5635617455131018
8492,0.5697074188272844
8493,0.5491913103461127
8494,0.5089480489443081
8495,0.5754668146521164
8496,0.5033622941563364
8497,0.5023110036243693
8498,0.506270783718126
8499,0.4966100716790578
8500,0.5525104443420215
8501,0.5147013105297092
8502,0.5043888840537527
8503,0.5521466847624072
8504,0.50616654512771
8505,0.5005207077925402
8506,0.5007356053987183
8507,0.5333297924485171
8508,0.5056184769156066
8509,0.5587771577270287
8510,0.5149331472632142
8511,0.5304978043265103
8512,0.5069766038809179
8513,0.5504934492699197
8514,0.5047349124485115
8515,0.5199119726485995
8516,0.4992127976404684
8517,0.5050001281541763
8518,0.5075774711005242
8519,0.4971570110953279
8520,0.5105594549392543
8521,0.5061140962978636
8522,0.5245622778862886
8523,0.5280088270452347
8524,0.5745474906786626
8525,0.564251434694031
8526,0.5069115949551279
8527,0.503993076971981
8528,0.509593693499349
8529,0.5055934461566096
8530,0.5013226898346175
8531,0.5088648269350268
8532,0.5240354493233047
8533,0.5497392774703873
8534,0.5761006961012107
8535,0.509734671704303
8536,0.5396612317903362
8537,0.5051570791090604
8538,0.5120359899841804
8539,0.5555298984595896
8540,0.5505792039034717
8541,0.5493733817196205
8542,0.49957985588419734
8543,0.5104759202280462
8544,0.5221768778081558
8545,0.5055620407353144
8546,0.5771326320941298
8547,0.5122817217489741
8548,0.5023221944401379
8549,0.5020132041514951
8550,0.5097559581541347
8551,0.5087063901580919
8552,0.541611140293425
8553,0.5006205729966917
8554,0.5013777386242071
8555,0.5395116299950616
8556,0.5006765515975031
8557,0.5059888802558115
8558,0.5288801474593283
8559,0.5737611904795372
8560,0.5763649249923868
8561,0.5089339225424008
8562,0.5085543547410732
8563,0.575645903657381
8564,0.5619660860683316
8565,0.5546078752463774
8566,0.5549633682738242
8567,0.5007629963006387
8568,0.5192762625406857
8569,0.5497802146845527
8570,0.5591134701964053
8571,0.574576132164659
8572,0.5115171526197024
8573,0.5435449804853603
8574,0.5651203715647679
8575,0.5056045140283553
8576,0.5673650496533238
8577,0.5751613300371136
8578,0.5069500545492096
8579,0.4952215057064168
8580,0.5089237600298373
8581,0.5204598289686682
8582,0.5196423577794747
8583,0.5563273098136736
8584,0.509750454536521
8585,0.5618568533608937
8586,0.558003338913577
8587,0.5115456210584312
8588,0.547303857744613
8589,0.5036041616212376
8590,0.5046613139376775
8591,0.508452147734793
8592,0.5251418887942245
8593,0.5424231781113282
8594,0.5094179798852186
8595,0.503031376235088
8596,0.539008660824183
8597,0.5495137281667698
8598,0.512281346757076
8599,0.5049255035650704
8600,0.5058362517741852
8601,0.5064496322609268
8602,0.5035270919322641
8603,0.5118444079099846
8604,0.4965406501822327
8605,0.5579047189546874
8606,0.5082242915949737
8607,0.5103003695282052
8608,0.5023063820083538
8609,0.5579261418609687
8610,0.5087796819193414
8611,0.5103382458687868
8612,0.5127855650796964
8613,0.5103428713875231
8614,0.5106049351749811
8615,0.5271307094103177
8616,0.5065701430409467
8617,0.5073036626359284
8618,0.5064897748042868
8619,0.5485796320698999
8620,0.574053888717905
8621,0.5129953529499793
8622,0.4969230656843048
8623,0.5082704809133395
8624,0.5062406420314434
8625,0.5412636593064468
8626,0.5085181660969587
8627,0.5734862387145198
8628,0.5131747602788751
8629,0.5588436427985837
8630,0.5003033164891408
8631,0.4987477664438211
8632,0.511924780632393
8633,0.506359285961505
8634,0.49806642833132586
8635,0.5600284673499918
8636,0.5030517365705525
8637,0.507743358593836
8638,0.5167602004184777
8639,0.5009745102827319
8640,0.4998779511173756
8641,0.5743957300580322
8642,0.5129066590147981
8643,0.5133254680781371
8644,0.5047615684354887
8645,0.5014228826826311
8646,0.5055633156351313
8647,0.5036103660448418
8648,0.5558702654065665
8649,0.4988940150619215
8650,0.5749166950786673
8651,0.5124750760547608
8652,0.5115181684117445
8653,0.5738797672932694
8654,0.4975965592891078
8655,0.5023840461966662
8656,0.5007397544672954
8657,0.5003314814679586
8658,0.516645749399484
8659,0.53989857821611
8660,0.5066995151404036
8661,0.5051839073533076
8662,0.5095569673352925
8663,0.5490628253446986
8664,0.5167685584698618
8665,0.5014057145057887
8666,0.5380222763315524
8667,0.5025420223689306
8668,0.549133845307985
8669,0.5020056712640752
8670,0.507885483351653
8671,0.5101225068936128
8672,0.49316944949695085
8673,0.5076941698301513
8674,0.5070537756795168
8675,0.5306993301325312
8676,0.5085637202902509
8677,0.50664698772649
8678,0.5090981503313914
8679,0.49758922531943917
8680,0.5005812606973882
8681,0.5063862627075685
8682,0.5165243298036908
8683,0.5196516132799271
8684,0.5547501977627837
8685,0.49437192199224356
8686,0.506304407235303
8687,0.5003601746841486
8688,0.50897389081519
8689,0.5736972790928323
8690,0.5110798031912247
8691,0.5138780900318076
8692,0.5113355448149849
8693,0.5086954031410673
8694,0.5135735510482891
8695,0.5720622983989292
8696,0.5762693434456314
8697,0.5771510719864329
8698,0.5051255304937754
8699,0.5107047571218083
8700,0.5352183892206617
8701,0.5132092163973554
8702,0.5024532810042567
8703,0.5054293213614924
8704,0.539071351373033
8705,0.5157853557797815
8706,0.5165249587092264
8707,0.5092847817614177
8708,0.5709288028740245
8709,0.5745633834876899
8710,0.5221285990793015
8711,0.5105541730456886
8712,0.5434760570426105
8713,0.5652114690747208
8714,0.5105908940762164
8715,0.5054342767683715
8716,0.5529713463460088
8717,0.5481371057371907
8718,0.5227337803195253
8719,0.5117438412768524
8720,0.5076735289755723
8721,0.5770588453777705
8722,0.49782834886427674
8723,0.541222781956418
8724,0.5125592018989035
8725,0.5746069775548261
8726,0.5745459457637774
8727,0.5415049193478916
8728,0.5084155721052155
8729,0.4970844817436457
8730,0.5624725666579082
8731,0.5426522533678182
8732,0.5581963503559744
8733,0.5764322623802296
8734,0.5070407569363867
8735,0.5237559703952771
8736,0.5101064901799396
8737,0.5773976885924095
8738,0.5066048642494241
8739,0.5063042978689759
8740,0.5746166518573399
8741,0.5764634159150306
8742,0.5030413131382693
8743,0.5055026900773154
8744,0.5190443701937411
8745,0.5001978594605654
8746,0.5014675848515916
8747,0.5090937070839305
8748,0.5094607028529697
8749,0.5056615812922364
8750,0.5021841262851165
8751,0.57721287555432
8752,0.5415396667793949
8753,0.5078869904264283
8754,0.5021205782659919
8755,0.5747027512186199
8756,0.5044654115312939
8757,0.5018232603869479
8758,0.5102769001791501
8759,0.5546190932550623
8760,0.5073811129979456
8761,0.5081443784728443
8762,0.5017974140838618
8763,0.5068179898941765
8764,0.5475599908142579
8765,0.5217209154964317
8766,0.5073231531330764
8767,0.5746616577091405
8768,0.5183817345514061
8769,0.5008618246867348
8770,0.5086778471876141
8771,0.5220605099385779
8772,0.5037136338176489
8773,0.514722426170903
8774,0.49914810890480976
8775,0.5011841553049692
8776,0.5457904830874908
8777,0.5750050293883596
8778,0.5029229569175172
8779,0.5055401007343386
8780,0.5026614703891296
8781,0.5191344471609574
8782,0.5056369365529674
8783,0.5082613151531625
8784,0.5003997470460839
8785,0.5093010111134091
8786,0.5091423310463119
8787,0.5740026661193907
8788,0.49637095873789594
8789,0.5079195628356844
8790,0.5442318468168353
8791,0.5071791694168353
8792,0.5079509820334305
8793,0.5087547549698562
8794,0.5134836335097556
8795,0.5035302828926316
8796,0.5074543509849101
8797,0.5299386916173976
8798,0.5102382303429038
8799,0.5025223090507517
8800,0.5590762795270054
8801,0.4949905584451006
8802,0.5026685029961697
8803,0.49896272221691246
8804,0.5020530314990013
8805,0.49643384181170847
8806,0.5098299239211703
8807,0.5460535311623116
8808,0.5128510489717992
8809,0.5756804276086742
8810,0.51259313188824
8811,0.5022893524471806
8812,0.5284878999137713
8813,0.504331238344728
8814,0.50829912868271
8815,0.5581381671254246
8816,0.509219766560704
8817,0.5034817439430012
8818,0.49557646869594635
8819,0.4988606728517837
8820,0.5017508628325817
8821,0.5096369342430201
8822,0.4972710743118997
8823,0.5051253340746455
8824,0.5595501893534196
8825,0.5749519791298582
8826,0.5326086125569379
8827,0.5489870325020602
8828,0.5723153321249124
8829,0.5051377655190527
8830,0.518803458014554
8831,0.5016741082996798
8832,0.5448327807488098
8833,0.5111029286397469
8834,0.5016174540944616
8835,0.506035674633864
8836,0.503438286085256
8837,0.5064590388803325
8838,0.5576816426145282
8839,0.5028610969286116
8840,0.5760133297766528
8841,0.5172977611611834
8842,0.5736425268677015
8843,0.4996379200581214
8844,0.5401447665796804
8845,0.5099199721159534
8846,0.5747448168829206
8847,0.5093995640674162
8848,0.5027773991286597
8849,0.5095668480440043
8850,0.5140339864687996
8851,0.5757024659101789
8852,0.5555420322479426
8853,0.49901607354709077
8854,0.5050937202703966
8855,0.5073600884554088
8856,0.5223612802766393
8857,0.5025326002674613
8858,0.5018325166684483
8859,0.5354038812337385
8860,0.5748672017553395
8861,0.5066801383242733
8862,0.5116420731796286
8863,0.5376211685728938
8864,0.532171361504446
8865,0.508327334527183
8866,0.5356951776049326
8867,0.49334793475218514
8868,0.521142308879679
8869,0.503482718805266
8870,0.5088640152696137
8871,0.5654653654019622
8872,0.5026989722060238
8873,0.5610111725779867
8874,0.5045790198344046
8875,0.5241313870044332
8876,0.5037533390560912
8877,0.5090753585779
8878,0.5560141614191564
8879,0.5057949454135803
8880,0.5654060280393463
8881,0.5104016622846698
8882,0.5121754596199681
8883,0.5106994760172185
8884,0.5230209471066287
8885,0.5516690189774953
8886,0.5154571044372729
8887,0.5123511167337018
8888,0.5060429509957494
8889,0.5388607621017635
8890,0.5052182494315923
8891,0.5096876544601774
8892,0.5458014913918229
8893,0.5068525702970962
8894,0.573180329435523
8895,0.5127744582262761
8896,0.5198770757990356
8897,0.5052873066016238
8898,0.5224742402563433
8899,0.5004844952352149
8900,0.5119924926942727
8901,0.5020614821735964
8902,0.5088343830082764
8903,0.5767958663729387
8904,0.5049971228287123
8905,0.5117538095778763
8906,0.5755467223424411
8907,0.5756437634836554
8908,0.5434573322801378
8909,0.5048160825862593
8910,0.5149792902008311
8911,0.49912155527691093
8912,0.5749267088653033
8913,0.5057516670408126
8914,0.5019531392703804
8915,0.5091077976864805
8916,0.5090279995434085
8917,0.5623707763466452
8918,0.5747640550765285
8919,0.5431725415787522
8920,0.5726767313463121
8921,0.5326192089987188
8922,0.5014689842123862
8923,0.5138911486375327
8924,0.5187612579463374
8925,0.5367712932138022
8926,0.5084572672023547
8927,0.508341057873128
8928,0.517583142697736
8929,0.5445640655226047
8930,0.5146863578046685
8931,0.504064917790708
8932,0.5015290922231705
8933,0.5230540442172588
8934,0.5051466508271734
8935,0.5760269334864502
8936,0.5032875928862981
8937,0.5074265379420085
8938,0.5749668388959787
8939,0.5064719847212785
8940,0.4973768408367285
8941,0.49975763301661014
8942,0.5068870293081451
8943,0.5436689551048921
8944,0.516598484840693
8945,0.5141353675576551
8946,0.5640846734477803
8947,0.5094008977078065
8948,0.5498612915141761
8949,0.49885559509969973
8950,0.51416343901615
8951,0.5490041654436046
8952,0.5091416349826446
8953,0.5020636251032603
8954,0.5279396064495515
8955,0.5357944862611788
8956,0.5013798969767592
8957,0.5079767974174207
8958,0.5551887895361598
8959,0.5076195239614425
8960,0.5763315559038118
8961,0.505786722111512
8962,0.5014807272525249
8963,0.5316374635408273
8964,0.5004602955584458
8965,0.5435993228277587
8966,0.5099259133814485
8967,0.5511450990666459
8968,0.5120978035424789
8969,0.5048030337363585
8970,0.571796891797099
8971,0.505017710969152
8972,0.563762579835807
8973,0.530490810575716
8974,0.57590458695856
8975,0.50665258569406
8976,0.56569720710957
8977,0.5051220109848343
8978,0.538863549654229
8979,0.5067910358209602
8980,0.5087551321085745
8981,0.5487969298595011
8982,0.5064426317948206
8983,0.548691577351994
8984,0.5097965754116622
8985,0.5109212961464853
8986,0.5065106625628585
8987,0.5036186038790926
8988,0.5535647384258012
8989,0.5328219213346347
8990,0.5571326382491459
8991,0.5050991495531336
8992,0.5356869623470023
8993,0.5055364972124756
8994,0.5008118592576553
8995,0.5011977115327878
8996,0.5495774966777831
8997,0.5077093256997085
8998,0.5748580216181056
8999,0.5485649523021007
9000,0.573801349063628
9001,0.5005565176837753
9002,0.5001121020189017
9003,0.49989858748440164
9004,0.5043425171437697
9005,0.5117049652475866
9006,0.5012924952761773
9007,0.50640705039
9008,0.5753224478849428
9009,0.5025200087499119
9010,0.5041242607967784
9011,0.5057860862788879
9012,0.5099031582049577
9013,0.54918453943799
9014,0.5314234212423655
9015,0.5555274872879646
9016,0.5257357031076673
9017,0.5035642775754795
9018,0.5760921544755702
9019,0.5283697158444698
9020,0.5028873865356612
9021,0.5734271633375004
9022,0.5160837705342953
9023,0.49450627277086323
9024,0.5097988727865947
9025,0.5513680170496621
9026,0.5778204774804644
9027,0.49986653446247176
9028,0.5078448104199187
9029,0.5154087582493316
9030,0.5032915858151035
9031,0.5048563984497821
9032,0.5193967649914678
9033,0.5594867975968978
9034,0.5744601365055025
9035,0.5066034333537831
9036,0.5043378991577971
9037,0.5032267081555462
9038,0.5019940256298323
9039,0.539553540887388
9040,0.5758447028581632
9041,0.55593125713857
9042,0.4979901514853948
9043,0.5444855370647432
9044,0.5554537130300694
9045,0.5044907530456284
9046,0.5763206662344827
9047,0.5040836814608077
9048,0.5567884245434469
9049,0.5169504944168455
9050,0.49468262264098994
9051,0.5022354548948514
9052,0.5745353271363259
9053,0.5489539901702293
9054,0.5476949613839982
9055,0.5016797609445556
9056,0.5053014183697455
9057,0.5456784210232757
9058,0.5091559588062587
9059,0.5094745938166894
9060,0.5256668790246688
9061,0.5149061360459568
9062,0.518153300416994
9063,0.49717279683053633
9064,0.5102746993059153
9065,0.4983977091476048
9066,0.5532701985271236
9067,0.509516035822069
9068,0.5513455931298701
9069,0.5327036986280629
9070,0.5198655034029471
9071,0.5485764960667424
9072,0.5038990133120451
9073,0.5095463908998412
9074,0.5034345074517115
9075,0.5005455906504801
9076,0.5115510482905187
9077,0.5555023980668555
9078,0.5076460858712808
9079,0.5058235514695526
9080,0.5034773376101842
9081,0.5507967728511199
9082,0.5746488390228081
9083,0.5768096868282269
9084,0.5078101387667254
9085,0.49890827267858456
9086,0.5142115268121735
9087,0.5051961438063208
9088,0.57615817973664
9089,0.5381519692654362
9090,0.4942100929422374
9091,0.5470211859036003
9092,0.5520225307750324
9093,0.5015602879896479
9094,0.5176847896289284
9095,0.5230351715422892
9096,0.4964126235327966
9097,0.5534045405515143
9098,0.5192354526986892
9099,0.5113158601679947
9100,0.5355928028007338
9101,0.5402239501512197
9102,0.5333622941903966
9103,0.49999378173393133
9104,0.5066150588226257
9105,0.5562406037285905
9106,0.5052812104775253
9107,0.49913790077785924
9108,0.5186644354508465
9109,0.5698051444630299
9110,0.4971761778119513
9111,0.5007772447064407
9112,0.5493896962517337
9113,0.5078347881770731
9114,0.573202699840671
9115,0.5755028470201109
9116,0.5027298133738368
9117,0.5547445806857784
9118,0.5460522614693659
9119,0.5112130432404229
9120,0.5184908678130845
9121,0.5235507730315987
9122,0.5007504315001738
9123,0.5090733808143859
9124,0.501879998785468
9125,0.5001705772355529
9126,0.5071849711366547
9127,0.5112117613172344
9128,0.5548446984396742
9129,0.5746584634003757
9130,0.4958673928122896
9131,0.5084289534196006
9132,0.5447815563926566
9133,0.5530730524479938
9134,0.5203633121524596
9135,0.5410474682898614
9136,0.5032110890227317
9137,0.5191349335700841
9138,0.5011850721447912
9139,0.5294732702571882
9140,0.5448371772221041
9141,0.5314159808678165
9142,0.5112035617934536
9143,0.5008760640227511
9144,0.5075585324301184
9145,0.514298345010247
9146,0.5493223136242111
9147,0.5073478388640225
9148,0.4975730383266304
9149,0.5106310183747431
9150,0.5092819571444435
9151,0.49592791116708956
9152,0.509969002720596
9153,0.5047346207747677
9154,0.5087733601897306
9155,0.49978818364778504
9156,0.5061948430315264
9157,0.5271241429596938
9158,0.5741717986418111
9159,0.5030703141592552
9160,0.49930874182026197
9161,0.5037139696019952
9162,0.5149379359113844
9163,0.5097932318108311
9164,0.4978616464268992
9165,0.5139514684318499
9166,0.5150166853804149
9167,0.5013568393154939
9168,0.5086616604713963
9169,0.5071243768140121
9170,0.5004991860855685
9171,0.5147431612126776
9172,0.5004124042836527
9173,0.5361748329354484
9174,0.5104147591039994
9175,0.504645800631552
9176,0.5073868045016949
9177,0.5340510804310488
9178,0.5069437120197201
9179,0.5064761851910167
9180,0.517925485936032
9181,0.5606408192239983
9182,0.5146011818171552
9183,0.5097954842696342
9184,0.49725967733999055
9185,0.5016495176294526
9186,0.510112893539827
9187,0.559065732179201
9188,0.5021362522234267
9189,0.498763610542327
9190,0.5117993109806063
9191,0.5180662635761554
9192,0.4990396704135897
9193,0.5089554195677313
9194,0.5040535957143124
9195,0.5106207413380666
9196,0.5080894647809695
9197,0.5066402529909586
9198,0.5160572589515887
9199,0.5055535023990694
9200,0.5140853544206948
9201,0.5062823678868849
9202,0.5444492210944857
9203,0.5023029085001072
9204,0.504322657643268
9205,0.5077193747089246
9206,0.514722210558205
9207,0.5515701198055247
9208,0.5020340968256914
9209,0.55729882367784
9210,0.5197304594751857
9211,0.5450209942230807
9212,0.5524877744458502
9213,0.5049465691210543
9214,0.5248325051143129
9215,0.5426999783817131
9216,0.5763759033745581
9217,0.5421154476112535
9218,0.5101144388366068
9219,0.5225688554856482
9220,0.5055219660448026
9221,0.5493751879053415
9222,0.5105005220732932
9223,0.5064863927201158
9224,0.5156215320834054
9225,0.5053456323285201
9226,0.5166714111616878
9227,0.5527614058878907
9228,0.5501652710592859
9229,0.5073581126751858
9230,0.5006026200765878
9231,0.5100624621804464
9232,0.5756350800032383
9233,0.5142919020234231
9234,0.5062420270102734
9235,0.5018090679662066
9236,0.501641999619414
9237,0.5050534891449606
9238,0.5637597230736657
9239,0.5030304352096802
9240,0.5216666322918739
9241,0.5090616881384137
9242,0.4951402836766017
9243,0.5028789756985492
9244,0.5013458862175431
9245,0.5165464440421003
9246,0.5482323348385039
9247,0.5763287728364243
9248,0.5041443063072946
9249,0.5052031058423894
9250,0.5731804675575979
9251,0.5057669805627494
9252,0.5765676445455825
9253,0.568724300112465
9254,0.5758160711946795
9255,0.5101281142350481
9256,0.5073314304192451
9257,0.5126699141154495
9258,0.5029843016632161
9259,0.5361628660031926
9260,0.5283480621497726
9261,0.5559390341415112
9262,0.49956487673308236
9263,0.5074825924362784
9264,0.5400570543147267
9265,0.5036986642082905
9266,0.5043149077849685
9267,0.5036129793411266
9268,0.5133157929296066
9269,0.5065213209459165
9270,0.5108590424873577
9271,0.5089443933789697
9272,0.5519049113127235
9273,0.5086102528860796
9274,0.5545280074019654
9275,0.5172765782590086
9276,0.5085722315172337
9277,0.505700885460582
9278,0.5101682135029105
9279,0.5095500938537981
9280,0.5763537826120837
9281,0.5103411152414922
9282,0.5483156930635502
9283,0.5773228494290634
9284,0.5424232896570762
9285,0.5219311260752413
9286,0.5071790926261951
9287,0.5718432538061242
9288,0.5161974174816412
9289,0.5120996894913215
9290,0.5006196129973577
9291,0.5072577605415712
9292,0.503378339423286
9293,0.5046354918513121
9294,0.5399414492733497
9295,0.5738938916457028
9296,0.5067993303588576
9297,0.5756443579954481
9298,0.5408513267817715
9299,0.5617788240745756
9300,0.5093993582598336
9301,0.503838670301139
9302,0.5077767887884589
9303,0.5075746769702775
9304,0.5234488206617435
9305,0.5078914751958928
9306,0.5134570538949637
9307,0.5124883125744231
9308,0.5343455305815525
9309,0.5019590503630149
9310,0.4979640734921523
9311,0.507399185974873
9312,0.5067774975085119
9313,0.5020897879805519
9314,0.5081571575036978
9315,0.5017888211274445
9316,0.5114870838319506
9317,0.5055349468787553
9318,0.5619221990436416
9319,0.5057729802087991
9320,0.5092822522452481
9321,0.5133629856243501
9322,0.5079421760367938
9323,0.5774942655258934
9324,0.5032727292648219
9325,0.5745697176368919
9326,0.5112172457616033
9327,0.5059778680290602
9328,0.5130971453376855
9329,0.5032213326576204
9330,0.532083872766437
9331,0.5473572840684693
9332,0.5349622360322627
9333,0.5043493042522404
9334,0.5082365612510378
9335,0.5132957072799915
9336,0.5008435928333371
9337,0.5153479980431319
9338,0.5180009710797915
9339,0.5047217676898648
9340,0.5036425490421395
9341,0.5627529697832547
9342,0.5499184853430443
9343,0.5174056979022543
9344,0.5630218754336483
9345,0.5059250058359738
9346,0.49555853981308
9347,0.5143261702867828
9348,0.5465785572206052
9349,0.5149458744088227
9350,0.5752543810661959
9351,0.505132958521035
9352,0.4931992388292494
9353,0.551339204367474
9354,0.5372473573683954
9355,0.5020020413366661
9356,0.5031188879928533
9357,0.5429271707082449
9358,0.49877477647970736
9359,0.5758851565624648
9360,0.5102045288624594
9361,0.506497830235075
9362,0.501440952303923
9363,0.524704879437867
9364,0.49914020244600016
9365,0.5756233315005888
9366,0.5065253282628339
9367,0.5158657276390973
9368,0.5749205545979992
9369,0.5063078234182392
9370,0.5746096807300939
9371,0.49366259808494695
9372,0.5425207856821606
9373,0.5082105647072515
9374,0.5178461532994847
9375,0.5046659523724288
9376,0.5025595994799689
9377,0.5082968960667269
9378,0.4939656304448432
9379,0.4988464618302798
9380,0.5472865395358685
9381,0.575302888782572
9382,0.5029019351580958
9383,0.5050913719707602
9384,0.50436506913464
9385,0.5093154585819212
9386,0.5746011599723351
9387,0.5083963273925386
9388,0.5010707003310467
9389,0.5014399356179938
9390,0.5083634309574487
9391,0.5043108899307445
9392,0.5075884382805804
9393,0.5035256496234479
9394,0.5163364539442161
9395,0.5595616351806225
9396,0.5634128855434701
9397,0.5609039567727715
9398,0.4984449123872203
9399,0.5751939059380327
9400,0.50710955652359
9401,0.5103209411557638
9402,0.5027762247665465
9403,0.5030188997768784
9404,0.5755405766017935
9405,0.5402699542356414
9406,0.5406396750896357
9407,0.5010929260775527
9408,0.5106359952749469
9409,0.5029004382900547
9410,0.5072814229721033
9411,0.5195332277308626
9412,0.5113753339593862
9413,0.5154018493875038
9414,0.573948247609545
9415,0.5741227023637334
9416,0.500176969422429
9417,0.5159275135101462
9418,0.5084362306439898
9419,0.5143550893594282
9420,0.5048558854345561
9421,0.5140878616121441
9422,0.5438726924035109
9423,0.5164899687751613
9424,0.5027314039634764
9425,0.49891629761653394
9426,0.5476108685642594
9427,0.5001548292585751
9428,0.5612461455891666
9429,0.49793594854785783
9430,0.5058979131450844
9431,0.5149559203716625
9432,0.5157985284403752
9433,0.5054324546822049
9434,0.5065871244258869
9435,0.49908050958759426
9436,0.5746677458908487
9437,0.5072741589488932
9438,0.5406233767715025
9439,0.5597323022357531
9440,0.5545408557082381
9441,0.5757163831876273
9442,0.5746682491020284
9443,0.5122808976691653
9444,0.5337027611609673
9445,0.5736612722579236
9446,0.5069387065049046
9447,0.504926257000493
9448,0.5098152744762487
9449,0.5401647907846642
9450,0.5423820387652897
9451,0.515974361584654
9452,0.552817334455421
9453,0.5094511539623773
9454,0.4968691258552407
9455,0.5045480199948889
9456,0.5030138533646532
9457,0.5050541262043267
9458,0.5417738539739618
9459,0.5194349167351155
9460,0.5600488688364782
9461,0.5045151928686514
9462,0.5764949122884044
9463,0.5303079189555067
9464,0.5648900046045229
9465,0.5050475761994746
9466,0.507054610780873
9467,0.5023144794699611
9468,0.5076766485990397
9469,0.5096603555151541
9470,0.5006867526844259
9471,0.5130567054837631
9472,0.49776854328581605
9473,0.5763476833518629
9474,0.5734936511596928
9475,0.5198509257644056
9476,0.4996469878718587
9477,0.5171650545529132
9478,0.5077530279872221
9479,0.5148794413129348
9480,0.5767468961435178
9481,0.5043472925675015
9482,0.5047495456969966
9483,0.5061170483142211
9484,0.5355327331698877
9485,0.5721382793703449
9486,0.5242189391527633
9487,0.5562205331817391
9488,0.5105197547410784
9489,0.5091607722750717
9490,0.5220812696253317
9491,0.5610398918663881
9492,0.5064129905259069
9493,0.5339919575769607
9494,0.5080990293789661
9495,0.5751538661131226
9496,0.5091102537868326
9497,0.5559167222849509
9498,0.5461493001123512
9499,0.5059049530330817
9500,0.5108469935141836
9501,0.5139098980478587
9502,0.5096723423852453
9503,0.5088025399533138
9504,0.4982377090669846
9505,0.5095576261171435
9506,0.5396052356087724
9507,0.5747901670597043
9508,0.501110744729812
9509,0.5063062917619727
9510,0.5198930901766027
9511,0.5031781346182779
9512,0.509146179560461
9513,0.5756066291247842
9514,0.5088773595826517
9515,0.5770943794950472
9516,0.5145472256266085
9517,0.5464357477806524
9518,0.576598150072325
9519,0.5607865009717928
9520,0.503692149240866
9521,0.5014195812919575
9522,0.506632614970834
9523,0.5030857583673307
9524,0.5050312687092293
9525,0.5560371503168264
9526,0.5155531396811347
9527,0.5019975165586517
9528,0.5566994540162238
9529,0.5089732333766321
9530,0.5066998150866792
9531,0.515686754454854
9532,0.5109718226398692
9533,0.508340786734514
9534,0.5087229291692749
9535,0.5418350304151122
9536,0.5085337703992996
9537,0.5019256973095716
9538,0.5071361785807857
9539,0.5113361159512997
9540,0.5083011452292615
9541,0.511191321223175
9542,0.5031061589124928
9543,0.5060161717851582
9544,0.575829580313792
9545,0.5011687413505078
9546,0.5087751688676556
9547,0.5237103189665984
9548,0.5530682915869731
9549,0.5037589092594695
9550,0.5530758096467682
9551,0.5299498813644306
9552,0.5533357228819472
9553,0.5111193294847511
9554,0.5046913115816487
9555,0.5753326949207441
9556,0.5743549238395713
9557,0.5011811697591805
9558,0.5186012672795652
9559,0.5067648451846571
9560,0.5049942210092321
9561,0.5386657886120249
9562,0.5512583792213106
9563,0.5032277104742321
9564,0.5529386125192717
9565,0.545535455296891
9566,0.503536919472549
9567,0.5058410495190729
9568,0.5176851720534116
9569,0.5726427443581733
9570,0.5028137713648171
9571,0.5056672855028697
9572,0.5744883328119895
9573,0.5765345831547821
9574,0.5731836424638883
9575,0.4955525588849365
9576,0.5242277531154684
9577,0.5019336188977556
9578,0.5148737863105917
9579,0.5673777917784814
9580,0.49567045798120185
9581,0.49757528311412025
9582,0.5028430255769473
9583,0.5173901536920463
9584,0.5003258452519694
9585,0.5190829292611066
9586,0.5766002571281088
9587,0.5171128165130447
9588,0.5135613452360729
9589,0.5182316671501568
9590,0.5746579836334037
9591,0.5084518448835577
9592,0.5127931504713292
9593,0.5090689717531702
9594,0.5051211308980197
9595,0.5097323569058856
9596,0.542743748695798
9597,0.5770750616784669
9598,0.5471188161478481
9599,0.5597233180075621
9600,0.5543092360314781
9601,0.5084168406709978
9602,0.5095752182336981
9603,0.5757977744241509
9604,0.5040571472179717
9605,0.5066636314129588
9606,0.5113337145113621
9607,0.5031870881756622
9608,0.5182058872157274
9609,0.5076848991251046
9610,0.5082668920498615
9611,0.5479189168597828
9612,0.5135210357406542
9613,0.5103701203079216
9614,0.5037912340874056
9615,0.5294192312268806
9616,0.4997591589120436
9617,0.5172077970960215
9618,0.5508608461978991
9619,0.5695686132821923
9620,0.5014033198354076
9621,0.5092669882936728
9622,0.5750715070007925
9623,0.4973170810857054
9624,0.5074699217771312
9625,0.5386151431011573
9626,0.5538375589197213
9627,0.527078335213097
9628,0.5603172790931212
9629,0.5042453341191835
9630,0.5264589670050046
9631,0.5049073145769821
9632,0.575770207011583
9633,0.5079961593169046
9634,0.5015703070070907
9635,0.5777021581627576
9636,0.5073573919808998
9637,0.5014976880220577
9638,0.5371603010724355
9639,0.5117255378721826
9640,0.5088889816941126
9641,0.5217310437567115
9642,0.5043186973506113
9643,0.5400995859977001
9644,0.5056251492777298
9645,0.5518269839981909
9646,0.5110793005824209
9647,0.506807446853724
9648,0.5743738778187727
9649,0.5458121143608391
9650,0.49976763175873745
9651,0.5088637578194626
9652,0.5485252797082818
9653,0.5259169282029634
9654,0.5516274307222203
9655,0.5253704617790518
9656,0.5118701599366284
9657,0.5154091861641568
9658,0.5102784599851171
9659,0.5031510973122164
9660,0.5058307543088991
9661,0.5059789248009403
9662,0.5138570688245179
9663,0.54713919877008
9664,0.5479595930537395
9665,0.5031847699886192
9666,0.4988154035482621
9667,0.511506171435811
9668,0.5756619535570292
9669,0.5119575065712747
9670,0.5736061561558243
9671,0.5057127470998989
9672,0.5635810585161106
9673,0.4989242199233697
9674,0.5029226733302871
9675,0.5423843704012541
9676,0.5084507051620897
9677,0.5036906072968278
9678,0.5091413961191475
9679,0.5017302904373013
9680,0.5335849319396022
9681,0.5500406242823008
9682,0.5098154923107756
9683,0.5616744096426465
9684,0.5000750941155869
9685,0.5576610305108439
9686,0.5041244200286162
9687,0.5080495086477339
9688,0.5384929544703065
9689,0.5746295658249084
9690,0.5203240697589468
9691,0.5438437388868601
9692,0.4998845805858756
9693,0.5264950094674619
9694,0.5083971398824941
9695,0.49901118518766874
9696,0.506887979420824
9697,0.5607976194138168
9698,0.5672669937987528
9699,0.5730513431869876
9700,0.5028083041846232
9701,0.5524470743147293
9702,0.49982744532554774
9703,0.49964689008107
9704,0.4991536450036568
9705,0.5754413187341187
9706,0.5629552666013111
9707,0.5094497446750375
9708,0.5031865875695746
9709,0.5185256616041554
9710,0.5502921828964086
9711,0.5266143855436154
9712,0.5468468217928059
9713,0.5020803413444018
9714,0.5281029550548803
9715,0.509152446563214
9716,0.5005174178435843
9717,0.5535155658509974
9718,0.563616266552157
9719,0.5037896607792299
9720,0.5378014015772987
9721,0.5089624134125246
9722,0.5627198107097663
9723,0.5114915427954363
9724,0.5138496631643945
9725,0.5748270156814519
9726,0.5057556098095884
9727,0.5736800729842637
9728,0.5103306456418811
9729,0.5441732000552427
9730,0.5288338262936444
9731,0.5448996527392078
9732,0.508100546880091
9733,0.5008210288625277
9734,0.507965126291233
9735,0.502116857200551
9736,0.5289244222214232
9737,0.5063178832340796
9738,0.5104739367795418
9739,0.5744942855420927
9740,0.5423445743775321
9741,0.5122481266355328
9742,0.5391843961380537
9743,0.5075870125040882
9744,0.5552176333175234
9745,0.5521296614518687
9746,0.5105237808154268
9747,0.5513164270830062
9748,0.5087114838206304
9749,0.5535551662754268
9750,0.5081859239935618
9751,0.5262156463407682
9752,0.5076107378394495
9753,0.49755703370367865
9754,0.5042300841693832
9755,0.5125640628867842
9756,0.49724759964678933
9757,0.5200115743687503
9758,0.5536541789169007
9759,0.510061989074486
9760,0.5750054140449593
9761,0.5557910850845016
9762,0.5081872956014349
9763,0.5750672393778726
9764,0.5608482347925066
9765,0.5060250380463017
9766,0.5458328335783066
9767,0.5178180631404551
9768,0.5751823934597018
9769,0.5025955249138696
9770,0.5077872686144704
9771,0.5768641210753108
9772,0.542821970739285
9773,0.5115154091317353
9774,0.5092730289791833
9775,0.5782227906229311
9776,0.5743115777225267
9777,0.5029359402408945
9778,0.5238621034170455
9779,0.5063701657866271
9780,0.5020709484280496
9781,0.49928611385657673
9782,0.510941496976268
9783,0.5081075160610806
9784,0.5105279395460736
9785,0.5093762290800894
9786,0.5421116297166589
9787,0.5044680019175716
9788,0.5371547244399251
9789,0.5024970287297867
9790,0.5044138272580183
9791,0.5024035428155798
9792,0.5762722983265332
9793,0.5530335894437178
9794,0.5484223181836587
9795,0.5053134996613283
9796,0.5187476726006033
9797,0.5032374290276598
9798,0.5321774955589079
9799,0.4979420032968592
9800,0.5134534187837281
9801,0.5178257484965929
9802,0.4975564617972451
9803,0.5100888768340343
9804,0.5157628195690711
9805,0.5138875695450407
9806,0.5623269430716222
9807,0.5046727986300703
9808,0.5006117230081861
9809,0.502685399698179
9810,0.5041912905688763
9811,0.5416752705432704
9812,0.5107150504514529
9813,0.5026374945358065
9814,0.5062067156003073
9815,0.5064583368418597
9816,0.5101811694089619
9817,0.572917403686225
9818,0.5054939612991619
9819,0.5763549549948429
9820,0.500384535024322
9821,0.5288833009235299
9822,0.5760105288288062
9823,0.5757999337079518
9824,0.5081110464865791
9825,0.5116090327919319
9826,0.506026522180198
9827,0.5108328346249545
9828,0.5049091474456866
9829,0.49985515783293355
9830,0.5265511223295629
9831,0.5111153895900337
9832,0.5761593575927116
9833,0.5726370430217513
9834,0.5007725442356605
9835,0.5753966028985841
9836,0.5081373764471322
9837,0.5020029925488408
9838,0.5511980634189566
9839,0.5770386709345126
9840,0.5429888550773712
9841,0.5056367959188633
9842,0.5771610333281226
9843,0.5057838843369156
9844,0.514138818920781
9845,0.5138828736356704
9846,0.4983351459888694
9847,0.5750447842632699
9848,0.5049813603109241
9849,0.501718952731623
9850,0.5179427941145133
9851,0.5374791299438316
9852,0.546216642090067
9853,0.506257334226088
9854,0.5251842480066184
9855,0.5110606515265095
9856,0.5117232344997865
9857,0.5641493637373848
9858,0.5108882335294765
9859,0.4922198532003825
9860,0.5011961420419644
9861,0.5747678620767689
9862,0.5080568083457327
9863,0.507019432992816
9864,0.5260381099662473
9865,0.5369843970509739
9866,0.5103942059195031
9867,0.5002359902096601
9868,0.5035669938492078
9869,0.5066002323903467
9870,0.5143330435821928
9871,0.5129398402797009
9872,0.5176377205648587
9873,0.5736087766196944
9874,0.5156579743131388
9875,0.5038343619498504
9876,0.574392848621871
9877,0.5160814254702077
9878,0.5137775814825564
9879,0.5050244320381394
9880,0.57514291302848
9881,0.5656527909201206
9882,0.509435413588464
9883,0.5067660800151417
9884,0.5560045722125637
9885,0.5059910597110282
9886,0.5460906369076437
9887,0.5046937992949971
9888,0.5015290747462533
9889,0.5338177339430563
9890,0.5092064041899136
9891,0.5008574488628854
9892,0.5112881946573323
9893,0.5413998440358485
9894,0.5490632486091527
9895,0.5096055575343126
9896,0.525931977756043
9897,0.5070171850524421
9898,0.5107615654634161
9899,0.5080483944455831
9900,0.5116638631731598
9901,0.5029913808310915
9902,0.5627232647933857
9903,0.5139521419742525
9904,0.5157842177173833
9905,0.5048517629937341
9906,0.5524050154093215
9907,0.5418667829114427
9908,0.5527806805967049
9909,0.5777154778956994
9910,0.5090069017205909
9911,0.5582882369780027
9912,0.4995989223856877
9913,0.5105790728651206
9914,0.5084663483957894
9915,0.4977424353706884
9916,0.5024891970359381
9917,0.5082798970220119
9918,0.521006472924765
9919,0.5427373298534378
9920,0.556061941832155
9921,0.5028316123428691
9922,0.5066884840882028
9923,0.5118960878549805
9924,0.5477126335531785
9925,0.5172166998051577
9926,0.5402046259142675
9927,0.5746315365382666
9928,0.509606085226201
9929,0.5757416465567378
9930,0.5018253221305994
9931,0.49876831818995654
9932,0.5064182100395027
9933,0.5084223088138674
9934,0.49894981849416525
9935,0.5755583211955136
9936,0.5503600956469701
9937,0.5008477820713416
9938,0.5009620059078779
9939,0.5086501736596333
9940,0.5135468954395898
9941,0.5115003760302018
9942,0.5011726974138575
9943,0.5114840568711648
9944,0.5009979966925708
9945,0.5188734177564883
9946,0.5068970476584789
9947,0.5154487638995949
9948,0.4939679307829309
9949,0.509758941688145
9950,0.5064733448407339
9951,0.5211374004975597
9952,0.575645508575127
9953,0.5410570807556391
9954,0.5042332716505618
9955,0.5021989309064977
9956,0.5076601158293174
9957,0.5750272406301616
9958,0.5783908720203861
9959,0.5650204585242874
9960,0.505457375804711
9961,0.5737040085722795
9962,0.509740102518838
9963,0.5231968797764291
9964,0.5747029543782128
9965,0.570616647091264
9966,0.4957639577695824
9967,0.505737573439021
9968,0.5025074611608772
9969,0.5144798171485301
9970,0.5657116346109282
9971,0.5037089746475777
9972,0.5160526678508142
9973,0.5032419713386768
9974,0.49826232388545266
9975,0.5584178403974496
9976,0.5040059511412314
9977,0.5178753135733521
9978,0.5498378182326225
9979,0.5368111816254242
9980,0.5042265536957731
9981,0.5085780748416127
9982,0.5010280792269126
9983,0.5113271409753648
9984,0.5044183387136785
9985,0.5099962531866196
9986,0.5083721459766809
9987,0.5619666219419839
9988,0.5146714771857184
9989,0.5559408400788528
9990,0.5758159239406038
9991,0.5553225328089317
9992,0.5156882417454234
9993,0.5030461589295185
9994,0.5493436068696962
9995,0.5735392113772715
9996,0.5769632292058657
9997,0.5195528953808182
9998,0.5111674507460697
9999,0.49791460301204454
10000,0.5056125269934693
10001,0.5180706288974437
10002,0.5068789775577889
10003,0.5086009619077175
10004,0.51191597003089
10005,0.5770568992450471
10006,0.5392311837771475
10007,0.5189268782239997
10008,0.5588102161410999
10009,0.508416061658899
10010,0.5745689412996846
10011,0.5034371667954595
10012,0.5619119632876639
10013,0.5086128095062028
10014,0.5239009591172938
10015,0.5020576982974192
10016,0.5042612644165425
10017,0.5150082992897378
10018,0.5658219536140685
10019,0.5045392465806859
10020,0.5049061356897688
10021,0.5389802023633866
10022,0.5001378582179767
10023,0.5433785312632672
10024,0.519004906718329
10025,0.5771949409691837
10026,0.5444314672423952
10027,0.5152160165206985
10028,0.5586923915755491
10029,0.5323607884303694
10030,0.5431208357678445
10031,0.5121434496887718
10032,0.5653267254730183
10033,0.5060285911582041
10034,0.5112299857252105
10035,0.5148088088807903
10036,0.5129278039014047
10037,0.547409870714901
10038,0.5447063098534647
10039,0.5077846637914781
10040,0.5012701996634443
10041,0.5259460273542483
10042,0.5102759162793096
10043,0.5410779919213214
10044,0.5540063460724943
10045,0.5060378405269759
10046,0.5110301687276527
10047,0.5752135793062105
10048,0.5000754567196145
10049,0.5389245188245332
10050,0.5087901094282916
10051,0.4982692708068625
10052,0.5134741703451818
10053,0.5492393395071464
10054,0.5736410053000367
10055,0.5049072375207804
10056,0.5063934437799121
10057,0.5032763359676936
10058,0.5052823268712086
10059,0.5378855011037191
10060,0.5526638306398692
10061,0.5038868467023804
10062,0.5090125002846757
10063,0.512846815917346
10064,0.5047480532544746
10065,0.5041887962812337
10066,0.5063418191115889
10067,0.5747613128021455
10068,0.5079160824099264
10069,0.5063026411554936
10070,0.5026867635813277
10071,0.5044604237410393
10072,0.5073643801355711
10073,0.513033947703615
10074,0.545662971118028
10075,0.5029333457448405
10076,0.5119530773057868
10077,0.5075362770569416
10078,0.5020110067958211
10079,0.5167276852946784
10080,0.5133902648901297
10081,0.5057518378888501
10082,0.508271117821482
10083,0.5558880869724118
10084,0.5242967118660271
10085,0.5410250920243238
10086,0.5590479545166199
10087,0.5406845484196598
10088,0.5288030351781654
10089,0.5128640429943675
10090,0.5097312897224902
10091,0.5063447364872542
10092,0.5173152335468862
10093,0.5001685930087669
10094,0.5628501640039678
10095,0.5113163682258719
10096,0.5786921125129408
10097,0.5760756527490367
10098,0.5183968076718082
10099,0.5069320453881274
10100,0.5074951273683446
10101,0.5267891786307636
10102,0.5064943392057197
10103,0.576315852630783
10104,0.5770921934428128
10105,0.5771714581229657
10106,0.5118926171372347
10107,0.5065529857948763
10108,0.5751529760843065
10109,0.5764109391005361
10110,0.5094238764030601
10111,0.5072099206183904
10112,0.5087776083454406
10113,0.5090700942582549
10114,0.522979112275608
10115,0.5046695589489123
10116,0.49759122999648114
10117,0.5043591694978069
10118,0.5055949296623521
10119,0.552263300995435
10120,0.5592610201846138
10121,0.5073393868122644
10122,0.5326849576436259
10123,0.510010231489474
10124,0.5399071168315213
10125,0.5012879146742908
10126,0.5664894427980737
10127,0.5131518157772069
10128,0.5472952025975122
10129,0.576738455058785
10130,0.5124024350835501
10131,0.5092275994100918
10132,0.5292031914119051
10133,0.5448049816443072
10134,0.5566040153786376
10135,0.5199043061235488
10136,0.5105446665956019
10137,0.5036857258964875
10138,0.5103379926353935
10139,0.5472346267973675
10140,0.5198630868176831
10141,0.5072308990367408
10142,0.5590661104150942
10143,0.56203829342209
10144,0.5105294851616229
10145,0.5627532458810958
10146,0.5108508342647599
10147,0.545329963958479
10148,0.5027343031474631
10149,0.5103178032339616
10150,0.5042862864225393
10151,0.5151966275182521
10152,0.5020138301366416
10153,0.5740704937918414
10154,0.5494949410452187
10155,0.5476816996454646
10156,0.5597279422104943
10157,0.5222808839467246
10158,0.5229513124386076
10159,0.5041428667897361
10160,0.5184348006432671
10161,0.505630858543366
10162,0.5509293032459066
10163,0.5033034718221631
10164,0.5021420058729773
10165,0.504565855521736
10166,0.5128724973832148
10167,0.5116770030043389
10168,0.5047424215990021
10169,0.503947386025303
10170,0.5070840622536846
10171,0.5607507076247612
10172,0.5705570207907187
10173,0.5576673812227089
10174,0.5595568817331442
10175,0.5026655341965434
10176,0.511125724041574
10177,0.5063818398283688
10178,0.5386717890183477
10179,0.507376938832899
10180,0.5205112689258082
10181,0.505327900285296
10182,0.5150100223996996
10183,0.510294489465216
10184,0.510806527376329
10185,0.5001631002074416
10186,0.5045910166555687
10187,0.5634830123445606
10188,0.5119207462526014
10189,0.5078838465713014
10190,0.5135913903017758
10191,0.49970209281639455
10192,0.5034078483141389
10193,0.5148893976244449
10194,0.5055131122520942
10195,0.5734115745526167
10196,0.49571715790176735
10197,0.5040202657955751
10198,0.5525792131733733
10199,0.5170655657363709
10200,0.5098795651406234
10201,0.5074330972228434
10202,0.576094028215557
10203,0.5017870262445459
10204,0.5014478022687505
10205,0.5107312012275076
10206,0.5025941761176933
10207,0.5105294113155612
10208,0.5480968857832162
10209,0.5563642278833896
10210,0.5167840583584282
10211,0.514104542548828
10212,0.5138062633360216
10213,0.5502825013279707
10214,0.5754393992090694
10215,0.5051409090182503
10216,0.5750034822209542
10217,0.5068190215743746
10218,0.5329978522475497
10219,0.5742791355886808
10220,0.570647778471266
10221,0.508376157469888
10222,0.5045266928211047
10223,0.49847180200828456
10224,0.5454292448548265
10225,0.5097338853708384
10226,0.576314140279726
10227,0.5116517524632306
10228,0.4995297715246706
10229,0.5766536514605092
10230,0.5038632918485553
10231,0.5772334729604409
10232,0.5001844507642423
10233,0.5516120243620951
10234,0.5134629235755065
10235,0.5101404303667548
10236,0.49666714876096846
10237,0.5057850081214871
10238,0.5129838007366965
10239,0.5774220707311947
10240,0.5069571226297831
10241,0.5114528155639938
10242,0.504421809227624
10243,0.5074953479168864
10244,0.5507246845909266
10245,0.49981803655280943
10246,0.5061133254000733
10247,0.5081218409145974
10248,0.5184385550902526
10249,0.5130694487994962
10250,0.508648678754493
10251,0.5013369464901178
10252,0.5053463470587545
10253,0.5068715859116761
10254,0.5522300690161293
10255,0.5042431941251116
10256,0.5074401236835534
10257,0.5079287152635852
10258,0.5100839694305056
10259,0.5054749980608426
10260,0.574124197189992
10261,0.5052100989551698
10262,0.507763144550286
10263,0.5169605046663068
10264,0.5384046386038452
10265,0.5137825455211988
10266,0.5116833349932757
10267,0.5287537411310677
10268,0.5063835037658861
10269,0.554615763523856
10270,0.5285414937449793
10271,0.5450645964999427
10272,0.5323599067362471
10273,0.5065520195510821
10274,0.5229998233698382
10275,0.5322862515129805
10276,0.5016178323925132
10277,0.510482298290798
10278,0.5697239207805372
10279,0.5004110397043492
10280,0.5112841691736038
10281,0.5093657400430811
10282,0.5582028806470616
10283,0.5072618284374281
10284,0.5629711686974297
10285,0.5064160935257878
10286,0.5111819283858539
10287,0.5141615911235818
10288,0.5100743017261943
10289,0.5100185868708861
10290,0.5036727308973071
10291,0.5053109373073867
10292,0.5508128488374759
10293,0.5063604544952065
10294,0.5035548088046262
10295,0.5343505812766502
10296,0.4995618172715039
10297,0.5450098155960981
10298,0.5119045212216635
10299,0.5749106316546628
10300,0.5140436657798687
10301,0.5608500821211023
10302,0.5577115164041304
10303,0.5293408887850828
10304,0.5768192758359049
10305,0.5135704486215148
10306,0.5660436056114099
10307,0.5758948965347426
10308,0.5770820057570125
10309,0.5050607455055055
10310,0.5084432821797605
10311,0.5349109870725715
10312,0.5049666613189815
10313,0.5450832450390143
10314,0.5058609027101806
10315,0.5035947728659611
10316,0.5751076062942915
10317,0.560848583170983
10318,0.5754583900346993
10319,0.49820164136401784
10320,0.5096243156142435
10321,0.5032964265258841
10322,0.5058380818444688
10323,0.5061760835835473
10324,0.5165724169533812
10325,0.5307382717180887
10326,0.5108363488849539
10327,0.5535472404105142
10328,0.5213267835217543
10329,0.5376192910438409
10330,0.5049569225533072
10331,0.5107614823525084
10332,0.5381373924558739
10333,0.5757836340884191
10334,0.5494522230020416
10335,0.5059930429199153
10336,0.5382774028476177
10337,0.5532969114676048
10338,0.5135140406464018
10339,0.5070662443996063
10340,0.5062963449139878
10341,0.5146897542534572
10342,0.5425789227206871
10343,0.546806616829946
10344,0.512672410222575
10345,0.5070304714016728
10346,0.5148559151937856
10347,0.5081550398263233
10348,0.5203112783438232
10349,0.5765590622966998
10350,0.5089033893467476
10351,0.5290816138716272
10352,0.507293149033484
10353,0.5033635921528687
10354,0.49987816691998843
10355,0.50936566810948
10356,0.5597420112084966
10357,0.5483433830649428
10358,0.5612166754400002
10359,0.55377676326058
10360,0.5067231181383737
10361,0.5071816170254657
10362,0.5056562933049142
10363,0.5252587300394504
10364,0.5415719303370613
10365,0.4997227716248618
10366,0.5464060440860964
10367,0.5586046382780779
10368,0.5124879734250359
10369,0.5775008695979029
10370,0.5765183168777193
10371,0.5747544801990374
10372,0.5741833077663652
10373,0.49478899867505144
10374,0.5069777339595716
10375,0.4986565602979331
10376,0.5576876124043549
10377,0.4984701914712508
10378,0.5046968420182701
10379,0.5543461536178611
10380,0.5460444144142167
10381,0.49891875536006713
10382,0.49911575851273005
10383,0.5748678740094869
10384,0.5030001579526878
10385,0.5272855555086878
10386,0.5110453883478849
10387,0.5038174540004707
10388,0.5760812070762558
10389,0.502573899851839
10390,0.5120927885262044
10391,0.5576008728210327
10392,0.5123117149319435
10393,0.5554793642907092
10394,0.5544620055755478
10395,0.5518426286561628
10396,0.5299078514726143
10397,0.5223212758898702
10398,0.5100880544108465
10399,0.5045086798038165
10400,0.502674856062623
10401,0.5054960436271035
10402,0.5036589063170727
10403,0.5325318210261298
10404,0.5125095245111388
10405,0.5093325359117364
10406,0.5123523903383307
10407,0.5749200064785223
10408,0.5497311184984184
10409,0.5080165986460362
10410,0.5600911265354311
10411,0.5112876477880774
10412,0.5045440637403739
10413,0.5095443904798883
10414,0.5041614879520249
10415,0.5002167960863755
10416,0.5020729554909188
10417,0.5097546434883339
10418,0.5739408537907091
10419,0.5574250421464941
10420,0.5409639591219719
10421,0.5607756165197424
10422,0.5071948845272074
10423,0.507209404323133
10424,0.5159303779773181
10425,0.5018089972597072
10426,0.507264384265063
10427,0.5025710494233467
10428,0.5060076874968563
10429,0.5121591920871453
10430,0.5099468135402008
10431,0.514875200702953
10432,0.5505971648426413
10433,0.5104513480728646
10434,0.501648326634411
10435,0.5081418446281136
10436,0.5715693413859563
10437,0.513544515693871
10438,0.5000906678689747
10439,0.5111321328737596
10440,0.5098801610374102
10441,0.5748832904169241
10442,0.5051566580271005
10443,0.49899761317367575
10444,0.5365410475868354
10445,0.576278796623309
10446,0.5060216624733604
10447,0.5410564272821907
10448,0.5052418107481528
10449,0.5113293581602988
10450,0.5288856527351335
10451,0.5060228083296154
10452,0.5577455146314809
10453,0.5070492728924771
10454,0.4990333724595623
10455,0.5168256419002452
10456,0.4997626270221393
10457,0.5072894984648388
10458,0.5774543376658127
10459,0.5018473011969011
10460,0.5066597784796674
10461,0.5042803759772673
10462,0.5021460765967093
10463,0.554657579358943
10464,0.5120981636340806
10465,0.5406816896977897
10466,0.4978351990126686
10467,0.507331322054436
10468,0.5739206593941176
10469,0.5738461158575137
10470,0.5415069139227761
10471,0.5104948266312427
10472,0.5015140900044839
10473,0.5198301559222245
10474,0.5062106049850235
10475,0.509414081441127
10476,0.49567708864201054
10477,0.5557123168382091
10478,0.5533693929972534
10479,0.5746148485795357
10480,0.5083766164086372
10481,0.5061237565521607
10482,0.5082399884656015
10483,0.5105996142217666
10484,0.5099592461966799
10485,0.5001301288756184
10486,0.5131778449228657
10487,0.502738528123288
10488,0.5165284810153968
10489,0.5279841633746887
10490,0.5078520430256794
10491,0.5038797103930879
10492,0.4985413810786741
10493,0.5761128546223835
10494,0.5109671895346086
10495,0.5158452452112315
10496,0.500474478253527
10497,0.5756904306457786
10498,0.5197995787101046
10499,0.5121518837857021
10500,0.5054144586882449
10501,0.575881150215415
10502,0.5735291809727101
10503,0.5082908437207134
10504,0.5650710505213311
10505,0.5112494631345188
10506,0.5752626227566107
10507,0.5155426047995865
10508,0.5566324224228226
10509,0.5377830430676376
10510,0.5025391994806448
10511,0.5078886570690482
10512,0.5132964345192904
10513,0.5126749007401512
10514,0.5069341029490086
10515,0.5021253254634315
10516,0.5223083076160036
10517,0.5699626508183165
10518,0.5060279082347464
10519,0.5562812982414921
10520,0.5018391803194822
10521,0.575784790581483
10522,0.5059783139405019
10523,0.5075527625980777
10524,0.57547819114979
10525,0.5033395002641312
10526,0.5088367028457448
10527,0.5162205189397672
10528,0.5104697795019457
10529,0.5594425928269853
10530,0.5009819534084662
10531,0.5047498923438258
10532,0.5062940944882215
10533,0.5209661211990798
10534,0.50358229532054
10535,0.5545837812520478
10536,0.5103345275116751
10537,0.5143916555540083
10538,0.513105273271336
10539,0.5486205857056335
10540,0.49913678640370684
10541,0.5183924832435547
10542,0.5094559259572514
10543,0.5588793114748378
10544,0.495417167995855
10545,0.5088301949387699
10546,0.5311729888549052
10547,0.5116506878767366
10548,0.5424983007200997
10549,0.5663301262830303
10550,0.5011936578554257
10551,0.5366789961524052
10552,0.554294016515624
10553,0.5143798315121757
10554,0.5090141120391665
10555,0.5076563708870766
10556,0.5078993962422371
10557,0.5739722600402533
10558,0.5550548800314044
10559,0.49797408702617996
10560,0.5169067662885197
10561,0.5053511246575987
10562,0.4977854333752062
10563,0.5516493971812663
10564,0.5009341882747156
10565,0.5500299111409654
10566,0.518809412446664
10567,0.5135123556410973
10568,0.5027029632321995
10569,0.5628016207984287
10570,0.5526709107086213
10571,0.5036432861769777
10572,0.575465390316106
10573,0.5022281635456696
10574,0.5086671812157463
10575,0.5737532094541771
10576,0.5346508522850814
10577,0.5050940532256647
10578,0.5100406503777077
10579,0.5073472486481924
10580,0.5126347732343177
10581,0.4991659022080733
10582,0.5378474401347852
10583,0.5110906812015599
10584,0.5092050738531217
10585,0.505130279016917
10586,0.5119148147490988
10587,0.5086413665770233
10588,0.5003350148912308
10589,0.5467015391847885
10590,0.5094337554665684
10591,0.5079377000086864
10592,0.5583679114633242
10593,0.4977414251304987
10594,0.524244125642356
10595,0.574295700260734
10596,0.5763407470817787
10597,0.5429981235452704
10598,0.5094403869467848
10599,0.5030655953170723
10600,0.554435366707448
10601,0.50560419355449
10602,0.5532885598691067
10603,0.5124038528632004
10604,0.5125988109483955
10605,0.49560626727191726
10606,0.5011002579414763
10607,0.5136822077788208
10608,0.49185948115362854
10609,0.5081820213412898
10610,0.5011379774869679
10611,0.5087738321105603
10612,0.5066071443778917
10613,0.5040138949509183
10614,0.5100582187171719
10615,0.5729599356218895
10616,0.5213158555256246
10617,0.4928942974140066
10618,0.5154778461822714
10619,0.5616953016523228
10620,0.5077129792078096
10621,0.5037174577172666
10622,0.5504865688355809
10623,0.5072099503697416
10624,0.5024399776075084
10625,0.5102951973733778
10626,0.5449009151137572
10627,0.5613430915660944
10628,0.5101788442857527
10629,0.5603880133905484
10630,0.5095708864611646
10631,0.5068710637139153
10632,0.5417427403925259
10633,0.5780776900049772
10634,0.556421371114836
10635,0.5007659129089083
10636,0.5580492846982472
10637,0.5027265573772255
10638,0.5053187592783034
10639,0.4989631858176993
10640,0.4955742527585091
10641,0.502598747807213
10642,0.5023591999560227
10643,0.5089726985748735
10644,0.49974343837960655
10645,0.5105102029377625
10646,0.5039817209790091
10647,0.5098429220761164
10648,0.5572490116306565
10649,0.5176843277974368
10650,0.5414127277654233
10651,0.49608217054077053
10652,0.5036935681987644
10653,0.5051949404404201
10654,0.5353599803417707
10655,0.5771910537323094
10656,0.5006367834991148
10657,0.5280674237241931
10658,0.5499288271393413
10659,0.5092453171151607
10660,0.5509968965718188
10661,0.5105014689787515
10662,0.5205457699156264
10663,0.5043555340258241
10664,0.5032833911837329
10665,0.5072788360240533
10666,0.5463033058721026
10667,0.5382390446985339
10668,0.531411735880865
10669,0.508602364734313
10670,0.5129648048811561
10671,0.5609637704024162
10672,0.5660190729825573
10673,0.5114896903046213
10674,0.504837843627482
10675,0.5656118393987397
10676,0.5559853623205822
10677,0.5201571477563427
10678,0.5467352706902949
10679,0.516318566096006
10680,0.5131433308187194
10681,0.5075447410528824
10682,0.5061838444009942
10683,0.5657539549542799
10684,0.5139478294561928
10685,0.533572653110914
10686,0.5508167813780767
10687,0.5334447724430883
10688,0.5673325410499944
10689,0.5058938174235583
10690,0.5033183811907154
10691,0.5052724505228682
10692,0.5035672496279396
10693,0.5764531606694296
10694,0.5050414312317257
10695,0.5741264258104203
10696,0.5070388690829102
10697,0.5039827274925587
10698,0.5035355287206047
10699,0.5762604240581352
10700,0.5421274660893476
10701,0.5181326998804165
10702,0.5055939596498943
10703,0.4992057674062432
10704,0.5747966567410807
10705,0.5140157632264257
10706,0.5157218239067515
10707,0.5546688618956944
10708,0.5524253057000582
10709,0.5017109935929963
10710,0.5720096622079275
10711,0.5216085196867167
10712,0.5451928202780171
10713,0.576993648954949
10714,0.5099413655119377
10715,0.5112507548302494
10716,0.4996071600901076
10717,0.5065880939161744
10718,0.5400750397490527
10719,0.5072453002351384
10720,0.4982239514756366
10721,0.5034719834781859
10722,0.5079535885921324
10723,0.5047341638422167
10724,0.5727377996669835
10725,0.4996666019000411
10726,0.5730126046767714
10727,0.49913020846710754
10728,0.5742451771037078
10729,0.5751287802745104
10730,0.5784023102910043
10731,0.5057637463071316
10732,0.5032666126509482
10733,0.5223537163378136
10734,0.5513380661103231
10735,0.5012165275072922
10736,0.5005920517722768
10737,0.5081305056868249
10738,0.5009765760906604
10739,0.508284382456756
10740,0.4975366979675098
10741,0.5113666607742915
10742,0.5410888690481619
10743,0.5119567712086878
10744,0.5055771560291976
10745,0.5518994219679273
10746,0.49771745164600906
10747,0.5136407396435763
10748,0.503170263475689
10749,0.5198109895325108
10750,0.5086561262976876
10751,0.5495053429018081
10752,0.534441707165235
10753,0.507003465930512
10754,0.5108907576242555
10755,0.5061623761038282
10756,0.5278681562566243
10757,0.4900133376827903
10758,0.5404058736483464
10759,0.5020534973494736
10760,0.5753324681358806
10761,0.5079687543612882
10762,0.5014431412090206
10763,0.5640859987094489
10764,0.507833918345306
10765,0.5108919042264284
10766,0.5732709897289001
10767,0.5298053007591802
10768,0.5221191928903817
10769,0.5539462415471283
10770,0.5153302642752645
10771,0.5062894305287425
10772,0.5485470805468617
10773,0.5098597402701739
10774,0.5467415111878825
10775,0.5098186372143281
10776,0.5005510019687791
10777,0.5077729438068269
10778,0.5042384931102859
10779,0.5632571378325842
10780,0.5090660857533696
10781,0.5024425816603786
10782,0.5368658102247624
10783,0.5561069286990707
10784,0.5048511117905049
10785,0.5040205908848131
10786,0.49918378643811384
10787,0.5191344903047437
10788,0.5670104044249411
10789,0.5013219777598095
10790,0.5236525039967868
10791,0.5018809104325039
10792,0.5531884288605049
10793,0.5617816143178334
10794,0.5069866786076871
10795,0.5057162930549906
10796,0.5135892814062042
10797,0.561646409548886
10798,0.5533076282213997
10799,0.5073540357880383
10800,0.5128222973306074
10801,0.509778166195934
10802,0.5018808234559589
10803,0.5120043737076047
10804,0.5108895054073671
10805,0.512209905605036
10806,0.5075659372533737
10807,0.514690755668215
10808,0.5762366709430489
10809,0.5556839703682913
10810,0.510211122186001
10811,0.5566039090799002
10812,0.5507931678511757
10813,0.5738034318872409
10814,0.526138787353928
10815,0.5423575734780028
10816,0.5171746837924144
10817,0.49792543780421766
10818,0.5182410317635454
10819,0.5023071275556141
10820,0.5372520579778493
10821,0.5420812697434472
10822,0.5708983182918772
10823,0.513992931918946
10824,0.5046341332263065
10825,0.5024603300908098
10826,0.5032010358250854
10827,0.49934448676870136
10828,0.499100327305644
10829,0.5754393788792145
10830,0.5076883265114509
10831,0.5086372032193498
10832,0.5506987881534706
10833,0.5050302486895725
10834,0.506729331787847
10835,0.5048941786001139
10836,0.504839292406215
10837,0.5144842893499096
10838,0.499020089051639
10839,0.5140177010203044
10840,0.511128267138833
10841,0.501919422552654
10842,0.5375843525923121
10843,0.5381643673070282
10844,0.5741350043933151
10845,0.5049226931929508
10846,0.5751774410793826
10847,0.5162781325958312
10848,0.5069083726700938
10849,0.4976192009350042
10850,0.5094841392961742
10851,0.5110252979252692
10852,0.5114797459336302
10853,0.5050730194130068
10854,0.5073727844543906
10855,0.5103607357175236
10856,0.5075317685778887
10857,0.5752779941358594
10858,0.564069467988443
10859,0.5056427205074683
10860,0.5746136135502995
10861,0.5102555418836707
10862,0.5092821613923257
10863,0.5390114444209121
10864,0.5542659317004699
10865,0.5536117469321585
10866,0.5317466317254315
10867,0.5128906652369739
10868,0.5563840919376227
10869,0.5088578117258911
10870,0.5550022362175429
10871,0.5079939621650782
10872,0.5605228000940736
10873,0.5073264547347737
10874,0.5415556412482496
10875,0.5759058184834938
10876,0.5099812389354645
10877,0.5120635867051813
10878,0.5034758942000286
10879,0.5124875544148307
10880,0.4986651222993413
10881,0.500254526291041
10882,0.5440878581660967
10883,0.511565127144237
10884,0.5140706734265885
10885,0.506851578669456
10886,0.5028211396924954
10887,0.5010508838013126
10888,0.5462033896389787
10889,0.5756100225930411
10890,0.5022434743072102
10891,0.5051124953886874
10892,0.544384545706211
10893,0.5362544694125053
10894,0.5272219168085562
10895,0.5066333760899144
10896,0.5006593766813399
10897,0.5098441153540079
10898,0.5115327737667945
10899,0.5606135405008525
10900,0.5411107445760726
10901,0.5133794072372444
10902,0.5641071447271988
10903,0.5375327447777531
10904,0.5759054661678943
10905,0.5627940292601481
10906,0.5196067592240566
10907,0.5541127318082109
10908,0.5090039860612271
10909,0.5087632641787447
10910,0.5472419631146359
10911,0.5738943812510457
10912,0.5000373182308107
10913,0.5040921206696838
10914,0.501409533592807
10915,0.5107982054239214
10916,0.500029876160421
10917,0.5036497866482098
10918,0.5383395832893135
10919,0.5199796779372261
10920,0.5348249764198267
10921,0.5534621899096552
10922,0.5008246920162889
10923,0.5020014069147856
10924,0.5182918819553921
10925,0.49827333489042486
10926,0.502634970550127
10927,0.5048504959700524
10928,0.5595264956416672
10929,0.5063090753380707
10930,0.549754885048674
10931,0.5043607017471425
10932,0.5138547389422217
10933,0.5133373663963117
10934,0.5114352902887858
10935,0.5082453512025721
10936,0.5067553867250885
10937,0.5069075641030056
10938,0.5039926597444206
10939,0.5097636485431127
10940,0.51725379309528
10941,0.5091556656462972
10942,0.5473367449803924
10943,0.550693998267614
10944,0.5083498734923348
10945,0.5024542971104472
10946,0.5741823353974458
10947,0.5143459886154897
10948,0.5662904653054532
10949,0.5040702825558097
10950,0.5613593876973967
10951,0.5067717137858989
10952,0.5087923357148356
10953,0.5257127544900952
10954,0.57434161397598
10955,0.5537371881993112
10956,0.5025913219168241
10957,0.5110978533737485
10958,0.50000442497614
10959,0.5121985051719722
10960,0.5156728988692276
10961,0.5093536737292038
10962,0.5165990232977699
10963,0.5075311669322409
10964,0.501820152033404
10965,0.5601188182697485
10966,0.5111411548466059
10967,0.5085429097827889
10968,0.4980186568875141
10969,0.5090971978971819
10970,0.5766361485436666
10971,0.5017164679813007
10972,0.5757583490875355
10973,0.5158104039625784
10974,0.550049001032177
10975,0.5331953770616288
10976,0.545200787281462
10977,0.5460657296874672
10978,0.5094489276992735
10979,0.5574887878896094
10980,0.5130827578969283
10981,0.5025946786821414
10982,0.5123113441594757
10983,0.4975738491783833
10984,0.5066396987414656
10985,0.5768867570201365
10986,0.5052978990571537
10987,0.54585284650937
10988,0.5130890946935941
10989,0.510993614134264
10990,0.5746239472547692
10991,0.5027692534704722
10992,0.5044087813644056
10993,0.5036297983012081
10994,0.5133432172993455
10995,0.5092661006961594
10996,0.5028151388887855
10997,0.5486406987513879
10998,0.512442816027104
10999,0.5100167259829439
11000,0.5140809338517827
11001,0.5383436001816778
11002,0.5074714737748054
11003,0.5753971739773005
11004,0.5282850641852767
11005,0.5367052874752613
11006,0.5093953516725714
11007,0.516699254566251
11008,0.5089091033486024
11009,0.5061336151949848
11010,0.5755288829072653
11011,0.5744266783752273
11012,0.5078991015588212
11013,0.5564478237007977
11014,0.4939528726648671
11015,0.5771315185750135
11016,0.5416117101644886
11017,0.5070392184963868
11018,0.5382849895300557
11019,0.5226186177500681
11020,0.48975337225380144
11021,0.5072893619712517
11022,0.4996840718404546
11023,0.5267122226526123
11024,0.5312042723721643
11025,0.501285432682125
11026,0.5562816138297131
11027,0.5107968700977983
11028,0.502688321798227
11029,0.5085404422909434
11030,0.5171975769531645
11031,0.5013621595758729
11032,0.5514604080081584
11033,0.5066081658565915
11034,0.5531055489403195
11035,0.5120746852922398
11036,0.5520731478754144
11037,0.5149664637499839
11038,0.512953539934146
11039,0.5040251497404216
11040,0.5034417847940128
11041,0.5742195006551863
11042,0.5547312774967494
11043,0.4957882617792791
11044,0.5441978029147608
11045,0.5111821071351874
11046,0.5076101326428369
11047,0.5040945594303187
11048,0.5374479044489772
11049,0.5254987861867806
11050,0.5010287993369723
11051,0.5153836638937707
11052,0.5252732884388531
11053,0.5086410420108122
11054,0.5605576467838758
11055,0.5066922405713521
11056,0.5200959100909308
11057,0.5143138438402108
11058,0.5364082696863621
11059,0.5065219336629966
11060,0.5139951871022178
11061,0.5029449133102439
11062,0.530957633566858
11063,0.5010528406590621
11064,0.5055367101911085
11065,0.49553368727451397
11066,0.5027636806362087
11067,0.4995869957889607
11068,0.5082553202199411
11069,0.49503622041732315
11070,0.5732553167310563
11071,0.5071626189473546
11072,0.5178421691401338
11073,0.5664284759651771
11074,0.49691606545281897
11075,0.529101783807395
11076,0.5060521050378621
11077,0.502736631645015
11078,0.5074283588613514
11079,0.506285305678992
11080,0.5780971426408417
11081,0.5496854350411114
11082,0.5029923535210885
11083,0.5066938600957266
11084,0.5082795641806618
11085,0.5763108598800522
11086,0.5016472972261383
11087,0.5027369128120776
11088,0.5141492288483772
11089,0.5105035892079172
11090,0.500526850486296
11091,0.50823797044842
11092,0.49772425239123685
11093,0.577624762033914
11094,0.5223146556403129
11095,0.5481758415199366
11096,0.5021575886187144
11097,0.5752380975048037
11098,0.5780095986473255
11099,0.5066184983292201
11100,0.5123579509967509
11101,0.5002728262255629
11102,0.538576910206441
11103,0.5063691649194565
11104,0.574200678660231
11105,0.5034811158767997
11106,0.5129893930818041
11107,0.49897018118215997
11108,0.5141418643424123
11109,0.5005100145072914
11110,0.5076143397125574
11111,0.5082368835080121
11112,0.5663018379559097
11113,0.5752802637549354
11114,0.5454023231914729
11115,0.5151440671875599
11116,0.5245335980802417
11117,0.5727475167172762
11118,0.5171601683148168
11119,0.5213179223311032
11120,0.5164605279499863
11121,0.5483038302981006
11122,0.5021108191514223
11123,0.5306019009218279
11124,0.5035659970324605
11125,0.5020802945456867
11126,0.521843062669328
11127,0.5078342289351084
11128,0.5086188992618693
11129,0.5138195799808173
11130,0.5074721447868533
11131,0.505176850191355
11132,0.5770247612404618
11133,0.5101002227712498
11134,0.5586713863339945
11135,0.5101628247588539
11136,0.5084853079377682
11137,0.5058342207399872
11138,0.5089206833089982
11139,0.5091586787178812
11140,0.5088416148806387
11141,0.5101396810671566
11142,0.5205767675593971
11143,0.576362077931516
11144,0.5033374706244043
11145,0.507408597618718
11146,0.5055458214017695
11147,0.5086552136366447
11148,0.5096290434262674
11149,0.5480377378670991
11150,0.5078639477529401
11151,0.5618756936338777
11152,0.5073667750119615
11153,0.5090203997957583
11154,0.5588471899206837
11155,0.5137175090955995
11156,0.5085025949688053
11157,0.5265639045239153
11158,0.5041151438334105
11159,0.5614090493761547
11160,0.50656603406646
11161,0.5139026087046451
11162,0.559522545549079
11163,0.49730726172031087
11164,0.5479685875884128
11165,0.502788795402906
11166,0.5088480018745157
11167,0.5479144490421677
11168,0.5150736646867144
11169,0.5505282898871426
11170,0.5029392826511977
11171,0.5528160842317253
11172,0.5053564697527388
11173,0.5033347679779003
11174,0.5071280329436568
11175,0.5395305585878576
11176,0.5000154619713518
11177,0.5130226973177443
11178,0.5089670251182652
11179,0.5474718856644708
11180,0.5745052777266717
11181,0.5127109460016096
11182,0.5007549836130795
11183,0.5013697095251536
11184,0.5235534688181357
11185,0.5082330127177799
11186,0.5476875609073334
11187,0.501695601042335
11188,0.5115391924994528
11189,0.5059270441542613
11190,0.5040618189057953
11191,0.5619807050083162
11192,0.5142711860409579
11193,0.5093781305525534
11194,0.5153850112719356
11195,0.526901575338337
11196,0.572938259248265
11197,0.5049402867074206
11198,0.5052566066303853
11199,0.5052291622387002
11200,0.5563616282313399
11201,0.4982382194230589
11202,0.5152522247097273
11203,0.5174293420891968
11204,0.5559954738653412
11205,0.5074877761510319
11206,0.5761362109506527
11207,0.5016253617679404
11208,0.5083395838530067
11209,0.5144569171336716
11210,0.5047795716300715
11211,0.5051228281922677
11212,0.5071426472985896
11213,0.5118119926671915
11214,0.5206588217812511
11215,0.5104019140460201
11216,0.5735138352523672
11217,0.5057614525572914
11218,0.5100612031884377
11219,0.5192308789564013
11220,0.49818237527709924
11221,0.5076825062086598
11222,0.5073682083895761
11223,0.5123520695104616
11224,0.5156173741387048
11225,0.507159022466522
11226,0.5666928344415927
11227,0.5067087992000789
11228,0.4995396255667933
11229,0.5123166588266077
11230,0.5776820590240581
11231,0.49973834775968284
11232,0.509742511582763
11233,0.554153137177105
11234,0.511611610141115
11235,0.5047879275872036
11236,0.5763925715858293
11237,0.5750595109007213
11238,0.5074214756349313
11239,0.5057227392657492
11240,0.5074890089939892
11241,0.546262105340644
11242,0.575316365317356
11243,0.5069480413821406
11244,0.565795601820068
11245,0.5342195795201323
11246,0.49403094285920285
11247,0.5076434848760795
11248,0.5098355489769328
11249,0.5205237150527762
11250,0.5018004034433636
11251,0.5061871651920323
11252,0.5092651361145963
11253,0.515748410646893
11254,0.5541190534546411
11255,0.5022415803173768
11256,0.5142644547518224
11257,0.5282371154190678
11258,0.5096985073089855
11259,0.517167714471294
11260,0.5083279266800191
11261,0.5468322109050775
11262,0.50646912292973
11263,0.5091173250513822
11264,0.5750773375881446
11265,0.5040981238507736
11266,0.5010733871204618
11267,0.5061129595963741
11268,0.49832484480084777
11269,0.5268428874630635
11270,0.5748611391063316
11271,0.519872352246771
11272,0.5764788010183456
11273,0.5446598311265272
11274,0.5027764704121582
11275,0.5762713758110598
11276,0.5093596366608815
11277,0.5700630276040655
11278,0.5104609550540611
11279,0.5028700216214729
11280,0.508142104081549
11281,0.5058017152509585
11282,0.5494669982192221
11283,0.534615788122294
11284,0.5058257488830311
11285,0.504831955326829
11286,0.5213553995442454
11287,0.49957042611043645
11288,0.5249369330800875
11289,0.5039109909341232
11290,0.5050225353096193
11291,0.5123081697910533
11292,0.525190884552055
11293,0.5207370175816872
11294,0.5200218683061739
11295,0.5108809358910318
11296,0.5145760378813592
11297,0.5130486191492875
11298,0.5335923394891695
11299,0.5269364517706789
11300,0.508895443885278
11301,0.5603455604240272
11302,0.5516015001473096
11303,0.5031632437561273
11304,0.5585299441184873
11305,0.5620738376414304
11306,0.5059402002097202
11307,0.4988855092616008
11308,0.521007050558942
11309,0.5052433952387261
11310,0.5002059003969797
11311,0.5069440264744545
11312,0.5075623809725404
11313,0.5416228168466426
11314,0.4979964983758012
11315,0.5020544556805683
11316,0.575393981451688
11317,0.5146806883593334
11318,0.5327649788495552
11319,0.5084436252444786
11320,0.5037457230733405
11321,0.5740507001194838
11322,0.5075948575790123
11323,0.5410005763768664
11324,0.5751314241206607
11325,0.5052236888177017
11326,0.5130872237246084
11327,0.5764665593551266
11328,0.5049234994665575
11329,0.5041135553209798
11330,0.5105860924765653
11331,0.504685689529387
11332,0.5754664338339147
11333,0.5038382829867032
11334,0.5046769959816606
11335,0.5392197524417901
11336,0.5317920931774194
11337,0.5087278919825956
11338,0.5036934770964923
11339,0.551718111953375
11340,0.540966893010404
11341,0.5072295663100445
11342,0.5230769737381276
11343,0.5429701208884982
11344,0.5140180543434476
11345,0.501398150751919
11346,0.5195327242037249
11347,0.5751254711382561
11348,0.5586233837536818
11349,0.5130241491806462
11350,0.508304482446699
11351,0.5380635504205119
11352,0.5641660477245567
11353,0.5038537047472853
11354,0.5029321891977819
11355,0.5321614300295547
11356,0.5121867103986013
11357,0.5748370405124432
11358,0.5076593253632409
11359,0.5139512475496925
11360,0.5079334115400912
11361,0.5569299653861168
11362,0.5124786290092154
11363,0.5189641293167715
11364,0.5079079019955725
11365,0.496876079968892
11366,0.5522809411461393
11367,0.5340456258701555
11368,0.5161931659629614
11369,0.5119760100811713
11370,0.5054042082332486
11371,0.575256996466683
11372,0.5472238995191062
11373,0.5746818281488626
11374,0.5620589205124684
11375,0.50441338574264
11376,0.5778396718502357
11377,0.5085082830838137
11378,0.5025940478896219
11379,0.5603274652844822
11380,0.5064951149689063
11381,0.5047865416372347
11382,0.5013230246744698
